t_send_ns,t_unix,phase_ms,window,lat_status_us,lat_pin_us,lat_e2e_us,lat_rts_us,lat_unkey_us,was_tx,rts_before,decoding,transmitting
1777862162403554,1790685528.737067,3737,tx,99445.1,193.0,3951.2,,,1,0,0,1
1777862320283133,1790685528.894953,3894,tx,56127.3,699.4,1459.4,,,1,0,0,1
1777862466687025,1790685529.041356,4041,tx,56404.3,948.7,1329.5,,,1,0,0,1
1777862603968907,1790685529.178639,4178,tx,63592.4,297.4,3376.9,,,1,0,0,1
1777862751621544,1790685529.326292,4326,tx,56447.6,657.7,1049.9,,,1,0,0,1
1777862897630763,1790685529.472301,4472,tx,61256.5,75.6,162.1,,,1,0,0,1
1777863041883615,1790685529.616554,4616,tx,53196.2,84.7,818.7,,,1,0,0,1
1777863185973939,1790685529.760644,4760,tx,53649.2,347.8,1418.0,,,1,0,0,1
1777863330980260,1790685529.905650,4905,tx,60776.7,235.1,3336.3,,,1,0,0,1
1777863472926383,1790685530.047596,5047,tx,57877.3,276.1,378.4,,,1,0,0,1
1777863610611726,1790685530.185282,5185,tx,58316.2,260.8,3702.3,,,1,0,0,1
1777863750027245,1790685530.324697,5324,tx,58085.0,282.3,3301.6,,,1,0,0,1
1777863888824919,1790685530.463495,5463,tx,58191.1,230.6,3480.6,,,1,0,0,1
1777864031856313,1790685530.606526,5606,tx,54793.1,285.9,3466.8,,,1,0,0,1
1777864177714683,1790685530.752384,5752,tx,57615.9,256.3,3614.2,,,1,0,0,1
1777864320302536,1790685530.894972,5894,tx,53192.5,83.7,381.8,,,1,0,0,1
1777864464638922,1790685531.039309,6039,tx,53667.9,115.5,996.7,,,1,0,0,1
1777864608917377,1790685531.183587,6183,tx,58130.8,87.6,1669.0,,,1,0,0,1
1777864752055622,1790685531.326725,6326,tx,58180.6,97.6,277.9,,,1,0,0,1
1777864898146531,1790685531.472816,6472,tx,53369.7,247.3,1192.1,,,1,0,0,1
1777865043196887,1790685531.617867,6617,tx,55745.5,342.3,3125.0,,,1,0,0,1
1777865184101551,1790685531.758771,6758,tx,53885.2,97.4,230.2,,,1,0,0,1
1777865328046083,1790685531.902716,6902,tx,55909.6,96.0,278.6,,,1,0,0,1
1777865474154075,1790685532.048824,7048,tx,55782.5,273.7,3169.9,,,1,0,0,1
1777865611821156,1790685532.186491,7186,tx,57473.5,431.1,519.9,,,1,0,0,1
1777865753538775,1790685532.328209,7328,tx,52651.2,93.7,215.0,,,1,0,0,1
1777865899061360,1790685532.473731,7473,tx,62530.5,285.3,1274.9,,,1,0,0,1
1777866044298370,1790685532.618968,7618,tx,64785.3,298.7,6053.6,,,1,0,0,1
1777866183919603,1790685532.758590,7758,tx,55639.4,274.7,3413.2,,,1,0,0,1
1777866321050774,1790685532.895720,7895,tx,56026.5,284.3,3294.8,,,1,0,0,1
1777866459545847,1790685533.034216,8034,tx,61933.6,3288.3,3475.9,,,1,0,0,1
1777866601163674,1790685533.175834,8175,tx,66214.3,276.2,4179.8,,,1,0,0,1
1777866738648011,1790685533.313318,8313,tx,56868.0,342.3,3761.2,,,1,0,0,1
1777866876256183,1790685533.450926,8450,tx,57740.1,283.8,4111.3,,,1,0,0,1
1777867017136083,1790685533.591806,8591,tx,54001.4,79.6,198.7,,,1,0,0,1
1777867156257159,1790685533.730927,8730,tx,61816.0,153.9,3950.8,,,1,0,0,1
1777867299293244,1790685533.873963,8873,tx,52809.3,99.0,263.5,,,1,0,0,1
1777867445830527,1790685534.020500,9020,tx,75534.6,140.8,3380.1,,,1,0,0,1
1777867587058702,1790685534.161729,9161,tx,54755.1,264.6,2117.7,,,1,0,0,1
1777867730282526,1790685534.304952,9304,tx,53526.6,86.9,343.4,,,1,0,0,1
1777867876389158,1790685534.451059,9451,tx,53152.5,82.2,173.3,,,1,0,0,1
1777868014332907,1790685534.589003,9589,tx,59477.8,510.9,4237.7,,,1,0,0,1
1777868154746053,1790685534.729416,9729,tx,56147.7,91.8,2221.1,,,1,0,0,1
1777868313022214,1790685534.887692,9887,tx,55104.8,94.3,206.0,,,1,0,0,1
1777868456967734,1790685535.031638,10031,tx,57891.1,262.8,1224.5,,,1,0,0,1
1777868593999958,1790685535.168670,10168,tx,53506.2,128.4,229.6,,,1,0,0,1
1777868738682506,1790685535.313352,10313,tx,57703.7,162.6,5538.3,,,1,0,0,1
1777868877275845,1790685535.451946,10451,tx,53829.1,94.0,215.5,,,1,0,0,1
1777869020425270,1790685535.595095,10595,tx,53418.4,153.5,804.2,,,1,0,0,1
1777869164897122,1790685535.739567,10739,tx,55655.0,264.1,3420.9,,,1,0,0,1
1777869302880844,1790685535.877551,10877,tx,62377.4,152.4,1926.3,,,1,0,0,1
1777869445482585,1790685536.020152,11020,tx,74958.3,307.2,3897.0,,,1,0,0,1
1777869587061303,1790685536.161731,11161,tx,54326.5,102.0,232.9,,,1,0,0,1
1777869729312879,1790685536.303982,11303,tx,55049.4,80.5,175.7,,,1,0,0,1
1777869875586923,1790685536.450257,11450,tx,57575.7,74.7,893.4,,,1,0,0,1
1777870015682878,1790685536.590353,11590,tx,54737.3,177.4,1547.5,,,1,0,0,1
1777870160873216,1790685536.735543,11735,tx,53847.3,170.6,1396.0,,,1,0,0,1
1777870307064328,1790685536.881734,11881,tx,62877.6,281.0,1168.6,,,1,0,0,1
1777870450876623,1790685537.025547,12025,tx,70159.1,374.5,1578.3,,,1,0,0,1
1777870596584171,1790685537.171254,12171,tx,74566.6,2958.7,8432.7,,,1,0,0,1
1777870734396182,1790685537.309066,12309,tx,56223.2,92.0,140.4,,,1,0,0,1
1777870880573444,1790685537.455243,12455,tx,53098.2,92.4,214.0,,,1,0,0,1
1777871025470359,1790685537.600140,12600,tx,54339.4,79.4,173.9,,,1,0,0,1
1777871170388676,1790685537.745059,12745,tx,56111.1,361.0,2950.5,,,1,0,0,1
1777871308019029,1790685537.882689,12882,tx,56089.7,168.0,3232.4,,,1,0,0,1
1777871454427108,1790685538.029097,13029,tx,66667.9,112.3,218.2,,,1,0,0,1
1777871600074470,1790685538.174744,13174,tx,63550.6,2187.0,2309.8,,,1,0,0,1
1777871740903201,1790685538.315573,13315,tx,54008.5,255.8,364.8,,,1,0,0,1
1777871886183345,1790685538.460853,13460,tx,63653.7,87.5,1608.1,,,1,0,0,1
1777872031634873,1790685538.606305,13606,tx,54456.9,199.8,627.9,,82474.5,1,0,0,1
1777872172139072,1790685538.746809,13746,idle,60319.0,343.2,3267.7,,,0,0,0,0
1777872311619681,1790685538.886289,13886,idle,183296.1,387.5,1035.6,,,0,0,0,0
1777872583402786,1790685539.158072,14158,idle,13752.0,572.5,4243.6,,,0,0,0,0
1777872722253814,1790685539.296924,14296,idle,2764.9,89.0,207.1,,,0,0,0,0
1777872863734548,1790685539.438404,14438,idle,7851.3,2031.4,5359.0,,,0,0,0,0
1777873006094058,1790685539.580764,14580,idle,7197.6,514.1,3467.1,,,0,0,0,0
1777873145294549,1790685539.719964,14719,idle,1490.2,80.9,193.1,,,0,0,0,0
1777873283540974,1790685539.858211,14858,idle,7554.4,331.6,3864.3,,,0,0,0,0
1777873430385710,1790685540.005055,5,idle,5493.0,339.6,4032.3,,,0,0,0,0
1777873573770974,1790685540.148441,148,idle,7344.9,86.3,207.8,,,0,0,0,0
1777873713692399,1790685540.288362,288,idle,5436.1,340.4,3720.3,,,0,0,0,0
1777873854512135,1790685540.429182,429,idle,9581.4,977.2,4520.4,,,0,0,0,0
1777874006839094,1790685540.581509,581,idle,12788.2,98.9,193.1,,,0,0,0,0
1777874144230174,1790685540.718900,718,idle,7746.7,526.3,3349.3,,,0,0,0,0
1777874284628364,1790685540.859298,859,idle,6245.4,368.0,3796.4,,,0,0,0,0
1777874431188617,1790685541.005859,1005,idle,4618.8,392.8,3257.4,,,0,0,0,0
1777874575307913,1790685541.149978,1149,idle,8075.4,84.7,1521.0,,,0,0,0,0
1777874717166648,1790685541.291837,1291,idle,4963.1,95.1,2862.6,,,0,0,0,0
1777874863928613,1790685541.438598,1438,idle,6733.8,420.1,3559.3,,,0,0,0,0
1777875007062469,1790685541.581732,1581,idle,11750.5,3763.1,6963.7,,,0,0,0,0
1777875153994545,1790685541.728664,1728,idle,7637.2,374.4,3432.9,,,0,0,0,0
1777875295513289,1790685541.870182,1870,idle,13419.5,82.7,202.9,,,0,0,0,0
1777875441429953,1790685542.016100,2016,idle,11688.1,82.9,4137.1,,,0,0,0,0
1777875580870624,1790685542.155540,2155,idle,8257.5,375.1,3564.9,,,0,0,0,0
1777875726699524,1790685542.301369,2301,idle,3268.7,83.0,177.7,,,0,0,0,0
1777875866912166,1790685542.441582,2441,idle,8180.2,389.3,519.7,,,0,0,0,0
1777876006911577,1790685542.581581,2581,idle,13301.6,367.6,2119.8,,,0,0,0,0
1777876147165208,1790685542.721835,2721,idle,6123.2,372.4,3263.9,,,0,0,0,0
1777876286700710,1790685542.861371,2861,idle,1715.6,88.4,183.5,,,0,0,0,0
1777876430438444,1790685543.005108,3005,idle,4949.4,91.0,3274.6,,,0,0,0,0
1777876576433360,1790685543.151103,3151,idle,14351.4,175.0,2047.1,,,0,0,0,0
1777876718667861,1790685543.293337,3293,idle,12826.3,223.3,1772.4,,,0,0,0,0
1777876863189582,1790685543.437860,3437,idle,5346.1,983.2,3852.2,,,0,0,0,0
1777877001022056,1790685543.575692,3575,idle,28083.3,286.4,3426.5,,,0,0,0,0
1777877138981345,1790685543.713651,3713,idle,14608.5,975.3,8060.3,,,0,0,0,0
1777877276060255,1790685543.850730,3850,idle,6450.3,266.1,3263.5,,,0,0,0,0
1777877416713238,1790685543.991383,3991,idle,3242.0,77.9,1880.3,,,0,0,0,0
1777877559756504,1790685544.134426,4134,idle,2659.9,83.7,205.1,,,0,0,0,0
1777877706500133,1790685544.281170,4281,idle,11304.2,99.1,1529.7,,,0,0,0,0
1777877848946593,1790685544.423616,4423,idle,1732.5,268.2,377.0,,,0,0,0,0
1777877993023763,1790685544.567693,4567,idle,20312.1,83.2,5447.8,,,0,0,0,0
1777878131550651,1790685544.706221,4706,idle,3655.3,90.5,1767.1,,,0,0,0,0
1777878276860841,1790685544.851529,4851,idle,8663.6,86.2,976.2,,,0,0,0,0
1777878416422502,1790685544.991092,4991,idle,12821.1,414.6,2472.0,,,0,0,0,0
1777878556493819,1790685545.131164,5131,idle,6990.4,276.4,5834.3,,,0,0,0,0
1777878697374349,1790685545.272044,5272,idle,17363.2,801.7,1037.0,,,0,0,0,0
1777878834385935,1790685545.409056,5409,idle,5474.4,273.3,1950.4,,,0,0,0,0
1777878980471510,1790685545.555141,5555,idle,8662.4,89.2,200.3,,,0,0,0,0
1777879127065769,1790685545.701736,5701,idle,6070.3,277.8,1262.0,,,0,0,0,0
1777879267797416,1790685545.842467,5842,idle,5289.5,438.9,3691.8,,,0,0,0,0
1777879406845484,1790685545.981515,5981,idle,4214.8,300.1,384.4,,,0,0,0,0
1777879552565428,1790685546.127235,6127,idle,7533.1,88.4,188.5,,,0,0,0,0
1777879690824238,1790685546.265494,6265,idle,15579.6,256.4,3509.1,,,0,0,0,0
1777879833828471,1790685546.408499,6408,idle,2587.7,89.4,1777.6,,,0,0,0,0
1777879977542699,1790685546.552212,6552,idle,7865.5,2947.8,6476.5,,,0,0,0,0
1777880118327610,1790685546.692997,6692,idle,4767.7,83.7,3064.0,,,0,0,0,0
1777880256913819,1790685546.831583,6831,idle,3352.0,252.0,2430.1,,,0,0,0,0
1777880397781011,1790685546.972451,6972,idle,9331.9,121.5,235.1,,,0,0,0,0
1777880544608678,1790685547.119279,7119,idle,4856.2,2558.9,3428.2,,,0,0,0,0
1777880687806230,1790685547.262476,7262,idle,5055.9,103.8,208.2,,,0,0,0,0
1777880829436004,1790685547.404106,7404,idle,5902.7,86.4,2289.0,,,0,0,0,0
1777880966688717,1790685547.541359,7541,idle,2140.4,97.1,188.4,,,0,0,0,0
1777881107058423,1790685547.681728,7681,idle,6224.0,96.8,748.7,,,0,0,0,0
1777881249944864,1790685547.824615,7824,idle,3169.7,287.7,412.2,,,0,0,0,0
1777881396344683,1790685547.971015,7971,idle,24653.8,282.1,4007.5,,,0,0,0,0
1777881536069043,1790685548.110739,8110,idle,7018.7,187.3,282.3,,,0,0,0,0
1777881676706321,1790685548.251376,8251,idle,3669.4,74.4,170.6,,,0,0,0,0
1777881819047774,1790685548.393718,8393,idle,3524.3,636.0,968.4,,,0,0,0,0
1777881956683837,1790685548.531354,8531,idle,6189.0,80.0,1035.7,,,0,0,0,0
1777882103591213,1790685548.678261,8678,idle,11017.1,267.0,425.3,,,0,0,0,0
1777882246877074,1790685548.821545,8821,idle,2216.7,84.3,173.8,,,0,0,0,0
1777882386692978,1790685548.961363,8961,idle,5398.0,80.3,189.3,,,0,0,0,0
1777882524226816,1790685549.098897,9098,idle,11245.6,83.6,1458.5,,,0,0,0,0
1777882666665048,1790685549.241335,9241,idle,7067.6,689.4,5082.7,,,0,0,0,0
1777882812492383,1790685549.387162,9387,idle,8019.5,359.7,3925.7,,,0,0,0,0
1777882952136000,1790685549.526806,9526,idle,1199.5,93.1,315.5,,,0,0,0,0
1777883098051429,1790685549.672721,9672,idle,1665.6,244.1,347.0,,,0,0,0,0
1777883241560495,1790685549.816230,9816,idle,5593.9,105.0,2948.0,,,0,0,0,0
1777883387531425,1790685549.962201,9962,idle,2479.8,274.4,659.2,,,0,0,0,0
1777883528214265,1790685550.102884,10102,idle,2348.2,478.1,607.5,,,0,0,0,0
1777883666414807,1790685550.241084,10241,idle,1066.1,89.9,185.7,,,0,0,0,0
1777883807049968,1790685550.381720,10381,idle,5573.8,233.6,338.8,,,0,0,0,0
1777883946751071,1790685550.521421,10521,idle,7338.1,614.4,1261.7,,,0,0,0,0
1777884086720297,1790685550.661390,10661,idle,5262.9,315.4,3658.4,,,0,0,0,0
1777884228167502,1790685550.802838,10802,idle,8831.1,129.6,219.9,,,0,0,0,0
1777884366670346,1790685550.941340,10941,idle,3054.9,75.8,1811.6,,,0,0,0,0
1777884506570589,1790685551.081241,11081,idle,33079.5,287.3,5801.0,,,0,0,0,0
1777884657138450,1790685551.231808,11231,idle,1254.6,89.2,295.0,,,0,0,0,0
1777884799457676,1790685551.374127,11374,idle,12338.3,79.1,191.6,,,0,0,0,0
1777884941201148,1790685551.515871,11515,idle,5310.1,426.1,3274.8,,,0,0,0,0
1777885086919317,1790685551.661589,11661,idle,12385.1,80.7,3177.8,,,0,0,0,0
1777885234054611,1790685551.808724,11808,decode,11050.8,460.8,6459.8,,,0,0,1,0
1777885381055045,1790685551.955725,11955,idle,4483.4,87.9,3115.8,,,0,0,0,0
1777885527825847,1790685552.102496,12102,idle,6333.8,86.7,3320.1,,,0,0,0,0
1777885666844760,1790685552.241515,12241,idle,13249.5,83.1,3290.4,,,0,0,0,0
1777885806148770,1790685552.380818,12380,idle,10352.2,86.9,2991.8,,,0,0,0,0
1777885947082075,1790685552.521752,12521,idle,11736.3,967.6,3957.9,,,0,0,0,0
1777886089035027,1790685552.663705,12663,idle,11636.7,88.1,3104.9,,,0,0,0,0
1777886228542909,1790685552.803213,12803,idle,4992.0,480.7,574.8,,,0,0,0,0
1777886368395797,1790685552.943066,12943,idle,2053.0,87.1,179.6,,,0,0,0,0
1777886507303800,1790685553.081974,13081,idle,17961.1,82.7,3826.1,,,0,0,0,0
1777886646542177,1790685553.221212,13221,idle,1019.7,76.6,164.4,,,0,0,0,0
1777886786772364,1790685553.361442,13361,idle,5070.5,921.3,3245.2,,,0,0,0,0
1777886933508368,1790685553.508178,13508,idle,8604.5,78.5,3624.7,,,0,0,0,0
1777887077693618,1790685553.652364,13652,idle,5449.5,80.6,3440.3,,,0,0,0,0
1777887218160643,1790685553.792830,13792,idle,5174.3,85.0,2974.7,,,0,0,0,0
1777887356096388,1790685553.930766,13930,idle,5427.9,93.5,3056.4,,,0,0,0,0
1777887496638682,1790685554.071309,14071,idle,29992.9,91.3,3508.4,,,0,0,0,0
1777887635815883,1790685554.210486,14210,idle,8276.4,82.1,3316.2,,,0,0,0,0
1777887776453142,1790685554.351123,14351,decode,2665.5,91.7,144.5,,,0,0,1,0
1777887921959999,1790685554.496630,14496,idle,4244.8,91.2,3215.7,,,0,0,0,0
1777888067327119,1790685554.641997,14641,idle,7761.9,272.4,2102.5,,,0,0,0,0
1777888207869221,1790685554.782539,14782,idle,1245.2,95.6,290.3,,,0,0,0,0
1777888350891808,1790685554.925562,14925,idle,6278.1,1685.8,1836.2,,,0,0,0,0
1777888491310418,1790685555.065980,65,idle,2196.3,79.7,192.4,,,0,0,0,0
1777888633713743,1790685555.208384,208,tx,56382.1,84.1,465.1,,,1,0,0,1
1777888770735647,1790685555.345405,345,tx,57019.5,86.9,443.7,,,1,0,0,1
1777888916870015,1790685555.491540,491,tx,53183.7,98.7,285.5,,,1,0,0,1
1777889061036957,1790685555.635706,635,tx,56309.1,217.9,3541.8,,,1,0,0,1
1777889208536045,1790685555.783206,783,tx,57745.5,992.6,3513.9,,,1,0,0,1
1777889346641084,1790685555.921311,921,tx,55441.8,85.2,3512.1,,,1,0,0,1
1777889484294467,1790685556.058964,1058,tx,55786.2,86.6,3292.0,,,1,0,0,1
1777889629321525,1790685556.203991,1203,tx,54877.1,132.0,249.4,,,1,0,0,1
1777889774653049,1790685556.349323,1349,tx,58869.2,197.2,3606.1,,,1,0,0,1
1777889914125837,1790685556.488796,1488,tx,54587.9,160.3,2438.1,,,1,0,0,1
1777890059549075,1790685556.634219,1634,tx,59396.3,3941.3,6468.8,,,1,0,0,1
1777890201278425,1790685556.775948,1775,tx,66927.0,76.6,5591.5,,,1,0,0,1
1777890348063371,1790685556.922733,1922,tx,60647.3,98.3,2515.8,,,1,0,0,1
1777890485425741,1790685557.060096,2060,tx,56650.9,87.7,3715.7,,,1,0,0,1
1777890623217710,1790685557.197887,2197,tx,57051.6,84.1,1657.1,,,1,0,0,1
1777890760561902,1790685557.335232,2335,tx,59041.5,81.5,4581.3,,,1,0,0,1
1777890902670868,1790685557.477341,2477,tx,82021.4,84.5,9186.2,,,1,0,0,1
1777891045091866,1790685557.619762,2619,tx,63165.1,2749.3,2951.2,,,1,0,0,1
1777891188723536,1790685557.763394,2763,tx,60516.0,85.0,3418.7,,,1,0,0,1
1777891331118457,1790685557.905788,2905,tx,55707.9,79.6,3036.4,,,1,0,0,1
1777891468189587,1790685558.042860,3042,tx,60631.9,87.7,2001.0,,,1,0,0,1
1777891610291105,1790685558.184961,3184,tx,60165.2,150.5,305.7,,,1,0,0,1
1777891750785650,1790685558.325456,3325,tx,58157.2,84.7,3347.5,,,1,0,0,1
1777891889381475,1790685558.464051,3464,tx,111159.6,81.5,2256.0,,,1,0,0,1
1777892027065334,1790685558.601735,3601,tx,59605.8,1019.1,4012.2,,,1,0,0,1
1777892168237695,1790685558.742907,3742,tx,55418.8,107.6,2786.2,,,1,0,0,1
1777892314401914,1790685558.889072,3889,tx,56718.1,409.0,3727.5,,,1,0,0,1
1777892453254222,1790685559.027924,4027,tx,75029.3,83.5,444.8,,,1,0,0,1
1777892598472331,1790685559.173142,4173,tx,61520.4,91.7,699.2,,,1,0,0,1
1777892740349351,1790685559.315019,4315,tx,59758.1,97.7,3810.3,,,1,0,0,1
1777892880567648,1790685559.455237,4455,tx,63667.3,89.4,191.1,,,1,0,0,1
1777893017681170,1790685559.592351,4592,tx,58255.2,101.2,3477.7,,,1,0,0,1
1777893163063580,1790685559.737733,4737,tx,63287.1,98.4,3086.4,,,1,0,0,1
1777893304060329,1790685559.878730,4878,tx,62316.2,89.2,2848.1,,,1,0,0,1
1777893447617354,1790685560.022287,5022,tx,71811.4,84.1,3525.4,,,1,0,0,1
1777893586058241,1790685560.160728,5160,tx,55611.1,294.0,3232.9,,,1,0,0,1
1777893730373784,1790685560.305044,5305,tx,54494.0,77.4,2171.5,,,1,0,0,1
1777893867895416,1790685560.442565,5442,tx,58448.1,224.9,1421.2,,,1,0,0,1
1777894012701384,1790685560.587371,5587,tx,60173.0,170.9,928.6,,,1,0,0,1
1777894153542122,1790685560.728212,5728,tx,59774.5,956.1,4477.3,,,1,0,0,1
1777894291747647,1790685560.866417,5866,tx,56999.3,92.0,3399.0,,,1,0,0,1
1777894430214302,1790685561.004884,6004,tx,53215.9,176.5,272.4,,,1,0,0,1
1777894573571905,1790685561.148242,6148,tx,58528.6,115.9,3600.4,,,1,0,0,1
1777894712200574,1790685561.286870,6286,tx,54124.9,89.9,1971.3,,,1,0,0,1
1777894859483228,1790685561.434153,6434,tx,57153.7,82.1,3662.4,,,1,0,0,1
1777894996497849,1790685561.571168,6571,tx,54589.5,99.6,1989.8,,,1,0,0,1
1777895134327717,1790685561.708998,6708,tx,53063.6,84.1,229.0,,,1,0,0,1
1777895277467396,1790685561.852137,6852,tx,61633.8,253.8,2014.7,,,1,0,0,1
1777895416156686,1790685561.990827,6990,tx,58986.0,97.2,5027.0,,,1,0,0,1
1777895555153718,1790685562.129824,7129,tx,63027.8,257.4,9303.8,,,1,0,0,1
1777895699685695,1790685562.274356,7274,tx,60751.5,95.1,3454.7,,,1,0,0,1
1777895842897266,1790685562.417567,7417,tx,57214.6,86.0,1728.8,,,1,0,0,1
1777895989401322,1790685562.564071,7564,tx,55964.9,90.1,222.0,,,1,0,0,1
1777896129295069,1790685562.703965,7703,tx,54565.0,87.3,208.8,,,1,0,0,1
1777896275064302,1790685562.849734,7849,tx,59119.6,295.1,411.2,,,1,0,0,1
1777896417710333,1790685562.992380,7992,tx,60622.7,102.8,4446.2,,,1,0,0,1
1777896557583236,1790685563.132253,8132,tx,58961.1,101.9,196.5,,,1,0,0,1
1777896701842647,1790685563.276513,8276,tx,63313.6,772.0,5969.5,,,1,0,0,1
1777896846017680,1790685563.420687,8420,tx,62378.3,89.1,3142.9,,,1,0,0,1
1777896984940467,1790685563.559610,8559,tx,52601.4,81.1,199.4,,,1,0,0,1
1777897130287201,1790685563.704957,8704,tx,58338.3,86.2,5891.1,,,1,0,0,1
1777897276836688,1790685563.851507,8851,tx,56719.3,2910.7,4188.7,,,1,0,0,1
1777897414177911,1790685563.988848,8988,tx,57241.1,90.3,2967.9,,,1,0,0,1
1777897553399702,1790685564.128068,9128,tx,62732.3,91.2,2827.6,,,1,0,0,1
1777897697711519,1790685564.272381,9272,tx,64329.2,101.8,2495.7,,,1,0,0,1
1777897842070603,1790685564.416740,9416,tx,57332.0,1967.9,4950.9,,,1,0,0,1
1777897980597993,1790685564.555268,9555,tx,56913.5,82.9,3538.1,,,1,0,0,1
1777898122571626,1790685564.697242,9697,tx,59831.3,90.7,3588.6,,,1,0,0,1
1777898261559697,1790685564.836229,9836,tx,56488.0,1256.1,1749.0,,,1,0,0,1
1777898403668438,1790685564.978338,9978,tx,59848.6,84.4,213.0,,,1,0,0,1
1777898543424239,1790685565.118094,10118,tx,56450.7,102.2,3734.5,,,1,0,0,1
1777898680652479,1790685565.255322,10255,tx,57074.2,106.7,3529.8,,,1,0,0,1
1777898823568248,1790685565.398238,10398,tx,54620.3,119.2,2970.0,,,1,0,0,1
1777898970178002,1790685565.544847,10544,tx,56310.9,240.1,347.0,,,1,0,0,1
1777899108356059,1790685565.683026,10683,tx,61018.9,91.1,1376.0,,,1,0,0,1
1777899253825506,1790685565.828495,10828,tx,53787.9,92.3,185.6,,,1,0,0,1
1777899396911790,1790685565.971582,10971,tx,54368.6,113.4,1118.6,,,1,0,0,1
1777899536637867,1790685566.111308,11111,tx,58828.2,2974.5,3381.3,,,1,0,0,1
1777899675310568,1790685566.249980,11249,tx,51795.6,107.2,221.2,,,1,0,0,1
1777899819659541,1790685566.394329,11394,tx,57722.2,1945.3,5359.3,,,1,0,0,1
1777899959890244,1790685566.534560,11534,tx,58068.5,313.8,3476.8,,,1,0,0,1
1777900098500960,1790685566.673171,11673,tx,68639.6,2968.1,6520.1,,,1,0,0,1
1777900239032575,1790685566.813702,11813,tx,55877.4,98.1,3122.1,,,1,0,0,1
1777900383522505,1790685566.958192,11958,tx,56569.8,105.1,2669.7,,,1,0,0,1
1777900528063229,1790685567.102733,12102,tx,85903.9,88.7,207.4,,,1,0,0,1
1777900669327153,1790685567.243997,12243,tx,59453.3,99.9,3821.8,,,1,0,0,1
1777900807886592,1790685567.382556,12382,tx,62214.2,4565.3,5995.1,,,1,0,0,1
1777900951404589,1790685567.526074,12526,tx,60638.6,98.9,195.3,,,1,0,0,1
1777901088519865,1790685567.663190,12663,tx,62809.3,83.0,3618.9,,,1,0,0,1
1777901225935632,1790685567.800606,12800,tx,57150.9,952.4,4083.9,,,1,0,0,1
1777901365331659,1790685567.940001,12940,tx,55945.3,128.0,1986.3,,,1,0,0,1
1777901503402603,1790685568.078072,13078,tx,80996.0,187.2,3839.9,,,1,0,0,1
1777901645265537,1790685568.219935,13219,tx,66169.6,84.2,2575.4,,,1,0,0,1
1777901784038655,1790685568.358708,13358,tx,53225.5,78.2,585.2,,,1,0,0,1
1777901924055841,1790685568.498726,13498,tx,55797.2,81.6,3077.0,,192234.2,1,0,0,1
1777902065267513,1790685568.639937,13639,tx,61561.1,78.7,3011.9,,,0,0,0,0
1777902206100814,1790685568.780771,13780,idle,65973.9,383.5,4330.3,,,0,0,0,0
1777902433230215,1790685569.007900,14007,idle,15532.9,84.6,3913.3,,,0,0,0,0
1777902576392076,1790685569.151062,14151,idle,1180.9,150.4,307.7,,,0,0,0,0
1777902717249745,1790685569.291920,14291,idle,5078.2,75.0,2876.4,,,0,0,0,0
1777902855044124,1790685569.429714,14429,idle,11204.5,780.7,3809.6,,,0,0,0,0
1777903000165059,1790685569.574835,14574,idle,23021.8,616.1,846.7,,,0,0,0,0
1777903148060833,1790685569.722730,14722,idle,2819.6,575.7,962.4,,,0,0,0,0
1777903287778064,1790685569.862448,14862,idle,4032.4,917.6,1189.0,,,0,0,0,0
1777903429066475,1790685570.003736,3,idle,11167.2,80.0,3064.8,,,0,0,0,0
1777903567181089,1790685570.141851,141,idle,4637.1,767.0,834.4,,,0,0,0,0
1777903710310745,1790685570.284981,284,idle,11551.1,642.9,4405.0,,,0,0,0,0
1777903857372005,1790685570.432042,432,idle,13019.7,82.2,3763.3,,,0,0,0,0
1777903997997851,1790685570.572668,572,idle,26552.8,423.1,1699.4,,,0,0,0,0
1777904137789617,1790685570.712459,712,idle,5946.1,968.7,4231.3,,,0,0,0,0
1777904277888717,1790685570.852559,852,idle,4653.4,79.3,3250.0,,,0,0,0,0
1777904417240532,1790685570.991910,991,idle,4439.5,85.7,2896.0,,,0,0,0,0
1777904559076132,1790685571.133746,1133,idle,4645.2,85.1,1068.1,,,0,0,0,0
1777904698414583,1790685571.273084,1273,idle,14696.4,87.0,2725.2,,,0,0,0,0
1777904838789481,1790685571.413460,1413,idle,1502.5,84.2,177.1,,,0,0,0,0
1777904977885519,1790685571.552556,1552,idle,4339.0,86.2,3258.6,,,0,0,0,0
1777905117742203,1790685571.692412,1692,idle,9297.9,84.8,231.3,,,0,0,0,0
1777905261286392,1790685571.835956,1835,idle,3460.7,83.8,1862.8,,,0,0,0,0
1777905408342504,1790685571.983012,1983,idle,14343.8,83.2,793.1,,,0,0,0,0
1777905553789981,1790685572.128460,2128,idle,12229.1,87.6,3352.7,,,0,0,0,0
1777905695737764,1790685572.270407,2270,idle,16139.5,192.8,3518.4,,,0,0,0,0
1777905834613194,1790685572.409283,2409,idle,9480.8,410.3,1951.6,,,0,0,0,0
1777905974576262,1790685572.549246,2549,idle,5352.9,87.6,3576.4,,,0,0,0,0
1777906117156737,1790685572.691826,2691,idle,6406.3,937.0,2862.7,,,0,0,0,0
1777906260583885,1790685572.835253,2835,idle,1542.0,94.8,206.9,,,0,0,0,0
1777906405020896,1790685572.979691,2979,idle,15127.2,177.5,3218.9,,,0,0,0,0
1777906548579850,1790685573.123250,3123,idle,7811.9,86.0,204.6,,,0,0,0,0
1777906686169628,1790685573.260839,3260,idle,3700.3,81.5,196.1,,,0,0,0,0
1777906825343903,1790685573.400014,3400,idle,2878.5,755.8,1470.0,,,0,0,0,0
1777906970249532,1790685573.544919,3544,idle,3377.9,79.3,1892.9,,,0,0,0,0
1777907114532747,1790685573.689202,3689,idle,5172.2,88.7,3631.1,,,0,0,0,0
1777907255012999,1790685573.829683,3829,idle,4309.0,936.4,2998.9,,,0,0,0,0
1777907394841281,1790685573.969511,3969,idle,1979.2,83.9,849.0,,,0,0,0,0
1777907539364875,1790685574.114034,4114,idle,6584.0,81.5,777.0,,,0,0,0,0
1777907685340973,1790685574.260011,4260,idle,8806.3,957.6,4679.2,,,0,0,0,0
1777907824934693,1790685574.399605,4399,idle,6218.9,612.6,2551.2,,,0,0,0,0
1777907970036502,1790685574.544706,4544,idle,11459.2,79.2,182.3,,,0,0,0,0
1777908116344422,1790685574.691014,4691,idle,2626.9,424.0,532.8,,,0,0,0,0
1777908254637770,1790685574.829307,4829,idle,7464.2,86.7,3515.3,,,0,0,0,0
1777908394453726,1790685574.969124,4969,idle,9636.8,349.9,2795.6,,,0,0,0,0
1777908538287281,1790685575.112957,5112,idle,8977.5,83.1,3864.3,,,0,0,0,0
1777908675824390,1790685575.250494,5250,idle,15889.7,95.1,200.8,,,0,0,0,0
1777908815234474,1790685575.389904,5389,idle,1508.1,81.9,467.0,,,0,0,0,0
1777908955890406,1790685575.530560,5530,idle,8267.2,84.3,206.8,,,0,0,0,0
1777909095779338,1790685575.670449,5670,idle,4639.1,1472.6,1588.0,,,0,0,0,0
1777909234893943,1790685575.809564,5809,idle,5193.5,92.4,3266.0,,,0,0,0,0
1777909376432533,1790685575.951102,5951,idle,4662.6,90.8,214.0,,,0,0,0,0
1777909514886033,1790685576.089556,6089,idle,16199.7,89.4,3265.2,,,0,0,0,0
1777909655168605,1790685576.229838,6229,idle,5049.9,78.2,2969.0,,,0,0,0,0
1777909794778043,1790685576.369448,6369,idle,5508.3,75.4,166.3,,,0,0,0,0
1777909935042208,1790685576.509712,6509,idle,7465.6,851.4,3867.1,,,0,0,0,0
1777910074827507,1790685576.649497,6649,idle,1357.1,94.8,192.9,,,0,0,0,0
1777910215402951,1790685576.790073,6790,idle,4720.3,83.1,2492.6,,,0,0,0,0
1777910355062216,1790685576.929732,6929,idle,8039.0,98.5,3093.8,,,0,0,0,0
1777910494628941,1790685577.069299,7069,idle,4508.7,90.1,2547.2,,,0,0,0,0
1777910637040622,1790685577.211710,7211,idle,7721.4,95.4,211.5,,,0,0,0,0
1777910782186904,1790685577.356857,7356,idle,9910.9,89.6,2957.9,,,0,0,0,0
1777910926723705,1790685577.501393,7501,idle,21933.3,12550.6,15880.3,,,0,0,0,0
1777911064942273,1790685577.639612,7639,idle,10157.0,108.1,6152.5,,,0,0,0,0
1777911207058741,1790685577.781729,7781,idle,12681.8,170.1,3124.4,,,0,0,0,0
1777911349181238,1790685577.923851,7923,idle,5949.6,85.8,2956.6,,,0,0,0,0
1777911486555057,1790685578.061225,8061,idle,4820.8,2643.3,3473.5,,,0,0,0,0
1777911629416565,1790685578.204087,8204,idle,6674.6,135.1,236.3,,,0,0,0,0
1777911768171321,1790685578.342841,8342,idle,5296.6,122.0,3136.6,,,0,0,0,0
1777911908315642,1790685578.482985,8482,idle,2482.4,561.6,698.4,,,0,0,0,0
1777912049445567,1790685578.624115,8624,idle,2432.2,94.3,1508.0,,,0,0,0,0
1777912191060644,1790685578.765730,8765,idle,7825.3,88.6,4955.3,,,0,0,0,0
1777912328376733,1790685578.903046,8903,idle,7715.3,237.4,3912.0,,,0,0,0,0
1777912468627397,1790685579.043297,9043,idle,4441.9,85.8,2620.7,,,0,0,0,0
1777912610148816,1790685579.184819,9184,idle,5935.9,97.0,3001.4,,,0,0,0,0
1777912747446834,1790685579.322117,9322,idle,1177.5,111.6,225.2,,,0,0,0,0
1777912891234555,1790685579.465904,9465,idle,6034.9,86.2,2919.9,,,0,0,0,0
1777913037776597,1790685579.612447,9612,idle,7111.9,80.2,1075.9,,,0,0,0,0
1777913177015285,1790685579.751685,9751,idle,3978.6,84.2,2409.5,,,0,0,0,0
1777913317668797,1790685579.892339,9892,idle,7445.5,81.6,2392.5,,,0,0,0,0
1777913457262784,1790685580.031933,10031,idle,4309.7,83.4,2921.0,,,0,0,0,0
1777913597585392,1790685580.172255,10172,idle,18518.5,83.9,2573.9,,,0,0,0,0
1777913741083808,1790685580.315753,10315,idle,4547.5,77.4,2065.4,,,0,0,0,0
1777913881713922,1790685580.456384,10456,idle,11333.1,337.4,2258.1,,,0,0,0,0
1777914019916142,1790685580.594586,10594,idle,36195.0,263.7,23768.8,,,0,0,0,0
1777914159118258,1790685580.733788,10733,idle,6564.3,186.4,4128.5,,,0,0,0,0
1777914297369597,1790685580.872039,10872,idle,11740.2,333.1,4004.2,,,0,0,0,0
1777914438405429,1790685581.013075,11013,idle,1863.3,87.8,580.3,,,0,0,0,0
1777914578300890,1790685581.152971,11152,idle,5196.8,277.4,389.1,,,0,0,0,0
1777914723538658,1790685581.298208,11298,idle,11082.3,92.9,1471.1,,,0,0,0,0
1777914866999983,1790685581.441670,11441,idle,1200.9,79.6,174.3,,,0,0,0,0
1777915008254824,1790685581.582925,11582,idle,4846.3,2679.5,2795.8,,,0,0,0,0
1777915147039592,1790685581.721709,11721,idle,1773.4,100.1,750.0,,,0,0,0,0
1777915291444944,1790685581.866115,11866,decode,1209.6,87.5,324.8,,,0,0,1,0
1777915432297690,1790685582.006967,12006,idle,8796.5,2171.8,5743.2,,,0,0,0,0
1777915576966899,1790685582.151637,12151,idle,1161.7,77.3,179.2,,,0,0,0,0
1777915717223441,1790685582.291893,12291,idle,1192.7,302.1,459.5,,,0,0,0,0
1777915858318143,1790685582.432988,12432,idle,1177.5,278.7,359.8,,,0,0,0,0
1777915997526134,1790685582.572196,12572,idle,954.9,83.8,187.7,,,0,0,0,0
1777916136901405,1790685582.711571,12711,idle,880.8,81.3,158.3,,,0,0,0,0
1777916278050244,1790685582.852720,12852,idle,1128.1,94.6,187.9,,,0,0,0,0
1777916417803930,1790685582.992474,12992,idle,889.9,82.7,160.3,,,0,0,0,0
1777916557433598,1790685583.132103,13132,idle,1033.9,183.2,267.0,,,0,0,0,0
1777916697721809,1790685583.272392,13272,idle,1074.8,80.3,184.9,,,0,0,0,0
1777916838940550,1790685583.413610,13413,idle,1788.5,83.7,188.7,,,0,0,0,0
1777916976852779,1790685583.551523,13551,idle,1009.3,86.4,196.8,,,0,0,0,0
1777917117794327,1790685583.692464,13692,idle,871.4,84.0,168.1,,,0,0,0,0
1777917256984167,1790685583.831654,13831,idle,1127.7,81.0,168.8,,,0,0,0,0
1777917397286146,1790685583.971956,13971,idle,1406.0,82.9,630.3,,,0,0,0,0
1777917537248854,1790685584.111919,14111,idle,1150.5,84.7,173.5,,,0,0,0,0
1777917677659346,1790685584.252329,14252,idle,914.4,87.1,170.9,,,0,0,0,0
1777917815312775,1790685584.389982,14389,idle,1017.6,79.1,130.4,,,0,0,0,0
1777917957847379,1790685584.532517,14532,idle,938.6,84.4,190.1,,,0,0,0,0
1777918097224258,1790685584.671894,14671,idle,1473.6,91.7,222.9,,,0,0,0,0
1777918237250558,1790685584.811920,14811,idle,1310.2,89.2,190.3,,,0,0,0,0
1777918377617357,1790685584.952287,14952,idle,975.4,82.8,216.1,,,0,0,0,0
1777918516928880,1790685585.091599,91,idle,144631.7,76.7,187.8,,,0,0,0,1
1777918721763229,1790685585.296433,296,tx,52158.6,76.1,125.0,,,1,0,0,1
1777918866681241,1790685585.441351,441,tx,57995.1,80.4,5457.4,,,1,0,0,1
1777919005422774,1790685585.580093,580,tx,72264.7,978.3,5592.5,,,1,0,0,1
1777919150605328,1790685585.725275,725,tx,59481.9,2970.6,6431.7,,,1,0,0,1
1777919290742568,1790685585.865412,865,tx,55245.2,74.8,196.5,,,1,0,0,1
1777919428487699,1790685586.003158,1003,tx,59027.2,2966.4,6528.1,,,1,0,0,1
1777919568058888,1790685586.142729,1142,tx,61039.2,81.2,3072.7,,,1,0,0,1
1777919709973120,1790685586.284643,1284,tx,53107.2,94.2,526.3,,,1,0,0,1
1777919854300069,1790685586.428970,1428,tx,56487.0,81.8,846.5,,,1,0,0,1
1777919992060008,1790685586.566730,1566,tx,54037.5,95.2,436.8,,,1,0,0,1
1777920137397422,1790685586.712067,1712,tx,53285.8,361.5,482.6,,,1,0,0,1
1777920283907584,1790685586.858577,1858,tx,56115.1,88.0,3252.5,,,1,0,0,1
1777920421613269,1790685586.996283,1996,tx,53810.5,88.5,845.8,,,1,0,0,1
1777920566525868,1790685587.141196,2141,tx,67867.2,1127.9,2543.3,,,1,0,0,1
1777920704539052,1790685587.279209,2279,tx,60105.9,125.1,3647.9,,,1,0,0,1
1777920845988589,1790685587.420658,2420,tx,60266.7,928.6,4031.8,,,1,0,0,1
1777920985992209,1790685587.560662,2560,tx,56285.6,96.9,3159.9,,,1,0,0,1
1777921131183918,1790685587.705854,2705,tx,57458.8,144.2,3020.3,,,1,0,0,1
1777921269972257,1790685587.844642,2844,tx,60178.8,138.7,3223.1,,,1,0,0,1
1777921414172755,1790685587.988842,2988,tx,58664.8,91.5,2993.9,,,1,0,0,1
1777921555282764,1790685588.129952,3129,tx,68913.0,94.4,193.3,,,1,0,0,1
1777921694289068,1790685588.268959,3268,tx,56817.5,1132.9,1918.4,,,1,0,0,1
1777921832017882,1790685588.406687,3406,tx,56066.9,96.2,3133.1,,,1,0,0,1
1777921969051614,1790685588.543721,3543,tx,53802.5,88.0,183.2,,,1,0,0,1
1777922117070704,1790685588.691741,3691,tx,70647.0,104.7,11171.7,,,1,0,0,1
1777922258461255,1790685588.833131,3833,tx,59083.7,3339.8,4559.7,,,1,0,0,1
1777922397936208,1790685588.972606,3972,tx,74853.7,3124.3,6085.8,,,1,0,0,1
1777922543442243,1790685589.118112,4118,tx,60833.1,3415.6,6574.5,,,1,0,0,1
1777922686207841,1790685589.260878,4260,tx,52505.1,79.1,177.9,,,1,0,0,1
1777922830212467,1790685589.404882,4404,tx,57118.2,81.1,2935.7,,,1,0,0,1
1777922969545917,1790685589.544216,4544,tx,58241.4,82.0,3630.2,,,1,0,0,1
1777923116162306,1790685589.690832,4690,tx,57891.0,77.2,2988.4,,,1,0,0,1
1777923254989186,1790685589.829659,4829,tx,58360.5,74.0,3151.2,,,1,0,0,1
1777923392475605,1790685589.967145,4967,tx,56663.8,77.0,3683.8,,,1,0,0,1
1777923535973059,1790685590.110643,5110,tx,63537.3,2974.3,6044.5,,,1,0,0,1
1777923680188874,1790685590.254859,5254,tx,62028.5,2968.2,5831.8,,,1,0,0,1
1777923826419234,1790685590.401089,5401,tx,81211.5,2400.2,3315.1,,,1,0,0,1
1777923973216500,1790685590.547886,5547,tx,59267.2,83.5,2924.2,,,1,0,0,1
1777924111320015,1790685590.685990,5685,tx,58481.1,94.6,4838.0,,,1,0,0,1
1777924249251080,1790685590.823921,5823,tx,60042.8,2976.7,6794.0,,,1,0,0,1
1777924389700180,1790685590.964370,5964,tx,59140.9,83.5,3439.2,,,1,0,0,1
1777924531728041,1790685591.106398,6106,tx,81048.6,921.0,25284.9,,,1,0,0,1
1777924673988665,1790685591.248659,6248,tx,65362.6,649.1,8055.6,,,1,0,0,1
1777924815759247,1790685591.390429,6390,tx,56096.3,352.2,3217.7,,,1,0,0,1
1777924962762558,1790685591.537433,6537,tx,54853.8,196.3,1499.7,,,1,0,0,1
1777925106680328,1790685591.681350,6681,tx,56402.1,87.6,4476.4,,,1,0,0,1
1777925253651419,1790685591.828321,6828,tx,68322.2,521.7,5086.3,,,1,0,0,1
1777925393660949,1790685591.968331,6968,tx,69422.3,893.7,5510.7,,,1,0,0,1
1777925533702654,1790685592.108372,7108,tx,56593.7,88.2,3440.2,,,1,0,0,1
1777925680334830,1790685592.255005,7255,tx,55951.9,170.8,1220.4,,,1,0,0,1
1777925825421163,1790685592.400091,7400,tx,57013.5,89.1,2748.5,,,1,0,0,1
1777925965613469,1790685592.540283,7540,tx,53891.6,88.9,1424.7,,,1,0,0,1
1777926110373586,1790685592.685044,7685,tx,60070.7,279.5,3417.5,,,1,0,0,1
1777926255062579,1790685592.829732,7829,tx,72637.7,2215.0,5220.4,,,1,0,0,1
1777926404078502,1790685592.978748,7978,tx,64711.6,83.8,3072.8,,,1,0,0,1
1777926549308786,1790685593.123979,8123,tx,62086.6,2972.6,6709.9,,,1,0,0,1
1777926689754315,1790685593.264424,8264,tx,52278.0,83.4,187.2,,,1,0,0,1
1777926828365904,1790685593.403036,8403,tx,57447.7,78.7,4143.4,,,1,0,0,1
1777926966522053,1790685593.541192,8541,tx,56574.3,154.2,2448.8,,,1,0,0,1
1777927109300472,1790685593.683970,8683,tx,60251.0,1743.5,5491.1,,,1,0,0,1
1777927250944995,1790685593.825615,8825,tx,55615.6,94.2,3198.7,,,1,0,0,1
1777927388585767,1790685593.963256,8963,tx,53242.3,89.8,975.1,,,1,0,0,1
1777927526430306,1790685594.101100,9101,tx,57479.7,1512.1,5154.3,,,1,0,0,1
1777927665146574,1790685594.239816,9239,tx,56153.7,92.1,3004.8,,,1,0,0,1
1777927812050342,1790685594.386720,9386,tx,96734.5,40464.0,41138.0,,,1,0,0,1
1777927969164694,1790685594.543835,9543,tx,60168.9,155.4,6664.1,,,1,0,0,1
1777928108766547,1790685594.683436,9683,tx,57342.5,1783.3,5064.3,,,1,0,0,1
1777928247090839,1790685594.821761,9821,tx,66018.8,99.9,2289.7,,,1,0,0,1
1777928387382105,1790685594.962052,9962,tx,57368.3,123.5,4227.2,,,1,0,0,1
1777928528874212,1790685595.103544,10103,tx,81240.9,99.3,3511.5,,,1,0,0,1
1777928669785392,1790685595.244455,10244,tx,55775.5,86.4,3348.8,,,1,0,0,1
1777928807038265,1790685595.381708,10381,tx,56511.0,90.8,3104.5,,,1,0,0,1
1777928944314799,1790685595.518985,10518,tx,56325.6,148.4,3896.3,,,1,0,0,1
1777929084299869,1790685595.658970,10658,tx,53844.6,89.0,281.5,,,1,0,0,1
1777929227352098,1790685595.802022,10802,tx,57289.4,83.7,204.8,,,1,0,0,1
1777929364912528,1790685595.939582,10939,tx,55731.2,334.4,3483.1,,,1,0,0,1
1777929503610574,1790685596.078280,11078,tx,77692.1,223.0,2678.0,,,1,0,0,1
1777929642404684,1790685596.217074,11217,tx,70160.4,705.9,4381.3,,,1,0,0,1
1777929788125973,1790685596.362796,11362,tx,57298.6,104.5,3234.9,,,1,0,0,1
1777929932326484,1790685596.506996,11506,tx,54824.7,98.0,1861.9,,,1,0,0,1
1777930072164136,1790685596.646834,11646,tx,56047.4,211.2,3117.4,,,1,0,0,1
1777930211110006,1790685596.785780,11785,tx,57096.6,87.0,3029.9,,,1,0,0,1
1777930357489846,1790685596.932160,11932,tx,57336.6,83.2,3643.0,,,1,0,0,1
1777930495495503,1790685597.070165,12070,tx,54602.0,235.4,1345.7,,,1,0,0,1
1777930634698032,1790685597.209368,12209,tx,57230.5,88.6,3434.2,,,1,0,0,1
1777930772650309,1790685597.347320,12347,tx,55908.6,79.6,3472.4,,,1,0,0,1
1777930918817984,1790685597.493488,12493,tx,55675.5,89.8,3326.3,,,1,0,0,1
1777931055975787,1790685597.630646,12630,tx,57862.2,95.3,3179.4,,,1,0,0,1
1777931193316743,1790685597.767987,12767,tx,61497.6,1319.0,5075.4,,,1,0,0,1
1777931333449300,1790685597.908119,12908,tx,57021.2,79.9,2926.8,,,1,0,0,1
1777931472911268,1790685598.047581,13047,tx,63726.1,94.2,3260.8,,,1,0,0,1
1777931618751026,1790685598.193421,13193,tx,54904.7,85.7,2436.8,,,1,0,0,1
1777931764294020,1790685598.338964,13338,tx,61627.9,485.3,4272.2,,,1,0,0,1
1777931906174776,1790685598.480844,13480,tx,56907.5,92.0,984.2,,206685.5,1,0,0,1
1777932051598546,1790685598.626268,13626,tx,124722.0,101.1,2579.0,,,0,0,0,0
1777932198657573,1790685598.773327,13773,idle,73622.8,1016.9,9487.3,,,0,0,0,0
1777932429168585,1790685599.003839,14003,idle,11991.5,556.4,3456.1,,,0,0,0,0
1777932573962275,1790685599.148632,14148,idle,6235.8,104.4,3224.4,,,0,0,0,0
1777932712166145,1790685599.286836,14286,idle,6536.9,76.6,307.2,,,0,0,0,0
1777932859110603,1790685599.433780,14433,idle,4526.8,84.4,3026.8,,,0,0,0,0
1777932998418566,1790685599.573088,14573,idle,2680.7,85.2,652.4,,,0,0,0,0
1777933139434112,1790685599.714104,14714,idle,12638.0,78.7,3698.6,,,0,0,0,0
1777933278704449,1790685599.853374,14853,idle,17276.6,2924.4,6321.6,,,0,0,0,0
1777933418692853,1790685599.993363,14993,idle,5445.9,80.3,3434.3,,,0,0,0,0
1777933561064775,1790685600.135733,135,idle,7975.6,96.1,248.5,,,0,0,0,0
1777933699805918,1790685600.274476,274,idle,16264.8,84.8,3332.9,,,0,0,0,0
1777933840740918,1790685600.415411,415,idle,11127.6,93.8,5448.4,,,0,0,0,0
1777933979758624,1790685600.554428,554,idle,12086.7,143.0,3437.2,,,0,0,0,0
1777934120149230,1790685600.694819,694,idle,3342.2,80.3,190.8,,,0,0,0,0
1777934261154085,1790685600.835824,835,idle,11134.3,1742.0,1862.0,,,0,0,0,0
1777934399837373,1790685600.974507,974,idle,29631.4,361.3,6197.1,,,0,0,0,0
1777934538901822,1790685601.113572,1113,idle,7204.9,82.4,1308.3,,,0,0,0,0
1777934683374291,1790685601.258044,1258,idle,7597.3,81.4,2770.2,,,0,0,0,0
1777934829505427,1790685601.404175,1404,idle,8258.6,1933.2,5513.9,,,0,0,0,0
1777934969540229,1790685601.544210,1544,idle,21095.7,472.6,7006.9,,,0,0,0,0
1777935108317570,1790685601.682987,1682,idle,20665.6,86.7,3823.0,,,0,0,0,0
1777935248706353,1790685601.823376,1823,idle,4810.6,2361.6,3314.2,,,0,0,0,0
1777935389455269,1790685601.964125,1964,idle,5058.7,85.1,192.2,,,0,0,0,0
1777935529261079,1790685602.103931,2103,idle,4621.9,77.3,2867.7,,,0,0,0,0
1777935670914776,1790685602.245585,2245,idle,5797.6,128.0,3118.8,,,0,0,0,0
1777935809588804,1790685602.384259,2384,idle,19116.3,82.8,1556.7,,,0,0,0,0
1777935949017819,1790685602.523688,2523,idle,1628.3,76.5,180.0,,,0,0,0,0
1777936088475735,1790685602.663146,2663,idle,1693.8,85.3,185.8,,,0,0,0,0
1777936228612194,1790685602.803282,2803,idle,12206.6,85.9,3543.9,,,0,0,0,0
1777936369421570,1790685602.944091,2944,idle,1486.9,92.2,242.5,,,0,0,0,0
1777936511225042,1790685603.085893,3085,idle,19602.9,92.6,942.8,,,0,0,0,0
1777936649646157,1790685603.224316,3224,idle,11628.2,100.1,3506.9,,,0,0,0,0
1777936789629504,1790685603.364299,3364,idle,5474.8,304.9,417.2,,,0,0,0,0
1777936931537777,1790685603.506207,3506,idle,3003.0,387.7,504.2,,,0,0,0,0
1777937071468371,1790685603.646138,3646,idle,6818.5,83.0,3962.7,,,0,0,0,0
1777937209435088,1790685603.784105,3784,idle,9870.4,2824.1,2980.5,,,0,0,0,0
1777937348708757,1790685603.923378,3923,idle,3169.6,91.4,632.9,,,0,0,0,0
1777937489042465,1790685604.063712,4063,idle,5200.8,94.4,3129.2,,,0,0,0,0
1777937630320512,1790685604.204990,4204,idle,5667.4,2737.3,2864.6,,,0,0,0,0
1777937769991065,1790685604.344660,4344,idle,11107.3,88.7,460.4,,,0,0,0,0
1777937910940364,1790685604.485610,4485,idle,5145.8,948.1,1076.7,,,0,0,0,0
1777938051059711,1790685604.625730,4625,idle,5649.7,960.9,1962.5,,,0,0,0,0
1777938188768289,1790685604.763438,4763,idle,2005.0,85.6,204.0,,,0,0,0,0
1777938329462279,1790685604.904132,4904,idle,7633.4,966.5,1552.6,,,0,0,0,0
1777938472516915,1790685605.047187,5047,idle,7099.0,936.0,1496.2,,,0,0,0,0
1777938619253070,1790685605.193923,5193,idle,7238.2,86.4,169.5,,,0,0,0,0
1777938759619622,1790685605.334289,5334,idle,1512.5,218.3,305.4,,,0,0,0,0
1777938902150367,1790685605.476820,5476,idle,24696.5,93.2,2991.1,,,0,0,0,0
1777939040663520,1790685605.615333,5615,idle,6817.9,333.1,2954.2,,,0,0,0,0
1777939179929977,1790685605.754600,5754,idle,11514.8,3963.0,5650.0,,,0,0,0,0
1777939320677057,1790685605.895347,5895,idle,7602.7,148.7,4258.0,,,0,0,0,0
1777939459379101,1790685606.034049,6034,idle,17939.3,2802.7,3653.1,,,0,0,0,0
1777939600829148,1790685606.175499,6175,idle,20164.6,308.3,3541.7,,,0,0,0,0
1777939741247048,1790685606.315917,6315,idle,6855.5,94.2,2923.7,,,0,0,0,0
1777939879878237,1790685606.454548,6454,idle,6241.2,94.7,3282.0,,,0,0,0,0
1777940019686333,1790685606.594356,6594,idle,9414.3,93.0,3459.1,,,0,0,0,0
1777940159612706,1790685606.734282,6734,idle,1385.2,281.0,408.0,,,0,0,0,0
1777940299515826,1790685606.874186,6874,idle,38374.4,2989.6,6522.9,,,0,0,0,0
1777940441632406,1790685607.016302,7016,idle,9473.9,730.7,4059.5,,,0,0,0,0
1777940578948177,1790685607.153618,7153,idle,5248.7,280.1,3100.4,,,0,0,0,0
1777940719566770,1790685607.294237,7294,idle,2873.6,302.4,400.4,,,0,0,0,0
1777940860884603,1790685607.435554,7435,idle,12235.8,113.3,2310.4,,,0,0,0,0
1777940999809321,1790685607.574479,7574,idle,19035.0,2967.2,6211.1,,,0,0,0,0
1777941142776545,1790685607.717446,7717,idle,5320.8,144.2,3415.8,,,0,0,0,0
1777941289292002,1790685607.863962,7863,idle,5061.4,87.7,3848.6,,,0,0,0,0
1777941431234618,1790685608.005904,8005,idle,4142.0,84.8,197.5,,,0,0,0,0
1777941570885593,1790685608.145555,8145,idle,2753.3,936.9,1131.5,,,0,0,0,0
1777941710026962,1790685608.284697,8284,idle,4455.3,79.8,2455.0,,,0,0,0,0
1777941849663844,1790685608.424334,8424,idle,11075.8,87.2,3484.9,,,0,0,0,0
1777941989049030,1790685608.563719,8563,idle,1460.6,82.2,200.5,,,0,0,0,0
1777942129663314,1790685608.704333,8704,idle,3456.8,166.4,295.7,,,0,0,0,0
1777942269047574,1790685608.843717,8843,idle,7067.5,84.5,3089.8,,,0,0,0,0
1777942409609490,1790685608.984279,8984,idle,13501.7,82.5,3442.4,,,0,0,0,0
1777942556070541,1790685609.130740,9130,idle,15043.4,86.3,7293.4,,,0,0,0,0
1777942699366533,1790685609.274036,9274,idle,14257.1,359.7,4041.1,,,0,0,0,0
1777942839303621,1790685609.413974,9413,idle,2429.6,86.9,192.9,,,0,0,0,0
1777942979802279,1790685609.554472,9554,idle,1586.6,90.2,193.3,,,0,0,0,0
1777943121261196,1790685609.695931,9695,idle,12844.0,95.1,2897.2,,,0,0,0,0
1777943260828085,1790685609.835498,9835,idle,5470.2,94.8,3341.1,,,0,0,0,0
1777943399780218,1790685609.974450,9974,idle,19098.4,100.8,214.4,,,0,0,0,0
1777943571130154,1790685610.145800,10145,idle,1323.8,92.9,227.1,,,0,0,0,0
1777943711190999,1790685610.285861,10285,idle,21077.8,338.1,3504.1,,,0,0,0,0
1777943848955537,1790685610.423625,10423,idle,2725.0,85.6,219.2,,,0,0,0,0
1777943990040441,1790685610.564710,10564,idle,5474.1,2732.6,3013.2,,,0,0,0,0
1777944129684660,1790685610.704355,10704,idle,7251.4,193.4,297.3,,,0,0,0,0
1777944270162134,1790685610.844832,10844,idle,4601.2,248.1,2830.4,,,0,0,0,0
1777944407640689,1790685610.982311,10982,idle,3623.6,91.7,825.0,,,0,0,0,0
1777944544853328,1790685611.119523,11119,idle,10252.0,101.7,4898.6,,,0,0,0,0
1777944689984707,1790685611.264654,11264,idle,2076.2,89.6,206.4,,,0,0,0,0
1777944832636910,1790685611.407307,11407,idle,10474.8,108.0,2600.8,,,0,0,0,0
1777944969872606,1790685611.544542,11544,idle,12242.6,87.9,3292.0,,,0,0,0,0
1777945109834842,1790685611.684504,11684,idle,8354.2,2947.7,6186.5,,,0,0,0,0
1777945256778373,1790685611.831448,11831,decode,20320.2,1059.1,4337.9,,,0,0,1,0
1777945400269348,1790685611.974939,11974,idle,7191.8,203.2,5077.6,,,0,0,0,0
1777945540065909,1790685612.114736,12114,idle,5714.9,88.3,3096.5,,,0,0,0,0
1777945679750725,1790685612.254421,12254,idle,2529.8,175.2,263.6,,,0,0,0,0
1777945820027336,1790685612.394697,12394,idle,6746.1,82.7,1076.5,,,0,0,0,0
1777945959802482,1790685612.534472,12534,idle,4729.3,88.2,3379.5,,,0,0,0,0
1777946099733552,1790685612.674403,12674,idle,32393.4,81.7,3403.6,,,0,0,0,0
1777946239053188,1790685612.813723,12813,idle,4522.0,93.3,2099.6,,,0,0,0,0
1777946380063126,1790685612.954733,12954,idle,6744.3,96.1,1092.7,,,0,0,0,0
1777946522162289,1790685613.096832,13096,idle,13939.1,84.4,2995.5,,,0,0,0,0
1777946669190381,1790685613.243860,13243,idle,5932.5,79.3,2966.7,,,0,0,0,0
1777946809769632,1790685613.384439,13384,idle,9817.1,602.7,1237.4,,,0,0,0,0
1777946954617554,1790685613.529287,13529,idle,4947.7,97.7,3535.0,,,0,0,0,0
1777947100278499,1790685613.674948,13674,idle,15012.7,82.1,205.8,,,0,0,0,0
1777947239533683,1790685613.814204,13814,idle,1304.1,86.6,224.0,,,0,0,0,0
1777947380819935,1790685613.955490,13955,idle,7282.0,465.4,3947.5,,,0,0,0,0
1777947524561223,1790685614.099231,14099,idle,18549.7,87.2,3583.3,,,0,0,0,0
1777947670500006,1790685614.245170,14245,idle,1330.8,84.4,192.5,,,0,0,0,0
1777947809652579,1790685614.384322,14384,decode,9479.8,182.8,4586.9,,,0,0,1,0
1777947955664365,1790685614.530334,14530,idle,6431.6,89.1,3470.0,,,0,0,0,0
1777948098065831,1790685614.672736,14672,idle,21003.4,960.7,3953.6,,,0,0,0,0
1777948239306209,1790685614.813976,14813,idle,3782.2,90.3,185.7,,,0,0,0,0
1777948383078952,1790685614.957749,14957,idle,1155.6,84.0,203.2,,,0,0,0,0
1777948523333337,1790685615.098003,98,idle,150792.9,87.8,3806.1,,,0,0,0,1
1777948735109357,1790685615.309779,309,tx,65614.0,684.7,1622.5,,,1,0,0,1
1777948881727919,1790685615.456398,456,tx,53771.2,343.5,445.9,,,1,0,0,1
1777949024915208,1790685615.599585,599,tx,54022.3,961.0,1117.2,,,1,0,0,1
1777949171499107,1790685615.746169,746,tx,59640.5,452.5,4101.7,,,1,0,0,1
1777949311846728,1790685615.886517,886,tx,64512.3,91.9,3752.0,,,1,0,0,1
1777949451413973,1790685616.026084,1026,tx,61107.5,83.6,3785.4,,,1,0,0,1
1777949589613173,1790685616.164283,1164,tx,58937.8,126.4,3567.3,,,1,0,0,1
1777949753655966,1790685616.328326,1328,tx,54215.5,83.8,1778.1,,,1,0,0,1
1777949899497326,1790685616.474167,1474,tx,62688.9,294.0,3852.5,,,1,0,0,1
1777950038293834,1790685616.612964,1612,tx,56783.4,143.5,3891.8,,,1,0,0,1
1777950175904497,1790685616.750574,1750,tx,53163.8,155.0,281.1,,,1,0,0,1
1777950319375160,1790685616.894045,1894,tx,52666.6,86.2,190.1,,,1,0,0,1
1777950464159277,1790685617.038829,2038,tx,55985.9,89.5,2545.2,,,1,0,0,1
1777950610786560,1790685617.185456,2185,tx,55849.7,104.2,3383.5,,,1,0,0,1
1777950757783406,1790685617.332453,2332,tx,56643.5,117.2,3410.0,,,1,0,0,1
1777950895416364,1790685617.470086,2470,tx,53129.3,92.7,196.6,,,1,0,0,1
1777951042156707,1790685617.616826,2616,tx,68515.8,5932.0,6879.0,,,1,0,0,1
1777951184532372,1790685617.759202,2759,tx,52811.1,85.9,205.0,,,1,0,0,1
1777951328460305,1790685617.903130,2903,tx,60724.6,86.0,297.7,,,1,0,0,1
1777951472766699,1790685618.047436,3047,tx,57431.7,85.5,1509.0,,,1,0,0,1
1777951609949246,1790685618.184619,3184,tx,57711.9,216.1,3342.8,,,1,0,0,1
1777951748566464,1790685618.323236,3323,tx,63952.3,116.8,3645.7,,,1,0,0,1
1777951887177558,1790685618.461847,3461,tx,54949.1,81.6,191.9,,,1,0,0,1
1777952024486263,1790685618.599156,3599,tx,62633.0,6111.8,7896.5,,,1,0,0,1
1777952168034462,1790685618.742704,3742,tx,55676.2,199.3,3175.0,,,1,0,0,1
1777952305464766,1790685618.880134,3880,tx,69970.1,133.1,3724.4,,,1,0,0,1
1777952445624731,1790685619.020294,4020,tx,55644.7,84.0,179.0,,,1,0,0,1
1777952583919509,1790685619.158589,4158,tx,56337.2,166.7,3303.5,,,1,0,0,1
1777952721158800,1790685619.295829,4295,tx,55946.2,202.3,3095.6,,,1,0,0,1
1777952867970225,1790685619.442640,4442,tx,56534.3,211.5,3293.3,,,1,0,0,1
1777953006899938,1790685619.581570,4581,tx,61337.1,173.4,3311.3,,,1,0,0,1
1777953149359209,1790685619.724029,4724,tx,60834.9,157.2,2428.2,,,1,0,0,1
1777953295619315,1790685619.870289,4870,tx,56838.1,169.4,3607.6,,,1,0,0,1
1777953432860058,1790685620.007530,5007,tx,56615.9,550.7,3742.8,,,1,0,0,1
1777953570530642,1790685620.145200,5145,tx,56608.7,104.0,3631.7,,,1,0,0,1
1777953708714519,1790685620.283384,5283,tx,57432.9,111.3,3458.9,,,1,0,0,1
1777953846662177,1790685620.421332,5421,tx,61411.0,87.5,1489.7,,,1,0,0,1
1777953987391983,1790685620.562062,5562,tx,54456.6,163.5,1699.0,,,1,0,0,1
1777954129310256,1790685620.703980,5703,tx,53994.9,1573.9,1745.8,,,1,0,0,1
1777954274433416,1790685620.849103,5849,tx,54602.2,85.3,2322.5,,,1,0,0,1
1777954419734775,1790685620.994405,5994,tx,56368.4,84.9,3421.5,,,1,0,0,1
1777954557008080,1790685621.131670,6131,tx,73199.8,2905.8,3031.4,,,1,0,0,1
1777954703859678,1790685621.278530,6278,tx,65067.7,716.7,3960.4,,,1,0,0,1
1777954853237888,1790685621.427907,6427,tx,62282.2,81.2,192.5,,,1,0,0,1
1777954990991561,1790685621.565661,6565,tx,54657.7,77.7,2238.5,,,1,0,0,1
1777955130492539,1790685621.705162,6705,tx,57351.0,208.0,3376.2,,,1,0,0,1
1777955268582767,1790685621.843252,6843,tx,55924.5,314.5,3013.4,,,1,0,0,1
1777955408089617,1790685621.982759,6982,tx,66761.7,1123.7,4138.1,,,1,0,0,1
1777955546872306,1790685622.121542,7121,tx,60758.1,450.3,3300.4,,,1,0,0,1
1777955688767640,1790685622.263438,7263,tx,53510.5,787.4,1249.5,,,1,0,0,1
1777955829267657,1790685622.403938,7403,tx,57364.3,92.2,3175.3,,,1,0,0,1
1777955968449883,1790685622.543120,7543,tx,56005.9,86.7,2659.8,,,1,0,0,1
1777956107273003,1790685622.681943,7681,tx,61079.2,1985.5,5783.3,,,1,0,0,1
1777956248833234,1790685622.823503,7823,tx,82339.2,173.5,416.3,,,1,0,0,1
1777956389139611,1790685622.963809,7963,tx,52939.0,79.1,175.5,,,1,0,0,1
1777956529099024,1790685623.103769,8103,tx,56983.4,85.0,182.0,,,1,0,0,1
1777956668397934,1790685623.243068,8243,tx,53180.1,113.8,309.5,,,1,0,0,1
1777956811945550,1790685623.386615,8386,tx,52489.7,95.4,253.1,,,1,0,0,1
1777956955861494,1790685623.530531,8530,tx,56162.3,190.2,3376.2,,,1,0,0,1
1777957093052899,1790685623.667723,8667,tx,58879.5,2969.8,5973.2,,,1,0,0,1
1777957233716621,1790685623.808387,8808,tx,56913.8,91.7,3432.0,,,1,0,0,1
1777957371649369,1790685623.946319,8946,tx,85536.2,282.2,422.7,,,1,0,0,1
1777957516085908,1790685624.090756,9090,tx,63748.5,126.5,3098.5,,,1,0,0,1
1777957660437010,1790685624.235107,9235,tx,57609.4,81.0,3746.7,,,1,0,0,1
1777957799897642,1790685624.374568,9374,tx,64301.8,103.1,223.9,,,1,0,0,1
1777957944694101,1790685624.519364,9519,tx,53405.9,279.6,402.7,,,1,0,0,1
1777958088289835,1790685624.662960,9662,tx,62040.9,95.7,260.3,,,1,0,0,1
1777958229128671,1790685624.803798,9803,tx,61369.7,91.6,1567.1,,,1,0,0,1
1777958370297962,1790685624.944968,9944,tx,55144.0,81.5,2876.1,,,1,0,0,1
1777958516736715,1790685625.091406,10091,tx,57296.5,100.1,1407.1,,,1,0,0,1
1777958655734008,1790685625.230403,10230,tx,58030.9,83.5,3435.7,,,1,0,0,1
1777958793903483,1790685625.368573,10368,tx,53609.8,77.6,1372.1,,,1,0,0,1
1777958932137391,1790685625.506807,10506,tx,53138.5,143.3,355.5,,,1,0,0,1
1777959076771803,1790685625.651442,10651,tx,60919.0,3068.9,6364.1,,,1,0,0,1
1777959218074915,1790685625.792745,10792,tx,55355.5,91.4,519.6,,,1,0,0,1
1777959362328225,1790685625.936998,10936,tx,58905.9,106.4,5085.0,,,1,0,0,1
1777959502288107,1790685626.076958,11076,tx,82150.7,190.9,4008.1,,,1,0,0,1
1777959646107249,1790685626.220777,11220,tx,64010.9,558.3,2567.1,,,1,0,0,1
1777959784618251,1790685626.359288,11359,tx,57327.1,2539.3,3405.8,,,1,0,0,1
1777959929494043,1790685626.504164,11504,tx,56763.9,97.5,1244.5,,,1,0,0,1
1777960067809869,1790685626.642480,11642,tx,56793.3,196.0,327.3,,,1,0,0,1
1777960208475190,1790685626.783145,11783,tx,55940.2,91.4,3693.2,,,1,0,0,1
1777960345515999,1790685626.920186,11920,tx,52513.2,87.8,192.3,,,1,0,0,1
1777960488816909,1790685627.063487,12063,tx,58754.3,207.5,329.9,,,1,0,0,1
1777960631065233,1790685627.205735,12205,tx,70093.3,90.1,233.4,,,1,0,0,1
1777960774583678,1790685627.349254,12349,tx,52377.5,84.6,192.9,,,1,0,0,1
1777960917511350,1790685627.492181,12492,tx,53569.1,87.2,1192.2,,,1,0,0,1
1777961062074675,1790685627.636744,12636,tx,57258.7,1975.0,4951.3,,,1,0,0,1
1777961200425731,1790685627.775095,12775,tx,62939.1,148.6,3771.9,,,1,0,0,1
1777961347077422,1790685627.921747,12921,tx,60920.9,104.7,3081.3,,,1,0,0,1
1777961506434867,1790685628.081105,13081,tx,76636.8,94.4,3739.2,,,1,0,0,1
1777961644033338,1790685628.218703,13218,tx,56812.5,106.0,1583.3,,,1,0,0,1
1777961781874380,1790685628.356544,13356,tx,56163.0,85.9,778.1,,,1,0,0,1
1777961928576798,1790685628.503247,13503,tx,57855.1,316.5,3793.1,,184046.4,1,0,0,1
1777962067550610,1790685628.642220,13642,tx,64301.0,99.3,194.7,,,0,0,0,0
1777962207771081,1790685628.782441,13782,idle,61299.6,255.8,1551.8,,,0,0,0,0
1777962425523778,1790685629.000194,14000,idle,5685.7,226.0,1785.8,,,0,0,0,0
1777962568246136,1790685629.142916,14142,idle,6861.5,200.0,2134.5,,,0,0,0,0
1777962706856381,1790685629.281526,14281,idle,6397.4,326.4,4452.0,,,0,0,0,0
1777962846222286,1790685629.420892,14420,idle,11502.3,76.4,176.0,,,0,0,0,0
1777962986277123,1790685629.560947,14560,idle,10462.1,3042.6,6741.4,,,0,0,0,0
1777963126153179,1790685629.700823,14700,idle,7958.2,252.9,3150.9,,,0,0,0,0
1777963264925157,1790685629.839594,14839,idle,8271.7,2968.3,6109.1,,,0,0,0,0
1777963408076536,1790685629.982733,14982,idle,16040.9,268.9,3267.5,,,0,0,0,0
1777963551454170,1790685630.126124,126,idle,9089.6,628.2,4218.7,,,0,0,0,0
1777963691432792,1790685630.266103,266,idle,11133.8,963.7,1584.1,,,0,0,0,0
1777963835865746,1790685630.410535,410,idle,5180.4,237.8,3446.3,,,0,0,0,0
1777963977448672,1790685630.552119,552,idle,18881.5,87.2,892.7,,,0,0,0,0
1777964115700537,1790685630.690370,690,idle,8408.5,667.5,1027.7,,,0,0,0,0
1777964255321248,1790685630.829991,829,idle,14303.9,1962.2,6699.6,,,0,0,0,0
1777964396507009,1790685630.971177,971,idle,8623.6,87.3,206.8,,,0,0,0,0
1777964536920775,1790685631.111591,1111,idle,9694.7,267.6,3402.2,,,0,0,0,0
1777964675770005,1790685631.250440,1250,idle,4524.1,286.4,3569.7,,,0,0,0,0
1777964815945647,1790685631.390615,1390,idle,5280.8,231.2,379.6,,,0,0,0,0
1777964955566816,1790685631.530236,1530,idle,6818.0,247.8,3751.5,,,0,0,0,0
1777965095880730,1790685631.670551,1670,idle,9214.1,339.1,440.8,,,0,0,0,0
1777965236216870,1790685631.810887,1810,idle,4844.5,264.1,3107.4,,,0,0,0,0
1777965375326197,1790685631.949996,1949,idle,7536.7,285.0,4023.5,,,0,0,0,0
1777965515511762,1790685632.090182,2090,idle,11305.2,87.5,175.7,,,0,0,0,0
1777965661135919,1790685632.235806,2235,idle,5561.2,82.2,1804.8,,,0,0,0,0
1777965808324617,1790685632.382994,2382,idle,15918.7,1537.6,1705.5,,,0,0,0,0
1777965946570772,1790685632.521240,2521,idle,5564.8,260.1,2757.9,,,0,0,0,0
1777966085792656,1790685632.660463,2660,idle,5304.7,282.7,3548.9,,,0,0,0,0
1777966228239285,1790685632.802909,2802,idle,967.4,80.1,186.2,,,0,0,0,0
1777966366328022,1790685632.940998,2940,idle,5216.7,425.7,1393.6,,,0,0,0,0
1777966507594160,1790685633.082264,3082,idle,26210.0,948.7,1419.3,,,0,0,0,0
1777966645340511,1790685633.220011,3220,idle,9078.2,943.6,1677.5,,,0,0,0,0
1777966789044505,1790685633.363714,3363,idle,1171.7,196.4,301.9,,,0,0,0,0
1777966930457106,1790685633.505127,3505,idle,3875.1,80.9,194.5,,,0,0,0,0
1777967076154933,1790685633.650824,3650,idle,5883.2,292.6,4188.6,,,0,0,0,0
1777967218890843,1790685633.793561,3793,idle,13400.5,169.2,3327.7,,,0,0,0,0
1777967357164456,1790685633.931834,3931,idle,7432.5,81.6,199.6,,,0,0,0,0
1777967496743356,1790685634.071413,4071,idle,7571.7,91.0,676.9,,,0,0,0,0
1777967644186205,1790685634.218856,4218,idle,8466.8,178.5,7041.4,,,0,0,0,0
1777967786059420,1790685634.360729,4360,idle,5676.3,162.5,3154.9,,,0,0,0,0
1777967932511494,1790685634.507182,4507,idle,4340.2,160.7,721.7,,,0,0,0,0
1777968075842923,1790685634.650513,4650,idle,1540.4,484.6,628.7,,,0,0,0,0
1777968215583510,1790685634.790253,4790,idle,8516.9,83.3,205.7,,,0,0,0,0
1777968355900436,1790685634.930570,4930,idle,15295.6,254.8,2394.4,,,0,0,0,0
1777968495727585,1790685635.070397,5070,idle,20390.4,79.0,4808.7,,,0,0,0,0
1777968635445208,1790685635.210115,5210,idle,9385.3,194.5,3807.7,,,0,0,0,0
1777968775840367,1790685635.350510,5350,idle,5271.7,185.7,3400.6,,,0,0,0,0
1777968915445367,1790685635.490115,5490,idle,3679.9,83.2,192.0,,,0,0,0,0
1777969055932735,1790685635.630602,5630,idle,1513.8,195.6,309.1,,,0,0,0,0
1777969197661177,1790685635.772331,5772,idle,1080.8,87.9,202.4,,,0,0,0,0
1777969335530247,1790685635.910200,5910,idle,1575.0,79.5,178.2,,,0,0,0,0
1777969475409525,1790685636.050079,6050,idle,1681.9,99.4,198.1,,,0,0,0,0
1777969618148530,1790685636.192818,6192,idle,4193.5,346.0,3258.3,,,0,0,0,0
1777969755693610,1790685636.330363,6330,idle,1189.7,93.1,218.7,,,0,0,0,0
1777969896177288,1790685636.470847,6470,idle,8853.2,87.7,182.7,,,0,0,0,0
1777970042474988,1790685636.617145,6617,idle,13656.7,393.8,3980.2,,,0,0,0,0
1777970185332885,1790685636.760003,6760,idle,2028.7,80.8,187.5,,,0,0,0,0
1777970330255488,1790685636.904925,6904,idle,7570.7,3057.5,3760.9,,,0,0,0,0
1777970475834026,1790685637.050504,7050,idle,6406.4,191.6,3425.0,,,0,0,0,0
1777970618173897,1790685637.192844,7192,idle,4579.5,184.8,3072.4,,,0,0,0,0
1777970756012674,1790685637.330683,7330,idle,4089.2,139.4,236.1,,,0,0,0,0
1777970895501506,1790685637.470171,7470,idle,12813.8,205.0,3753.9,,,0,0,0,0
1777971041475763,1790685637.616146,7616,idle,1155.0,86.3,182.6,,,0,0,0,0
1777971186492878,1790685637.761162,7761,idle,1602.5,79.9,185.0,,,0,0,0,0
1777971332594236,1790685637.907264,7907,idle,2514.0,81.1,235.9,,,0,0,0,0
1777971475845028,1790685638.050515,8050,idle,6699.8,290.4,3519.8,,,0,0,0,0
1777971615521744,1790685638.190192,8190,idle,5774.7,95.5,185.5,,,0,0,0,0
1777971758242800,1790685638.332913,8332,idle,12885.9,217.6,2024.0,,,0,0,0,0
1777971895852532,1790685638.470522,8470,idle,1598.8,291.6,381.6,,,0,0,0,0
1777972033596615,1790685638.608267,8608,idle,3449.1,90.7,194.3,,,0,0,0,0
1777972175879781,1790685638.750550,8750,idle,2285.5,272.7,390.0,,,0,0,0,0
1777972315831981,1790685638.890502,8890,idle,3276.0,81.0,839.6,,,0,0,0,0
1777972455292554,1790685639.029963,9029,idle,1025.6,87.9,193.0,,,0,0,0,0
1777972595518407,1790685639.170188,9170,idle,20003.5,258.9,4792.8,,,0,0,0,0
1777972735821401,1790685639.310491,9310,idle,8296.2,174.6,3450.8,,,0,0,0,0
1777972879649829,1790685639.454320,9454,idle,6453.3,241.2,3642.5,,,0,0,0,0
1777973019367038,1790685639.594037,9594,idle,1994.2,204.0,907.5,,,0,0,0,0
1777973156873056,1790685639.731543,9731,idle,4284.2,614.7,698.4,,,0,0,0,0
1777973295656388,1790685639.870326,9870,idle,21032.7,2977.0,9367.1,,,0,0,0,0
1777973435034390,1790685640.009704,10009,idle,4623.3,218.4,3237.2,,,0,0,0,0
1777973576445112,1790685640.151115,10151,idle,13642.3,962.4,1565.7,,,0,0,0,0
1777973722388317,1790685640.297058,10297,idle,8804.9,75.8,166.2,,,0,0,0,0
1777973862436959,1790685640.437107,10437,idle,1371.4,84.6,183.5,,,0,0,0,0
1777974004793449,1790685640.579463,10579,idle,13654.1,3261.1,6514.5,,,0,0,0,0
1777974145128550,1790685640.719798,10719,idle,1008.5,90.0,221.4,,,0,0,0,0
1777974282433437,1790685640.857103,10857,idle,2581.6,106.1,318.9,,,0,0,0,0
1777974431328367,1790685641.005998,11005,idle,29775.8,85.9,2147.4,,,0,0,0,0
1777974572339307,1790685641.147009,11147,idle,4001.0,89.8,270.7,,,0,0,0,0
1777974712483245,1790685641.287153,11287,idle,4755.4,76.6,2861.9,,,0,0,0,0
1777974853966995,1790685641.428637,11428,idle,3134.8,82.1,1889.4,,,0,0,0,0
1777974992813113,1790685641.567483,11567,idle,3714.5,225.5,2483.4,,,0,0,0,0
1777975139646041,1790685641.714316,11714,idle,2194.0,93.3,186.2,,,0,0,0,0
1777975284708009,1790685641.859378,11859,decode,8856.3,208.6,4584.0,,,0,0,1,0
1777975429183140,1790685642.003853,12003,idle,8932.6,82.0,180.5,,,0,0,0,0
1777975575994288,1790685642.150664,12150,idle,6440.8,963.6,4025.1,,,0,0,0,0
1777975717515361,1790685642.292185,12292,idle,1256.1,87.0,201.4,,,0,0,0,0
1777975856306260,1790685642.430976,12430,idle,1189.8,82.3,219.2,,,0,0,0,0
1777975995428673,1790685642.570098,12570,idle,6681.2,95.9,196.8,,,0,0,0,0
1777976135892442,1790685642.710562,12710,idle,9511.8,250.3,3413.2,,,0,0,0,0
1777976279621264,1790685642.854291,12854,idle,19088.3,79.6,3351.8,,,0,0,0,0
1777976418297878,1790685642.992968,12992,idle,1769.7,83.0,512.9,,,0,0,0,0
1777976558173064,1790685643.132843,13132,idle,6912.3,86.6,203.3,,,0,0,0,0
1777976696434761,1790685643.271105,13271,idle,19134.0,2099.3,5730.6,,,0,0,0,0
1777976837262146,1790685643.411932,13411,idle,4136.5,254.2,3047.9,,,0,0,0,0
1777976976549973,1790685643.551220,13551,idle,6197.1,90.8,3486.7,,,0,0,0,0
1777977115587801,1790685643.690258,13690,idle,8685.0,263.3,2730.6,,,0,0,0,0
1777977255793432,1790685643.830463,13830,idle,1960.4,86.5,199.4,,,0,0,0,0
1777977397423717,1790685643.972093,13972,idle,13674.2,86.0,1991.1,,,0,0,0,0
1777977563353121,1790685644.138023,14138,idle,1595.1,82.9,158.3,,,0,0,0,0
1777977709195699,1790685644.283866,14283,idle,73771.9,578.6,12441.1,,,0,0,0,0
1777977856075303,1790685644.430745,14430,decode,17037.3,794.0,1795.1,,,0,0,1,0
1777978001729134,1790685644.576399,14576,idle,16317.4,84.7,1670.8,,,0,0,0,0
1777978146017140,1790685644.720687,14720,idle,17101.4,1730.8,4788.0,,,0,0,0,0
1777978286061609,1790685644.860731,14860,idle,3078.1,144.8,258.1,,,0,0,0,0
1777978426446349,1790685645.001116,1,idle,7653.2,271.0,3879.3,,,0,0,0,0
1777978618118587,1790685645.192788,192,tx,70576.8,1070.4,5048.6,,,1,0,0,1
1777978759054557,1790685645.333724,333,tx,57564.9,245.9,5268.4,,,1,0,0,1
1777978897060602,1790685645.471730,471,tx,65465.3,75.9,587.1,,,1,0,0,1
1777979043384293,1790685645.618054,618,tx,64467.5,416.3,4088.6,,,1,0,0,1
1777979181144066,1790685645.755814,755,tx,59798.4,485.7,4384.3,,,1,0,0,1
1777979322740314,1790685645.897410,897,tx,56216.1,408.5,3719.5,,,1,0,0,1
1777979469552315,1790685646.044222,1044,tx,72723.8,78.9,187.5,,,1,0,0,1
1777979608189095,1790685646.182859,1182,tx,70136.2,412.0,3281.0,,,1,0,0,1
1777979750144483,1790685646.324814,1324,tx,59994.1,238.5,337.4,,,1,0,0,1
1777979891793752,1790685646.466464,1466,tx,52729.1,70.8,176.7,,,1,0,0,1
1777980032268428,1790685646.606938,1606,tx,53231.3,92.7,216.5,,,1,0,0,1
1777980175380249,1790685646.750050,1750,tx,52895.3,79.4,245.1,,,1,0,0,1
1777980319346593,1790685646.894017,1894,tx,54752.3,74.5,214.4,,,1,0,0,1
1777980463353532,1790685647.038023,2038,tx,63287.5,431.2,3119.4,,,1,0,0,1
1777980610077419,1790685647.184747,2184,tx,53917.8,427.6,1402.4,,,1,0,0,1
1777980754346420,1790685647.329016,2329,tx,56844.4,968.3,1668.7,,,1,0,0,1
1777980898146339,1790685647.472816,2472,tx,58649.5,433.8,1335.9,,,1,0,0,1
1777981038966799,1790685647.613636,2613,tx,79501.4,2951.9,9053.3,,,1,0,0,1
1777981180744169,1790685647.755414,2755,tx,62345.7,423.7,3735.1,,,1,0,0,1
1777981329405051,1790685647.904075,2904,tx,54279.0,194.0,384.5,,,1,0,0,1
1777981474073430,1790685648.048743,3048,tx,55593.5,419.3,3415.5,,,1,0,0,1
1777981620586951,1790685648.195257,3195,tx,52732.0,87.2,201.9,,,1,0,0,1
1777981764240681,1790685648.338911,3338,tx,56503.2,499.2,4311.6,,,1,0,0,1
1777981901369229,1790685648.476039,3476,tx,76160.6,1974.5,5648.7,,,1,0,0,1
1777982042103269,1790685648.616773,3616,tx,52979.0,119.9,390.8,,,1,0,0,1
1777982181573889,1790685648.756243,3756,tx,52759.1,89.9,197.1,,,1,0,0,1
1777982327272206,1790685648.901942,3901,tx,57368.0,429.2,4204.8,,,1,0,0,1
1777982465788405,1790685649.040458,4040,tx,59426.5,86.3,3344.3,,,1,0,0,1
1777982606441680,1790685649.181112,4181,tx,60013.0,986.5,4600.7,,,1,0,0,1
1777982748510926,1790685649.323181,4323,tx,69604.8,423.1,3983.3,,,1,0,0,1
1777982894098009,1790685649.468768,4468,tx,72548.5,2978.9,5938.1,,,1,0,0,1
1777983037376067,1790685649.612046,4612,tx,62605.0,3270.3,3647.0,,,1,0,0,1
1777983174619203,1790685649.749289,4749,tx,52941.8,87.6,188.5,,,1,0,0,1
1777983319338351,1790685649.894008,4894,tx,56372.2,159.2,1178.2,,,1,0,0,1
1777983456548735,1790685650.031219,5031,tx,60576.9,74.0,3571.8,,,1,0,0,1
1777983603312958,1790685650.177983,5177,tx,68372.4,291.0,4034.7,,,1,0,0,1
1777983742794770,1790685650.317465,5317,tx,66495.8,4627.0,5223.2,,,1,0,0,1
1777983886261594,1790685650.460932,5460,tx,56217.1,83.2,189.0,,,1,0,0,1
1777984024207709,1790685650.598877,5598,tx,55755.4,91.1,2937.6,,,1,0,0,1
1777984161463640,1790685650.736134,5736,tx,52298.3,82.4,187.4,,,1,0,0,1
1777984304075830,1790685650.878746,5878,tx,57788.1,215.6,299.2,,,1,0,0,1
1777984442137327,1790685651.016807,6016,tx,55379.7,85.9,3000.7,,,1,0,0,1
1777984579913932,1790685651.154584,6154,tx,57662.2,98.8,266.3,,,1,0,0,1
1777984720057657,1790685651.294727,6294,tx,56724.2,104.3,3096.5,,,1,0,0,1
1777984857893186,1790685651.432563,6432,tx,61267.3,77.3,3235.6,,,1,0,0,1
1777985000472248,1790685651.575142,6575,tx,57748.6,2781.2,3550.3,,,1,0,0,1
1777985139293071,1790685651.713963,6713,tx,52799.5,118.0,232.7,,,1,0,0,1
1777985277157044,1790685651.851827,6851,tx,54395.9,105.1,1998.7,,,1,0,0,1
1777985422690857,1790685651.997361,6997,tx,52977.4,108.2,464.9,,,1,0,0,1
1777985566607709,1790685652.141278,7141,tx,53470.7,88.7,205.0,,,1,0,0,1
1777985711238948,1790685652.285909,7285,tx,53853.7,106.0,914.8,,,1,0,0,1
1777985855367655,1790685652.430037,7430,tx,54280.7,133.2,413.5,,,1,0,0,1
1777985999688427,1790685652.574358,7574,tx,72492.7,208.4,1349.1,,,1,0,0,1
1777986144060566,1790685652.718730,7718,tx,52793.2,211.0,331.8,,,1,0,0,1
1777986287700252,1790685652.862370,7862,tx,56093.8,105.3,3456.9,,,1,0,0,1
1777986432854278,1790685653.007524,8007,tx,56469.8,135.3,3351.6,,,1,0,0,1
1777986572562314,1790685653.147232,8147,tx,62257.0,83.2,191.9,,,1,0,0,1
1777986716059737,1790685653.290730,8290,tx,56168.2,196.8,3133.1,,,1,0,0,1
1777986862573633,1790685653.437244,8437,tx,55105.7,280.6,2794.0,,,1,0,0,1
1777987008471508,1790685653.583141,8583,tx,61054.5,1426.2,3549.8,,,1,0,0,1
1777987150303278,1790685653.724973,8724,tx,58414.0,80.9,1116.8,,,1,0,0,1
1777987287472204,1790685653.862142,8862,tx,56140.5,91.8,3689.9,,,1,0,0,1
1777987432064231,1790685654.006734,9006,tx,54802.8,94.8,3100.3,,,1,0,0,1
1777987577484436,1790685654.152154,9152,tx,55613.0,83.9,2665.9,,,1,0,0,1
1777987723086504,1790685654.297756,9297,tx,53254.5,118.6,329.0,,,1,0,0,1
1777987869159075,1790685654.443829,9443,tx,56072.3,525.0,1472.5,,,1,0,0,1
1777988007369219,1790685654.582039,9582,tx,60166.2,83.7,4779.4,,,1,0,0,1
1777988148245732,1790685654.722916,9722,tx,59626.4,424.5,4376.8,,,1,0,0,1
1777988288567379,1790685654.863237,9863,tx,55853.1,86.1,2603.0,,,1,0,0,1
1777988434385315,1790685655.009055,10009,tx,66815.8,84.1,193.0,,,1,0,0,1
1777988582098242,1790685655.156768,10156,tx,55396.5,221.5,331.9,,,1,0,0,1
1777988719406099,1790685655.294076,10294,tx,57136.0,94.8,3758.5,,,1,0,0,1
1777988860063353,1790685655.434733,10434,tx,56576.0,231.4,361.4,,,1,0,0,1
1777989010062170,1790685655.584732,10584,tx,60248.2,115.0,3114.4,,,1,0,0,1
1777989149196979,1790685655.723867,10723,tx,79368.2,91.5,232.2,,,1,0,0,1
1777989290604392,1790685655.865274,10865,tx,62513.2,910.8,5408.3,,,1,0,0,1
1777989436346428,1790685656.011016,11011,tx,61430.4,2964.7,6673.0,,,1,0,0,1
1777989578733135,1790685656.153403,11153,tx,52565.6,103.7,249.4,,,1,0,0,1
1777989721149832,1790685656.295820,11295,tx,55752.9,967.6,1868.6,,,1,0,0,1
1777989867919373,1790685656.442589,11442,tx,53190.2,86.3,208.8,,,1,0,0,1
1777990013462433,1790685656.588132,11588,tx,57630.1,1887.6,4234.7,,,1,0,0,1
1777990150637717,1790685656.725307,11725,tx,62771.6,89.7,511.1,,,1,0,0,1
1777990297081777,1790685656.871751,11871,tx,68185.1,98.9,3094.2,,,1,0,0,1
1777990436073732,1790685657.010744,12010,tx,52630.2,267.6,370.3,,,1,0,0,1
1777990579487623,1790685657.154157,12154,tx,53079.2,97.7,243.4,,,1,0,0,1
1777990723406942,1790685657.298077,12298,tx,53705.0,99.7,240.1,,,1,0,0,1
1777990869957054,1790685657.444627,12444,tx,79360.3,435.0,3331.8,,,1,0,0,1
1777991007301804,1790685657.581972,12581,tx,62931.3,117.7,744.1,,,1,0,0,1
1777991152057623,1790685657.726727,12726,tx,57609.5,942.8,2962.0,,,1,0,0,1
1777991290580207,1790685657.865250,12865,tx,53530.2,92.1,198.5,,,1,0,0,1
1777991433091649,1790685658.007761,13007,tx,54307.7,94.8,1552.1,,,1,0,0,1
1777991578129032,1790685658.152799,13152,tx,56205.3,83.9,3029.6,,,1,0,0,1
1777991721060759,1790685658.295731,13295,tx,57459.4,259.5,352.2,,,1,0,0,1
1777991861449095,1790685658.436119,13436,tx,55250.9,89.5,2393.6,,,1,0,0,1
1777992007062348,1790685658.581732,13581,tx,58374.6,178.0,3160.0,,143922.2,1,0,0,1
1777992163573050,1790685658.738243,13738,idle,69904.6,960.6,1445.3,,,0,0,0,0
1777992304298898,1790685658.878968,13878,idle,59928.4,202.4,292.9,,,0,0,0,0
1777992489980551,1790685659.064651,14064,idle,6335.8,99.0,3969.3,,,0,0,0,0
1777992631663599,1790685659.206333,14206,idle,10850.7,1917.5,2363.6,,,0,0,0,0
1777992772289108,1790685659.346959,14346,idle,6740.3,86.1,4850.7,,,0,0,0,0
1777992912883614,1790685659.487553,14487,idle,15106.3,2989.5,7153.7,,,0,0,0,0
1777993052951296,1790685659.627621,14627,idle,7613.0,110.1,3212.7,,,0,0,0,0
1777993192166062,1790685659.766836,14766,idle,4312.4,81.5,2550.6,,,0,0,0,0
1777993346359263,1790685659.921029,14921,idle,39072.0,113.6,36254.8,,,0,0,0,0
1777993483518509,1790685660.058188,58,idle,5655.1,155.3,4091.5,,,0,0,0,0
1777993625764796,1790685660.200435,200,idle,1311.6,99.3,187.2,,,0,0,0,0
1777993763958243,1790685660.338628,338,idle,2347.4,255.7,659.3,,,0,0,0,0
1777993903354668,1790685660.478024,478,idle,4849.9,83.0,602.4,,,0,0,0,0
1777994046190689,1790685660.620860,620,idle,13121.3,91.2,4965.8,,,0,0,0,0
1777994187163545,1790685660.761833,761,idle,4153.7,75.5,1973.9,,,0,0,0,0
1777994334204741,1790685660.908875,908,idle,5046.4,375.2,3217.4,,,0,0,0,0
1777994473909748,1790685661.048580,1048,idle,13775.0,2951.1,6109.2,,,0,0,0,0
1777994615083431,1790685661.189753,1189,idle,7560.9,83.3,3061.0,,,0,0,0,0
1777994753538121,1790685661.328208,1328,idle,5563.5,87.3,3601.5,,,0,0,0,0
1777994898060492,1790685661.472730,1472,idle,1796.3,433.9,543.8,,,0,0,0,0
1777995040078551,1790685661.614748,1614,idle,1411.0,411.2,548.8,,,0,0,0,0
1777995183850704,1790685661.758521,1758,idle,5452.4,93.9,178.9,,,0,0,0,0
1777995327395025,1790685661.902065,1902,idle,1018.9,123.7,236.7,,,0,0,0,0
1777995473613261,1790685662.048283,2048,idle,5054.9,80.1,3242.2,,,0,0,0,0
1777995615180992,1790685662.189851,2189,idle,1292.6,340.6,447.0,,,0,0,0,0
1777995753684041,1790685662.328354,2328,idle,1366.8,85.5,196.4,,,0,0,0,0
1777995893625098,1790685662.468295,2468,idle,2763.5,81.4,193.2,,,0,0,0,0
1777996034815039,1790685662.609485,2609,idle,3649.4,81.8,177.2,,,0,0,0,0
1777996177176575,1790685662.751844,2751,idle,1315.5,308.0,459.4,,,0,0,0,0
1777996323909004,1790685662.898579,2898,idle,12606.1,81.8,5054.8,,,0,0,0,0
1777996464269136,1790685663.038939,3038,idle,5401.7,293.7,2362.1,,,0,0,0,0
1777996603919661,1790685663.178589,3178,idle,12842.9,84.1,3214.6,,,0,0,0,0
1777996753086523,1790685663.327756,3327,idle,25028.7,87.9,3060.7,,,0,0,0,0
1777996891954364,1790685663.466624,3466,idle,2896.3,91.8,1749.5,,,0,0,0,0
1777997029622989,1790685663.604293,3604,idle,17071.0,147.1,12349.8,,,0,0,0,0
1777997175677374,1790685663.750347,3750,idle,12464.5,181.3,2039.1,,,0,0,0,0
1777997317315122,1790685663.891985,3891,idle,2483.1,127.0,209.7,,,0,0,0,0
1777997463863046,1790685664.038533,4038,idle,1611.0,89.0,190.3,,,0,0,0,0
1777997604418469,1790685664.179088,4179,idle,18663.3,81.6,4734.1,,,0,0,0,0
1777997744997548,1790685664.319667,4319,idle,5405.0,125.7,3222.7,,,0,0,0,0
1777997883940274,1790685664.458610,4458,idle,8478.3,82.6,5213.3,,,0,0,0,0
1777998025639602,1790685664.600310,4600,idle,18631.4,89.9,1384.8,,,0,0,0,0
1777998195158631,1790685664.769829,4769,idle,33270.8,2941.6,14854.9,,,0,0,0,0
1777998333514375,1790685664.908184,4908,idle,13874.4,1062.7,1613.1,,,0,0,0,0
1777998474713447,1790685665.049383,5049,idle,6395.7,78.5,3411.8,,,0,0,0,0
1777998616065203,1790685665.190735,5190,idle,10004.5,581.5,2857.1,,,0,0,0,0
1777998757661741,1790685665.332332,5332,idle,1206.6,83.6,300.2,,,0,0,0,0
1777998894897675,1790685665.469568,5469,idle,5316.2,177.8,3352.8,,,0,0,0,0
1777999036717018,1790685665.611387,5611,idle,14952.1,214.7,3616.9,,,0,0,0,0
1777999180930685,1790685665.755600,5755,idle,10310.9,109.6,3249.3,,,0,0,0,0
1777999324506793,1790685665.899176,5899,idle,6051.8,88.8,3655.0,,,0,0,0,0
1777999464207678,1790685666.038877,6038,idle,5225.2,98.9,2032.4,,,0,0,0,0
1777999607720379,1790685666.182390,6182,idle,81525.5,461.1,3813.3,,,0,0,0,0
1777999788727144,1790685666.363397,6363,idle,5573.6,98.9,3425.2,,,0,0,0,0
1777999930815056,1790685666.505485,6505,idle,3604.1,78.8,2323.0,,,0,0,0,0
1778000068338290,1790685666.643008,6643,idle,9781.1,1451.3,1717.1,,,0,0,0,0
1778000212786390,1790685666.787456,6787,idle,17353.5,107.8,5559.6,,,0,0,0,0
1778000358233216,1790685666.932903,6932,idle,5654.0,89.6,2948.1,,,0,0,0,0
1778000499076076,1790685667.073746,7073,idle,33541.7,2655.0,9870.8,,,0,0,0,0
1778000638805874,1790685667.213475,7213,idle,4751.2,89.4,3362.5,,,0,0,0,0
1778000778679258,1790685667.353349,7353,idle,6187.5,74.7,192.9,,,0,0,0,0
1778000923070585,1790685667.497741,7497,idle,6358.1,2060.9,5033.7,,,0,0,0,0
1778001069665243,1790685667.644335,7644,idle,7433.3,86.8,198.7,,,0,0,0,0
1778001209754324,1790685667.784424,7784,idle,10571.9,2446.0,5752.7,,,0,0,0,0
1778001352054554,1790685667.926724,7926,idle,4390.0,77.7,3072.9,,,0,0,0,0
1778001498184314,1790685668.072854,8072,idle,36734.9,492.5,3044.0,,,0,0,0,0
1778001638286750,1790685668.212957,8212,idle,9533.2,260.5,2267.7,,,0,0,0,0
1778001779880550,1790685668.354551,8354,idle,13217.6,76.3,1001.1,,,0,0,0,0
1778001920152260,1790685668.494822,8494,idle,9655.9,834.1,1747.9,,,0,0,0,0
1778002060924038,1790685668.635594,8635,idle,4675.6,79.3,3217.3,,,0,0,0,0
1778002198388335,1790685668.773058,8773,idle,28879.0,2129.8,9775.2,,,0,0,0,0
1778002337780845,1790685668.912451,8912,idle,6561.8,1971.5,5235.1,,,0,0,0,0
1778002478247859,1790685669.052918,9052,idle,5745.7,172.6,4004.3,,,0,0,0,0
1778002618312639,1790685669.192982,9192,idle,5971.5,3026.0,4706.6,,,0,0,0,0
1778002758679396,1790685669.333349,9333,idle,5424.5,82.3,3456.3,,,0,0,0,0
1778002902057950,1790685669.476728,9476,idle,15331.4,81.8,1092.1,,,0,0,0,0
1778003048470402,1790685669.623140,9623,idle,10622.1,78.2,3649.9,,,0,0,0,0
1778003188616035,1790685669.763286,9763,idle,3127.0,78.8,175.9,,,0,0,0,0
1778003331135754,1790685669.905806,9905,idle,6556.6,74.8,2982.1,,,0,0,0,0
1778003470865519,1790685670.045536,10045,idle,4830.6,82.3,3297.5,,,0,0,0,0
1778003626341810,1790685670.201012,10201,idle,6157.9,91.7,3811.1,,,0,0,0,0
1778003768545678,1790685670.343215,10343,idle,6283.3,87.5,3066.0,,,0,0,0,0
1778003908751529,1790685670.483421,10483,idle,6427.5,81.9,3374.1,,,0,0,0,0
1778004054893328,1790685670.629563,10629,idle,11307.0,81.4,201.1,,,0,0,0,0
1778004199657743,1790685670.774327,10774,idle,23247.1,95.8,1255.1,,,0,0,0,0
1778004339290832,1790685670.913961,10913,idle,7863.2,86.9,3854.0,,,0,0,0,0
1778004480442775,1790685671.055112,11055,idle,9680.0,87.2,2719.6,,,0,0,0,0
1778004618416650,1790685671.193086,11193,idle,54666.3,166.9,2828.1,,,0,0,0,0
1778004759976212,1790685671.334646,11334,idle,1919.3,87.4,201.3,,,0,0,0,0
1778004899012306,1790685671.473682,11473,idle,1377.8,104.2,224.2,,,0,0,0,0
1778005039443724,1790685671.614114,11614,idle,4667.4,292.0,455.0,,,0,0,0,0
1778005182899955,1790685671.757570,11757,idle,6235.5,88.9,3245.6,,,0,0,0,0
1778005324130804,1790685671.898801,11898,decode,5245.5,82.6,3013.7,,,0,0,1,0
1778005468255298,1790685672.042925,12042,idle,6238.9,99.0,3894.9,,,0,0,0,0
1778005608732484,1790685672.183402,12183,idle,8542.8,89.0,192.8,,,0,0,0,0
1778005749469061,1790685672.324139,12324,idle,6345.4,197.6,4129.7,,,0,0,0,0
1778005889810830,1790685672.464480,12464,idle,1454.2,96.8,266.7,,,0,0,0,0
1778006028305677,1790685672.602976,12602,idle,1902.3,437.9,551.8,,,0,0,0,0
1778006168171661,1790685672.742841,12742,idle,1606.2,358.8,504.2,,,0,0,0,0
1778006309777080,1790685672.884447,12884,idle,8395.7,104.4,2237.3,,,0,0,0,0
1778006448139541,1790685673.022809,13022,idle,4964.6,90.7,2998.0,,,0,0,0,0
1778006588725073,1790685673.163394,13163,idle,9371.3,83.1,5414.7,,,0,0,0,0
1778006729019941,1790685673.303690,13303,idle,9537.0,88.8,3130.4,,,0,0,0,0
1778006868486531,1790685673.443156,13443,idle,12430.2,83.3,191.0,,,0,0,0,0
1778007008801447,1790685673.583471,13583,idle,14964.3,2973.5,6222.7,,,0,0,0,0
1778007151963100,1790685673.726633,13726,idle,2608.4,77.2,196.8,,,0,0,0,0
1778007298572210,1790685673.873242,13873,idle,1016.1,86.5,184.5,,,0,0,0,0
1778007441745838,1790685674.016416,14016,idle,11043.5,82.7,3346.8,,,0,0,0,0
1778007578907297,1790685674.153577,14153,idle,4575.1,95.4,3239.5,,,0,0,0,0
1778007718383728,1790685674.293054,14293,idle,8100.0,151.4,3350.1,,,0,0,0,0
1778007858159860,1790685674.432830,14432,decode,11436.2,98.0,3056.3,,,0,0,1,0
1778007998696304,1790685674.573366,14573,idle,10946.8,88.5,1444.2,,,0,0,0,0
1778008142730197,1790685674.717400,14717,idle,8226.7,78.5,3392.4,,,0,0,0,0
1778008288902387,1790685674.863572,14863,idle,7404.8,333.1,5487.5,,,0,0,0,0
1778008429941968,1790685675.004612,4,idle,5220.2,75.8,3182.5,,,0,0,0,0
1778008623284355,1790685675.197954,197,tx,59401.8,85.6,2851.2,,,1,0,0,1
1778008763826926,1790685675.338497,338,tx,81169.3,79.9,3316.8,,,1,0,0,1
1778008910586245,1790685675.485256,485,tx,58139.5,84.5,3563.3,,,1,0,0,1
1778009049868395,1790685675.624538,624,tx,58215.2,149.3,1373.6,,,1,0,0,1
1778009194961188,1790685675.769631,769,tx,55656.4,95.5,3202.0,,,1,0,0,1
1778009342054764,1790685675.916724,916,tx,52607.9,95.9,208.9,,,1,0,0,1
1778009485559294,1790685676.060229,1060,tx,52510.6,112.6,219.8,,,1,0,0,1
1778009629574993,1790685676.204245,1204,tx,52528.0,92.8,205.7,,,1,0,0,1
1778009774409769,1790685676.349080,1349,tx,54365.6,399.4,1357.3,,,1,0,0,1
1778009921376675,1790685676.496047,1496,tx,73127.7,170.5,3843.1,,,1,0,0,1
1778010067997475,1790685676.642667,1642,tx,55367.2,378.8,2775.4,,,1,0,0,1
1778010208067298,1790685676.782737,1782,tx,56223.3,82.9,209.5,,,1,0,0,1
1778010354965140,1790685676.929635,1929,tx,59059.9,92.5,3180.3,,,1,0,0,1
1778010494748441,1790685677.069418,2069,tx,53732.3,81.5,381.6,,,1,0,0,1
1778010632138515,1790685677.206808,2206,tx,54976.0,114.0,2649.2,,,1,0,0,1
1778010778571139,1790685677.353241,2353,tx,58562.5,79.9,5583.2,,,1,0,0,1
1778010917413251,1790685677.492083,2492,tx,59072.8,262.2,359.7,,,1,0,0,1
1778011056757234,1790685677.631427,2631,tx,55764.5,75.4,2403.7,,,1,0,0,1
1778011195645422,1790685677.770315,2770,tx,67529.7,81.0,2525.8,,,1,0,0,1
1778011332676779,1790685677.907347,2907,tx,57825.9,90.7,1692.7,,,1,0,0,1
1778011477516167,1790685678.052186,3052,tx,68238.4,92.1,4667.1,,,1,0,0,1
1778011620883818,1790685678.195554,3195,tx,88409.1,78.0,2931.7,,,1,0,0,1
1778011764331586,1790685678.339001,3339,tx,59825.9,90.8,3810.1,,,1,0,0,1
1778011910494564,1790685678.485164,3485,tx,81446.9,971.1,4545.9,,,1,0,0,1
1778012048373252,1790685678.623043,3623,tx,60715.3,2459.1,6652.8,,,1,0,0,1
1778012187897221,1790685678.762567,3762,tx,61997.2,366.6,6891.9,,,1,0,0,1
1778012332712383,1790685678.907382,3907,tx,56080.7,79.6,3441.4,,,1,0,0,1
1778012479774445,1790685679.054444,4054,tx,54358.8,438.0,1009.1,,,1,0,0,1
1778012625672092,1790685679.200342,4200,tx,55927.3,942.2,1343.8,,,1,0,0,1
1778012762878513,1790685679.337548,4337,tx,55132.8,83.5,287.3,,,1,0,0,1
1778012906821950,1790685679.481492,4481,tx,57642.2,1008.9,4242.2,,,1,0,0,1
1778013043884633,1790685679.618554,4618,tx,55742.4,86.8,3258.6,,,1,0,0,1
1778013190621672,1790685679.765291,4765,tx,55918.6,1881.7,3400.3,,,1,0,0,1
1778013334814570,1790685679.909484,4909,tx,57620.5,98.4,400.3,,,1,0,0,1
1778013481687181,1790685680.056357,5056,tx,56407.9,206.9,3143.5,,,1,0,0,1
1778013628660559,1790685680.203330,5203,tx,91301.5,84.0,524.6,,,1,0,0,1
1778013769925479,1790685680.344595,5344,tx,57717.7,115.0,3267.4,,,1,0,0,1
1778013916867382,1790685680.491537,5491,tx,64222.7,208.6,6837.9,,,1,0,0,1
1778014056319497,1790685680.630989,5630,tx,57077.1,113.7,3850.5,,,1,0,0,1
1778014194354364,1790685680.769024,5769,tx,56109.7,84.7,3782.0,,,1,0,0,1
1778014331492392,1790685680.906162,5906,tx,54427.8,86.7,796.3,,,1,0,0,1
1778014477055312,1790685681.051725,6051,tx,62235.3,2972.7,5964.5,,,1,0,0,1
1778014619639410,1790685681.194309,6194,tx,54332.3,82.5,192.3,,,1,0,0,1
1778014763958589,1790685681.338629,6338,tx,55428.0,82.9,3185.8,,,1,0,0,1
1778014910232212,1790685681.484902,6484,tx,55124.5,78.3,2889.5,,,1,0,0,1
1778015053903690,1790685681.628574,6628,tx,55514.1,83.4,3257.8,,,1,0,0,1
1778015191784232,1790685681.766454,6766,tx,67275.7,2707.4,5235.4,,,1,0,0,1
1778015330766247,1790685681.905436,6905,tx,52609.7,81.1,364.4,,,1,0,0,1
1778015469697972,1790685682.044368,7044,tx,55013.2,97.3,539.0,,,1,0,0,1
1778015614602531,1790685682.189272,7189,tx,52699.1,151.2,264.7,,,1,0,0,1
1778015757956000,1790685682.332626,7332,tx,52623.6,83.3,187.2,,,1,0,0,1
1778015904188514,1790685682.478858,7478,tx,64634.5,116.2,2124.1,,,1,0,0,1
1778016049468578,1790685682.624139,7624,tx,60555.0,117.4,220.9,,,1,0,0,1
1778016186475446,1790685682.761145,7761,tx,59613.3,393.2,5984.6,,,1,0,0,1
1778016327314136,1790685682.901984,7901,tx,56482.6,129.8,3172.5,,,1,0,0,1
1778016465354611,1790685683.040024,8040,tx,56694.6,227.8,346.8,,,1,0,0,1
1778016610563395,1790685683.185233,8185,tx,55741.5,204.7,3150.1,,,1,0,0,1
1778016748521348,1790685683.323191,8323,tx,52578.1,76.7,224.4,,,1,0,0,1
1778016892645487,1790685683.467315,8467,tx,76519.7,79.0,180.8,,,1,0,0,1
1778017035834981,1790685683.610505,8610,tx,54938.5,84.5,202.0,,,1,0,0,1
1778017181412022,1790685683.756082,8756,tx,56070.7,89.6,3575.0,,,1,0,0,1
1778017318505826,1790685683.893176,8893,tx,54063.0,82.7,1264.7,,,1,0,0,1
1778017462633939,1790685684.037304,9037,tx,60077.7,83.9,5521.6,,,1,0,0,1
1778017600902977,1790685684.175573,9175,tx,74861.5,88.2,3258.1,,,1,0,0,1
1778017738514378,1790685684.313184,9313,tx,56891.4,634.2,4184.5,,,1,0,0,1
1778017878670590,1790685684.453341,9453,tx,64768.8,879.4,3292.9,,,1,0,0,1
1778018025248552,1790685684.599918,9599,tx,72499.2,85.4,8611.1,,,1,0,0,1
1778018169262727,1790685684.743932,9743,tx,56358.4,83.5,2868.0,,,1,0,0,1
1778018307092332,1790685684.881762,9881,tx,58455.2,84.1,3057.4,,,1,0,0,1
1778018446508122,1790685685.021178,10021,tx,67688.7,84.4,3631.5,,,1,0,0,1
1778018590395496,1790685685.165065,10165,tx,58263.0,84.4,3742.8,,,1,0,0,1
1778018732077962,1790685685.306748,10306,tx,73023.6,529.0,1511.9,,,1,0,0,1
1778018878526695,1790685685.453197,10453,tx,53356.5,94.1,198.6,,,1,0,0,1
1778019021648293,1790685685.596318,10596,tx,56196.2,87.8,3556.5,,,1,0,0,1
1778019159528598,1790685685.734198,10734,tx,56599.9,243.0,3773.3,,,1,0,0,1
1778019298377228,1790685685.873047,10873,tx,58561.9,253.8,353.3,,,1,0,0,1
1778019437679949,1790685686.012350,11012,tx,57175.7,85.6,3467.0,,,1,0,0,1
1778019584735801,1790685686.159405,11159,tx,54615.3,87.3,187.1,,,1,0,0,1
1778019727079098,1790685686.301749,11301,tx,54084.9,98.6,1083.1,,,1,0,0,1
1778019871731596,1790685686.446401,11446,tx,52437.8,100.6,203.3,,,1,0,0,1
1778020015414213,1790685686.590084,11590,tx,53235.0,94.2,745.6,,,1,0,0,1
1778020159375053,1790685686.734045,11734,tx,92978.7,259.8,364.4,,,1,0,0,1
1778020304428109,1790685686.879098,11879,tx,59122.8,208.3,328.7,,,1,0,0,1
1778020444729115,1790685687.019399,12019,tx,70457.5,1803.7,7137.2,,,1,0,0,1
1778020584812982,1790685687.159483,12159,tx,55669.7,89.8,3331.5,,,1,0,0,1
1778020729620488,1790685687.304290,12304,tx,66579.8,926.6,4395.2,,,1,0,0,1
1778020869417032,1790685687.444087,12444,tx,60298.2,1006.1,3174.6,,,1,0,0,1
1778021010227055,1790685687.584897,12584,tx,56595.9,160.2,3996.5,,,1,0,0,1
1778021148048061,1790685687.722718,12722,tx,60504.9,91.0,3093.6,,,1,0,0,1
1778021286550933,1790685687.861221,12861,tx,55980.0,90.0,3610.4,,,1,0,0,1
1778021430058081,1790685688.004728,13004,tx,54025.4,106.1,1230.9,,,1,0,0,1
1778021574626464,1790685688.149296,13149,tx,54938.7,171.6,1489.2,,,1,0,0,1
1778021720777168,1790685688.295447,13295,tx,52439.7,673.3,779.4,,,1,0,0,1
1778021865186506,1790685688.439856,13439,tx,56269.5,1823.5,2151.6,,,1,0,0,1
1778022003466248,1790685688.578136,13578,tx,64839.3,732.0,7319.6,,165623.0,1,0,0,1
1778022169156824,1790685688.743827,13743,idle,69926.2,82.7,815.4,,,0,0,0,0
1778022309833805,1790685688.884504,13884,idle,168268.5,182.3,4394.9,,,0,0,0,0
1778022569627388,1790685689.144297,14144,idle,6015.1,422.9,3864.8,,,0,0,0,0
1778022710930060,1790685689.285600,14285,idle,4310.3,83.9,2575.5,,,0,0,0,0
1778022849345690,1790685689.424015,14424,idle,3188.3,86.1,1799.2,,,0,0,0,0
1778022993829752,1790685689.568499,14568,idle,15565.6,259.4,2491.5,,,0,0,0,0
1778023132658056,1790685689.707328,14707,idle,5373.6,81.0,3482.1,,,0,0,0,0
1778023270142145,1790685689.844812,14844,idle,5185.1,83.7,178.8,,,0,0,0,0
1778023409728677,1790685689.984398,14984,idle,8804.6,92.9,190.0,,,0,0,0,0
1778023550432464,1790685690.125102,125,idle,4498.0,84.9,2724.8,,,0,0,0,0
1778023689996427,1790685690.264666,264,idle,18432.3,83.2,215.3,,,0,0,0,0
1778023836608923,1790685690.411278,411,idle,13695.8,564.4,2352.9,,,0,0,0,0
1778023976754309,1790685690.551424,551,idle,10515.3,2907.8,4268.1,,,0,0,0,0
1778024116156941,1790685690.690826,690,idle,4949.7,83.6,2995.9,,,0,0,0,0
1778024256578293,1790685690.831248,831,idle,4669.7,121.3,3352.7,,,0,0,0,0
1778024396421908,1790685690.971092,971,idle,17526.7,94.3,1494.3,,,0,0,0,0
1778024540514628,1790685691.115184,1115,idle,11294.6,268.8,496.6,,,0,0,0,0
1778024679574366,1790685691.254244,1254,idle,12620.9,80.7,3575.4,,,0,0,0,0
1778024817052283,1790685691.391722,1391,idle,1750.0,81.7,193.2,,,0,0,0,0
1778024956664320,1790685691.531334,1531,idle,7754.8,84.8,2497.2,,,0,0,0,0
1778025096902508,1790685691.671572,1671,idle,18183.9,88.9,245.6,,,0,0,0,0
1778025238016040,1790685691.812685,1812,idle,1915.7,80.8,975.3,,,0,0,0,0
1778025379197256,1790685691.953867,1953,idle,5908.5,85.8,241.4,,,0,0,0,0
1778025516751073,1790685692.091420,2091,idle,24761.4,168.5,7463.1,,,0,0,0,0
1778025659162598,1790685692.233832,2233,idle,7942.3,126.9,3015.6,,,0,0,0,0
1778025797112492,1790685692.371782,2371,idle,4000.0,85.3,181.0,,,0,0,0,0
1778025938775023,1790685692.513445,2513,idle,7326.7,907.3,4188.3,,,0,0,0,0
1778026080321798,1790685692.654992,2654,idle,2181.3,412.5,694.3,,,0,0,0,0
1778026228115363,1790685692.802785,2802,idle,9107.3,86.4,159.5,,,0,0,0,0
1778026370277126,1790685692.944947,2944,idle,4825.2,87.6,882.8,,,0,0,0,0
1778026508280373,1790685693.082950,3082,idle,22930.2,84.2,202.0,,,0,0,0,0
1778026647680704,1790685693.222351,3222,idle,7409.0,154.4,269.7,,,0,0,0,0
1778026788538116,1790685693.363208,3363,idle,5572.8,94.1,612.2,,,0,0,0,0
1778026927159872,1790685693.501830,3501,idle,9552.6,277.9,782.8,,,0,0,0,0
1778027064306737,1790685693.638977,3638,idle,1363.1,94.6,190.0,,,0,0,0,0
1778027225413982,1790685693.800084,3800,idle,10273.7,115.5,3754.9,,,0,0,0,0
1778027367932017,1790685693.942602,3942,idle,6701.8,82.8,3230.2,,,0,0,0,0
1778027506895734,1790685694.081565,4081,idle,24204.9,982.8,4139.6,,,0,0,0,0
1778027648336634,1790685694.223006,4223,idle,5764.6,972.9,1694.4,,,0,0,0,0
1778027787569366,1790685694.362239,4362,idle,2848.3,160.2,256.5,,,0,0,0,0
1778027928604610,1790685694.503274,4503,idle,1910.2,108.1,216.1,,,0,0,0,0
1778028068906502,1790685694.643576,4643,idle,2621.7,87.0,1254.6,,,0,0,0,0
1778028208423426,1790685694.783093,4783,idle,5970.2,91.3,3723.7,,,0,0,0,0
1778028347884114,1790685694.922554,4922,idle,4232.1,84.7,215.7,,,0,0,0,0
1778028488405037,1790685695.063075,5063,idle,5101.7,91.5,3738.6,,,0,0,0,0
1778028627257190,1790685695.201927,5201,idle,6036.6,146.7,3943.4,,,0,0,0,0
1778028771378018,1790685695.346048,5346,idle,1477.5,79.0,528.3,,,0,0,0,0
1778028908568768,1790685695.483239,5483,idle,10967.0,87.9,3577.0,,,0,0,0,0
1778029046914502,1790685695.621584,5621,idle,4969.7,96.1,3250.9,,,0,0,0,0
1778029187495347,1790685695.762165,5762,idle,6536.1,234.2,341.6,,,0,0,0,0
1778029327264906,1790685695.901935,5901,idle,3838.5,80.2,2726.6,,,0,0,0,0
1778029467122735,1790685696.041793,6041,idle,3193.8,81.1,196.6,,,0,0,0,0
1778029607902998,1790685696.182573,6182,idle,6624.7,87.2,2228.5,,,0,0,0,0
1778029747822792,1790685696.322493,6322,idle,2831.7,89.6,197.3,,,0,0,0,0
1778029887453246,1790685696.462123,6462,idle,2961.3,88.6,1690.9,,,0,0,0,0
1778030027146218,1790685696.601816,6601,idle,4140.7,80.7,3001.6,,,0,0,0,0
1778030167121564,1790685696.741791,6741,idle,1554.1,82.6,190.0,,,0,0,0,0
1778030307582051,1790685696.882252,6882,idle,8360.1,83.0,3553.0,,,0,0,0,0
1778030447177365,1790685697.021847,7021,idle,6747.6,78.9,1286.4,,,0,0,0,0
1778030587963816,1790685697.162634,7162,idle,8688.8,84.0,3230.2,,,0,0,0,0
1778030727413729,1790685697.302083,7302,idle,2702.0,86.0,187.6,,,0,0,0,0
1778030870972192,1790685697.445642,7445,idle,5246.0,646.0,822.0,,,0,0,0,0
1778031017701157,1790685697.592371,7592,idle,4293.7,83.5,2899.3,,,0,0,0,0
1778031160111769,1790685697.734782,7734,idle,7263.6,88.7,2048.2,,,0,0,0,0
1778031298151345,1790685697.872821,7872,idle,1657.7,97.3,786.5,,,0,0,0,0
1778031438150074,1790685698.012820,8012,idle,9801.2,80.9,191.0,,,0,0,0,0
1778031577649772,1790685698.152319,8152,idle,6409.5,84.8,904.2,,,0,0,0,0
1778031717158843,1790685698.291829,8291,idle,7939.9,285.7,3698.1,,,0,0,0,0
1778031863104172,1790685698.437773,8437,idle,1858.8,94.6,1053.6,,,0,0,0,0
1778032007733677,1790685698.582403,8582,idle,9936.3,78.1,177.0,,,0,0,0,0
1778032148830768,1790685698.723500,8723,idle,1658.3,79.0,233.1,,,0,0,0,0
1778032288070118,1790685698.862740,8862,idle,2007.1,103.8,392.4,,,0,0,0,0
1778032427290078,1790685699.001960,9001,idle,8787.5,2703.9,7470.5,,,0,0,0,0
1778032567176705,1790685699.141846,9141,idle,4137.0,84.8,2962.5,,,0,0,0,0
1778032712902150,1790685699.287572,9287,idle,4560.6,90.7,3260.9,,,0,0,0,0
1778032857984747,1790685699.432655,9432,idle,2404.2,76.9,1158.2,,,0,0,0,0
1778032997726187,1790685699.572396,9572,idle,11394.3,80.9,196.8,,,0,0,0,0
1778033137696986,1790685699.712367,9712,idle,4171.0,87.1,184.0,,,0,0,0,0
1778033277742532,1790685699.852412,9852,idle,6407.7,86.0,3416.8,,,0,0,0,0
1778033417860622,1790685699.992530,9992,idle,2707.8,86.2,201.9,,,0,0,0,0
1778033557131977,1790685700.131802,10131,idle,2342.0,81.2,193.2,,,0,0,0,0
1778033698952218,1790685700.273622,10273,idle,20219.2,730.6,1851.0,,,0,0,0,0
1778033837627389,1790685700.412297,10412,idle,4007.1,114.2,1871.2,,,0,0,0,0
1778033977807955,1790685700.552478,10552,idle,5327.4,89.0,198.9,,,0,0,0,0
1778034123362404,1790685700.698032,10698,idle,1293.8,290.9,495.0,,,0,0,0,0
1778034264308963,1790685700.838979,10838,idle,4147.2,82.3,196.2,,,0,0,0,0
1778034408706475,1790685700.983377,10983,idle,8639.6,116.1,1178.3,,,0,0,0,0
1778034555611429,1790685701.130281,11130,idle,2097.4,127.8,288.0,,,0,0,0,0
1778034698553099,1790685701.273223,11273,idle,16301.6,316.3,4320.0,,,0,0,0,0
1778034837894608,1790685701.412564,11412,idle,5471.1,174.8,3335.5,,,0,0,0,0
1778034981268555,1790685701.555938,11555,idle,8835.6,90.6,179.9,,,0,0,0,0
1778035118784807,1790685701.693455,11693,idle,6551.2,81.3,3347.7,,,0,0,0,0
1778035257280341,1790685701.831950,11831,idle,33819.4,2964.5,6742.7,,,0,0,0,0
1778035397596430,1790685701.972266,11972,idle,11338.6,233.0,301.9,,,0,0,0,0
1778035543144872,1790685702.117815,12117,idle,2963.2,86.6,201.0,,,0,0,0,0
1778035680467306,1790685702.255137,12255,idle,6645.6,86.2,184.4,,,0,0,0,0
1778035841051801,1790685702.415722,12415,idle,16061.7,115.7,2988.8,,,0,0,0,0
1778035987711933,1790685702.562382,12562,idle,1016.8,79.9,254.4,,,0,0,0,0
1778036128015604,1790685702.702685,12702,idle,4139.3,82.7,196.7,,,0,0,0,0
1778036267254794,1790685702.841925,12841,idle,7052.9,84.0,3728.1,,,0,0,0,0
1778036407812190,1790685702.982482,12982,idle,6030.6,89.3,183.7,,,0,0,0,0
1778036547665155,1790685703.122335,13122,idle,10330.8,84.7,3463.7,,,0,0,0,0
1778036688441049,1790685703.263111,13263,idle,2611.8,85.6,201.3,,,0,0,0,0
1778036827517333,1790685703.402187,13402,idle,7336.0,969.4,4502.5,,,0,0,0,0
1778036967678547,1790685703.542349,13542,idle,15055.8,131.9,231.6,,,0,0,0,0
1778037111754823,1790685703.686425,13686,idle,4547.7,85.5,3381.5,,,0,0,0,0
1778037257813439,1790685703.832483,13832,idle,5294.5,165.9,3409.4,,,0,0,0,0
1778037397960724,1790685703.972631,13972,idle,19846.6,76.0,198.0,,,0,0,0,0
1778037540549033,1790685704.115218,14115,idle,4605.4,274.5,3346.0,,,0,0,0,0
1778037678408849,1790685704.253079,14253,idle,2175.0,87.4,183.0,,,0,0,0,0
1778037817313180,1790685704.391983,14391,idle,15448.8,1290.7,5032.5,,,0,0,0,0
1778037961609370,1790685704.536279,14536,idle,7453.4,133.5,5575.2,,,0,0,0,0
1778038098997706,1790685704.673667,14673,idle,16027.3,2309.0,5357.7,,,0,0,0,0
1778038236844715,1790685704.811515,14811,idle,4377.7,342.7,1165.1,,,0,0,0,0
1778038377935274,1790685704.952605,14952,idle,4905.1,86.4,3208.6,,,0,0,0,0
1778038520248112,1790685705.094918,94,idle,140531.1,84.6,873.1,,,0,0,0,1
1778038721480615,1790685705.296150,296,tx,54770.3,1538.2,1763.6,,,1,0,0,1
1778038868128134,1790685705.442798,442,tx,55948.9,90.3,3022.8,,,1,0,0,1
1778039015101652,1790685705.589772,589,tx,54869.2,250.9,2203.9,,,1,0,0,1
1778039161199183,1790685705.735869,735,tx,52863.4,94.2,191.9,,,1,0,0,1
1778039304374418,1790685705.879044,879,tx,62505.0,90.4,198.9,,,1,0,0,1
1778039447536419,1790685706.022206,1022,tx,53644.8,428.9,525.3,,,1,0,0,1
1778039592636558,1790685706.167306,1167,tx,53152.2,310.2,424.2,,,1,0,0,1
1778039731722150,1790685706.306392,1306,tx,53341.5,159.2,345.9,,,1,0,0,1
1778039876488376,1790685706.451158,1451,tx,59673.9,4411.1,4531.4,,,1,0,0,1
1778040021154031,1790685706.595824,1595,tx,58944.2,79.1,170.6,,,1,0,0,1
1778040163505375,1790685706.738175,1738,tx,68437.3,431.3,556.1,,,1,0,0,1
1778040303335202,1790685706.878005,1878,tx,67147.2,86.6,3803.4,,,1,0,0,1
1778040441391011,1790685707.016061,2016,tx,55166.5,79.5,1754.5,,,1,0,0,1
1778040587282340,1790685707.161952,2161,tx,56077.3,81.8,3202.4,,,1,0,0,1
1778040727406607,1790685707.302076,2302,tx,56004.6,91.0,3751.4,,,1,0,0,1
1778040865784291,1790685707.440454,2440,tx,52726.0,176.9,297.4,,,1,0,0,1
1778041009812331,1790685707.584482,2584,tx,64086.5,615.3,2584.7,,,1,0,0,1
1778041154155105,1790685707.728825,2728,tx,55825.6,601.8,981.6,,,1,0,0,1
1778041291194968,1790685707.865865,2865,tx,55840.5,82.5,2961.4,,,1,0,0,1
1778041434074831,1790685708.008744,3008,tx,61899.8,84.9,3079.2,,,1,0,0,1
1778041578043831,1790685708.152714,3152,tx,56487.2,3594.7,3972.8,,,1,0,0,1
1778041717527641,1790685708.292197,3292,tx,56304.5,101.9,3631.5,,,1,0,0,1
1778041864294445,1790685708.438964,3438,tx,57520.9,132.3,907.1,,,1,0,0,1
1778042005266615,1790685708.579937,3579,tx,66049.6,903.4,7153.4,,,1,0,0,1
1778042152060413,1790685708.726730,3726,tx,58063.1,103.4,3080.6,,,1,0,0,1
1778042299014044,1790685708.873684,3873,tx,64042.8,84.9,3138.4,,,1,0,0,1
1778042443570828,1790685709.018240,4018,tx,53191.5,344.3,534.4,,,1,0,0,1
1778042588283116,1790685709.162953,4162,tx,57907.1,81.5,871.6,,,1,0,0,1
1778042734758569,1790685709.309428,4309,tx,56716.4,84.1,3401.5,,,1,0,0,1
1778042881820593,1790685709.456491,4456,tx,56314.4,77.1,3364.9,,,1,0,0,1
1778043027974339,1790685709.602644,4602,tx,52436.1,87.9,226.7,,,1,0,0,1
1778043171728221,1790685709.746398,4746,tx,58438.3,2936.9,6291.6,,,1,0,0,1
1778043310796802,1790685709.885467,4885,tx,53292.2,177.5,317.2,,,1,0,0,1
1778043458895364,1790685710.033565,5033,tx,69432.4,120.3,222.0,,,1,0,0,1
1778043603383761,1790685710.178054,5178,tx,56268.1,93.7,3756.6,,,1,0,0,1
1778043767928789,1790685710.342599,5342,tx,65281.6,95.3,208.8,,,1,0,0,1
1778043914395984,1790685710.489065,5489,tx,52812.2,96.6,198.1,,,1,0,0,1
1778044059826529,1790685710.634496,5634,tx,56253.1,2941.6,3192.9,,,1,0,0,1
1778044207059074,1790685710.781729,5781,tx,55996.7,102.0,200.6,,,1,0,0,1
1778044344074385,1790685710.918744,5918,tx,59040.4,84.0,3123.2,,,1,0,0,1
1778044490680704,1790685711.065351,6065,tx,54109.9,78.6,1475.0,,,1,0,0,1
1778044630058256,1790685711.204728,6204,tx,57687.3,78.7,1095.6,,,1,0,0,1
1778044768498069,1790685711.343168,6343,tx,54941.6,97.9,188.8,,,1,0,0,1
1778044914396864,1790685711.489067,6489,tx,57685.2,91.8,4752.2,,,1,0,0,1
1778045052305567,1790685711.626976,6626,tx,57788.6,89.9,3836.8,,,1,0,0,1
1778045192045238,1790685711.766715,6766,tx,52528.9,87.4,198.0,,,1,0,0,1
1778045329431663,1790685711.904101,6904,tx,61680.5,88.2,1311.6,,,1,0,0,1
1778045467274118,1790685712.041944,7041,tx,55273.7,86.1,180.5,,,1,0,0,1
1778045614162033,1790685712.188832,7188,tx,55104.2,89.5,2977.8,,,1,0,0,1
1778045760298247,1790685712.334968,7334,tx,56811.8,88.6,3838.2,,,1,0,0,1
1778045898163430,1790685712.472833,7472,tx,69887.1,2931.7,5827.3,,,1,0,0,1
1778046039199028,1790685712.613869,7613,tx,57168.9,89.5,2911.8,,,1,0,0,1
1778046177509053,1790685712.752179,7752,tx,56206.4,738.6,1285.5,,,1,0,0,1
1778046324389559,1790685712.899059,7899,tx,58869.0,92.0,3774.7,,,1,0,0,1
1778046463320162,1790685713.037990,8037,tx,68305.6,92.2,3844.2,,,1,0,0,1
1778046600584327,1790685713.175254,8175,tx,68913.6,96.1,1605.5,,,1,0,0,1
1778046741076539,1790685713.315746,8315,tx,52678.9,95.3,225.5,,,1,0,0,1
1778046885034082,1790685713.459704,8459,tx,55418.9,89.7,3122.8,,,1,0,0,1
1778047025319705,1790685713.599989,8599,tx,60108.8,940.4,3697.4,,,1,0,0,1
1778047166321319,1790685713.740991,8740,tx,54125.4,93.1,1909.5,,,1,0,0,1
1778047304095223,1790685713.878765,8878,tx,72172.7,86.8,5046.3,,,1,0,0,1
1778047446464621,1790685714.021135,9021,tx,53143.1,82.7,187.1,,,1,0,0,1
1778047589650333,1790685714.164320,9164,tx,55421.1,88.9,3492.7,,,1,0,0,1
1778047738801267,1790685714.313471,9313,tx,56366.7,316.1,2185.4,,,1,0,0,1
1778047875835042,1790685714.450505,9450,tx,53573.9,85.5,1307.7,,,1,0,0,1
1778048022247979,1790685714.596918,9596,tx,55269.2,108.9,1343.9,,,1,0,0,1
1778048168312103,1790685714.742982,9742,tx,52564.8,83.7,181.6,,,1,0,0,1
1778048311690066,1790685714.886360,9886,tx,54394.6,89.9,414.6,,,1,0,0,1
1778048456157558,1790685715.030827,10030,tx,66751.7,89.6,215.8,,,1,0,0,1
1778048597590922,1790685715.172261,10172,tx,52576.6,184.8,437.8,,,1,0,0,1
1778048741324685,1790685715.315995,10315,tx,62757.1,148.2,2748.1,,,1,0,0,1
1778048880950577,1790685715.455620,10455,tx,57937.2,97.9,3222.7,,,1,0,0,1
1778049019148517,1790685715.593818,10593,tx,56790.3,160.0,4072.2,,,1,0,0,1
1778049157165063,1790685715.731835,10731,tx,55376.6,96.1,2887.4,,,1,0,0,1
1778049303719672,1790685715.878390,10878,tx,59829.6,98.0,733.3,,,1,0,0,1
1778049445465743,1790685716.020135,11020,tx,54157.0,93.5,2909.0,,,1,0,0,1
1778049591147274,1790685716.165817,11165,tx,56336.3,104.7,2305.7,,,1,0,0,1
1778049728596586,1790685716.303267,11303,tx,56793.9,93.0,3569.2,,,1,0,0,1
1778049866227486,1790685716.440897,11440,tx,55811.7,200.7,3054.5,,,1,0,0,1
1778050012987778,1790685716.587657,11587,tx,53402.9,84.9,725.7,,,1,0,0,1
1778050157254669,1790685716.731925,11731,tx,52450.9,90.6,180.4,,,1,0,0,1
1778050304081473,1790685716.878751,11878,tx,61360.0,91.3,3060.4,,,1,0,0,1
1778050446523676,1790685717.021194,12021,tx,53473.7,175.8,294.6,,,1,0,0,1
1778050590057441,1790685717.164727,12164,tx,67011.0,2966.3,4975.1,,,1,0,0,1
1778050728254166,1790685717.302924,12302,tx,56846.2,80.4,3890.2,,,1,0,0,1
1778050866407117,1790685717.441077,12441,tx,70655.6,88.4,192.4,,,1,0,0,1
1778051010594938,1790685717.585265,12585,tx,55282.1,275.3,421.6,,,1,0,0,1
1778051151634358,1790685717.726304,12726,tx,59296.9,267.2,387.1,,,1,0,0,1
1778051334829426,1790685717.909499,12909,tx,52477.9,99.0,316.9,,,1,0,0,1
1778051478151850,1790685718.052822,13052,tx,52959.5,79.4,197.4,,,1,0,0,1
1778051618153100,1790685718.192823,13192,tx,58734.5,315.8,3211.9,,,1,0,0,1
1778051757519347,1790685718.332189,13332,tx,56776.2,323.4,3858.2,,,1,0,0,1
1778051896370144,1790685718.471040,13471,tx,68086.9,786.2,6294.2,,,1,0,0,1
1778052033915053,1790685718.608585,13608,tx,59180.8,91.8,2239.3,,74536.2,1,0,0,1
1778052173324739,1790685718.747995,13747,idle,54442.0,775.2,1715.0,,,0,0,0,0
1778052319477291,1790685718.894147,13894,idle,158132.4,83.1,220.8,,,0,0,0,0
1778052576717275,1790685719.151387,14151,idle,9274.9,149.9,3489.4,,,0,0,0,0
1778052718063762,1790685719.292734,14292,idle,9571.3,80.0,571.4,,,0,0,0,0
1778052856014312,1790685719.430684,14430,idle,6207.7,96.2,228.4,,,0,0,0,0
1778052995735367,1790685719.570405,14570,idle,4350.6,126.5,3463.5,,,0,0,0,0
1778053135302444,1790685719.709972,14709,idle,1826.5,126.3,899.3,,,0,0,0,0
1778053275590922,1790685719.850261,14850,idle,9716.9,134.2,4611.4,,,0,0,0,0
1778053418209026,1790685719.992879,14992,idle,16629.0,148.4,2995.2,,,0,0,0,0
1778053555796585,1790685720.130466,130,idle,10465.2,169.6,3435.4,,,0,0,0,0
1778053695615757,1790685720.270286,270,idle,11484.0,87.1,179.8,,,0,0,0,0
1778053837283187,1790685720.411953,411,idle,5476.4,240.4,4023.7,,,0,0,0,0
1778053975484261,1790685720.550154,550,idle,2585.8,85.8,196.3,,,0,0,0,0
1778054115715262,1790685720.690385,690,idle,5440.2,245.8,3596.8,,,0,0,0,0
1778054255279637,1790685720.829945,829,idle,2508.5,79.4,1261.3,,,0,0,0,0
1778054396296498,1790685720.970966,970,idle,1958.5,75.5,172.8,,,0,0,0,0
1778054543353207,1790685721.118023,1118,idle,11734.3,149.8,2874.4,,,0,0,0,0
1778054687058563,1790685721.261729,1261,idle,11636.3,94.6,240.3,,,0,0,0,0
1778054828687350,1790685721.403357,1403,idle,5365.8,164.4,3532.7,,,0,0,0,0
1778054967615314,1790685721.542285,1542,idle,11643.3,238.2,4236.4,,,0,0,0,0
1778055105275145,1790685721.679945,1679,idle,18290.7,79.4,193.3,,,0,0,0,0
1778055248709700,1790685721.823380,1823,idle,4748.1,155.4,3516.8,,,0,0,0,0
1778055386895071,1790685721.961565,1961,idle,9539.7,237.7,3337.6,,,0,0,0,0
1778055528733441,1790685722.103403,2103,idle,14373.2,176.0,3511.1,,,0,0,0,0
1778055675534025,1790685722.250204,2250,idle,5178.3,168.5,3689.4,,,0,0,0,0
1778055815533220,1790685722.390203,2390,idle,1553.9,178.8,692.4,,,0,0,0,0
1778055955496632,1790685722.530167,2530,idle,1553.7,82.1,278.4,,,0,0,0,0
1778056095846269,1790685722.670516,2670,idle,3260.1,274.0,383.4,,,0,0,0,0
1778056242890283,1790685722.817560,2817,idle,4218.5,179.3,3349.0,,,0,0,0,0
1778056385544629,1790685722.960215,2960,idle,1264.4,82.7,216.2,,,0,0,0,0
1778056528058711,1790685723.102729,3102,idle,6533.5,149.4,2182.0,,,0,0,0,0
1778056665404892,1790685723.240075,3240,idle,2718.0,89.1,279.9,,,0,0,0,0
1778056805289309,1790685723.379959,3379,idle,14624.8,188.1,3949.1,,,0,0,0,0
1778056945185181,1790685723.519855,3519,idle,1555.1,77.2,557.9,,,0,0,0,0
1778057084795128,1790685723.659465,3659,idle,2507.0,354.6,446.5,,,0,0,0,0
1778057229270083,1790685723.803940,3803,idle,4418.8,87.5,2888.4,,,0,0,0,0
1778057376151278,1790685723.950821,3950,idle,1752.9,81.3,196.5,,,0,0,0,0
1778057517053480,1790685724.091723,4091,idle,7622.6,86.3,1110.2,,,0,0,0,0
1778057655079393,1790685724.229749,4229,idle,2451.8,76.1,182.0,,,0,0,0,0
1778057828057995,1790685724.402728,4402,idle,21755.1,92.7,6093.9,,,0,0,0,0
1778057965614720,1790685724.540285,4540,idle,3533.3,82.8,194.8,,,0,0,0,0
1778058108102168,1790685724.682772,4682,idle,16083.1,2876.2,5845.8,,,0,0,0,0
1778058255073787,1790685724.829743,4829,idle,4256.2,2185.1,2944.7,,,0,0,0,0
1778058395913081,1790685724.970583,4970,idle,12219.4,96.6,252.9,,,0,0,0,0
1778058535796796,1790685725.110466,5110,idle,5157.1,84.7,3366.0,,,0,0,0,0
1778058680613031,1790685725.255283,5255,idle,8207.6,2969.7,6415.4,,,0,0,0,0
1778058826654171,1790685725.401324,5401,idle,9944.6,427.0,6904.4,,,0,0,0,0
1778058965619750,1790685725.540290,5540,idle,4945.0,170.4,3617.2,,,0,0,0,0
1778059106852561,1790685725.681522,5681,idle,10318.2,252.0,3459.0,,,0,0,0,0
1778059246083628,1790685725.820753,5820,idle,16588.8,4347.5,10485.6,,,0,0,0,0
1778059387654398,1790685725.962324,5962,idle,11467.0,3874.4,4287.4,,,0,0,0,0
1778059527118972,1790685726.101789,6101,idle,9377.0,164.8,411.7,,,0,0,0,0
1778059667610389,1790685726.242280,6242,idle,1263.6,86.3,201.7,,,0,0,0,0
1778059809060051,1790685726.383730,6383,idle,6374.2,88.7,3081.3,,,0,0,0,0
1778059946902695,1790685726.521572,6521,idle,8775.2,85.3,3249.2,,,0,0,0,0
1778060090650062,1790685726.665320,6665,idle,2888.1,94.8,187.2,,,0,0,0,0
1778060234024644,1790685726.808695,6808,idle,10077.2,91.2,2700.4,,,0,0,0,0
1778060381059998,1790685726.955730,6955,idle,6060.4,99.1,2115.8,,,0,0,0,0
1778060521508831,1790685727.096179,7096,idle,8719.4,82.0,201.3,,,0,0,0,0
1778060661248422,1790685727.235918,7235,idle,6649.0,85.4,1580.9,,,0,0,0,0
1778060801350802,1790685727.376021,7376,idle,26818.4,81.0,245.8,,,0,0,0,0
1778060941779371,1790685727.516449,7516,idle,12338.6,175.5,363.5,,,0,0,0,0
1778061081689283,1790685727.656359,7656,idle,5084.0,81.6,3455.3,,,0,0,0,0
1778061221154961,1790685727.795825,7795,idle,2661.2,146.7,1001.5,,,0,0,0,0
1778061361482354,1790685727.936152,7936,idle,3644.7,121.1,263.0,,,0,0,0,0
1778061503456043,1790685728.078126,8078,idle,21047.0,87.1,1721.1,,,0,0,0,0
1778061641351443,1790685728.216021,8216,idle,20763.6,133.5,3835.4,,,0,0,0,0
1778061783839101,1790685728.358509,8358,idle,1189.5,207.4,314.2,,,0,0,0,0
1778061921238465,1790685728.495908,8495,idle,10353.7,109.4,2923.2,,,0,0,0,0
1778062061887320,1790685728.636557,8636,idle,1971.1,169.4,267.5,,,0,0,0,0
1778062201849392,1790685728.776520,8776,idle,15235.3,78.4,2463.2,,,0,0,0,0
1778062341299830,1790685728.915970,8915,idle,2617.7,255.6,1863.5,,,0,0,0,0
1778062487175635,1790685729.061846,9061,idle,938.2,78.7,190.0,,,0,0,0,0
1778062632920465,1790685729.207590,9207,idle,980.6,100.3,239.3,,,0,0,0,0
1778062772326336,1790685729.346996,9346,idle,6569.7,79.1,889.4,,,0,0,0,0
1778062911687526,1790685729.486357,9486,idle,8018.7,2939.7,6331.7,,,0,0,0,0
1778063051771867,1790685729.626442,9626,idle,5338.3,98.3,1394.3,,,0,0,0,0
1778063191735581,1790685729.766405,9766,idle,8840.5,304.1,415.9,,,0,0,0,0
1778063331704451,1790685729.906374,9906,idle,8493.0,102.2,3467.6,,,0,0,0,0
1778063471667820,1790685730.046338,10046,idle,9152.3,627.9,5023.1,,,0,0,0,0
1778063611476034,1790685730.186146,10186,idle,9064.4,281.6,3861.4,,,0,0,0,0
1778063751036152,1790685730.325706,10325,idle,4894.3,109.3,3138.1,,,0,0,0,0
1778063891431206,1790685730.466101,10466,idle,6716.8,100.2,196.3,,,0,0,0,0
1778064035968548,1790685730.610638,10610,idle,4447.7,123.5,3209.5,,,0,0,0,0
1778064182394665,1790685730.757064,10757,idle,5386.9,3320.4,3626.7,,,0,0,0,0
1778064321905182,1790685730.896575,10896,idle,7181.9,238.4,2279.9,,,0,0,0,0
1778064461906059,1790685731.036576,11036,idle,6224.1,143.2,3295.5,,,0,0,0,0
1778064601840706,1790685731.176511,11176,idle,24256.0,118.9,3340.7,,,0,0,0,0
1778064741280785,1790685731.315951,11315,idle,10075.1,99.0,488.9,,,0,0,0,0
1778064881178540,1790685731.455848,11455,idle,5110.1,135.0,3009.1,,,0,0,0,0
1778065024588027,1790685731.599258,11599,idle,5949.1,655.6,2564.1,,,0,0,0,0
1778065162037821,1790685731.736707,11736,idle,1735.4,79.4,175.3,,,0,0,0,0
1778065305081929,1790685731.879752,11879,decode,19538.6,84.9,175.3,,,0,0,1,0
1778065451939721,1790685732.026609,12026,idle,4638.3,131.7,3253.6,,,0,0,0,0
1778065591814063,1790685732.166484,12166,idle,4893.2,140.1,3380.3,,,0,0,0,0
1778065733286154,1790685732.307956,12307,idle,1222.2,88.3,213.3,,,0,0,0,0
1778065872567015,1790685732.447237,12447,idle,12189.2,137.6,4628.4,,,0,0,0,0
1778066013331695,1790685732.588001,12588,idle,15599.4,150.7,3877.8,,,0,0,0,0
1778066151154643,1790685732.725824,12725,idle,7117.5,85.7,2391.4,,,0,0,0,0
1778066291792581,1790685732.866462,12866,idle,11688.5,132.2,3403.5,,,0,0,0,0
1778066436609157,1790685733.011279,13011,idle,5371.5,83.7,3034.1,,,0,0,0,0
1778066582528137,1790685733.157198,13157,idle,1619.1,86.8,273.3,,,0,0,0,0
1778066722913538,1790685733.297583,13297,idle,4394.9,177.3,294.6,,,0,0,0,0
1778066861237164,1790685733.435907,13435,idle,7791.4,84.8,206.1,,,0,0,0,0
1778067003520183,1790685733.578190,13578,idle,10364.6,143.8,4694.2,,,0,0,0,0
1778067144993349,1790685733.719663,13719,idle,1252.9,85.4,301.3,,,0,0,0,0
1778067283274577,1790685733.857944,13857,idle,1833.1,158.0,940.6,,,0,0,0,0
1778067424313892,1790685733.998984,13998,idle,9025.6,138.2,1892.2,,,0,0,0,0
1778067573101970,1790685734.147772,14147,idle,7177.2,143.8,1121.7,,,0,0,0,0
1778067710630155,1790685734.285300,14285,idle,8006.9,474.3,6922.4,,,0,0,0,0
1778067848993470,1790685734.423663,14423,decode,1191.7,87.6,304.7,,,0,0,1,0
1778067995608088,1790685734.570278,14570,idle,10756.9,150.5,3610.5,,,0,0,0,0
1778068133309038,1790685734.707979,14707,idle,5808.8,154.2,3920.5,,,0,0,0,0
1778068277207445,1790685734.851877,14851,idle,15887.7,161.7,3011.7,,,0,0,0,0
1778068423389795,1790685734.998060,14998,idle,15725.5,148.3,7829.3,,,0,0,0,0
1778068619274567,1790685735.193944,193,tx,62326.9,2928.2,5743.1,,,1,0,0,1
1778068762525449,1790685735.337194,337,tx,72778.8,978.3,4509.5,,,1,0,0,1
1778068901345607,1790685735.476015,476,tx,59053.9,85.8,202.9,,,1,0,0,1
1778069042321591,1790685735.616992,616,tx,56569.6,86.0,198.2,,,1,0,0,1
1778069179497640,1790685735.754167,754,tx,53774.9,85.0,241.5,,,1,0,0,1
1778069323162647,1790685735.897832,897,tx,60054.6,111.4,263.8,,,1,0,0,1
1778069464973835,1790685736.039643,1039,tx,60813.4,313.4,3394.5,,,1,0,0,1
1778069611550909,1790685736.186221,1186,tx,57832.6,79.1,3070.1,,,1,0,0,1
1778069751280540,1790685736.325950,1325,tx,58771.3,77.7,217.7,,,1,0,0,1
1778069898052826,1790685736.472723,1472,tx,63661.4,1387.4,4194.8,,,1,0,0,1
1778070042403079,1790685736.617073,1617,tx,58005.3,272.4,3972.4,,,1,0,0,1
1778070181559713,1790685736.756229,1756,tx,52529.3,87.0,199.8,,,1,0,0,1
1778070328422096,1790685736.903092,1903,tx,62320.0,83.8,7176.6,,,1,0,0,1
1778070467787659,1790685737.042457,2042,tx,57301.3,333.3,3599.7,,,1,0,0,1
1778070614422285,1790685737.189092,2189,tx,52894.4,95.4,205.7,,,1,0,0,1
1778070758494989,1790685737.333165,2333,tx,56590.4,337.3,3907.1,,,1,0,0,1
1778070905414779,1790685737.480084,2480,tx,56840.3,331.4,3983.2,,,1,0,0,1
1778071042656339,1790685737.617326,2617,tx,56657.3,293.8,3723.9,,,1,0,0,1
1778071189042096,1790685737.763712,2763,tx,53841.3,240.6,338.2,,,1,0,0,1
1778071332152181,1790685737.906822,2906,tx,58482.9,446.9,1232.8,,,1,0,0,1
1778071470945135,1790685738.045615,3045,tx,57164.4,338.1,3445.1,,,1,0,0,1
1778071609367574,1790685738.184037,3184,tx,55739.0,81.9,186.2,,,1,0,0,1
1778071758231007,1790685738.332901,3332,tx,53349.0,107.6,633.0,,,1,0,0,1
1778071902597659,1790685738.477268,3477,tx,66106.2,347.9,3804.9,,,1,0,0,1
1778072045141344,1790685738.619811,3619,tx,72114.9,555.3,3495.4,,,1,0,0,1
1778072185689222,1790685738.760359,3760,tx,54751.6,956.8,1327.5,,,1,0,0,1
1778072330524142,1790685738.905194,3905,tx,83906.8,79.5,222.4,,,1,0,0,1
1778072474405726,1790685739.049075,4049,tx,53681.1,82.5,206.7,,,1,0,0,1
1778072618415551,1790685739.193085,4193,tx,56798.1,355.9,3994.8,,,1,0,0,1
1778072755976550,1790685739.330646,4330,tx,60978.3,136.6,437.7,,,1,0,0,1
1778072898552136,1790685739.473222,4473,tx,53070.4,362.9,851.8,,,1,0,0,1
1778073045609039,1790685739.620279,4620,tx,65669.1,425.9,3418.9,,,1,0,0,1
1778073192326651,1790685739.766996,4766,tx,56752.8,98.4,3205.6,,,1,0,0,1
1778073331034198,1790685739.905704,4905,tx,53291.9,294.1,379.1,,,1,0,0,1
1778073476789542,1790685740.051459,5051,tx,54007.7,333.4,611.0,,,1,0,0,1
1778073625116243,1790685740.199786,5199,tx,55159.1,274.8,403.2,,,1,0,0,1
1778073772052633,1790685740.346723,5346,tx,52428.1,100.4,216.5,,,1,0,0,1
1778073916054980,1790685740.490725,5490,tx,53124.0,103.2,224.4,,,1,0,0,1
1778074059570785,1790685740.634241,5634,tx,55835.5,220.9,3697.0,,,1,0,0,1
1778074197142894,1790685740.771813,5771,tx,55500.5,82.9,237.3,,,1,0,0,1
1778074342127984,1790685740.916798,5916,tx,52768.7,84.5,222.1,,,1,0,0,1
1778074488051676,1790685741.062721,6062,tx,53833.4,126.8,234.2,,,1,0,0,1
1778074634249529,1790685741.208919,6208,tx,52407.8,79.7,201.3,,,1,0,0,1
1778074777969918,1790685741.352640,6352,tx,62054.5,1082.7,4051.6,,,1,0,0,1
1778074914971573,1790685741.489641,6489,tx,53989.5,196.9,325.5,,,1,0,0,1
1778075060304277,1790685741.634974,6634,tx,53330.0,91.2,211.4,,,1,0,0,1
1778075206449859,1790685741.781120,6781,tx,52974.3,86.4,198.1,,,1,0,0,1
1778075350253557,1790685741.924923,6924,tx,55839.1,83.0,192.2,,,1,0,0,1
1778075496151383,1790685742.070821,7070,tx,52456.6,94.3,209.0,,,1,0,0,1
1778075640674495,1790685742.215344,7215,tx,53851.4,106.7,901.6,,,1,0,0,1
1778075786049238,1790685742.360719,7360,tx,54197.2,134.7,236.3,,,1,0,0,1
1778075931038696,1790685742.505708,7505,tx,58338.5,92.0,427.2,,,1,0,0,1
1778076073150810,1790685742.647820,7647,tx,55413.3,88.3,212.2,,,1,0,0,1
1778076219388116,1790685742.794058,7794,tx,52560.7,123.6,250.9,,,1,0,0,1
1778076363353722,1790685742.938023,7938,tx,52294.3,89.1,217.0,,,1,0,0,1
1778076506984216,1790685743.081654,8081,tx,54177.4,90.4,1484.7,,,1,0,0,1
1778076652569925,1790685743.227240,8227,tx,57098.5,238.8,3727.8,,,1,0,0,1
1778076791169475,1790685743.365839,8365,tx,53458.8,93.6,198.5,,,1,0,0,1
1778076935355381,1790685743.510025,8510,tx,52484.7,111.2,233.0,,,1,0,0,1
1778077078597189,1790685743.653267,8653,tx,52358.6,106.5,212.5,,,1,0,0,1
1778077222475662,1790685743.797145,8797,tx,52783.1,84.9,193.0,,,1,0,0,1
1778077366196397,1790685743.940866,8940,tx,53920.3,80.3,208.8,,,1,0,0,1
1778077509771795,1790685744.084442,9084,tx,57870.7,231.0,536.1,,,1,0,0,1
1778077648834994,1790685744.223505,9223,tx,55601.0,83.2,192.6,,,1,0,0,1
1778077792050966,1790685744.366721,9366,tx,53302.2,896.7,999.9,,,1,0,0,1
1778077936940633,1790685744.511611,9511,tx,52597.0,257.6,368.0,,,1,0,0,1
1778078080600237,1790685744.655270,9655,tx,52453.5,89.6,204.9,,,1,0,0,1
1778078224316659,1790685744.798987,9798,tx,52637.7,95.7,177.4,,,1,0,0,1
1778078368460583,1790685744.943131,9943,tx,52598.5,93.9,196.2,,,1,0,0,1
1778078511763339,1790685745.086433,10086,tx,52298.3,84.1,177.7,,,1,0,0,1
1778078654565209,1790685745.229235,10229,tx,52427.8,84.8,171.0,,,1,0,0,1
1778078797661111,1790685745.372331,10372,tx,52420.8,89.0,196.7,,,1,0,0,1
1778078942061824,1790685745.516732,10516,tx,55314.8,1509.0,2497.9,,,1,0,0,1
1778079088074493,1790685745.662745,10662,tx,52400.9,141.9,254.4,,,1,0,0,1
1778079234990847,1790685745.809661,10809,tx,52537.2,218.6,338.8,,,1,0,0,1
1778079378060605,1790685745.952730,10952,tx,52490.7,183.4,301.1,,,1,0,0,1
1778079522035717,1790685746.096706,11096,tx,68579.6,183.8,295.9,,,1,0,0,1
1778079665665873,1790685746.240336,11240,tx,52403.8,77.2,180.2,,,1,0,0,1
1778079808523836,1790685746.383194,11383,tx,53422.4,190.3,345.0,,,1,0,0,1
1778079952323940,1790685746.526994,11526,tx,52612.2,115.2,228.9,,,1,0,0,1
1778080096167725,1790685746.670838,11670,tx,52257.3,85.3,176.9,,,1,0,0,1
1778080239023368,1790685746.813693,11813,tx,51584.9,214.4,317.7,,,1,0,0,1
1778080381655215,1790685746.956325,11956,tx,54790.2,178.8,2696.7,,,1,0,0,1
1778080527334308,1790685747.102004,12102,tx,52327.8,84.8,194.4,,,1,0,0,1
1778080670255436,1790685747.244925,12244,tx,52243.9,82.9,169.9,,,1,0,0,1
1778080812997149,1790685747.387667,12387,tx,52544.3,229.2,372.4,,,1,0,0,1
1778080957022623,1790685747.531692,12531,tx,53096.3,192.6,320.9,,,1,0,0,1
1778081100336406,1790685747.675006,12675,tx,56628.3,97.8,3010.8,,,1,0,0,1
1778081238405924,1790685747.813076,12813,tx,52494.6,109.2,239.6,,,1,0,0,1
1778081382439271,1790685747.957109,12957,tx,52436.1,105.5,217.5,,,1,0,0,1
1778081526421709,1790685748.101092,13101,tx,52127.7,73.1,147.8,,,1,0,0,1
1778081669295778,1790685748.243966,13243,tx,52235.7,104.3,214.0,,,1,0,0,1
1778081812961704,1790685748.387632,13387,tx,52378.0,103.2,195.5,,,1,0,0,1
1778081956057040,1790685748.530727,13530,tx,52615.6,254.1,341.6,,148470.5,1,0,0,1
1778082099370023,1790685748.674040,13674,tx,51479.1,105.2,216.6,,,0,0,0,0
1778082241912566,1790685748.816582,13816,idle,52400.9,105.3,210.9,,,0,0,0,0
1778082426123330,1790685749.000793,14000,idle,1835.1,318.2,367.8,,,0,0,0,0
1778082564341428,1790685749.139011,14139,idle,903.2,91.4,203.5,,,0,0,0,0
1778082704316365,1790685749.278986,14278,idle,907.1,87.3,173.3,,,0,0,0,0
1778082843852867,1790685749.418523,14418,idle,1083.8,88.4,159.8,,,0,0,0,0
1778082984401684,1790685749.559072,14559,idle,917.1,105.0,197.1,,,0,0,0,0
1778083126540379,1790685749.701210,14701,idle,989.9,85.1,174.5,,,0,0,0,0
1778083264321967,1790685749.838992,14838,idle,1106.8,120.2,245.0,,,0,0,0,0
1778083404274786,1790685749.978945,14978,idle,944.4,177.3,266.0,,,0,0,0,0
1778083548831834,1790685750.123502,123,idle,1445.1,107.6,204.5,,,0,0,0,0
1778083693925821,1790685750.268596,268,idle,1184.2,83.1,170.1,,,0,0,0,0
1778083835149933,1790685750.409820,409,idle,1243.1,258.7,387.0,,,0,0,0,0
1778083974651771,1790685750.549321,549,idle,1573.5,79.4,183.4,,,0,0,0,0
1778084114545685,1790685750.689216,689,idle,1389.1,109.1,216.2,,,0,0,0,0
1778084253794863,1790685750.828465,828,idle,1522.8,108.0,237.9,,,0,0,0,0
1778084394078331,1790685750.968748,968,idle,1218.8,344.3,433.3,,,0,0,0,0
1778084539902508,1790685751.114572,1114,idle,1364.3,110.5,233.0,,,0,0,0,0
1778084684025546,1790685751.258695,1258,idle,1256.1,422.2,527.9,,,0,0,0,0
1778084824509750,1790685751.399179,1399,idle,966.2,104.7,186.4,,,0,0,0,0
1778084964588854,1790685751.539259,1539,idle,1434.6,104.6,216.7,,,0,0,0,0
1778085105620234,1790685751.680290,1680,idle,1220.2,80.8,170.4,,,0,0,0,0
1778085244401688,1790685751.819072,1819,idle,1091.0,129.9,262.5,,,0,0,0,0
1778085384402548,1790685751.959073,1959,idle,948.7,115.9,188.8,,,0,0,0,0
1778085526087952,1790685752.100758,2100,idle,1300.1,375.9,468.1,,,0,0,0,0
1778085664395543,1790685752.239066,2239,idle,948.5,76.8,181.7,,,0,0,0,0
1778085803876483,1790685752.378546,2378,idle,1448.5,87.4,199.6,,,0,0,0,0
1778085944364808,1790685752.519035,2519,idle,1176.8,114.4,206.8,,,0,0,0,0
1778086084400616,1790685752.659071,2659,idle,908.7,107.8,199.5,,,0,0,0,0
1778086224512965,1790685752.799183,2799,idle,1057.6,87.6,170.6,,,0,0,0,0
1778086364464365,1790685752.939134,2939,idle,993.8,94.5,171.8,,,0,0,0,0
1778086504546394,1790685753.079216,3079,idle,8372.2,81.6,188.6,,,0,0,0,0
1778086643863911,1790685753.218534,3218,idle,1145.7,107.0,181.4,,,0,0,0,0
1778086784596757,1790685753.359267,3359,idle,1233.7,133.3,242.5,,,0,0,0,0
1778086923600505,1790685753.498271,3498,idle,1289.9,132.4,227.1,,,0,0,0,0
1778087064625961,1790685753.639296,3639,idle,1278.4,94.8,190.1,,,0,0,0,0
1778087204154797,1790685753.778825,3778,idle,1089.4,198.4,283.0,,,0,0,0,0
1778087343647467,1790685753.918318,3918,idle,1078.3,110.6,210.8,,,0,0,0,0
1778087484429226,1790685754.059099,4059,idle,991.8,112.2,212.2,,,0,0,0,0
1778087624111059,1790685754.198781,4198,idle,1118.6,221.5,325.1,,,0,0,0,0
1778087763825550,1790685754.338496,4338,idle,1018.1,80.8,148.9,,,0,0,0,0
1778087904833448,1790685754.479504,4479,idle,976.6,74.5,163.9,,,0,0,0,0
1778088048527857,1790685754.623198,4623,idle,985.4,99.9,212.5,,,0,0,0,0
1778088194582319,1790685754.769252,4769,idle,1167.4,113.5,215.2,,,0,0,0,0
1778088333886944,1790685754.908557,4908,idle,1176.0,106.1,218.2,,,0,0,0,0
1778088474307578,1790685755.048978,5048,idle,889.5,78.6,169.4,,,0,0,0,0
1778088614654495,1790685755.189325,5189,idle,1111.0,87.3,169.6,,,0,0,0,0
1778088754228337,1790685755.328898,5328,idle,950.5,115.5,188.4,,,0,0,0,0
1778088893732392,1790685755.468402,5468,idle,1116.3,79.7,174.2,,,0,0,0,0
1778089035130118,1790685755.609800,5609,idle,1000.7,189.2,290.1,,,0,0,0,0
1778089174720906,1790685755.749391,5749,idle,1219.5,90.6,196.2,,,0,0,0,0
1778089314397132,1790685755.889067,5889,idle,1113.2,109.3,235.0,,,0,0,0,0
1778089454145060,1790685756.028815,6028,idle,1129.9,209.1,320.9,,,0,0,0,0
1778089593917754,1790685756.168588,6168,idle,1228.6,113.7,243.8,,,0,0,0,0
1778089734921566,1790685756.309591,6309,idle,4010.8,116.7,234.6,,,0,0,0,0
1778089873999488,1790685756.448669,6448,idle,1053.9,111.0,207.8,,,0,0,0,0
1778090014538003,1790685756.589208,6589,idle,1041.5,114.6,222.7,,,0,0,0,0
1778090154084648,1790685756.728755,6728,idle,1322.7,269.9,380.6,,,0,0,0,0
1778090293999647,1790685756.868670,6868,idle,1329.0,109.6,225.0,,,0,0,0,0
1778090434527071,1790685757.009197,7009,idle,1209.3,111.8,242.4,,,0,0,0,0
1778090574733583,1790685757.149403,7149,idle,1264.3,85.3,180.8,,,0,0,0,0
1778090714654470,1790685757.289325,7289,idle,1392.2,81.2,201.6,,,0,0,0,0
1778090854640637,1790685757.429311,7429,idle,1312.8,109.0,227.1,,,0,0,0,0
1778090994161811,1790685757.568832,7568,idle,1127.5,193.7,282.9,,,0,0,0,0
1778091133946848,1790685757.708617,7708,idle,1175.0,79.5,186.2,,,0,0,0,0
1778091274441216,1790685757.849111,7849,idle,1020.2,114.6,232.4,,,0,0,0,0
1778091414412639,1790685757.989083,7989,idle,1159.4,136.2,250.0,,,0,0,0,0
1778091554314562,1790685758.128984,8128,idle,1000.8,115.1,251.4,,,0,0,0,0
1778091693800767,1790685758.268471,8268,idle,1046.9,90.0,173.5,,,0,0,0,0
1778091833876470,1790685758.408546,8408,idle,1036.4,80.3,189.1,,,0,0,0,0
1778091974542690,1790685758.549212,8549,idle,1176.4,115.9,221.2,,,0,0,0,0
1778092114430659,1790685758.689101,8689,idle,1125.8,133.9,246.9,,,0,0,0,0
1778092254330289,1790685758.829000,8829,idle,1040.6,128.6,217.5,,,0,0,0,0
1778092393972258,1790685758.968642,8968,idle,1239.4,103.2,198.7,,,0,0,0,0
1778092538260210,1790685759.112930,9112,idle,1044.8,156.9,230.8,,,0,0,0,0
1778092684144023,1790685759.258814,9258,idle,1142.4,266.4,351.2,,,0,0,0,0
1778092823592794,1790685759.398263,9398,idle,953.0,104.9,164.0,,,0,0,0,0
1778092963949422,1790685759.538619,9538,idle,931.6,73.8,162.5,,,0,0,0,0
1778093104673615,1790685759.679344,9679,idle,1103.7,77.3,176.9,,,0,0,0,0
1778093244381824,1790685759.819052,9819,idle,956.7,108.9,172.7,,,0,0,0,0
1778093383696744,1790685759.958367,9958,idle,1111.5,98.0,192.2,,,0,0,0,0
1778093524900370,1790685760.099571,10099,idle,1053.2,107.0,180.4,,,0,0,0,0
1778093664339471,1790685760.239010,10239,idle,968.9,106.6,194.1,,,0,0,0,0
1778093803604913,1790685760.378275,10378,idle,889.7,103.6,168.8,,,0,0,0,0
1778093943970028,1790685760.518640,10518,idle,888.9,102.0,165.1,,,0,0,0,0
1778094084241129,1790685760.658911,10658,idle,979.3,204.1,266.0,,,0,0,0,0
1778094224159447,1790685760.798830,10798,idle,1162.6,273.0,346.0,,,0,0,0,0
1778094364081092,1790685760.938751,10938,idle,1255.5,313.0,402.3,,,0,0,0,0
1778094503716715,1790685761.078387,11078,idle,3177.8,113.2,213.5,,,0,0,0,0
1778094643734692,1790685761.218405,11218,idle,1106.8,70.6,143.2,,,0,0,0,0
1778094784408501,1790685761.359078,11359,idle,1190.7,79.1,210.7,,,0,0,0,0
1778094924590156,1790685761.499260,11499,idle,872.6,79.5,171.0,,,0,0,0,0
1778095064364552,1790685761.639035,11639,idle,997.6,109.8,181.9,,,0,0,0,0
1778095204208262,1790685761.778878,11778,idle,4236.8,212.5,309.7,,,0,0,0,0
1778095344013013,1790685761.918683,11918,idle,1071.0,110.2,168.9,,,0,0,0,0
1778095483715498,1790685762.058386,12058,idle,1141.1,106.4,194.6,,,0,0,0,0
1778095624078927,1790685762.198749,12198,idle,1121.6,296.1,390.9,,,0,0,0,0
1778095764296864,1790685762.338967,12338,idle,953.1,131.0,199.1,,,0,0,0,0
1778095903753642,1790685762.478424,12478,idle,989.3,103.8,171.4,,,0,0,0,0
1778096044215881,1790685762.618886,12618,idle,1058.4,199.7,287.1,,,0,0,0,0
1778096183690115,1790685762.758360,12758,idle,1155.5,76.2,204.7,,,0,0,0,0
1778096324538708,1790685762.899209,12899,idle,873.7,102.1,204.0,,,0,0,0,0
1778096464317385,1790685763.038988,13038,idle,1001.3,113.7,203.9,,,0,0,0,0
1778096604168633,1790685763.178839,13178,idle,1023.7,279.6,366.7,,,0,0,0,0
1778096744505015,1790685763.319175,13319,idle,854.1,103.8,192.6,,,0,0,0,0
1778096883635038,1790685763.458305,13458,idle,1276.7,101.5,193.0,,,0,0,0,0
1778097028047013,1790685763.602717,13602,idle,1127.9,101.5,190.1,,,0,0,0,0
1778097174513120,1790685763.749183,13749,idle,1025.0,105.4,203.8,,,0,0,0,0
1778097313830684,1790685763.888501,13888,idle,1114.7,87.5,190.8,,,0,0,0,0
1778097454738780,1790685764.029409,14029,idle,1070.7,77.5,180.3,,,0,0,0,0
1778097594157510,1790685764.168828,14168,idle,1099.5,277.3,351.6,,,0,0,0,0
1778097733810016,1790685764.308480,14308,idle,1269.4,106.2,206.3,,,0,0,0,0
1778097880637296,1790685764.455307,14455,idle,945.1,107.6,200.9,,,0,0,0,0
1778098023918775,1790685764.598589,14598,idle,1004.3,100.7,199.1,,,0,0,0,0
1778098164057059,1790685764.738727,14738,idle,1283.7,96.6,192.0,,,0,0,0,0
1778098303694971,1790685764.878365,14878,idle,1099.4,130.3,224.1,,,0,0,0,0
1778098444453025,1790685765.019123,19,idle,834.5,111.8,172.2,,,0,0,0,0
1778098615054720,1790685765.189725,189,tx,52617.1,133.3,213.8,,,1,0,0,1
1778098758467855,1790685765.333138,333,tx,52353.5,78.2,153.9,,,1,0,0,1
1778098902239825,1790685765.476910,476,tx,52908.4,364.5,450.7,,,1,0,0,1
1778099045899987,1790685765.620570,620,tx,52479.5,110.2,208.2,,,1,0,0,1
1778099188851246,1790685765.763521,763,tx,52562.0,107.1,222.9,,,1,0,0,1
1778099333748034,1790685765.908418,908,tx,52600.7,83.0,169.9,,,1,0,0,1
1778099477240861,1790685766.051911,1051,tx,52505.6,332.3,441.2,,,1,0,0,1
1778099620728722,1790685766.195399,1195,tx,52484.8,106.0,178.0,,,1,0,0,1
1778099763943585,1790685766.338614,1338,tx,52391.4,107.1,180.9,,,1,0,0,1
1778099907238363,1790685766.481909,1481,tx,52524.1,371.1,452.5,,,1,0,0,1
1778100050795433,1790685766.625466,1625,tx,52594.4,108.2,180.4,,,1,0,0,1
1778100194749942,1790685766.769420,1769,tx,52486.5,68.7,161.3,,,1,0,0,1
1778100338240580,1790685766.912911,1912,tx,52572.1,395.7,471.2,,,1,0,0,1
1778100481676488,1790685767.056347,2056,tx,52458.9,102.7,174.4,,,1,0,0,1
1778100625311845,1790685767.199982,2199,tx,52395.6,281.1,358.0,,,1,0,0,1
1778100768558289,1790685767.343228,2343,tx,56102.8,74.1,160.1,,,1,0,0,1
1778100911636169,1790685767.486306,2486,tx,52594.7,73.3,174.9,,,1,0,0,1
1778101055586675,1790685767.630257,2630,tx,52654.3,80.3,168.2,,,1,0,0,1
1778101199387947,1790685767.774058,2774,tx,52310.6,189.0,302.7,,,1,0,0,1
1778101342918310,1790685767.917588,2917,tx,52674.6,90.7,186.9,,,1,0,0,1
1778101486396573,1790685768.061066,3061,tx,52427.5,224.5,325.0,,,1,0,0,1
1778101630454943,1790685768.205125,3205,tx,52722.0,208.3,309.5,,,1,0,0,1
1778101773909546,1790685768.348580,3348,tx,51601.8,114.1,248.5,,,1,0,0,1
1778101916360210,1790685768.491030,3491,tx,52979.8,269.6,393.4,,,1,0,0,1
1778102060709691,1790685768.635380,3635,tx,52691.0,84.8,166.7,,,1,0,0,1
1778102204387604,1790685768.779058,3779,tx,52405.8,233.6,342.0,,,1,0,0,1
1778102347612449,1790685768.922282,3922,tx,52339.8,109.1,201.3,,,1,0,0,1
1778102490684049,1790685769.065354,4065,tx,51733.6,113.7,225.5,,,1,0,0,1
1778102634164632,1790685769.208835,4208,tx,52012.9,424.0,520.0,,,1,0,0,1
1778102776829873,1790685769.351500,4351,tx,52754.5,85.5,183.8,,,1,0,0,1
1778102920718873,1790685769.495389,4495,tx,52707.3,79.5,195.5,,,1,0,0,1
1778103064760705,1790685769.639431,4639,tx,52685.7,78.1,171.1,,,1,0,0,1
1778103208021504,1790685769.782691,4782,tx,52394.7,115.7,211.0,,,1,0,0,1
1778103351342085,1790685769.926012,4926,tx,53996.7,293.9,402.8,,,1,0,0,1
1778103495548462,1790685770.070218,5070,tx,52624.2,110.7,246.3,,,1,0,0,1
1778103638869927,1790685770.213540,5213,tx,52474.2,112.2,196.5,,,1,0,0,1
1778103781947991,1790685770.356618,5356,tx,52312.1,110.1,213.7,,,1,0,0,1
1778103924875824,1790685770.499546,5499,tx,52698.7,116.2,237.0,,,1,0,0,1
1778104068613645,1790685770.643284,5643,tx,52629.7,109.8,221.3,,,1,0,0,1
1778104212579003,1790685770.787249,5787,tx,52334.4,88.1,177.2,,,1,0,0,1
1778104355617784,1790685770.930288,5930,tx,59019.4,111.8,243.1,,,1,0,0,1
1778104499640948,1790685771.074311,6074,tx,52623.8,119.4,221.2,,,1,0,0,1
1778104643270888,1790685771.217941,6217,tx,52431.6,223.6,331.9,,,1,0,0,1
1778104786344804,1790685771.361015,6361,tx,52222.2,131.1,255.9,,,1,0,0,1
1778104929956364,1790685771.504627,6504,tx,52388.1,86.1,189.7,,,1,0,0,1
1778105073257288,1790685771.647927,6647,tx,52369.7,248.0,361.1,,,1,0,0,1
1778105217241609,1790685771.791912,6791,tx,52401.5,260.3,357.8,,,1,0,0,1
1778105361225788,1790685771.935896,6935,tx,52510.0,267.7,381.8,,,1,0,0,1
1778105505179980,1790685772.079850,7079,tx,54777.1,311.6,402.3,,,1,0,0,1
1778105651170051,1790685772.225840,7225,tx,52313.1,107.3,205.4,,,1,0,0,1
1778105794916806,1790685772.369587,7369,tx,52378.0,122.3,239.8,,,1,0,0,1
1778105937744859,1790685772.512415,7512,tx,52356.5,101.8,193.1,,,1,0,0,1
1778106081211471,1790685772.655881,7655,tx,52430.5,303.5,403.5,,,1,0,0,1
1778106224232429,1790685772.798903,7798,tx,52410.9,285.8,378.6,,,1,0,0,1
1778106368035518,1790685772.942705,7942,tx,52329.5,109.4,235.9,,,1,0,0,1
1778106511876633,1790685773.086547,8086,tx,52648.9,285.9,387.2,,,1,0,0,1
1778106655961593,1790685773.230631,8230,tx,52564.9,108.5,205.4,,,1,0,0,1
1778106799970140,1790685773.374640,8374,tx,55907.4,104.0,229.3,,,1,0,0,1
1778106946353445,1790685773.521023,8521,tx,52409.0,160.1,273.3,,,1,0,0,1
1778107089692642,1790685773.664362,8664,tx,52705.3,80.1,193.2,,,1,0,0,1
1778107234850067,1790685773.809520,8809,tx,52646.9,117.1,227.3,,,1,0,0,1
1778107378875335,1790685773.953545,8953,tx,52630.5,136.3,256.3,,,1,0,0,1
1778107522890114,1790685774.097560,9097,tx,52483.3,108.0,230.9,,,1,0,0,1
1778107666893526,1790685774.241563,9241,tx,52524.0,91.4,208.6,,,1,0,0,1
1778107810274858,1790685774.384945,9384,tx,52533.4,251.7,344.7,,,1,0,0,1
1778107953519336,1790685774.528189,9528,tx,60057.4,109.5,231.7,,,1,0,0,1
1778108096647931,1790685774.671318,9671,tx,51439.3,110.0,236.5,,,1,0,0,1
1778108238741634,1790685774.813411,9813,tx,52486.2,76.6,174.6,,,1,0,0,1
1778108381817950,1790685774.956488,9956,tx,52626.4,87.9,192.0,,,1,0,0,1
1778108525028102,1790685775.099698,10099,tx,52502.8,80.2,169.3,,,1,0,0,1
1778108667902115,1790685775.242572,10242,tx,52506.5,79.9,154.6,,,1,0,0,1
1778108811613318,1790685775.386283,10386,tx,52277.2,99.4,183.9,,,1,0,0,1
1778108955217690,1790685775.529888,10529,tx,52566.3,303.8,434.9,,,1,0,0,1
1778109098738207,1790685775.673408,10673,tx,52415.9,80.4,202.3,,,1,0,0,1
1778109242617868,1790685775.817288,10817,tx,52304.8,84.6,184.9,,,1,0,0,1
1778109386230571,1790685775.960900,10960,tx,52501.0,305.2,404.7,,,1,0,0,1
1778109530314278,1790685776.104984,11104,tx,52477.3,224.9,338.5,,,1,0,0,1
1778109674366881,1790685776.249037,11249,tx,52488.3,197.6,296.8,,,1,0,0,1
1778109818303920,1790685776.392974,11392,tx,52458.7,222.2,348.4,,,1,0,0,1
1778109962279371,1790685776.536949,11536,tx,52494.9,282.2,385.2,,,1,0,0,1
1778110105580178,1790685776.680250,11680,tx,52597.1,111.7,245.0,,,1,0,0,1
1778110248747100,1790685776.823417,11823,tx,54458.1,129.8,265.8,,,1,0,0,1
1778110391903423,1790685776.966573,11966,tx,52529.1,89.0,171.9,,,1,0,0,1
1778110535537096,1790685777.110207,12110,tx,52489.3,78.6,172.2,,,1,0,0,1
1778110678608469,1790685777.253278,12253,tx,52334.9,88.5,183.3,,,1,0,0,1
1778110822264064,1790685777.396934,12396,tx,52539.3,263.6,372.7,,,1,0,0,1
1778110965398210,1790685777.540068,12540,tx,52495.2,150.4,272.7,,,1,0,0,1
1778111109315508,1790685777.683985,12683,tx,52527.4,232.6,333.0,,,1,0,0,1
1778111253270806,1790685777.827941,12827,tx,52352.4,241.9,331.8,,,1,0,0,1
1778111396579930,1790685777.971249,12971,tx,52261.9,80.1,175.3,,,1,0,0,1
1778111539886849,1790685778.114557,13114,tx,58077.7,119.9,210.3,,,1,0,0,1
1778111683078487,1790685778.257748,13257,tx,51614.7,119.6,237.4,,,1,0,0,1
1778111825996460,1790685778.400666,13400,tx,51513.4,80.7,206.9,,,1,0,0,1
1778111968907226,1790685778.543577,13543,tx,52493.5,112.0,231.6,,134268.6,1,0,0,1
1778112113316685,1790685778.687987,13687,idle,59561.3,79.3,735.3,,,0,0,0,0
1778112253751348,1790685778.828421,13828,idle,52143.3,77.0,150.0,,,0,0,0,0
1778112416493659,1790685778.991164,13991,idle,1702.5,261.9,312.0,,,0,0,0,0
1778112555661345,1790685779.130331,14130,idle,1148.0,102.7,206.3,,,0,0,0,0
1778112695734997,1790685779.270405,14270,idle,1089.2,70.9,183.1,,,0,0,0,0
1778112835700651,1790685779.410371,14410,idle,916.0,83.2,162.6,,,0,0,0,0
1778112975728236,1790685779.550398,14550,idle,1063.9,88.9,198.2,,,0,0,0,0
1778113114887500,1790685779.689558,14689,idle,1279.4,81.8,168.0,,,0,0,0,0
1778113255846930,1790685779.830517,14830,idle,1299.0,80.5,144.8,,,0,0,0,0
1778113394959236,1790685779.969629,14969,idle,1692.9,80.8,182.5,,,0,0,0,0
1778113535796229,1790685780.110466,110,idle,955.1,76.5,178.8,,,0,0,0,0
1778113675801197,1790685780.250471,250,idle,1016.4,78.8,209.4,,,0,0,0,0
1778113815772078,1790685780.390442,390,idle,1030.1,93.6,206.9,,,0,0,0,0
1778113955789450,1790685780.530459,530,idle,951.7,83.0,183.3,,,0,0,0,0
1778114095742111,1790685780.670412,670,idle,967.2,73.3,190.4,,,0,0,0,0
1778114235274619,1790685780.809945,809,idle,1593.3,430.9,565.9,,,0,0,0,0
1778114375512013,1790685780.950182,950,idle,1035.2,224.7,325.1,,,0,0,0,0
1778114515134443,1790685781.089804,1089,idle,1233.1,81.4,162.3,,,0,0,0,0
1778114655043926,1790685781.229714,1229,idle,1234.6,93.5,163.8,,,0,0,0,0
1778114795275606,1790685781.369946,1369,idle,1127.3,90.5,174.9,,,0,0,0,0
1778114934810905,1790685781.509481,1509,idle,887.5,76.3,147.2,,,0,0,0,0
1778115075929571,1790685781.650600,1650,idle,1268.9,79.7,175.2,,,0,0,0,0
1778115215620005,1790685781.790290,1790,idle,881.1,129.7,196.3,,,0,0,0,0
1778115355490998,1790685781.930161,1930,idle,1074.4,251.8,357.8,,,0,0,0,0
1778115495216731,1790685782.069887,2069,idle,1238.0,104.4,193.2,,,0,0,0,0
1778115635647537,1790685782.210318,2210,idle,982.7,123.4,200.1,,,0,0,0,0
1778115775549661,1790685782.350220,2350,idle,997.5,213.6,302.9,,,0,0,0,0
1778115915761498,1790685782.490432,2490,idle,1027.6,80.2,199.1,,,0,0,0,0
1778116055740536,1790685782.630410,2630,idle,929.8,78.1,179.3,,,0,0,0,0
1778116195657022,1790685782.770327,2770,idle,975.4,79.5,186.0,,,0,0,0,0
1778116335706294,1790685782.910376,2910,idle,930.3,103.2,201.0,,,0,0,0,0
1778116475214339,1790685783.049884,3049,idle,1223.1,105.8,206.3,,,0,0,0,0
1778116615832386,1790685783.190502,3190,idle,1374.8,94.4,184.0,,,0,0,0,0
1778116754914830,1790685783.329585,3329,idle,1299.2,76.6,170.4,,,0,0,0,0
1778116895631035,1790685783.470301,3470,idle,1009.0,131.7,200.2,,,0,0,0,0
1778117035151633,1790685783.609822,3609,idle,1135.5,77.5,178.4,,,0,0,0,0
1778117174801209,1790685783.749471,3749,idle,814.6,83.0,153.8,,,0,0,0,0
1778117315141138,1790685783.889811,3889,idle,934.8,74.1,142.4,,,0,0,0,0
1778117455133313,1790685784.029803,4029,idle,1014.8,82.0,152.4,,,0,0,0,0
1778117595173877,1790685784.169844,4169,idle,898.2,79.5,159.0,,,0,0,0,0
1778117735142254,1790685784.309812,4309,idle,958.6,83.5,150.1,,,0,0,0,0
1778117875608911,1790685784.450279,4450,idle,894.8,77.6,163.1,,,0,0,0,0
1778118015734514,1790685784.590405,4590,idle,920.0,85.9,182.7,,,0,0,0,0
1778118155551560,1790685784.730222,4730,idle,907.3,96.8,211.0,,,0,0,0,0
1778118295599078,1790685784.870269,4870,idle,973.3,104.8,204.3,,,0,0,0,0
1778118435014223,1790685785.009684,5009,idle,1165.1,110.4,180.5,,,0,0,0,0
1778118574892698,1790685785.149563,5149,idle,1235.6,108.4,223.2,,,0,0,0,0
1778118715226105,1790685785.289896,5289,idle,1225.6,110.1,224.6,,,0,0,0,0
1778118855607235,1790685785.430277,5430,idle,937.4,106.7,205.1,,,0,0,0,0
1778118994810342,1790685785.569480,5569,idle,856.7,75.9,170.7,,,0,0,0,0
1778119135918742,1790685785.710589,5710,idle,1241.8,113.8,228.9,,,0,0,0,0
1778119275183008,1790685785.849853,5849,idle,1059.5,81.4,159.7,,,0,0,0,0
1778119415628513,1790685785.990298,5990,idle,859.8,77.3,148.9,,,0,0,0,0
1778119555049974,1790685786.129720,6129,idle,1109.9,108.5,196.9,,,0,0,0,0
1778119695594066,1790685786.270264,6270,idle,938.3,107.6,200.8,,,0,0,0,0
1778119834947948,1790685786.409618,6409,idle,841.1,81.8,156.6,,,0,0,0,0
1778119975169095,1790685786.549839,6549,idle,1133.9,93.0,169.7,,,0,0,0,0
1778120114997428,1790685786.689667,6689,idle,1208.0,108.5,240.0,,,0,0,0,0
1778120255638502,1790685786.830309,6830,idle,1119.4,139.9,250.7,,,0,0,0,0
1778120395191647,1790685786.969862,6969,idle,1258.9,132.8,231.7,,,0,0,0,0
1778120535818583,1790685787.110489,7110,idle,1353.0,132.6,251.7,,,0,0,0,0
1778120675720324,1790685787.250390,7250,idle,1003.7,111.3,204.8,,,0,0,0,0
1778120815266507,1790685787.389936,7389,idle,1202.8,133.8,252.9,,,0,0,0,0
1778120954806970,1790685787.529477,7529,idle,1057.1,132.1,235.2,,,0,0,0,0
1778121095625370,1790685787.670295,7670,idle,1001.1,72.8,181.6,,,0,0,0,0
1778121234871232,1790685787.809541,7809,idle,1016.9,102.6,201.3,,,0,0,0,0
1778121375164073,1790685787.949834,7949,idle,1036.0,103.6,216.2,,,0,0,0,0
1778121515568914,1790685788.090239,8090,idle,1071.9,106.1,232.7,,,0,0,0,0
1778121655239759,1790685788.229910,8229,idle,1247.2,104.9,212.8,,,0,0,0,0
1778121794940798,1790685788.369611,8369,idle,1441.0,115.8,240.2,,,0,0,0,0
1778121935717034,1790685788.510387,8510,idle,1063.6,130.5,214.7,,,0,0,0,0
1778122075484849,1790685788.650155,8650,idle,911.2,224.3,287.9,,,0,0,0,0
1778122215034571,1790685788.789705,8789,idle,1154.4,130.8,223.3,,,0,0,0,0
1778122355071964,1790685788.929742,8929,idle,1173.7,104.5,203.2,,,0,0,0,0
1778122495765542,1790685789.070436,9070,idle,891.6,78.6,164.8,,,0,0,0,0
1778122635768898,1790685789.210439,9210,idle,1080.0,81.0,185.0,,,0,0,0,0
1778122775307523,1790685789.349977,9349,idle,1155.4,112.8,202.3,,,0,0,0,0
1778122915962045,1790685789.490632,9490,idle,1215.5,111.6,211.7,,,0,0,0,0
1778123054887538,1790685789.629558,9629,idle,1281.7,95.7,172.0,,,0,0,0,0
1778123195332005,1790685789.770002,9770,idle,1064.6,103.4,180.2,,,0,0,0,0
1778123335042870,1790685789.909713,9909,idle,1320.3,92.2,197.6,,,0,0,0,0
1778123475604848,1790685790.050275,10050,idle,917.8,98.8,165.1,,,0,0,0,0
1778123615083305,1790685790.189753,10189,idle,1125.3,118.1,192.8,,,0,0,0,0
1778123755462511,1790685790.330132,10330,idle,993.3,226.4,305.3,,,0,0,0,0
1778123894944365,1790685790.469614,10469,idle,1285.7,110.4,226.3,,,0,0,0,0
1778124037959345,1790685790.612629,10612,idle,1298.4,79.5,200.6,,,0,0,0,0
1778124175701127,1790685790.750371,10750,idle,1730.5,87.7,199.3,,,0,0,0,0
1778124315303893,1790685790.889974,10889,idle,1517.0,82.7,195.9,,,0,0,0,0
1778124455816879,1790685791.030487,11030,idle,980.1,74.4,160.8,,,0,0,0,0
1778124595605456,1790685791.170275,11170,idle,1010.1,137.6,236.1,,,0,0,0,0
1778124734977672,1790685791.309648,11309,idle,954.1,104.9,203.8,,,0,0,0,0
1778124875897222,1790685791.450567,11450,idle,922.5,80.4,151.6,,,0,0,0,0
1778125015627647,1790685791.590297,11590,idle,920.0,99.9,198.8,,,0,0,0,0
1778125155666505,1790685791.730336,11730,idle,994.4,78.9,159.2,,,0,0,0,0
1778125295089270,1790685791.869759,11869,decode,1134.3,90.4,203.5,,,0,0,1,0
1778125435235496,1790685792.009905,12009,idle,928.1,81.1,169.6,,,0,0,0,0
1778125575144389,1790685792.149815,12149,idle,1082.2,79.4,147.5,,,0,0,0,0
1778125715810861,1790685792.290481,12290,idle,873.6,77.4,143.8,,,0,0,0,0
1778125855359344,1790685792.430029,12430,idle,1079.3,101.0,209.0,,,0,0,0,0
1778125995047582,1790685792.569717,12569,idle,1180.6,84.6,197.7,,,0,0,0,0
1778126135183215,1790685792.709853,12709,idle,1122.9,104.6,199.4,,,0,0,0,0
1778126275740630,1790685792.850410,12850,idle,924.3,75.1,178.3,,,0,0,0,0
1778126417060187,1790685792.991730,12991,idle,7904.9,86.6,3082.9,,,0,0,0,0
1778126556178963,1790685793.130849,13130,idle,4958.6,85.4,956.4,,,0,0,0,0
1778126698722007,1790685793.273392,13273,idle,24402.8,2969.3,6295.2,,,0,0,0,0
1778126845243399,1790685793.419913,13419,idle,4815.9,83.5,1864.0,,,0,0,0,0
1778126983205019,1790685793.557875,13557,decode,4192.6,239.2,3094.7,,,0,0,1,0
1778127125862312,1790685793.700532,13700,idle,6793.7,84.0,1159.7,,,0,0,0,0
1778127267825058,1790685793.842495,13842,idle,7861.4,982.4,4229.7,,,0,0,0,0
1778127405052230,1790685793.979722,13979,idle,12135.3,75.1,2057.3,,,0,0,0,0
1778127545279121,1790685794.119949,14119,idle,7208.9,76.2,3650.2,,,0,0,0,0
1778127685787530,1790685794.260458,14260,idle,7323.8,147.1,3412.4,,,0,0,0,0
1778127832435991,1790685794.407105,14407,decode,11171.8,637.2,4250.2,,,0,0,1,0
1778127975740478,1790685794.550410,14550,idle,989.5,75.9,197.5,,,0,0,0,0
1778128116391263,1790685794.691061,14691,idle,1174.2,98.2,196.4,,,0,0,0,0
1778128255211491,1790685794.829881,14829,idle,4948.9,81.3,2072.4,,,0,0,0,0
1778128395057854,1790685794.969728,14969,idle,5064.5,83.0,3075.9,,,0,0,0,0
1778128620979620,1790685795.195650,195,tx,58120.6,524.4,3597.7,,,1,0,0,1
1778128759765199,1790685795.334435,334,tx,53355.9,83.1,169.9,,,1,0,0,1
1778128905110995,1790685795.479781,479,tx,59029.8,400.1,2855.7,,,1,0,0,1
1778129045477595,1790685795.620147,620,tx,55606.5,389.0,493.3,,,1,0,0,1
1778129191419195,1790685795.766089,766,tx,66695.8,427.5,537.7,,,1,0,0,1
1778129337553838,1790685795.912224,912,tx,53552.8,244.7,408.0,,,1,0,0,1
1778129482578864,1790685796.057249,1057,tx,53204.0,129.6,392.5,,,1,0,0,1
1778129626868422,1790685796.201538,1201,tx,63449.4,77.7,3265.3,,,1,0,0,1
1778129771668564,1790685796.346339,1346,tx,57658.0,78.6,3467.6,,,1,0,0,1
1778129908767497,1790685796.483437,1483,tx,58430.5,2973.2,6252.8,,,1,0,0,1
1778130047694638,1790685796.622365,1622,tx,58632.5,79.4,3444.2,,,1,0,0,1
1778130194132479,1790685796.768802,1768,tx,55415.4,91.3,3006.8,,,1,0,0,1
1778130331539221,1790685796.906209,1906,tx,57558.3,88.8,504.6,,,1,0,0,1
1778130475242392,1790685797.049912,2049,tx,63423.0,369.3,725.2,,,1,0,0,1
1778130620318519,1790685797.194988,2194,tx,52843.8,142.2,231.9,,,1,0,0,1
1778130765492981,1790685797.340163,2340,tx,66293.2,90.9,3654.0,,,1,0,0,1
1778130906973556,1790685797.481643,2481,tx,59036.0,80.4,3168.8,,,1,0,0,1
1778131046983573,1790685797.621654,2621,tx,62692.9,83.1,3161.0,,,1,0,0,1
1778131193650337,1790685797.768320,2768,tx,56454.0,75.2,1623.4,,,1,0,0,1
1778131338573674,1790685797.913244,2913,tx,53999.9,300.8,425.0,,,1,0,0,1
1778131483516328,1790685798.058186,3058,tx,54810.9,80.0,1660.7,,,1,0,0,1
1778131628689869,1790685798.203360,3203,tx,59091.6,187.2,319.7,,,1,0,0,1
1778131769520582,1790685798.344190,3344,tx,56769.3,368.0,472.8,,,1,0,0,1
1778131906811351,1790685798.481481,3481,tx,62010.8,2900.2,6141.3,,,1,0,0,1
1778132049855671,1790685798.624526,3624,tx,59380.0,75.4,3284.6,,,1,0,0,1
1778132196647942,1790685798.771318,3771,tx,67673.8,171.8,3349.6,,,1,0,0,1
1778132334830715,1790685798.909501,3909,tx,56409.3,82.2,3328.5,,,1,0,0,1
1778132481689919,1790685799.056360,4056,tx,55467.7,315.8,2160.5,,,1,0,0,1
1778132627653443,1790685799.202323,4202,tx,52611.6,78.4,487.1,,,1,0,0,1
1778132771083747,1790685799.345754,4345,tx,93139.0,85.1,182.1,,,1,0,0,1
1778132912994054,1790685799.487664,4487,tx,54919.3,418.2,1004.4,,,1,0,0,1
1778133050265800,1790685799.624935,4624,tx,62628.2,331.5,2755.3,,,1,0,0,1
1778133191954159,1790685799.766624,4766,tx,57237.9,83.6,3605.8,,,1,0,0,1
1778133332575066,1790685799.907245,4907,tx,60161.1,3631.8,7447.6,,,1,0,0,1
1778133473713119,1790685800.048383,5048,tx,56110.2,92.0,3426.0,,,1,0,0,1
1778133620674889,1790685800.195345,5195,tx,56012.8,101.8,3478.8,,,1,0,0,1
1778133758833970,1790685800.333504,5333,tx,52277.5,101.9,198.6,,,1,0,0,1
1778133904865162,1790685800.479535,5479,tx,58660.9,92.8,2296.9,,,1,0,0,1
1778134044614394,1790685800.619284,5619,tx,60774.9,155.6,3595.4,,,1,0,0,1
1778134181968054,1790685800.756638,5756,tx,56828.3,88.4,3190.1,,,1,0,0,1
1778134321134928,1790685800.895805,5895,tx,57254.7,88.5,3010.9,,,1,0,0,1
1778134459072464,1790685801.033742,6033,tx,64331.8,86.9,2986.7,,,1,0,0,1
1778134596125451,1790685801.170795,6170,tx,56506.4,1946.8,2891.8,,,1,0,0,1
1778134743156972,1790685801.317827,6317,tx,54755.2,88.4,2980.6,,,1,0,0,1
1778134888989076,1790685801.463659,6463,tx,56884.2,88.1,3172.4,,,1,0,0,1
1778135033371265,1790685801.608041,6608,tx,56915.1,2821.4,3653.8,,,1,0,0,1
1778135170981942,1790685801.745652,6745,tx,55096.3,83.5,1177.8,,,1,0,0,1
1778135313136858,1790685801.887807,6887,tx,55337.2,509.0,1679.9,,,1,0,0,1
1778135450965524,1790685802.025635,7025,tx,65872.5,95.8,1239.6,,,1,0,0,1
1778135596650120,1790685802.171320,7171,tx,54314.6,496.7,1909.3,,,1,0,0,1
1778135735650707,1790685802.310321,7310,tx,58425.8,95.4,3512.1,,,1,0,0,1
1778135874748732,1790685802.449419,7449,tx,56886.4,952.4,4271.4,,,1,0,0,1
1778136012707768,1790685802.587377,7587,tx,57964.9,91.3,1452.9,,,1,0,0,1
1778136151496191,1790685802.726166,7726,tx,55588.0,99.7,2664.7,,,1,0,0,1
1778136298590022,1790685802.873260,7873,tx,106331.8,90.1,583.5,,,1,0,0,1
1778136442930436,1790685803.017600,8017,tx,52809.1,98.0,224.8,,,1,0,0,1
1778136586821972,1790685803.161492,8161,tx,54283.0,554.6,806.6,,,1,0,0,1
1778136729328978,1790685803.303999,8303,tx,53656.5,334.9,684.1,,,1,0,0,1
1778136873630203,1790685803.448300,8448,tx,73904.0,609.8,1009.8,,,1,0,0,1
1778137018384498,1790685803.593054,8593,tx,56422.6,89.5,3768.7,,,1,0,0,1
1778137157348379,1790685803.732018,8732,tx,57511.6,146.6,3560.0,,,1,0,0,1
1778137294496464,1790685803.869166,8869,tx,53467.3,285.9,414.2,,,1,0,0,1
1778137440607854,1790685804.015278,9015,tx,52673.8,101.2,314.4,,,1,0,0,1
1778137584631304,1790685804.159301,9159,tx,54686.1,80.2,1520.6,,,1,0,0,1
1778137729368755,1790685804.304039,9304,tx,52272.1,95.8,213.5,,,1,0,0,1
1778137872502396,1790685804.447172,9447,tx,54076.8,110.6,1665.9,,,1,0,0,1
1778138018582117,1790685804.593252,9593,tx,54060.4,122.5,1592.0,,,1,0,0,1
1778138163918831,1790685804.738589,9738,tx,55744.3,90.6,3231.0,,,1,0,0,1
1778138302023735,1790685804.876693,9876,tx,64621.3,174.1,3205.3,,,1,0,0,1
1778138448143025,1790685805.022813,10022,tx,63039.7,86.6,3003.0,,,1,0,0,1
1778138588581130,1790685805.163251,10163,tx,54519.6,94.2,1582.8,,,1,0,0,1
1778138729302734,1790685805.303972,10303,tx,57557.1,79.4,3826.3,,,1,0,0,1
1778138867532984,1790685805.442203,10442,tx,58089.5,87.0,3625.7,,,1,0,0,1
1778139006618036,1790685805.581288,10581,tx,59077.7,100.4,1620.4,,,1,0,0,1
1778139145342695,1790685805.720012,10720,tx,62815.4,100.5,3818.4,,,1,0,0,1
1778139285165577,1790685805.859835,10859,tx,54926.4,91.6,2233.3,,,1,0,0,1
1778139425315198,1790685805.999985,10999,tx,57073.4,579.7,4374.6,,,1,0,0,1
1778139563980767,1790685806.138651,11138,tx,55761.4,257.1,815.4,,,1,0,0,1
1778139704160782,1790685806.278831,11278,tx,57598.7,98.0,3003.1,,,1,0,0,1
1778139843170345,1790685806.417840,11417,tx,87092.6,106.2,3006.4,,,1,0,0,1
1778139981616573,1790685806.556287,11556,tx,54482.0,97.7,1818.7,,,1,0,0,1
1778140127399005,1790685806.702069,11702,tx,57134.1,95.6,222.4,,,1,0,0,1
1778140265048223,1790685806.839718,11839,tx,56098.5,157.9,3245.6,,,1,0,0,1
1778140402566351,1790685806.977236,11977,tx,67021.2,92.0,8649.7,,,1,0,0,1
1778140540497508,1790685807.115167,12115,tx,55028.6,1959.8,2424.6,,,1,0,0,1
1778140686741821,1790685807.261412,12261,tx,55814.5,85.5,3407.5,,,1,0,0,1
1778140829456555,1790685807.404126,12404,tx,57388.7,90.8,3684.6,,,1,0,0,1
1778140973160234,1790685807.547829,12547,tx,62703.4,93.4,3016.4,,,1,0,0,1
1778141116147153,1790685807.690817,12690,tx,55473.6,90.8,3009.0,,,1,0,0,1
1778141253458611,1790685807.828129,12828,tx,56151.2,87.7,3857.2,,,1,0,0,1
1778141390926398,1790685807.965596,12965,tx,58042.8,83.8,3213.7,,,1,0,0,1
1778141533611458,1790685808.108281,13108,tx,56051.1,88.0,3542.8,,,1,0,0,1
1778141671591168,1790685808.246260,13246,tx,55477.0,125.8,2359.7,,,1,0,0,1
1778141808834609,1790685808.383504,13383,tx,63952.1,86.9,2505.5,,,1,0,0,1
1778141967012300,1790685808.541670,13541,tx,57612.5,93.9,3144.9,,144977.0,1,0,0,1
1778142105517122,1790685808.680187,13680,tx,74429.1,82.4,3620.7,,,0,0,0,0
1778142250328169,1790685808.824998,13824,idle,61115.5,101.1,2857.8,,,0,0,0,0
1778142436184393,1790685809.010854,14010,idle,14840.5,89.6,2383.5,,,0,0,0,0
1778142579370845,1790685809.154041,14154,idle,8558.1,86.4,2156.9,,,0,0,0,0
1778142717448131,1790685809.292118,14292,idle,5700.6,81.1,2017.4,,,0,0,0,0
1778142857289834,1790685809.431960,14431,idle,5411.5,80.6,3865.3,,,0,0,0,0
1778142996965883,1790685809.571636,14571,idle,17080.5,95.5,3200.9,,,0,0,0,0
1778143137576058,1790685809.712246,14712,idle,5703.1,79.2,3556.8,,,0,0,0,0
1778143280165204,1790685809.854835,14854,idle,9892.4,87.9,194.1,,,0,0,0,0
1778143422306918,1790685809.996977,14996,idle,1759.0,81.3,857.4,,,0,0,0,0
1778143559311923,1790685810.133982,133,idle,4664.7,84.7,1917.7,,,0,0,0,0
1778143697569635,1790685810.272239,272,idle,18798.8,424.9,538.0,,,0,0,0,0
1778143837345217,1790685810.412015,412,idle,9082.7,1878.3,5675.3,,,0,0,0,0
1778143977087544,1790685810.551758,551,idle,3967.3,91.8,3016.6,,,0,0,0,0
1778144118871954,1790685810.693542,693,idle,2201.9,418.4,1242.6,,,0,0,0,0
1778144261186050,1790685810.835856,835,idle,11355.5,385.0,3557.7,,,0,0,0,0
1778144398187046,1790685810.972857,972,idle,10968.9,80.8,4976.8,,,0,0,0,0
1778144535226558,1790685811.109896,1109,idle,7903.2,83.0,183.7,,,0,0,0,0
1778144677131765,1790685811.251801,1251,idle,4338.9,80.2,2200.8,,,0,0,0,0
1778144817535926,1790685811.392206,1392,idle,2574.8,84.2,199.8,,,0,0,0,0
1778144958466445,1790685811.533136,1533,idle,9702.2,2952.6,8555.9,,,0,0,0,0
1778145097356481,1790685811.672026,1672,idle,8094.8,1363.9,4748.6,,,0,0,0,0
1778145238857577,1790685811.813528,1813,idle,1572.6,153.5,264.2,,,0,0,0,0
1778145376783971,1790685811.951454,1951,idle,1154.2,77.4,386.5,,,0,0,0,0
1778145516703099,1790685812.091372,2091,idle,6598.0,315.1,428.8,,,0,0,0,0
1778145658291817,1790685812.232962,2232,idle,1736.9,89.7,193.0,,,0,0,0,0
1778145797959055,1790685812.372629,2372,idle,1597.4,86.7,469.1,,,0,0,0,0
1778145941064979,1790685812.515734,2515,idle,2136.1,86.8,214.8,,,0,0,0,0
1778146087663480,1790685812.662333,2662,idle,7638.9,356.1,470.0,,,0,0,0,0
1778146230822976,1790685812.805493,2805,idle,7220.9,89.1,3345.3,,,0,0,0,0
1778146379487900,1790685812.954158,2954,idle,7755.3,105.4,211.9,,,0,0,0,0
1778146523160666,1790685813.097830,3097,idle,8366.0,190.0,5099.9,,,0,0,0,0
1778146668915557,1790685813.243586,3243,idle,6762.3,87.0,1231.2,,,0,0,0,0
1778146827728199,1790685813.402398,3402,idle,15379.9,99.7,5414.4,,,0,0,0,0
1778146967945579,1790685813.542615,3542,idle,1007.6,93.1,211.3,,,0,0,0,0
1778147107340881,1790685813.682011,3682,idle,10119.2,81.7,1128.4,,,0,0,0,0
1778147247438831,1790685813.822109,3822,idle,2375.4,99.9,1578.6,,,0,0,0,0
1778147387325076,1790685813.961995,3961,idle,5039.8,91.1,189.6,,,0,0,0,0
1778147532410560,1790685814.107080,4107,idle,9861.2,98.0,3805.8,,,0,0,0,0
1778147670175623,1790685814.244845,4244,idle,6364.9,993.3,3878.1,,,0,0,0,0
1778147816972955,1790685814.391643,4391,idle,1246.8,106.4,226.7,,,0,0,0,0
1778147957522652,1790685814.532192,4532,idle,10711.5,91.1,3640.2,,,0,0,0,0
1778148099642333,1790685814.674312,4674,idle,8045.3,87.8,463.4,,,0,0,0,0
1778148243832530,1790685814.818502,4818,idle,1101.4,89.0,285.4,,,0,0,0,0
1778148383473766,1790685814.958143,4958,idle,3640.8,89.4,2671.4,,,0,0,0,0
1778148527899619,1790685815.102570,5102,idle,2046.6,83.1,196.3,,,0,0,0,0
1778148667317073,1790685815.241987,5241,idle,6790.9,90.4,3832.5,,,0,0,0,0
1778148807237437,1790685815.381907,5381,idle,3869.4,83.9,175.5,,,0,0,0,0
1778148950788964,1790685815.525459,5525,idle,4318.3,564.8,822.1,,,0,0,0,0
1778149090897920,1790685815.665568,5665,idle,6184.0,195.3,3386.0,,,0,0,0,0
1778149237369229,1790685815.812039,5812,idle,8190.5,83.5,3773.1,,,0,0,0,0
1778149378058139,1790685815.952728,5952,idle,8042.9,82.7,193.8,,,0,0,0,0
1778149517590531,1790685816.092260,6092,idle,21350.6,616.1,4080.8,,,0,0,0,0
1778149657538130,1790685816.232205,6232,idle,10670.3,84.8,3634.9,,,0,0,0,0
1778149800653948,1790685816.375324,6375,idle,19224.1,553.3,699.8,,,0,0,0,0
1778149941142265,1790685816.515812,6515,idle,1924.8,87.9,983.9,,,0,0,0,0
1778150087858301,1790685816.662528,6662,idle,9827.1,111.0,3693.0,,,0,0,0,0
1778150230806568,1790685816.805476,6805,idle,24094.6,1234.6,4489.9,,,0,0,0,0
1778150369278472,1790685816.943948,6943,idle,5601.7,109.6,2141.7,,,0,0,0,0
1778150511062219,1790685817.085732,7085,idle,16718.7,618.4,4611.5,,,0,0,0,0
1778150648596426,1790685817.223266,7223,idle,6694.7,345.6,3800.9,,,0,0,0,0
1778150787653125,1790685817.362323,7362,idle,5441.6,2801.6,3372.7,,,0,0,0,0
1778150930467874,1790685817.505138,7505,idle,13667.2,2672.0,3551.2,,,0,0,0,0
1778151077411044,1790685817.652081,7652,idle,2497.2,229.6,876.6,,,0,0,0,0
1778151217406604,1790685817.792077,7792,idle,3038.5,327.5,971.2,,,0,0,0,0
1778151358718577,1790685817.933388,7933,idle,10766.3,1493.3,4836.2,,,0,0,0,0
1778151497198945,1790685818.071869,8071,idle,1537.9,82.0,187.6,,,0,0,0,0
1778151639458821,1790685818.214129,8214,idle,5719.5,86.4,3686.2,,,0,0,0,0
1778151777415318,1790685818.352085,8352,idle,11746.1,84.3,3733.7,,,0,0,0,0
1778151918158136,1790685818.492828,8492,idle,4312.2,75.5,2967.3,,,0,0,0,0
1778152057566357,1790685818.632236,8632,idle,13740.2,230.1,3577.9,,,0,0,0,0
1778152197651297,1790685818.772321,8772,idle,16640.8,4913.8,8295.4,,,0,0,0,0
1778152335260717,1790685818.909930,8909,idle,9302.0,226.2,4037.0,,,0,0,0,0
1778152478323534,1790685819.052993,9052,idle,1540.7,90.5,183.8,,,0,0,0,0
1778152617357838,1790685819.192028,9192,idle,5759.3,87.9,3793.5,,,0,0,0,0
1778152757389480,1790685819.332059,9332,idle,1510.3,81.4,193.6,,,0,0,0,0
1778152897059119,1790685819.471729,9471,idle,16448.0,75.6,3078.3,,,0,0,0,0
1778153040257465,1790685819.614927,9614,idle,1582.5,80.4,206.8,,,0,0,0,0
1778153177713039,1790685819.752383,9752,idle,13364.6,432.4,3769.9,,,0,0,0,0
1778153317560171,1790685819.892230,9892,idle,1475.5,88.8,216.9,,,0,0,0,0
1778153457872180,1790685820.032542,10032,idle,12119.1,287.6,2198.7,,,0,0,0,0
1778153598521148,1790685820.173191,10173,idle,20844.0,2968.8,7513.8,,,0,0,0,0
1778153741095018,1790685820.315765,10315,idle,1227.4,87.3,213.8,,,0,0,0,0
1778153880169337,1790685820.454839,10454,idle,1446.9,84.3,190.8,,,0,0,0,0
1778154017386027,1790685820.592056,10592,idle,4732.2,86.4,184.2,,,0,0,0,0
1778154158852637,1790685820.733522,10733,idle,4773.4,82.9,3382.3,,,0,0,0,0
1778154297392072,1790685820.872062,10872,idle,1767.0,79.6,413.8,,,0,0,0,0
1778154439130874,1790685821.013801,11013,idle,2373.3,103.5,282.5,,,0,0,0,0
1778154577269116,1790685821.151939,11151,idle,3635.7,98.7,195.2,,,0,0,0,0
1778154719513010,1790685821.294183,11294,idle,3623.0,266.6,2547.7,,,0,0,0,0
1778154857398787,1790685821.432069,11432,idle,1662.6,99.9,780.3,,,0,0,0,0
1778155003188598,1790685821.577858,11577,idle,14103.3,84.1,1363.8,,,0,0,0,0
1778155146733348,1790685821.721403,11721,idle,1519.2,267.8,358.7,,,0,0,0,0
1778155287358479,1790685821.862028,11862,decode,4751.7,104.3,203.6,,,0,0,1,0
1778155429839017,1790685822.004509,12004,idle,15236.1,106.1,5033.4,,,0,0,0,0
1778155569743391,1790685822.144413,12144,idle,5354.5,83.8,3416.7,,,0,0,0,0
1778155709136511,1790685822.283807,12283,idle,9122.4,79.5,4464.3,,,0,0,0,0
1778155847122630,1790685822.421793,12421,idle,9918.3,75.4,192.7,,,0,0,0,0
1778155992162906,1790685822.566833,12566,idle,1365.8,90.3,554.5,,,0,0,0,0
1778156139079535,1790685822.713749,12713,idle,5441.2,87.8,1087.3,,,0,0,0,0
1778156277624463,1790685822.852294,12852,idle,8263.9,161.1,3590.7,,,0,0,0,0
1778156418592868,1790685822.993263,12993,idle,3867.3,847.2,2346.8,,,0,0,0,0
1778156557171474,1790685823.131841,13131,idle,3910.8,79.5,1994.6,,,0,0,0,0
1778156698311407,1790685823.272981,13272,idle,28553.0,82.0,2467.5,,,0,0,0,0
1778156837890834,1790685823.412561,13412,idle,13250.2,377.8,3569.7,,,0,0,0,0
1778156978118860,1790685823.552789,13552,idle,9028.8,98.4,6724.9,,,0,0,0,0
1778157121163467,1790685823.695833,13695,idle,2652.3,105.5,1063.7,,,0,0,0,0
1778157258930424,1790685823.833600,13833,idle,10685.9,2974.7,6101.1,,,0,0,0,0
1778157397836795,1790685823.972507,13972,idle,18363.9,145.5,6381.1,,,0,0,0,0
1778157536787278,1790685824.111457,14111,idle,10109.1,84.2,3368.0,,,0,0,0,0
1778157682709969,1790685824.257380,14257,idle,5738.0,665.6,1985.7,,,0,0,0,0
1778157828084356,1790685824.402754,14402,decode,6066.3,965.1,1933.5,,,0,0,1,0
1778157967762651,1790685824.542432,14542,idle,5340.5,274.0,3567.8,,,0,0,0,0
1778158107394622,1790685824.682064,14682,idle,14587.9,1389.5,2614.4,,,0,0,0,0
1778158247655780,1790685824.822326,14822,idle,5334.1,110.5,3522.3,,,0,0,0,0
1778158387309970,1790685824.961980,14961,idle,1661.8,220.3,810.9,,,0,0,0,0
1778158617497682,1790685825.192168,192,tx,66638.7,334.2,3317.8,,,1,0,0,1
1778158764088413,1790685825.338758,338,tx,56702.3,90.5,1389.5,,,1,0,0,1
1778158905112485,1790685825.479782,479,tx,67131.8,215.6,6155.7,,,1,0,0,1
1778159042984507,1790685825.617654,617,tx,56126.8,196.3,3275.3,,,1,0,0,1
1778159189996775,1790685825.764667,764,tx,54638.5,157.6,2276.2,,,1,0,0,1
1778159333071741,1790685825.907742,907,tx,54859.9,207.5,2194.0,,,1,0,0,1
1778159479264476,1790685826.053934,1053,tx,59660.3,197.7,2995.1,,,1,0,0,1
1778159621066577,1790685826.195736,1195,tx,58996.4,101.8,1634.3,,,1,0,0,1
1778159759706087,1790685826.334376,1334,tx,56764.7,961.4,5312.8,,,1,0,0,1
1778159898305333,1790685826.472975,1472,tx,69856.5,567.8,6335.3,,,1,0,0,1
1778160039820073,1790685826.614490,1614,tx,58040.7,207.2,3462.4,,,1,0,0,1
1778160178843312,1790685826.753513,1753,tx,62188.2,2949.3,3191.3,,,1,0,0,1
1778160318445534,1790685826.893114,1893,tx,59038.2,3534.6,6572.3,,,1,0,0,1
1778160458851308,1790685827.033521,2033,tx,56992.4,3224.6,4189.4,,,1,0,0,1
1778160597035921,1790685827.171706,2171,tx,60350.6,77.6,1369.9,,,1,0,0,1
1778160738838219,1790685827.313508,2313,tx,55800.5,296.6,433.1,,,1,0,0,1
1778160885829782,1790685827.460500,2460,tx,53797.5,215.0,455.0,,,1,0,0,1
1778161030061988,1790685827.604732,2604,tx,53273.5,76.8,287.3,,,1,0,0,1
1778161173603044,1790685827.748273,2748,tx,90772.9,216.9,695.8,,,1,0,0,1
1778161317362014,1790685827.892032,2892,tx,53097.3,74.4,185.3,,,1,0,0,1
1778161461274411,1790685828.035944,3035,tx,59609.8,82.7,3251.4,,,1,0,0,1
1778161598800723,1790685828.173470,3173,tx,63220.8,2976.2,9229.8,,,1,0,0,1
1778161743416421,1790685828.318086,3318,tx,56937.7,724.9,3231.3,,,1,0,0,1
1778161881335672,1790685828.456005,3456,tx,53806.7,80.6,440.0,,,1,0,0,1
1778162022440545,1790685828.597110,3597,tx,52904.2,89.3,197.8,,,1,0,0,1
