t_send_ns,t_unix,phase_ms,window,lat_status_us,lat_pin_us,lat_e2e_us,lat_rts_us,lat_unkey_us,was_tx,rts_before,decoding,transmitting
1775278554790093,1790682945.129460,129,tx,101507.4,77.7,166.4,,,1,0,0,1
1775278717016070,1790682945.291686,291,tx,52472.7,111.2,180.0,,,1,0,0,1
1775278860816476,1790682945.435486,435,tx,52735.0,86.1,193.4,,,1,0,0,1
1775279004714527,1790682945.579384,579,tx,56130.6,96.3,194.4,,,1,0,0,1
1775279141833342,1790682945.716503,716,tx,51760.4,92.6,205.8,,,1,0,0,1
1775279284269902,1790682945.858940,858,tx,52665.4,266.9,371.1,,,1,0,0,1
1775279428052529,1790682946.002722,1002,tx,53225.8,437.3,577.9,,,1,0,0,1
1775279572017351,1790682946.146687,1146,tx,52826.3,113.8,260.0,,,1,0,0,1
1775279715965388,1790682946.290635,1290,tx,52899.1,126.1,300.2,,,1,0,0,1
1775279860050044,1790682946.434720,1434,tx,53275.9,427.5,570.3,,,1,0,0,1
1775280004019541,1790682946.578689,1578,tx,55486.7,89.6,208.3,,,1,0,0,1
1775280150687455,1790682946.725358,1725,tx,52586.1,133.5,232.4,,,1,0,0,1
1775280294831574,1790682946.869501,1869,tx,53220.5,108.3,258.0,,,1,0,0,1
1775280438754202,1790682947.013424,2013,tx,52586.6,109.5,231.8,,,1,0,0,1
1775280583078771,1790682947.157748,2157,tx,53156.7,448.2,625.5,,,1,0,0,1
1775280726753369,1790682947.301423,2301,tx,52534.0,97.5,190.8,,,1,0,0,1
1775280871034386,1790682947.445704,2445,tx,53729.5,475.1,699.1,,,1,0,0,1
1775281015298548,1790682947.589969,2589,tx,52437.6,243.0,362.3,,,1,0,0,1
1775281159174182,1790682947.733844,2733,tx,52092.2,346.5,472.4,,,1,0,0,1
1775281301766265,1790682947.876436,2876,tx,52691.6,78.3,145.4,,,1,0,0,1
1775281445534961,1790682948.020204,3020,tx,52202.1,181.7,392.0,,,1,0,0,1
1775281589460875,1790682948.164131,3164,tx,52483.6,81.9,191.3,,,1,0,0,1
1775281727360921,1790682948.302030,3302,tx,53189.5,153.1,348.9,,,1,0,0,1
1775281871245723,1790682948.445916,3445,tx,53086.6,255.3,407.5,,,1,0,0,1
1775282010957393,1790682948.585627,3585,tx,52723.3,109.8,227.2,,,1,0,0,1
1775282154749979,1790682948.729419,3729,tx,51843.8,92.9,245.1,,,1,0,0,1
1775282298415890,1790682948.873085,3873,tx,52397.9,160.3,393.4,,,1,0,0,1
1775282442662613,1790682949.017332,4017,tx,51988.5,163.8,380.3,,,1,0,0,1
1775282586623987,1790682949.161294,4161,tx,52788.3,143.9,258.7,,,1,0,0,1
1775282730241572,1790682949.304912,4304,tx,52579.4,360.8,454.7,,,1,0,0,1
1775282874310310,1790682949.448979,4448,tx,53362.8,180.5,369.6,,,1,0,0,1
1775283018653803,1790682949.593324,4593,tx,52503.1,113.7,223.9,,,1,0,0,1
1775283162705718,1790682949.737375,4737,tx,51830.4,161.3,380.2,,,1,0,0,1
1775283305455427,1790682949.880126,4880,tx,52278.5,126.1,226.2,,,1,0,0,1
1775283448833220,1790682950.023503,5023,tx,51697.4,134.2,264.4,,,1,0,0,1
1775283591978192,1790682950.166648,5166,tx,53116.3,179.6,381.3,,,1,0,0,1
1775283736378260,1790682950.311048,5311,tx,52473.1,100.4,215.9,,,1,0,0,1
1775283879896700,1790682950.454566,5454,tx,53322.3,137.4,378.6,,,1,0,0,1
1775284024777332,1790682950.599447,5599,tx,51387.2,84.4,168.9,,,1,0,0,1
1775284167283816,1790682950.741954,5741,tx,52505.2,183.6,302.6,,,1,0,0,1
1775284311726768,1790682950.886396,5886,tx,51938.0,131.5,321.7,,,1,0,0,1
1775284455049203,1790682951.029718,6029,tx,52286.8,361.0,559.6,,,1,0,0,1
1775284599104277,1790682951.173774,6173,tx,52963.8,349.9,483.4,,,1,0,0,1
1775284743609415,1790682951.318279,6318,tx,52613.7,120.0,241.1,,,1,0,0,1
1775284888180589,1790682951.462850,6462,tx,52315.8,213.1,434.8,,,1,0,0,1
1775285033562123,1790682951.608232,6608,tx,52639.4,142.4,254.5,,,1,0,0,1
1775285178561472,1790682951.753230,6753,tx,52951.5,131.0,344.4,,,1,0,0,1
1775285322150849,1790682951.896821,6896,tx,52371.2,273.8,378.8,,,1,0,0,1
1775285465877572,1790682952.040546,7040,tx,52254.5,160.5,386.6,,,1,0,0,1
1775285609672713,1790682952.184342,7184,tx,53015.0,131.3,352.9,,,1,0,0,1
1775285754222218,1790682952.328892,7328,tx,52274.3,201.9,424.0,,,1,0,0,1
1775285897745005,1790682952.472414,7472,tx,51901.3,132.0,435.9,,,1,0,0,1
1775286040413227,1790682952.615083,7615,tx,51364.6,110.5,202.8,,,1,0,0,1
1775286183169837,1790682952.757839,7757,tx,52363.0,266.5,478.9,,,1,0,0,1
1775286327188316,1790682952.901858,7901,tx,52323.1,222.6,435.9,,,1,0,0,1
1775286471371036,1790682953.046041,8046,tx,53103.2,135.2,316.8,,,1,0,0,1
1775286615661554,1790682953.190331,8190,tx,51090.3,74.1,197.7,,,1,0,0,1
1775286758165993,1790682953.332836,8332,tx,52984.2,309.0,440.7,,,1,0,0,1
1775286902920417,1790682953.477589,8477,tx,57830.5,113.7,323.9,,,1,0,0,1
1775287041796602,1790682953.616467,8616,tx,52725.1,115.8,277.2,,,1,0,0,1
1775287185981453,1790682953.760652,8760,tx,52298.2,106.0,221.1,,,1,0,0,1
1775287328733649,1790682953.903404,8903,tx,52408.2,106.2,191.4,,,1,0,0,1
1775287472196358,1790682954.046866,9046,tx,52184.5,196.5,390.4,,,1,0,0,1
1775287616214426,1790682954.190884,9190,tx,51880.9,177.8,380.8,,,1,0,0,1
1775287759544575,1790682954.334214,9334,tx,52131.4,155.7,370.9,,,1,0,0,1
1775287902574772,1790682954.477245,9477,tx,52097.1,93.1,183.9,,,1,0,0,1
1775288047137477,1790682954.621807,9621,tx,52419.8,298.9,501.0,,,1,0,0,1
1775288190495653,1790682954.765165,9765,tx,53045.5,182.1,377.9,,,1,0,0,1
1775288337240030,1790682954.911909,9911,tx,53224.9,178.4,398.7,,,1,0,0,1
1775288481593923,1790682955.056262,10056,tx,52947.7,159.7,386.6,,,1,0,0,1
1775288625031400,1790682955.199702,10199,tx,51335.6,74.2,149.1,,,1,0,0,1
1775288767453560,1790682955.342123,10342,tx,52232.4,183.2,409.9,,,1,0,0,1
1775288911259635,1790682955.485929,10485,tx,53104.8,162.0,410.1,,,1,0,0,1
1775289056059299,1790682955.630728,10630,tx,52224.3,311.1,537.6,,,1,0,0,1
1775289199399470,1790682955.774069,10774,tx,52303.1,138.5,224.0,,,1,0,0,1
1775289342394000,1790682955.917064,10917,tx,51124.5,107.4,250.2,,,1,0,0,1
1775289485060134,1790682956.059728,11059,tx,53454.4,359.7,597.3,,,1,0,0,1
1775289630801724,1790682956.205471,11205,tx,52916.1,138.5,378.8,,,1,0,0,1
1775289775278961,1790682956.349948,11349,tx,53160.6,158.9,376.6,,,1,0,0,1
1775289919083237,1790682956.493753,11493,tx,52421.1,77.9,175.4,,,1,0,0,1
1775290063241086,1790682956.637909,11637,tx,52364.1,185.1,409.1,,,1,0,0,1
1775290206694785,1790682956.781364,11781,tx,52739.0,104.0,215.6,,,1,0,0,1
1775290350493029,1790682956.925163,11925,tx,52807.9,118.1,271.3,,,1,0,0,1
1775290494562621,1790682957.069232,12069,tx,52456.3,84.8,201.8,,,1,0,0,1
1775290637560938,1790682957.212230,12212,tx,52867.6,137.3,274.6,,,1,0,0,1
1775290781339308,1790682957.356009,12356,tx,52539.0,202.8,317.5,,,1,0,0,1
1775290925154275,1790682957.499824,12499,tx,52039.6,342.5,497.0,,,1,0,0,1
1775291068688200,1790682957.643357,12643,tx,53205.7,159.1,394.7,,,1,0,0,1
1775291212832000,1790682957.787502,12787,tx,52682.4,114.5,253.7,,,1,0,0,1
1775291355992569,1790682957.930663,12930,tx,51375.9,103.3,211.1,,,1,0,0,1
1775291498984862,1790682958.073654,13073,tx,52489.1,163.4,426.1,,,1,0,0,1
1775291642662040,1790682958.217331,13217,tx,52231.2,199.0,441.7,,,1,0,0,1
1775291786165536,1790682958.360835,13360,tx,53400.6,255.3,474.1,,,1,0,0,1
1775291930929934,1790682958.505600,13505,tx,51484.2,87.7,209.6,,179243.3,1,0,0,1
1775292073413548,1790682958.648083,13648,tx,53072.5,128.7,307.2,,,0,0,0,0
1775292217741081,1790682958.792411,13792,idle,52573.5,82.4,220.6,,,0,0,0,0
1775292424422549,1790682958.999092,13999,idle,3783.6,207.3,352.7,,,0,0,0,0
1775292566934342,1790682959.141604,14141,idle,1214.3,81.0,190.1,,,0,0,0,0
1775292706978495,1790682959.281648,14281,idle,1346.0,127.8,236.1,,,0,0,0,0
1775292846926214,1790682959.421596,14421,idle,1362.9,110.6,225.5,,,0,0,0,0
1775292987130543,1790682959.561801,14561,idle,1401.1,138.7,248.4,,,0,0,0,0
1775293126886267,1790682959.701556,14701,idle,1304.4,112.7,236.3,,,0,0,0,0
1775293266883275,1790682959.841553,14841,idle,1247.5,102.3,197.3,,,0,0,0,0
1775293407472298,1790682959.982141,14982,idle,8750.7,152.5,377.1,,,0,0,0,0
1775293550053317,1790682960.124723,124,idle,1326.3,92.0,202.2,,,0,0,0,0
1775293687383348,1790682960.262053,262,idle,2178.4,201.8,404.4,,,0,0,0,0
1775293827573791,1790682960.402243,402,idle,2250.6,146.8,364.5,,,0,0,0,0
1775293966873260,1790682960.541543,541,idle,1324.1,105.2,187.9,,,0,0,0,0
1775294107620835,1790682960.682290,682,idle,2056.3,105.6,292.2,,,0,0,0,0
1775294247512366,1790682960.822181,822,idle,1919.1,112.5,290.5,,,0,0,0,0
1775294387543238,1790682960.962213,962,idle,2264.7,148.8,356.9,,,0,0,0,0
1775294527509896,1790682961.102180,1102,idle,1154.9,172.3,289.2,,,0,0,0,0
1775294667181263,1790682961.241851,1241,idle,1358.3,130.1,220.8,,,0,0,0,0
1775294807641948,1790682961.382311,1382,idle,3460.4,128.1,346.7,,,0,0,0,0
1775294948194265,1790682961.522864,1522,idle,2696.0,395.0,606.8,,,0,0,0,0
1775295086986426,1790682961.661656,1661,idle,2688.4,160.2,349.2,,,0,0,0,0
1775295226937709,1790682961.801608,1801,idle,1274.0,79.2,176.8,,,0,0,0,0
1775295367049186,1790682961.941719,1941,idle,1508.8,114.1,253.0,,,0,0,0,0
1775295507666155,1790682962.082335,2082,idle,12079.6,114.9,304.4,,,0,0,0,0
1775295647822143,1790682962.222492,2222,idle,2055.2,147.9,373.2,,,0,0,0,0
1775295788213708,1790682962.362883,2362,idle,2647.9,399.4,600.9,,,0,0,0,0
1775295926785185,1790682962.501455,2501,idle,982.0,78.8,161.0,,,0,0,0,0
1775296067051274,1790682962.641721,2641,idle,1777.8,116.7,263.2,,,0,0,0,0
1775296207416715,1790682962.782086,2782,idle,3295.8,212.3,442.3,,,0,0,0,0
1775296347123002,1790682962.921793,2921,idle,1823.9,156.9,302.3,,,0,0,0,0
1775296487499218,1790682963.062169,3062,idle,2135.4,139.1,353.7,,,0,0,0,0
1775296626901572,1790682963.201572,3201,idle,1357.5,113.5,208.2,,,0,0,0,0
1775296766914922,1790682963.341584,3341,idle,1891.0,150.3,353.0,,,0,0,0,0
1775296907955882,1790682963.482625,3482,idle,6861.5,155.0,365.0,,,0,0,0,0
1775297047532570,1790682963.622202,3622,idle,2300.8,162.2,399.7,,,0,0,0,0
1775297187416320,1790682963.762086,3762,idle,2114.0,114.5,314.8,,,0,0,0,0
1775297326775543,1790682963.901445,3901,idle,1372.4,85.7,205.2,,,0,0,0,0
1775297467080135,1790682964.041750,4041,idle,1697.8,156.2,303.5,,,0,0,0,0
1775297607621312,1790682964.182291,4182,idle,1516.0,154.3,302.0,,,0,0,0,0
1775297746766692,1790682964.321436,4321,idle,1535.8,105.1,273.0,,,0,0,0,0
1775297887089731,1790682964.461760,4461,idle,1713.9,117.1,262.7,,,0,0,0,0
1775298027190717,1790682964.601861,4601,idle,1728.8,88.8,226.4,,,0,0,0,0
1775298167482287,1790682964.742152,4742,idle,1382.4,122.3,266.1,,,0,0,0,0
1775298306649212,1790682964.881319,4881,idle,1055.4,84.4,187.5,,,0,0,0,0
1775298446989867,1790682965.021659,5021,idle,2391.5,122.3,378.5,,,0,0,0,0
1775298588037267,1790682965.162706,5162,idle,1734.7,109.7,289.2,,,0,0,0,0
1775298727011791,1790682965.301682,5301,idle,1066.9,103.9,167.3,,,0,0,0,0
1775298867369020,1790682965.442039,5442,idle,1883.7,190.8,355.0,,,0,0,0,0
1775299007325596,1790682965.581995,5581,idle,1987.1,250.2,413.1,,,0,0,0,0
1775299148077608,1790682965.722747,5722,idle,1833.2,136.4,303.9,,,0,0,0,0
1775299286701622,1790682965.861372,5861,idle,860.5,75.8,169.8,,,0,0,0,0
1775299426959002,1790682966.001629,6001,idle,1130.2,135.1,225.0,,,0,0,0,0
1775299567352046,1790682966.142021,6142,idle,2307.1,199.4,407.2,,,0,0,0,0
1775299707506636,1790682966.282176,6282,idle,5161.2,153.9,360.8,,,0,0,0,0
1775299847835690,1790682966.422505,6422,idle,2137.7,118.3,357.7,,,0,0,0,0
1775299986765807,1790682966.561436,6561,idle,928.2,79.3,188.2,,,0,0,0,0
1775300126887425,1790682966.701557,6701,idle,1294.2,122.7,259.9,,,0,0,0,0
1775300267607569,1790682966.842277,6842,idle,2441.5,152.0,345.1,,,0,0,0,0
1775300407895292,1790682966.982565,6982,idle,1977.3,151.8,369.4,,,0,0,0,0
1775300549711640,1790682967.124382,7124,idle,1509.9,94.8,226.6,,,0,0,0,0
1775300686936819,1790682967.261607,7261,idle,1228.2,82.7,207.9,,,0,0,0,0
1775300826911873,1790682967.401581,7401,idle,1677.8,138.8,331.9,,,0,0,0,0
1775300968042686,1790682967.542713,7542,idle,1245.3,97.6,231.2,,,0,0,0,0
1775301107888033,1790682967.682557,7682,idle,4258.6,155.3,386.0,,,0,0,0,0
1775301247671059,1790682967.822340,7822,idle,2708.8,97.9,320.6,,,0,0,0,0
1775301387307544,1790682967.961977,7961,idle,1068.9,293.1,388.4,,,0,0,0,0
1775301527906169,1790682968.102575,8102,idle,2251.0,151.1,386.9,,,0,0,0,0
1775301668254636,1790682968.242924,8242,idle,2364.2,276.1,468.3,,,0,0,0,0
1775301808257313,1790682968.382927,8382,idle,2243.7,290.0,494.6,,,0,0,0,0
1775301947942216,1790682968.522611,8522,idle,1491.3,123.5,250.1,,,0,0,0,0
1775302086785762,1790682968.661456,8661,idle,950.6,105.2,192.4,,,0,0,0,0
1775302228090399,1790682968.802760,8802,idle,2821.4,192.6,411.5,,,0,0,0,0
1775302368049996,1790682968.942719,8942,idle,2500.8,186.5,367.8,,,0,0,0,0
1775302507674276,1790682969.082344,9082,idle,13946.3,149.1,356.2,,,0,0,0,0
1775302646616457,1790682969.221286,9221,idle,2513.6,78.0,1552.6,,,0,0,0,0
1775302787253121,1790682969.361923,9361,idle,1059.4,80.7,173.6,,,0,0,0,0
1775302927817470,1790682969.502486,9502,idle,2121.2,142.8,367.0,,,0,0,0,0
1775303067541153,1790682969.642210,9642,idle,2195.6,177.5,389.5,,,0,0,0,0
1775303207182703,1790682969.781852,9781,idle,1636.9,99.5,235.4,,,0,0,0,0
1775303347488395,1790682969.922158,9922,idle,936.2,122.0,223.5,,,0,0,0,0
1775303487127690,1790682970.061798,10061,idle,1107.1,111.6,223.8,,,0,0,0,0
1775303628160763,1790682970.202830,10202,idle,2006.6,126.3,297.9,,,0,0,0,0
1775303767915841,1790682970.342585,10342,idle,1559.0,132.9,291.1,,,0,0,0,0
1775303907883003,1790682970.482552,10482,idle,2870.8,124.7,330.4,,,0,0,0,0
1775304046737079,1790682970.621407,10621,idle,1007.3,76.7,195.8,,,0,0,0,0
1775304187575814,1790682970.762246,10762,idle,1465.6,123.0,288.5,,,0,0,0,0
1775304327519321,1790682970.902189,10902,idle,2106.5,104.8,335.8,,,0,0,0,0
1775304468143621,1790682971.042813,11042,idle,2251.1,126.2,327.4,,,0,0,0,0
1775304607938955,1790682971.182608,11182,idle,1871.7,144.0,368.7,,,0,0,0,0
1775304746709029,1790682971.321379,11321,idle,835.1,77.3,177.7,,,0,0,0,0
1775304888243163,1790682971.462913,11462,idle,2339.0,329.2,535.2,,,0,0,0,0
1775305027683007,1790682971.602353,11602,idle,1421.8,140.2,268.4,,,0,0,0,0
1775305167739074,1790682971.742409,11742,idle,2121.6,171.7,372.9,,,0,0,0,0
1775305307553719,1790682971.882224,11882,decode,990.1,89.1,194.1,,,0,0,1,0
1775305447180604,1790682972.021851,12021,idle,1383.5,90.1,217.7,,,0,0,0,0
1775305587307099,1790682972.161977,12161,idle,1514.2,302.4,457.5,,,0,0,0,0
1775305727065652,1790682972.301735,12301,idle,1227.2,91.7,224.1,,,0,0,0,0
1775305866816540,1790682972.441486,12441,idle,1382.3,117.4,228.5,,,0,0,0,0
1775306006903600,1790682972.581573,12581,idle,1280.4,88.2,212.6,,,0,0,0,0
1775306146843905,1790682972.721514,12721,idle,1282.0,91.3,327.3,,,0,0,0,0
1775306287483135,1790682972.862153,12862,idle,1095.3,148.6,266.7,,,0,0,0,0
1775306427851828,1790682973.002521,13002,idle,2360.6,148.8,396.2,,,0,0,0,0
1775306568134072,1790682973.142803,13142,idle,2298.3,160.6,386.7,,,0,0,0,0
1775306708081358,1790682973.282751,13282,idle,2669.5,164.0,380.3,,,0,0,0,0
1775306847073123,1790682973.421743,13421,idle,1141.0,105.0,213.9,,,0,0,0,0
1775306984089354,1790682973.558759,13558,idle,1331.1,170.2,282.0,,,0,0,0,0
1775307127698234,1790682973.702368,13702,idle,2112.1,162.9,365.9,,,0,0,0,0
1775307267610825,1790682973.842280,13842,idle,2189.3,164.2,384.2,,,0,0,0,0
1775307407608890,1790682973.982279,13982,idle,3122.0,138.3,243.8,,,0,0,0,0
1775307547208208,1790682974.121878,14121,idle,1031.4,108.3,183.8,,,0,0,0,0
1775307688324338,1790682974.262994,14262,idle,2322.9,266.7,499.5,,,0,0,0,0
1775307834302607,1790682974.408972,14408,decode,1881.6,314.8,495.7,,,0,0,1,0
1775307977740442,1790682974.552410,14552,idle,1173.6,115.5,210.2,,,0,0,0,0
1775308116677792,1790682974.691348,14691,idle,2693.4,76.8,200.5,,,0,0,0,0
1775308257284988,1790682974.831955,14831,idle,1215.1,71.7,166.2,,,0,0,0,0
1775308397431770,1790682974.972101,14972,idle,2087.3,167.2,344.2,,,0,0,0,0
1775308610469374,1790682975.185139,185,tx,51512.3,242.5,294.4,,,1,0,0,1
1775308752870148,1790682975.327540,327,tx,52445.8,105.5,199.7,,,1,0,0,1
1775308896127736,1790682975.470798,470,tx,52448.8,110.8,228.4,,,1,0,0,1
1775309040125781,1790682975.614795,614,tx,53312.1,120.1,296.9,,,1,0,0,1
1775309185306022,1790682975.759975,759,tx,53453.1,415.1,628.2,,,1,0,0,1
1775309329956624,1790682975.904626,904,tx,53039.7,120.8,336.6,,,1,0,0,1
1775309473757564,1790682976.048428,1048,tx,51281.2,81.1,187.2,,,1,0,0,1
1775309616163831,1790682976.190834,1190,tx,52329.3,77.2,198.4,,,1,0,0,1
1775309759849349,1790682976.334518,1334,tx,52144.2,114.7,331.3,,,1,0,0,1
1775309903358826,1790682976.478028,1478,tx,56560.9,407.1,600.5,,,1,0,0,1
1775310041714545,1790682976.616384,1616,tx,51684.3,92.2,224.5,,,1,0,0,1
1775310184038033,1790682976.758708,1758,tx,52560.4,106.0,214.5,,,1,0,0,1
1775310328077449,1790682976.902747,1902,tx,53779.9,142.7,357.7,,,1,0,0,1
1775310474091892,1790682977.048761,2048,tx,53453.7,123.1,340.9,,,1,0,0,1
1775310619069492,1790682977.193739,2193,tx,52611.8,124.5,256.7,,,1,0,0,1
1775310762841990,1790682977.337512,2337,tx,52243.2,67.0,153.4,,,1,0,0,1
1775310906196639,1790682977.480866,2480,tx,52472.6,113.8,230.4,,,1,0,0,1
1775311050916960,1790682977.625586,2625,tx,53148.3,119.1,318.6,,,1,0,0,1
1775311195911583,1790682977.770581,2770,tx,52902.5,159.4,366.3,,,1,0,0,1
1775311340445987,1790682977.915114,2915,tx,53386.7,255.8,494.7,,,1,0,0,1
1775311487240519,1790682978.061911,3061,tx,52375.1,105.4,199.5,,,1,0,0,1
1775311630897917,1790682978.205567,3205,tx,52000.7,144.8,375.4,,,1,0,0,1
1775311774245931,1790682978.348915,3348,tx,53279.0,129.2,327.0,,,1,0,0,1
1775311919147166,1790682978.493817,3493,tx,52610.3,158.3,387.3,,,1,0,0,1
1775312062721033,1790682978.637391,3637,tx,52231.3,91.7,200.9,,,1,0,0,1
1775312205955463,1790682978.780625,3780,tx,52615.3,105.3,177.1,,,1,0,0,1
1775312350068437,1790682978.924738,3924,tx,53140.5,91.1,248.5,,,1,0,0,1
1775312494187076,1790682979.068857,4068,tx,51665.4,145.5,255.8,,,1,0,0,1
1775312636909513,1790682979.211579,4211,tx,52937.8,178.0,390.9,,,1,0,0,1
1775312780720753,1790682979.355391,4355,tx,51250.8,137.2,223.5,,,1,0,0,1
1775312923241600,1790682979.497911,4497,tx,53190.5,144.2,306.8,,,1,0,0,1
1775313068124009,1790682979.642793,4642,tx,52376.2,150.7,324.7,,,1,0,0,1
1775313212230727,1790682979.786900,4786,tx,53393.5,183.3,416.4,,,1,0,0,1
1775313356530507,1790682979.931201,4931,tx,52482.9,347.1,439.9,,,1,0,0,1
1775313500784343,1790682980.075454,5075,tx,68140.5,153.1,355.1,,,1,0,0,1
1775313640315377,1790682980.214984,5214,tx,53341.7,362.1,584.7,,,1,0,0,1
1775313785217282,1790682980.359887,5359,tx,52279.2,162.3,346.6,,,1,0,0,1
1775313928769225,1790682980.503439,5503,tx,53119.6,211.6,439.7,,,1,0,0,1
1775314073074751,1790682980.647745,5647,tx,52467.0,129.8,237.6,,,1,0,0,1
1775314217088268,1790682980.791758,5791,tx,52782.5,140.4,298.8,,,1,0,0,1
1775314361489400,1790682980.936159,5936,tx,52000.8,196.6,356.0,,,1,0,0,1
1775314504587789,1790682981.079257,6079,tx,70298.8,120.0,358.9,,,1,0,0,1
1775314645837442,1790682981.220507,6220,tx,52606.5,119.3,227.4,,,1,0,0,1
1775314789945484,1790682981.364615,6364,tx,51435.7,104.7,214.2,,,1,0,0,1
1775314936799233,1790682981.511469,6511,tx,52847.7,120.6,308.3,,,1,0,0,1
1775315081251994,1790682981.655921,6655,tx,53249.6,165.1,399.0,,,1,0,0,1
1775315226390323,1790682981.801059,6801,tx,53297.6,298.4,533.6,,,1,0,0,1
1775315370170104,1790682981.944840,6944,tx,52329.5,82.4,179.7,,,1,0,0,1
1775315513913802,1790682982.088584,7088,tx,51439.2,122.7,231.6,,,1,0,0,1
1775315656933379,1790682982.231602,7231,tx,51945.0,147.8,353.7,,,1,0,0,1
1775315801049748,1790682982.375719,7375,tx,58084.3,162.5,344.8,,,1,0,0,1
1775315940453164,1790682982.515122,7515,tx,53197.5,231.6,430.1,,,1,0,0,1
1775316084129591,1790682982.658800,7658,tx,51568.7,136.1,224.9,,,1,0,0,1
1775316227176387,1790682982.801846,7801,tx,52373.5,185.8,393.4,,,1,0,0,1
1775316371780201,1790682982.946450,7946,tx,52620.2,175.0,437.4,,,1,0,0,1
1775316516054220,1790682983.090723,8090,tx,54197.9,162.0,359.0,,,1,0,0,1
1775316661725110,1790682983.236395,8236,tx,51433.3,116.0,254.8,,,1,0,0,1
1775316805309291,1790682983.379979,8379,tx,52457.4,94.0,177.0,,,1,0,0,1
1775316948656809,1790682983.523327,8523,tx,52458.5,107.7,238.3,,,1,0,0,1
1775317091803754,1790682983.666473,8666,tx,52775.7,143.2,274.5,,,1,0,0,1
1775317235293383,1790682983.809963,8809,tx,52694.6,106.8,235.6,,,1,0,0,1
1775317378639521,1790682983.953310,8953,tx,52334.2,104.4,205.4,,,1,0,0,1
1775317521734242,1790682984.096404,9096,tx,52438.6,118.3,228.2,,,1,0,0,1
1775317665915684,1790682984.240585,9240,tx,53039.4,193.7,451.6,,,1,0,0,1
1775317810276127,1790682984.384945,9384,tx,52221.5,118.5,378.5,,,1,0,0,1
1775317953696140,1790682984.528366,9528,tx,53168.9,153.4,354.5,,,1,0,0,1
1775318098053889,1790682984.672724,9672,tx,52433.6,77.7,172.5,,,1,0,0,1
1775318241992938,1790682984.816662,9816,tx,51940.0,133.5,359.5,,,1,0,0,1
1775318385656687,1790682984.960326,9960,tx,52362.9,175.1,398.1,,,1,0,0,1
1775318529916623,1790682985.104586,10104,tx,52205.7,187.4,425.8,,,1,0,0,1
1775318673521473,1790682985.248192,10248,tx,52361.2,260.7,326.5,,,1,0,0,1
1775318817452802,1790682985.392123,10392,tx,51790.6,324.7,451.6,,,1,0,0,1
1775318960270275,1790682985.534940,10534,tx,51877.1,134.3,335.3,,,1,0,0,1
1775319104271211,1790682985.678941,10678,tx,57707.3,165.2,359.8,,,1,0,0,1
1775319243582707,1790682985.818252,10818,tx,53085.9,141.2,345.7,,,1,0,0,1
1775319387266962,1790682985.961937,10961,tx,51412.8,78.8,151.4,,,1,0,0,1
1775319530048510,1790682986.104718,11104,tx,52069.1,163.7,362.5,,,1,0,0,1
1775319673095413,1790682986.247764,11247,tx,53125.2,127.6,354.5,,,1,0,0,1
1775319817948188,1790682986.392617,11392,tx,53048.9,105.4,314.9,,,1,0,0,1
1775319962485084,1790682986.537155,11537,tx,52446.6,290.0,406.8,,,1,0,0,1
1775320106106607,1790682986.680777,11680,tx,52378.4,99.2,215.4,,,1,0,0,1
1775320250915096,1790682986.825584,11825,tx,53113.0,149.4,394.1,,,1,0,0,1
1775320396186203,1790682986.970855,11970,tx,52362.8,185.3,388.6,,,1,0,0,1
1775320540697424,1790682987.115367,12115,tx,53177.7,169.2,401.0,,,1,0,0,1
1775320684577738,1790682987.259248,12259,tx,51416.5,204.3,290.1,,,1,0,0,1
1775320826568219,1790682987.401238,12401,tx,51485.0,219.0,309.7,,,1,0,0,1
1775320969416114,1790682987.544086,12544,tx,51731.9,133.5,287.3,,,1,0,0,1
1775321112490232,1790682987.687159,12687,tx,53308.1,223.1,445.9,,,1,0,0,1
1775321257200137,1790682987.831870,12831,tx,54868.8,96.3,217.3,,,1,0,0,1
1775321399639483,1790682987.974310,12974,tx,53107.7,176.7,267.3,,,1,0,0,1
1775321544681660,1790682988.119351,13119,tx,52338.8,169.8,409.0,,,1,0,0,1
1775321688954749,1790682988.263624,13263,tx,52296.8,184.3,392.9,,,1,0,0,1
1775321826649277,1790682988.401319,13401,tx,53320.2,164.5,407.4,,,1,0,0,1
1775321970559978,1790682988.545230,13545,tx,52552.3,237.6,345.5,,133580.8,1,0,0,1
1775322114337776,1790682988.689008,13689,idle,52330.1,115.3,220.1,,,0,0,0,0
1775322258366869,1790682988.833036,13833,idle,52514.4,110.2,320.3,,,0,0,0,0
1775322428118141,1790682989.002787,14002,idle,5109.1,148.4,339.0,,,0,0,0,0
1775322569202797,1790682989.143873,14143,idle,1521.4,117.6,249.9,,,0,0,0,0
1775322709216833,1790682989.283887,14283,idle,1355.9,106.0,208.6,,,0,0,0,0
1775322850238074,1790682989.424907,14424,idle,2430.7,134.9,371.9,,,0,0,0,0
1775322990305560,1790682989.564975,14564,idle,1514.0,90.7,220.3,,,0,0,0,0
1775323129100710,1790682989.703771,14703,idle,1339.7,113.1,201.6,,,0,0,0,0
1775323269895244,1790682989.844565,14844,idle,1014.0,79.7,214.2,,,0,0,0,0
1775323409116339,1790682989.983786,14983,idle,1296.7,119.8,216.2,,,0,0,0,0
1775323550528423,1790682990.125198,125,idle,2527.8,369.6,581.1,,,0,0,0,0
1775323689356574,1790682990.264026,264,idle,1514.3,142.4,298.7,,,0,0,0,0
1775323829736292,1790682990.404406,404,idle,2123.0,102.3,318.7,,,0,0,0,0
1775323969066883,1790682990.543737,543,idle,1383.7,105.3,178.7,,,0,0,0,0
1775324109780462,1790682990.684450,684,idle,1138.1,174.7,265.7,,,0,0,0,0
1775324250419700,1790682990.825089,825,idle,2789.4,446.0,676.7,,,0,0,0,0
1775324390038797,1790682990.964708,964,idle,2013.8,145.7,367.2,,,0,0,0,0
1775324530387037,1790682991.105056,1105,idle,2726.7,487.8,693.5,,,0,0,0,0
1775324669203199,1790682991.243873,1243,idle,1355.9,112.5,214.7,,,0,0,0,0
1775324809429637,1790682991.384099,1384,idle,1248.6,88.3,169.0,,,0,0,0,0
1775324949151440,1790682991.523821,1523,idle,1437.9,82.3,198.7,,,0,0,0,0
1775325089551385,1790682991.664221,1664,idle,1401.7,393.4,504.5,,,0,0,0,0
1775325230069965,1790682991.804740,1804,idle,1393.1,92.9,228.0,,,0,0,0,0
1775325369268631,1790682991.943938,1943,idle,1431.4,110.6,198.2,,,0,0,0,0
1775325509477234,1790682992.084147,2084,idle,1300.0,103.8,214.2,,,0,0,0,0
1775325650134464,1790682992.224804,2224,idle,1494.2,124.6,246.6,,,0,0,0,0
1775325789504434,1790682992.364174,2364,idle,1443.0,426.0,541.1,,,0,0,0,0
1775325929789646,1790682992.504458,2504,idle,1188.1,162.0,271.8,,,0,0,0,0
1775326070605747,1790682992.645276,2645,idle,1590.1,291.1,455.3,,,0,0,0,0
1775326209464680,1790682992.784134,2784,idle,1582.2,463.0,626.3,,,0,0,0,0
1775326349749154,1790682992.924419,2924,idle,1448.3,181.7,323.4,,,0,0,0,0
1775326491238211,1790682993.065908,3065,idle,1372.1,93.3,265.5,,,0,0,0,0
1775326629666651,1790682993.204337,3204,idle,1567.9,301.5,432.6,,,0,0,0,0
1775326770146547,1790682993.344816,3344,idle,1505.1,101.8,201.9,,,0,0,0,0
1775326909587673,1790682993.484257,3484,idle,1598.2,324.1,486.6,,,0,0,0,0
1775327049456630,1790682993.624126,3624,idle,1574.0,119.5,269.7,,,0,0,0,0
1775327190343552,1790682993.765013,3765,idle,1977.3,98.4,237.3,,,0,0,0,0
1775327329811293,1790682993.904481,3904,idle,1116.5,90.0,201.5,,,0,0,0,0
1775327472055369,1790682994.046725,4046,idle,1691.7,82.7,182.7,,,0,0,0,0
1775327609325496,1790682994.183995,4183,idle,1101.3,109.5,253.7,,,0,0,0,0
1775327750040580,1790682994.324710,4324,idle,8299.5,380.7,3644.1,,,0,0,0,0
1775327889956721,1790682994.464627,4464,idle,1120.5,197.3,315.5,,,0,0,0,0
1775328029452682,1790682994.604123,4604,idle,1143.4,81.3,180.6,,,0,0,0,0
1775328170523202,1790682994.745193,4745,idle,2089.3,84.4,792.9,,,0,0,0,0
1775328309543629,1790682994.884213,4884,idle,6469.8,78.7,5620.1,,,0,0,0,0
1775328449336192,1790682995.024006,5024,idle,1035.2,86.0,179.4,,,0,0,0,0
1775328589833683,1790682995.164504,5164,idle,4090.4,79.7,3301.7,,,0,0,0,0
1775328729204493,1790682995.303874,5303,idle,1203.0,103.9,207.1,,,0,0,0,0
1775328869552436,1790682995.444222,5444,idle,1347.6,310.7,427.3,,,0,0,0,0
1775329009214024,1790682995.583884,5583,idle,2198.3,79.8,178.4,,,0,0,0,0
1775329149214378,1790682995.723884,5723,idle,1106.4,99.2,189.4,,,0,0,0,0
1775329290045289,1790682995.864715,5864,idle,1888.9,83.1,1102.1,,,0,0,0,0
1775329429521645,1790682996.004191,6004,idle,1308.1,128.5,234.0,,,0,0,0,0
1775329569153266,1790682996.143823,6143,idle,1364.5,108.3,220.3,,,0,0,0,0
1775329709780477,1790682996.284450,6284,idle,972.0,86.2,186.2,,,0,0,0,0
1775329849973517,1790682996.424644,6424,idle,1237.1,113.9,218.3,,,0,0,0,0
1775329989110560,1790682996.563780,6563,idle,973.4,80.1,155.0,,,0,0,0,0
1775330129418009,1790682996.704088,6704,idle,1336.6,95.8,219.4,,,0,0,0,0
1775330270075500,1790682996.844745,6844,idle,1080.5,99.7,199.8,,,0,0,0,0
1775330409264310,1790682996.983934,6983,idle,1158.2,102.6,222.6,,,0,0,0,0
1775330549835136,1790682997.124505,7124,idle,1179.0,138.1,241.9,,,0,0,0,0
1775330689195149,1790682997.263865,7263,idle,1286.1,86.5,162.4,,,0,0,0,0
1775330829428386,1790682997.404098,7404,idle,1379.7,140.9,249.1,,,0,0,0,0
1775330969344777,1790682997.544015,7544,idle,1003.0,95.9,179.7,,,0,0,0,0
1775331109330855,1790682997.684001,7684,idle,1133.4,80.6,171.6,,,0,0,0,0
1775331249793883,1790682997.824464,7824,idle,1218.6,106.0,237.1,,,0,0,0,0
1775331389951110,1790682997.964621,7964,idle,1175.2,107.7,217.6,,,0,0,0,0
1775331530207983,1790682998.104878,8104,idle,1227.8,134.9,245.1,,,0,0,0,0
1775331669856422,1790682998.244526,8244,idle,1111.0,151.2,255.5,,,0,0,0,0
1775331809320158,1790682998.383990,8383,idle,1101.9,82.5,202.2,,,0,0,0,0
1775331949796715,1790682998.524467,8524,idle,1183.4,114.5,234.8,,,0,0,0,0
1775332089436123,1790682998.664106,8664,idle,1553.2,98.9,231.9,,,0,0,0,0
1775332230053383,1790682998.804723,8804,idle,1266.3,115.2,237.0,,,0,0,0,0
1775332370076166,1790682998.944746,8944,idle,899.7,108.9,210.2,,,0,0,0,0
1775332509936807,1790682999.084606,9084,idle,1095.2,85.9,194.6,,,0,0,0,0
1775332649374147,1790682999.224044,9224,idle,1645.5,124.9,266.3,,,0,0,0,0
1775332789460639,1790682999.364130,9364,idle,1685.0,133.5,280.3,,,0,0,0,0
1775332930079453,1790682999.504749,9504,idle,1770.1,142.2,333.7,,,0,0,0,0
1775333071056723,1790682999.645727,9645,idle,1086.1,105.3,200.5,,,0,0,0,0
1775333210289915,1790682999.784960,9784,idle,1759.0,129.1,287.7,,,0,0,0,0
1775333350009992,1790682999.924680,9924,idle,1074.0,103.9,218.4,,,0,0,0,0
1775333490768116,1790683000.065437,10065,idle,2689.0,148.6,409.8,,,0,0,0,0
1775333630375951,1790683000.205046,10205,idle,1409.0,93.4,235.8,,,0,0,0,0
1775333769147993,1790683000.343818,10343,idle,1245.1,102.8,216.4,,,0,0,0,0
1775333910419765,1790683000.485089,10485,idle,2113.5,129.1,334.0,,,0,0,0,0
1775334049954007,1790683000.624624,10624,idle,1557.8,128.2,293.0,,,0,0,0,0
1775334190844676,1790683000.765514,10765,idle,3092.1,124.7,361.9,,,0,0,0,0
1775334329251825,1790683000.903921,10903,idle,1357.2,86.5,198.0,,,0,0,0,0
1775334469983407,1790683001.044653,11044,idle,1238.0,121.9,239.4,,,0,0,0,0
1775334610096721,1790683001.184767,11184,idle,1577.7,123.7,266.8,,,0,0,0,0
1775334749579595,1790683001.324249,11324,idle,1551.9,267.1,435.5,,,0,0,0,0
1775334889367905,1790683001.464038,11464,idle,1381.9,96.1,219.8,,,0,0,0,0
1775335029284682,1790683001.603955,11603,idle,1364.3,77.9,161.4,,,0,0,0,0
1775335169087007,1790683001.743757,11743,idle,969.7,82.6,191.0,,,0,0,0,0
1775335309731522,1790683001.884401,11884,idle,1279.9,163.1,279.0,,,0,0,0,0
1775335449921157,1790683002.024591,12024,idle,1326.5,114.7,248.1,,,0,0,0,0
1775335589509098,1790683002.164179,12164,idle,1421.3,96.9,224.8,,,0,0,0,0
1775335730148633,1790683002.304818,12304,idle,1413.9,116.1,225.5,,,0,0,0,0
1775335869252166,1790683002.443922,12443,idle,1354.8,141.6,280.4,,,0,0,0,0
1775336009811560,1790683002.584481,12584,idle,1817.4,155.2,322.5,,,0,0,0,0
1775336150844662,1790683002.725514,12725,idle,2193.1,162.8,363.5,,,0,0,0,0
1775336290118065,1790683002.864787,12864,idle,2041.9,134.2,367.8,,,0,0,0,0
1775336431434856,1790683003.006104,13006,idle,1496.0,117.6,255.4,,,0,0,0,0
1775336569990382,1790683003.144660,13144,idle,1001.4,105.8,219.1,,,0,0,0,0
1775336710304815,1790683003.284975,13284,idle,1414.9,121.5,273.3,,,0,0,0,0
1775336850520576,1790683003.425190,13425,idle,2317.2,318.5,536.6,,,0,0,0,0
1775336991936891,1790683003.566607,13566,idle,1484.1,126.1,306.1,,,0,0,0,0
1775337130601079,1790683003.705271,13705,idle,1160.4,137.3,245.5,,,0,0,0,0
1775337269273032,1790683003.843943,13843,idle,1119.5,105.9,195.6,,,0,0,0,0
1775337410630124,1790683003.985299,13985,idle,2213.1,219.5,427.6,,,0,0,0,0
1775337549750755,1790683004.124421,14124,idle,932.8,197.8,272.9,,,0,0,0,0
1775337689767082,1790683004.264437,14264,idle,1167.9,194.2,287.9,,,0,0,0,0
1775337831885447,1790683004.406555,14406,decode,903.6,88.3,171.3,,,0,0,1,0
1775337969032596,1790683004.543703,14543,idle,911.1,77.3,169.6,,,0,0,0,0
1775338109913754,1790683004.684584,14684,idle,978.0,122.7,198.5,,,0,0,0,0
1775338249394848,1790683004.824065,14824,idle,1116.2,134.4,236.7,,,0,0,0,0
1775338389068406,1790683004.963738,14963,idle,1034.7,145.7,250.9,,,0,0,0,0
1775338531048523,1790683005.105718,105,tx,129655.1,75.5,158.2,,,1,0,0,1
1775338720900418,1790683005.295570,295,tx,52197.4,109.2,153.5,,,1,0,0,1
1775338863802583,1790683005.438473,438,tx,52833.2,348.1,449.0,,,1,0,0,1
1775339007147179,1790683005.581817,581,tx,52542.4,82.9,174.9,,,1,0,0,1
1775339150226475,1790683005.724896,724,tx,53013.3,133.5,222.9,,,1,0,0,1
1775339294210983,1790683005.868880,868,tx,52630.7,166.4,376.6,,,1,0,0,1
1775339437505416,1790683006.012175,1012,tx,53676.6,189.3,402.4,,,1,0,0,1
1775339582596618,1790683006.157266,1157,tx,52532.2,424.5,617.5,,,1,0,0,1
1775339726554290,1790683006.301224,1301,tx,53190.0,109.4,291.0,,,1,0,0,1
1775339870331008,1790683006.445001,1445,tx,51612.1,105.3,201.3,,,1,0,0,1
1775340013108051,1790683006.587778,1587,tx,52832.0,121.6,223.7,,,1,0,0,1
1775340157312397,1790683006.731981,1731,tx,52748.4,150.5,371.9,,,1,0,0,1
1775340302436122,1790683006.877105,1877,tx,60314.6,149.4,328.0,,,1,0,0,1
1775340443691805,1790683007.018362,2018,tx,52650.7,448.5,528.1,,,1,0,0,1
1775340587183966,1790683007.161854,2161,tx,52960.8,143.6,257.3,,,1,0,0,1
1775340724568644,1790683007.299238,2299,tx,52993.5,158.8,321.3,,,1,0,0,1
1775340869505299,1790683007.444175,2444,tx,52566.6,510.2,757.8,,,1,0,0,1
1775341014371136,1790683007.589040,2589,tx,52811.0,102.5,309.4,,,1,0,0,1
1775341158045700,1790683007.732716,2732,tx,51347.7,106.9,194.1,,,1,0,0,1
1775341301392334,1790683007.876062,2876,tx,58915.4,185.0,381.3,,,1,0,0,1
1775341442377048,1790683008.017046,3017,tx,53427.6,237.1,443.2,,,1,0,0,1
1775341586352918,1790683008.161023,3161,tx,51605.0,80.4,173.0,,,1,0,0,1
1775341728928292,1790683008.303598,3303,tx,52255.3,210.8,307.8,,,1,0,0,1
1775341872201645,1790683008.446872,3446,tx,52710.6,111.8,217.2,,,1,0,0,1
1775342010784089,1790683008.585454,3585,tx,52930.6,330.6,429.4,,,1,0,0,1
1775342155071414,1790683008.729739,3729,tx,53179.1,169.3,396.7,,,1,0,0,1
1775342299276824,1790683008.873947,3873,tx,52784.7,138.2,241.3,,,1,0,0,1
1775342443313897,1790683009.017984,4017,tx,52894.4,97.7,195.4,,,1,0,0,1
1775342586652682,1790683009.161323,4161,tx,53047.8,417.9,542.8,,,1,0,0,1
1775342730715861,1790683009.305386,4305,tx,53162.0,414.5,533.4,,,1,0,0,1
1775342874736251,1790683009.449406,4449,tx,53036.5,475.9,613.5,,,1,0,0,1
1775343018486616,1790683009.593156,4593,tx,52560.5,101.0,221.9,,,1,0,0,1
1775343162279211,1790683009.736949,4736,tx,52631.8,78.2,163.7,,,1,0,0,1
1775343305455716,1790683009.880126,4880,tx,51568.9,105.6,211.7,,,1,0,0,1
1775343446171861,1790683010.020841,5020,tx,63769.6,366.3,5265.5,,,1,0,0,1
1775343590909245,1790683010.165579,5165,tx,52260.2,104.1,219.0,,,1,0,0,1
1775343734081729,1790683010.308752,5308,tx,54146.9,103.2,2087.2,,,1,0,0,1
1775343879493898,1790683010.454164,5454,tx,53186.4,179.5,363.4,,,1,0,0,1
1775344024328594,1790683010.598998,5598,tx,52466.9,182.5,437.1,,,1,0,0,1
1775344168430284,1790683010.743100,5743,tx,53303.1,159.4,346.3,,,1,0,0,1
1775344313046730,1790683010.887716,5887,tx,53211.2,153.7,328.2,,,1,0,0,1
1775344456879092,1790683011.031549,6031,tx,51368.3,156.4,241.4,,,1,0,0,1
1775344599656368,1790683011.174325,6174,tx,61579.9,265.9,473.6,,,1,0,0,1
1775344742462296,1790683011.317132,6317,tx,52739.1,128.0,282.4,,,1,0,0,1
1775344885833210,1790683011.460503,6460,tx,51363.2,185.5,254.0,,,1,0,0,1
1775345028062899,1790683011.602733,6602,tx,52245.8,113.9,207.7,,,1,0,0,1
1775345171371394,1790683011.746041,6746,tx,51667.7,130.2,275.4,,,1,0,0,1
1775345314281649,1790683011.888952,6888,tx,52572.8,102.0,193.3,,,1,0,0,1
1775345458576530,1790683012.033246,7033,tx,53390.2,337.0,545.6,,,1,0,0,1
1775345604368196,1790683012.179037,7179,tx,57645.8,142.6,315.5,,,1,0,0,1
1775345742432533,1790683012.317103,7317,tx,51482.5,110.4,173.3,,,1,0,0,1
1775345884638284,1790683012.459308,7459,tx,52801.2,122.3,255.3,,,1,0,0,1
1775346028448257,1790683012.603118,7603,tx,52668.8,121.1,239.0,,,1,0,0,1
1775346172151424,1790683012.746821,7746,tx,52531.7,117.8,213.7,,,1,0,0,1
1775346315385856,1790683012.890056,7890,tx,52511.9,81.0,197.4,,,1,0,0,1
1775346460125496,1790683013.034796,8034,tx,52797.8,142.8,276.1,,,1,0,0,1
1775346604434187,1790683013.179103,8179,tx,56047.5,150.4,365.2,,,1,0,0,1
1775346741690553,1790683013.316360,8316,tx,52547.4,256.2,486.0,,,1,0,0,1
1775346885684007,1790683013.460353,8460,tx,53374.9,272.9,494.8,,,1,0,0,1
1775347029372842,1790683013.604043,8604,tx,51617.5,128.0,246.2,,,1,0,0,1
1775347172575429,1790683013.747245,8747,tx,53300.5,194.3,422.9,,,1,0,0,1
1775347318047169,1790683013.892716,8892,tx,52246.4,184.8,417.0,,,1,0,0,1
1775347462695372,1790683014.037365,9037,tx,52244.1,309.1,505.7,,,1,0,0,1
1775347606138089,1790683014.180808,9180,tx,52429.9,109.8,214.9,,,1,0,0,1
1775347750352986,1790683014.325023,9325,tx,52757.2,113.4,236.8,,,1,0,0,1
1775347894823514,1790683014.469493,9469,tx,52070.4,195.4,449.6,,,1,0,0,1
1775348039065368,1790683014.613735,9613,tx,52286.5,172.1,406.6,,,1,0,0,1
1775348183685308,1790683014.758355,9758,tx,53284.2,293.9,530.6,,,1,0,0,1
1775348330250361,1790683014.904920,9904,tx,51416.4,107.1,215.4,,,1,0,0,1
1775348473097142,1790683015.047766,10047,tx,52058.5,176.1,413.7,,,1,0,0,1
1775348616547655,1790683015.191217,10191,tx,53069.5,166.4,380.9,,,1,0,0,1
1775348761756710,1790683015.336426,10336,tx,52290.7,182.7,462.1,,,1,0,0,1
1775348905264291,1790683015.479934,10479,tx,52481.6,129.8,232.4,,,1,0,0,1
1775349049285252,1790683015.623955,10623,tx,51759.5,117.8,242.8,,,1,0,0,1
1775349193269125,1790683015.767938,10767,tx,52066.5,169.9,394.0,,,1,0,0,1
1775349337153158,1790683015.911822,10911,tx,51972.1,165.3,409.3,,,1,0,0,1
1775349480620279,1790683016.055290,11055,tx,53231.0,335.1,584.3,,,1,0,0,1
1775349624518857,1790683016.199189,11199,tx,52361.2,104.8,198.6,,,1,0,0,1
1775349768127459,1790683016.342796,11342,tx,52219.2,169.7,404.7,,,1,0,0,1
1775349912203967,1790683016.486873,11486,tx,52269.9,197.4,441.7,,,1,0,0,1
1775350055741109,1790683016.630411,11630,tx,51609.4,82.9,167.8,,,1,0,0,1
1775350198231059,1790683016.772900,11772,tx,51996.1,99.4,259.8,,,1,0,0,1
1775350341366620,1790683016.916037,11916,tx,52370.1,106.0,203.3,,,1,0,0,1
1775350485489744,1790683017.060159,12060,tx,53116.3,184.9,413.3,,,1,0,0,1
1775350630617328,1790683017.205287,12205,tx,52317.4,325.7,553.7,,,1,0,0,1
1775350774832305,1790683017.349500,12349,tx,53163.8,161.9,452.5,,,1,0,0,1
1775350918426170,1790683017.493096,12493,tx,51555.5,110.4,204.1,,,1,0,0,1
1775351061711618,1790683017.636379,12636,tx,52241.4,272.4,509.3,,,1,0,0,1
1775351206033097,1790683017.780702,12780,tx,53281.9,155.3,373.0,,,1,0,0,1
1775351351632674,1790683017.926302,12926,tx,52701.5,398.5,636.9,,,1,0,0,1
1775351496418530,1790683018.071088,13071,tx,52966.4,161.7,358.5,,,1,0,0,1
1775351640162883,1790683018.214833,13214,tx,52215.3,102.5,186.6,,,1,0,0,1
1775351783849324,1790683018.358519,13358,tx,52277.6,152.1,397.6,,,1,0,0,1
1775351927947846,1790683018.502617,13502,tx,52083.1,150.6,375.2,,180211.6,1,0,0,1
1775352071371856,1790683018.646041,13646,tx,52984.5,171.8,389.6,,,0,0,0,0
1775352216046587,1790683018.790717,13790,idle,52219.7,198.3,267.0,,,0,0,0,0
1775352424719377,1790683018.999389,13999,idle,3657.5,458.8,614.0,,,0,0,0,0
1775352568500825,1790683019.143170,14143,idle,2003.7,165.0,321.4,,,0,0,0,0
1775352708124298,1790683019.282793,14282,idle,2436.6,150.5,400.1,,,0,0,0,0
1775352847143300,1790683019.421813,14421,idle,978.9,110.3,211.3,,,0,0,0,0
1775352987303734,1790683019.561974,14561,idle,842.7,78.1,170.9,,,0,0,0,0
1775353127444445,1790683019.702115,14702,idle,1341.7,102.1,194.2,,,0,0,0,0
1775353268323610,1790683019.842993,14842,idle,2442.9,189.6,406.8,,,0,0,0,0
1775353408771562,1790683019.983441,14983,idle,3705.1,359.4,568.6,,,0,0,0,0
1775353547485583,1790683020.122156,122,idle,1282.4,97.5,194.8,,,0,0,0,0
1775353687922790,1790683020.262592,262,idle,2473.2,168.5,421.9,,,0,0,0,0
1775353828785019,1790683020.403455,403,idle,2473.2,302.8,567.5,,,0,0,0,0
1775353968357793,1790683020.543027,543,idle,1722.9,150.0,283.8,,,0,0,0,0
1775354108456404,1790683020.683126,683,idle,2722.3,153.0,347.6,,,0,0,0,0
1775354248053746,1790683020.822723,822,idle,1089.9,218.2,323.1,,,0,0,0,0
1775354388542881,1790683020.963212,963,idle,2245.9,189.8,419.1,,,0,0,0,0
1775354528663171,1790683021.103332,1103,idle,2771.3,497.6,730.6,,,0,0,0,0
1775354668823373,1790683021.243493,1243,idle,2607.6,313.5,568.4,,,0,0,0,0
1775354808225509,1790683021.382895,1382,idle,1626.6,124.3,254.8,,,0,0,0,0
1775354947883910,1790683021.522554,1522,idle,1217.9,393.5,465.8,,,0,0,0,0
1775355088699557,1790683021.663368,1663,idle,2848.3,424.1,664.7,,,0,0,0,0
1775355228570720,1790683021.803240,1803,idle,2280.0,156.3,375.3,,,0,0,0,0
1775355368377603,1790683021.943047,1943,idle,2138.3,160.6,382.1,,,0,0,0,0
1775355507865510,1790683022.082536,2082,idle,1249.7,427.8,496.3,,,0,0,0,0
1775355648346060,1790683022.223015,2223,idle,2096.7,148.2,400.7,,,0,0,0,0
1775355788358075,1790683022.363028,2363,idle,2294.0,192.7,438.5,,,0,0,0,0
1775355928954324,1790683022.503624,2503,idle,2488.8,183.4,424.4,,,0,0,0,0
1775356068509055,1790683022.643178,2643,idle,2689.7,152.9,399.1,,,0,0,0,0
1775356207454266,1790683022.782124,2782,idle,747.6,80.5,150.6,,,0,0,0,0
1775356347912136,1790683022.922581,2922,idle,2105.6,270.4,479.0,,,0,0,0,0
1775356488564366,1790683023.063234,3063,idle,2661.5,114.6,355.2,,,0,0,0,0
1775356628234607,1790683023.202904,3202,idle,2125.1,125.3,333.0,,,0,0,0,0
1775356768438878,1790683023.343108,3343,idle,2343.4,177.9,407.4,,,0,0,0,0
1775356907203775,1790683023.481874,3481,idle,896.3,104.8,186.8,,,0,0,0,0
1775357048748952,1790683023.623418,3623,idle,2730.1,418.1,641.5,,,0,0,0,0
1775357187514529,1790683023.762184,3762,idle,1324.8,93.5,232.3,,,0,0,0,0
1775357328070037,1790683023.902740,3902,idle,1425.0,122.7,262.8,,,0,0,0,0
1775357467656269,1790683024.042326,4042,idle,1131.5,87.8,198.5,,,0,0,0,0
1775357607732094,1790683024.182402,4182,idle,1305.6,85.3,202.5,,,0,0,0,0
1775357747860586,1790683024.322530,4322,idle,1376.2,248.8,367.4,,,0,0,0,0
1775357888179035,1790683024.462849,4462,idle,1316.9,99.3,233.1,,,0,0,0,0
1775358027445618,1790683024.602115,4602,idle,1378.5,99.2,240.7,,,0,0,0,0
1775358167893665,1790683024.742563,4742,idle,1418.9,249.9,374.7,,,0,0,0,0
1775358307957690,1790683024.882627,4882,idle,1272.2,183.0,293.6,,,0,0,0,0
1775358447765660,1790683025.022436,5022,idle,1356.7,114.2,229.9,,,0,0,0,0
1775358588286159,1790683025.162956,5162,idle,2189.8,197.1,432.9,,,0,0,0,0
1775358728964802,1790683025.303634,5303,idle,2343.4,195.4,457.8,,,0,0,0,0
1775358868443543,1790683025.443113,5443,idle,2115.3,179.9,401.2,,,0,0,0,0
1775359007275636,1790683025.581946,5581,idle,787.1,74.9,134.9,,,0,0,0,0
1775359148205487,1790683025.722875,5722,idle,2079.1,121.0,326.0,,,0,0,0,0
1775359287452985,1790683025.862123,5862,idle,1147.8,104.7,202.6,,,0,0,0,0
1775359428714687,1790683026.003384,6003,idle,2352.2,326.6,550.5,,,0,0,0,0
1775359567998348,1790683026.142668,6142,idle,1165.0,155.9,273.3,,,0,0,0,0
1775359707630394,1790683026.282300,6282,idle,978.4,126.9,206.4,,,0,0,0,0
1775359848750359,1790683026.423420,6423,idle,2339.6,293.2,524.4,,,0,0,0,0
1775359988421178,1790683026.563091,6563,idle,1683.7,133.7,299.3,,,0,0,0,0
1775360128550113,1790683026.703219,6703,idle,2258.8,178.2,413.1,,,0,0,0,0
1775360267173174,1790683026.841843,6841,idle,923.7,82.3,178.9,,,0,0,0,0
1775360407977433,1790683026.982647,6982,idle,1314.5,115.6,279.8,,,0,0,0,0
1775360548552973,1790683027.123222,7123,idle,2155.6,158.0,380.6,,,0,0,0,0
1775360688472521,1790683027.263142,7263,idle,2262.9,163.6,395.7,,,0,0,0,0
1775360828499494,1790683027.403169,7403,idle,2045.2,138.4,365.4,,,0,0,0,0
1775360967081200,1790683027.541751,7541,idle,857.1,102.7,209.2,,,0,0,0,0
1775361108289451,1790683027.682959,7682,idle,2096.1,159.9,347.0,,,0,0,0,0
1775361248817475,1790683027.823487,7823,idle,2330.8,228.1,458.9,,,0,0,0,0
1775361388124968,1790683027.962794,7962,idle,2207.9,157.6,347.9,,,0,0,0,0
1775361528256673,1790683028.102926,8102,idle,2215.0,165.1,398.9,,,0,0,0,0
1775361667712331,1790683028.242382,8242,idle,1043.5,98.9,193.5,,,0,0,0,0
1775361807650701,1790683028.382321,8382,idle,1374.4,125.9,256.9,,,0,0,0,0
1775361948715624,1790683028.523385,8523,idle,1551.0,93.2,220.9,,,0,0,0,0
1775362088373164,1790683028.663042,8663,idle,2213.4,124.5,358.8,,,0,0,0,0
1775362228260166,1790683028.802929,8802,idle,2008.1,127.1,329.2,,,0,0,0,0
1775362367893084,1790683028.942563,8942,idle,1176.4,299.9,397.4,,,0,0,0,0
1775362507687278,1790683029.082357,9082,idle,1540.4,133.4,281.6,,,0,0,0,0
1775362648303268,1790683029.222972,9222,idle,2238.4,193.0,425.3,,,0,0,0,0
1775362788727367,1790683029.363397,9363,idle,2479.6,359.6,595.0,,,0,0,0,0
1775362928039312,1790683029.502709,9502,idle,1083.1,153.2,237.5,,,0,0,0,0
1775363067973950,1790683029.642644,9642,idle,1155.6,180.5,316.4,,,0,0,0,0
1775363208954839,1790683029.783624,9783,idle,3591.2,175.7,404.4,,,0,0,0,0
1775363348379309,1790683029.923048,9923,idle,2273.3,186.9,406.3,,,0,0,0,0
1775363488530300,1790683030.063200,10063,idle,2193.1,195.7,430.9,,,0,0,0,0
1775363628722287,1790683030.203392,10203,idle,898.5,75.7,183.2,,,0,0,0,0
1775363768120263,1790683030.342790,10342,idle,1297.0,149.1,274.7,,,0,0,0,0
1775363908558506,1790683030.483228,10483,idle,1844.8,109.8,325.3,,,0,0,0,0
1775364048145767,1790683030.622815,10622,idle,2246.1,195.1,429.8,,,0,0,0,0
1775364188415159,1790683030.763085,10763,idle,2119.3,189.9,421.2,,,0,0,0,0
1775364327244905,1790683030.901915,10901,idle,953.2,111.7,193.9,,,0,0,0,0
1775364468111427,1790683031.042781,11042,idle,2233.5,188.8,418.4,,,0,0,0,0
1775364608129557,1790683031.182798,11182,idle,2054.1,178.1,351.8,,,0,0,0,0
1775364748504096,1790683031.323173,11323,idle,2216.2,203.1,436.9,,,0,0,0,0
1775364888980624,1790683031.463650,11463,idle,2172.5,152.3,366.7,,,0,0,0,0
1775365027242780,1790683031.601913,11601,idle,925.4,108.4,182.2,,,0,0,0,0
1775365168517907,1790683031.743187,11743,idle,2421.2,172.2,391.7,,,0,0,0,0
1775365307464209,1790683031.882134,11882,idle,1365.4,128.0,214.3,,,0,0,0,0
1775365449159415,1790683032.023829,12023,idle,2244.3,189.9,426.8,,,0,0,0,0
1775365588111819,1790683032.162781,12162,idle,1301.3,118.4,266.7,,,0,0,0,0
1775365727971274,1790683032.302641,12302,idle,1229.2,240.2,361.6,,,0,0,0,0
1775365868194029,1790683032.442864,12442,idle,1382.0,119.4,260.5,,,0,0,0,0
1775366008305742,1790683032.582975,12582,idle,1522.4,121.0,256.6,,,0,0,0,0
1775366148110478,1790683032.722780,12722,idle,1440.8,121.1,313.2,,,0,0,0,0
1775366287696242,1790683032.862366,12862,idle,1231.2,86.4,190.4,,,0,0,0,0
1775366427758031,1790683033.002428,13002,idle,1083.5,74.0,184.9,,,0,0,0,0
1775366567465272,1790683033.142135,13142,idle,1410.6,114.8,266.7,,,0,0,0,0
1775366707638382,1790683033.282308,13282,idle,1339.1,94.6,228.2,,,0,0,0,0
1775366848054440,1790683033.422724,13422,idle,1287.6,141.2,259.5,,,0,0,0,0
1775366988620825,1790683033.563291,13563,idle,1113.2,109.8,232.9,,,0,0,0,0
1775367127757808,1790683033.702428,13702,idle,893.4,74.8,158.9,,,0,0,0,0
1775367268091175,1790683033.842760,13842,idle,2076.7,112.7,360.6,,,0,0,0,0
1775367408056427,1790683033.982725,13982,idle,1744.1,119.9,360.8,,,0,0,0,0
1775367548540376,1790683034.123210,14123,idle,2109.8,133.4,358.6,,,0,0,0,0
1775367687241093,1790683034.261911,14261,idle,1012.4,101.7,165.7,,,0,0,0,0
1775367827099476,1790683034.401769,14401,decode,921.0,113.2,202.0,,,0,0,1,0
1775367968173546,1790683034.542843,14542,idle,2203.0,118.8,340.8,,,0,0,0,0
1775368108442676,1790683034.683111,14683,idle,2037.2,108.8,345.1,,,0,0,0,0
1775368248993506,1790683034.823663,14823,idle,2203.1,151.1,468.6,,,0,0,0,0
1775368387584247,1790683034.962254,14962,idle,1105.8,102.7,190.5,,,0,0,0,0
1775368527866062,1790683035.102535,102,idle,128787.2,294.2,506.0,,,0,0,0,1
1775368717667934,1790683035.292337,292,tx,52321.9,182.6,378.6,,,1,0,0,1
1775368861503862,1790683035.436174,436,tx,52103.9,130.6,289.9,,,1,0,0,1
1775369004507924,1790683035.579178,579,tx,52412.1,100.3,183.1,,,1,0,0,1
1775369148056384,1790683035.722726,722,tx,51962.0,294.2,453.4,,,1,0,0,1
1775369291683062,1790683035.866351,866,tx,53277.1,150.2,353.1,,,1,0,0,1
1775369436115675,1790683036.010785,1010,tx,52443.2,177.7,383.0,,,1,0,0,1
1775369580753575,1790683036.155423,1155,tx,53236.2,148.1,346.7,,,1,0,0,1
1775369724556789,1790683036.299227,1299,tx,51550.4,108.1,179.8,,,1,0,0,1
1775369868231449,1790683036.442901,1442,tx,52310.1,167.5,388.0,,,1,0,0,1
1775370012774452,1790683036.587444,1587,tx,52382.8,158.4,325.7,,,1,0,0,1
1775370157074481,1790683036.731744,1731,tx,52546.6,241.2,466.8,,,1,0,0,1
1775370300525951,1790683036.875196,1875,tx,55701.3,85.4,159.1,,,1,0,0,1
1775370438344714,1790683037.013014,2013,tx,52235.1,161.0,392.6,,,1,0,0,1
1775370582341722,1790683037.157011,2157,tx,52188.9,161.6,406.4,,,1,0,0,1
1775370726297292,1790683037.300966,2300,tx,52099.1,159.8,404.2,,,1,0,0,1
1775370870824752,1790683037.445494,2445,tx,53649.1,476.0,716.1,,,1,0,0,1
1775371017076452,1790683037.591746,2591,tx,51592.1,334.9,423.1,,,1,0,0,1
1775371159756387,1790683037.734426,2734,tx,52700.5,164.2,388.5,,,1,0,0,1
1775371304754268,1790683037.879424,2879,tx,54809.2,161.1,379.8,,,1,0,0,1
1775371451639830,1790683038.026309,3026,tx,54574.3,142.1,344.0,,,1,0,0,1
1775371596318970,1790683038.170989,3170,tx,52119.9,96.2,172.2,,,1,0,0,1
1775371739754921,1790683038.314425,3314,tx,52317.6,143.9,322.8,,,1,0,0,1
1775371884078184,1790683038.458747,3458,tx,53468.3,213.5,443.9,,,1,0,0,1
1775372021233889,1790683038.595903,3595,tx,52397.8,154.6,424.0,,,1,0,0,1
1775372165500141,1790683038.740168,3740,tx,52976.0,158.9,408.8,,,1,0,0,1
1775372309222569,1790683038.883893,3883,tx,51176.3,192.4,298.2,,,1,0,0,1
1775372452860134,1790683039.027529,4027,tx,53659.8,453.3,697.2,,,1,0,0,1
1775372598900868,1790683039.173570,4173,tx,52651.0,431.6,657.0,,,1,0,0,1
1775372743903381,1790683039.318573,4318,tx,52754.6,379.1,608.8,,,1,0,0,1
1775372887501899,1790683039.462172,4462,tx,52614.4,101.0,189.4,,,1,0,0,1
1775373032983289,1790683039.607653,4607,tx,52250.2,415.2,571.4,,,1,0,0,1
1775373177310676,1790683039.751980,4751,tx,51997.5,146.3,423.7,,,1,0,0,1
1775373321991223,1790683039.896661,4896,tx,52727.0,260.9,535.8,,,1,0,0,1
1775373466898085,1790683040.041568,5041,tx,53660.0,399.9,631.5,,,1,0,0,1
1775373611153458,1790683040.185823,5185,tx,51164.4,134.5,232.3,,,1,0,0,1
1775373754383073,1790683040.329052,5329,tx,51843.6,159.0,369.8,,,1,0,0,1
1775373898615678,1790683040.473285,5473,tx,52515.2,109.4,346.5,,,1,0,0,1
1775374042237479,1790683040.616907,5616,tx,51867.7,145.3,266.6,,,1,0,0,1
1775374185824027,1790683040.760494,5760,tx,52423.2,85.8,167.2,,,1,0,0,1
1775374329846932,1790683040.904517,5904,tx,51761.2,160.3,269.1,,,1,0,0,1
1775374473567378,1790683041.048237,6048,tx,53513.4,226.8,464.3,,,1,0,0,1
1775374618940416,1790683041.193610,6193,tx,52551.2,254.9,506.2,,,1,0,0,1
1775374763462675,1790683041.338131,6338,tx,53273.4,196.3,443.6,,,1,0,0,1
1775374907974439,1790683041.482645,6482,tx,52377.4,280.0,381.8,,,1,0,0,1
1775375051962337,1790683041.626632,6626,tx,52488.5,284.5,513.9,,,1,0,0,1
1775375196162870,1790683041.770832,6770,tx,52298.6,192.5,396.9,,,1,0,0,1
1775375340266840,1790683041.914936,6914,tx,52208.7,200.9,429.6,,,1,0,0,1
1775375484086017,1790683042.058756,7058,tx,52497.5,222.4,349.9,,,1,0,0,1
1775375628117142,1790683042.202787,7202,tx,51700.3,221.0,328.8,,,1,0,0,1
1775375772051963,1790683042.346721,7346,tx,53168.4,150.6,402.1,,,1,0,0,1
1775375917203666,1790683042.491873,7491,tx,52385.5,129.0,363.6,,,1,0,0,1
1775376061564114,1790683042.636233,7636,tx,53837.4,216.9,481.3,,,1,0,0,1
1775376205998775,1790683042.780669,7780,tx,52467.1,298.4,393.3,,,1,0,0,1
1775376350341125,1790683042.925010,7925,tx,53095.0,189.9,414.1,,,1,0,0,1
1775376495805894,1790683043.070475,8070,tx,52292.5,152.3,393.5,,,1,0,0,1
1775376639714118,1790683043.214383,8214,tx,52465.4,177.5,404.3,,,1,0,0,1
1775376782972339,1790683043.357642,8357,tx,52432.3,260.8,381.9,,,1,0,0,1
1775376926590560,1790683043.501261,8501,tx,52685.6,135.8,251.9,,,1,0,0,1
1775377070469122,1790683043.645139,8645,tx,52721.9,102.7,233.4,,,1,0,0,1
1775377214326670,1790683043.788996,8788,tx,52763.0,104.5,248.5,,,1,0,0,1
1775377358068878,1790683043.932739,8932,tx,52831.7,211.0,372.4,,,1,0,0,1
1775377501449799,1790683044.076119,9076,tx,57266.7,97.6,196.4,,,1,0,0,1
1775377639452989,1790683044.214123,9214,tx,51523.4,91.2,195.9,,,1,0,0,1
1775377781752066,1790683044.356422,9356,tx,52666.1,99.6,235.1,,,1,0,0,1
1775377925334123,1790683044.500004,9500,tx,52421.7,116.0,231.7,,,1,0,0,1
1775378068512499,1790683044.643182,9643,tx,54112.1,94.4,225.3,,,1,0,0,1
1775378211704774,1790683044.786375,9786,tx,52550.6,84.0,201.8,,,1,0,0,1
1775378355284008,1790683044.929954,9929,tx,51765.3,153.5,264.2,,,1,0,0,1
1775378498775512,1790683045.073445,10073,tx,53194.9,139.8,325.7,,,1,0,0,1
1775378643105698,1790683045.217776,10217,tx,51675.6,251.6,361.7,,,1,0,0,1
1775378786604681,1790683045.361274,10361,tx,52838.8,115.0,328.3,,,1,0,0,1
1775378930759220,1790683045.505429,10505,tx,51404.5,68.8,168.8,,,1,0,0,1
1775379074517560,1790683045.649186,10649,tx,51836.9,136.6,369.9,,,1,0,0,1
1775379218718258,1790683045.793387,10793,tx,52361.5,161.5,372.1,,,1,0,0,1
1775379363437526,1790683045.938107,10938,tx,52353.0,171.7,417.0,,,1,0,0,1
1775379506511729,1790683046.081182,11081,tx,57332.6,108.0,206.7,,,1,0,0,1
1775379645086166,1790683046.219756,11219,tx,51820.6,236.0,378.1,,,1,0,0,1
1775379788560936,1790683046.363230,11363,tx,52076.3,163.2,419.7,,,1,0,0,1
1775379928310474,1790683046.502979,11502,tx,53299.4,161.5,427.7,,,1,0,0,1
1775380073093873,1790683046.647763,11647,tx,53149.1,144.4,369.3,,,1,0,0,1
1775380216840515,1790683046.791511,11791,tx,51447.2,85.7,175.1,,,1,0,0,1
1775380360636719,1790683046.935306,11935,tx,53166.8,115.5,344.4,,,1,0,0,1
1775380505774881,1790683047.080444,12080,tx,61963.7,179.6,387.1,,,1,0,0,1
1775380649891726,1790683047.224561,12224,tx,54083.0,322.5,557.2,,,1,0,0,1
1775380793652428,1790683047.368322,12368,tx,52511.3,99.9,206.5,,,1,0,0,1
1775380937157558,1790683047.511828,12511,tx,51384.0,200.7,294.9,,,1,0,0,1
1775381080703083,1790683047.655372,12655,tx,52583.5,202.7,437.5,,,1,0,0,1
1775381225091864,1790683047.799761,12799,tx,52482.4,178.8,408.2,,,1,0,0,1
1775381368479042,1790683047.943149,12943,tx,52542.9,133.1,225.6,,,1,0,0,1
1775381512420549,1790683048.087090,13087,tx,51548.7,130.9,245.3,,,1,0,0,1
1775381656241419,1790683048.230911,13230,tx,53416.4,159.8,346.3,,,1,0,0,1
1775381801517341,1790683048.376187,13376,tx,59184.9,172.0,386.7,,,1,0,0,1
1775381942080056,1790683048.516749,13516,tx,52415.7,212.6,391.1,,161001.2,1,0,0,1
1775382085307113,1790683048.659977,13659,tx,52296.4,82.5,160.7,,,0,0,0,0
1775382228781992,1790683048.803452,13803,idle,51738.4,117.5,241.0,,,0,0,0,0
1775382432503737,1790683049.007173,14007,idle,3081.2,117.0,268.3,,,0,0,0,0
1775382575446347,1790683049.150115,14150,idle,2174.1,181.2,432.9,,,0,0,0,0
1775382716102594,1790683049.290772,14290,idle,2485.8,327.5,538.7,,,0,0,0,0
1775382854572870,1790683049.429243,14429,idle,1327.0,132.1,217.9,,,0,0,0,0
1775382995825046,1790683049.570494,14570,idle,2684.3,175.2,433.8,,,0,0,0,0
1775383140670674,1790683049.715339,14715,idle,2073.6,164.7,359.0,,,0,0,0,0
1775383285768236,1790683049.860437,14860,idle,2358.2,141.1,352.1,,,0,0,0,0
1775383430743612,1790683050.005414,5,idle,2159.6,111.4,191.5,,,0,0,0,0
1775383575671928,1790683050.150342,150,idle,1462.4,113.1,223.3,,,0,0,0,0
1775383716157095,1790683050.290827,290,idle,2611.7,241.4,474.6,,,0,0,0,0
1775383856105801,1790683050.430775,430,idle,2586.4,284.5,522.6,,,0,0,0,0
1775383995673512,1790683050.570343,570,idle,2110.1,157.5,377.1,,,0,0,0,0
1775384134953840,1790683050.709624,709,idle,1201.8,79.4,182.8,,,0,0,0,0
1775384275809470,1790683050.850479,850,idle,1802.9,102.4,261.7,,,0,0,0,0
1775384415873461,1790683050.990543,990,idle,1694.5,125.0,313.9,,,0,0,0,0
1775384555992067,1790683051.130661,1130,idle,2712.9,403.4,647.2,,,0,0,0,0
1775384695536572,1790683051.270206,1270,idle,2223.4,164.9,386.9,,,0,0,0,0
1775384835118487,1790683051.409788,1409,idle,1195.3,403.2,480.1,,,0,0,0,0
1775384974997426,1790683051.549667,1549,idle,1503.7,125.9,268.6,,,0,0,0,0
1775385116277916,1790683051.690947,1690,idle,2476.4,128.3,346.5,,,0,0,0,0
1775385256271414,1790683051.830941,1830,idle,2501.0,197.3,403.9,,,0,0,0,0
1775385395894779,1790683051.970564,1970,idle,2488.7,122.1,328.0,,,0,0,0,0
1775385535428767,1790683052.110099,2110,idle,857.5,111.0,218.8,,,0,0,0,0
1775385675710427,1790683052.250380,2250,idle,2565.0,119.1,333.5,,,0,0,0,0
1775385815502093,1790683052.390171,2390,idle,2214.8,148.7,377.3,,,0,0,0,0
1775385955691181,1790683052.530361,2530,idle,1745.2,131.9,287.2,,,0,0,0,0
1775386095272635,1790683052.669942,2669,idle,2276.3,169.5,376.1,,,0,0,0,0
1775386235278789,1790683052.809949,2809,idle,1061.1,258.5,360.7,,,0,0,0,0
1775386375774979,1790683052.950444,2950,idle,1548.7,122.1,249.5,,,0,0,0,0
1775386515148225,1790683053.089818,3089,idle,1454.4,397.0,505.5,,,0,0,0,0
1775386655374015,1790683053.230043,3230,idle,2430.8,114.8,335.1,,,0,0,0,0
1775386795452830,1790683053.370123,3370,idle,1122.3,112.8,246.6,,,0,0,0,0
1775386935165960,1790683053.509836,3509,idle,1255.4,417.9,483.5,,,0,0,0,0
1775387075609499,1790683053.650279,3650,idle,2166.3,162.5,376.7,,,0,0,0,0
1775387215537601,1790683053.790207,3790,idle,2106.9,190.8,389.9,,,0,0,0,0
1775387356115480,1790683053.930785,3930,idle,2246.5,202.1,443.6,,,0,0,0,0
1775387495363115,1790683054.070033,4070,idle,917.2,104.4,211.2,,,0,0,0,0
1775387635425876,1790683054.210096,4210,idle,1656.7,156.9,296.5,,,0,0,0,0
1775387776079749,1790683054.350748,4350,idle,2318.3,258.1,482.5,,,0,0,0,0
1775387916187768,1790683054.490857,4490,idle,2367.1,159.2,360.2,,,0,0,0,0
1775388055824138,1790683054.630493,4630,idle,2327.5,158.7,413.9,,,0,0,0,0
1775388195351782,1790683054.770022,4770,idle,973.1,102.4,203.5,,,0,0,0,0
1775388336032598,1790683054.910702,4910,idle,2817.2,301.3,530.6,,,0,0,0,0
1775388476046968,1790683055.050716,5050,idle,2804.1,304.5,520.0,,,0,0,0,0
1775388614933187,1790683055.189603,5189,idle,1514.5,121.5,273.8,,,0,0,0,0
1775388755809604,1790683055.330479,5330,idle,1353.6,97.3,208.3,,,0,0,0,0
1775388895174947,1790683055.469845,5469,idle,1301.0,224.9,356.2,,,0,0,0,0
1775389035574168,1790683055.610244,5610,idle,1547.8,114.8,265.4,,,0,0,0,0
1775389175772076,1790683055.750442,5750,idle,1548.3,116.7,270.2,,,0,0,0,0
1775389315337237,1790683055.890007,5890,idle,1321.4,119.8,276.1,,,0,0,0,0
1775389455766845,1790683056.030437,6030,idle,1509.6,83.2,231.9,,,0,0,0,0
1775389595052585,1790683056.169722,6169,idle,1220.4,87.7,182.2,,,0,0,0,0
1775389735238601,1790683056.309908,6309,idle,1274.4,205.7,343.3,,,0,0,0,0
1775389874958191,1790683056.449628,6449,idle,1591.5,156.3,317.4,,,0,0,0,0
1775390016144124,1790683056.590813,6590,idle,2487.0,252.0,450.2,,,0,0,0,0
1775390155883541,1790683056.730552,6730,idle,2470.7,143.5,373.2,,,0,0,0,0
1775390295425628,1790683056.870095,6870,idle,979.8,103.3,221.8,,,0,0,0,0
1775390440966241,1790683057.015635,7015,idle,2459.7,369.0,618.7,,,0,0,0,0
1775390585941289,1790683057.160611,7160,idle,2092.6,192.0,434.2,,,0,0,0,0
1775390729189451,1790683057.303859,7303,idle,2164.7,196.0,396.4,,,0,0,0,0
1775390876117999,1790683057.450788,7450,idle,1115.1,301.5,413.0,,,0,0,0,0
1775391015619809,1790683057.590290,7590,idle,1019.1,108.2,223.0,,,0,0,0,0
1775391156634990,1790683057.731304,7731,idle,2165.8,198.8,444.2,,,0,0,0,0
1775391295754353,1790683057.870424,7870,idle,2055.3,168.8,392.4,,,0,0,0,0
1775391439765933,1790683058.014435,8014,idle,2322.8,162.5,428.8,,,0,0,0,0
1775391585087150,1790683058.159757,8159,idle,1158.4,103.5,210.7,,,0,0,0,0
1775391724796906,1790683058.299467,8299,idle,1486.2,165.5,299.8,,,0,0,0,0
1775391865894205,1790683058.440563,8440,idle,2232.5,184.8,401.5,,,0,0,0,0
1775392005451865,1790683058.580121,8580,idle,8629.9,156.7,359.0,,,0,0,0,0
1775392145995087,1790683058.720664,8720,idle,2391.6,331.0,611.5,,,0,0,0,0
1775392284748302,1790683058.859418,8859,idle,844.4,69.5,156.2,,,0,0,0,0
1775392425972761,1790683059.000642,9000,idle,2423.9,377.9,623.0,,,0,0,0,0
1775392565768238,1790683059.140438,9140,idle,2329.5,199.4,471.1,,,0,0,0,0
1775392705991145,1790683059.280660,9280,idle,3594.7,163.9,363.2,,,0,0,0,0
1775392845314721,1790683059.419984,9419,idle,2037.0,174.2,374.7,,,0,0,0,0
1775392984540040,1790683059.559210,9559,idle,935.9,136.4,229.4,,,0,0,0,0
1775393129099864,1790683059.703768,9703,idle,2338.4,288.8,499.6,,,0,0,0,0
1775393275978798,1790683059.850647,9850,idle,2520.9,334.8,629.7,,,0,0,0,0
1775393416168087,1790683059.990837,9990,idle,2232.1,208.9,444.8,,,0,0,0,0
1775393555376799,1790683060.130047,10130,idle,1085.2,139.1,252.2,,,0,0,0,0
1775393694883113,1790683060.269553,10269,idle,1142.6,143.6,246.8,,,0,0,0,0
1775393840082868,1790683060.414752,10414,idle,2276.2,286.0,520.4,,,0,0,0,0
1775393986560806,1790683060.561230,10561,idle,2109.6,150.7,391.2,,,0,0,0,0
1775394129206473,1790683060.703876,10703,idle,2238.8,167.9,398.3,,,0,0,0,0
1775394274569825,1790683060.849240,10849,idle,928.4,80.7,153.4,,,0,0,0,0
1775394415061300,1790683060.989731,10989,idle,2420.2,297.1,517.6,,,0,0,0,0
1775394555719141,1790683061.130388,11130,idle,2038.9,145.6,355.6,,,0,0,0,0
1775394696484359,1790683061.271154,11271,idle,2184.6,158.4,364.1,,,0,0,0,0
1775394840030842,1790683061.414700,11414,idle,2883.3,360.3,593.2,,,0,0,0,0
1775394985077079,1790683061.559747,11559,idle,1075.0,102.8,194.4,,,0,0,0,0
1775395129940435,1790683061.704610,11704,idle,2167.8,203.5,459.0,,,0,0,0,0
1775395275986424,1790683061.850657,11850,decode,919.7,128.8,222.9,,,0,0,1,0
1775395416423447,1790683061.991093,11991,idle,2271.3,192.9,441.7,,,0,0,0,0
1775395554811078,1790683062.129481,12129,idle,1449.1,74.5,177.0,,,0,0,0,0
1775395695062723,1790683062.269733,12269,idle,1369.4,120.7,236.8,,,0,0,0,0
1775395841128581,1790683062.415798,12415,idle,2385.3,263.1,476.9,,,0,0,0,0
1775395986124357,1790683062.560794,12560,idle,1751.9,304.4,460.9,,,0,0,0,0
1775396132105785,1790683062.706775,12706,idle,2400.5,276.4,505.0,,,0,0,0,0
1775396274939411,1790683062.849609,12849,idle,1050.3,114.8,206.6,,,0,0,0,0
1775396415661976,1790683062.990330,12990,idle,2062.3,145.4,372.8,,,0,0,0,0
1775396554860657,1790683063.129531,13129,idle,1207.7,139.2,250.5,,,0,0,0,0
1775396695915117,1790683063.270584,13270,idle,2206.0,193.2,411.6,,,0,0,0,0
1775396839310823,1790683063.413980,13413,idle,1772.3,142.1,305.7,,,0,0,0,0
1775396985472392,1790683063.560142,13560,idle,1042.2,132.5,229.9,,,0,0,0,0
1775397129799244,1790683063.704468,13704,idle,2421.1,179.8,446.0,,,0,0,0,0
1775397275823913,1790683063.850493,13850,idle,2281.1,191.9,445.2,,,0,0,0,0
1775397415982305,1790683063.990652,13990,idle,2220.2,190.2,451.0,,,0,0,0,0
1775397555519211,1790683064.130189,14130,idle,1223.6,141.3,253.1,,,0,0,0,0
1775397695324524,1790683064.269994,14269,idle,1081.4,167.6,278.6,,,0,0,0,0
1775397834945802,1790683064.409615,14409,decode,2262.0,144.8,380.6,,,0,0,1,0
1775397975528847,1790683064.550198,14550,idle,2127.2,180.5,396.9,,,0,0,0,0
1775398116487119,1790683064.691156,14691,idle,2267.6,189.0,412.7,,,0,0,0,0
1775398254795613,1790683064.829466,14829,idle,1107.5,77.7,168.6,,,0,0,0,0
1775398395244958,1790683064.969915,14969,idle,1327.3,261.7,386.4,,,0,0,0,0
1775398620702440,1790683065.195372,195,tx,52801.6,121.8,274.4,,,1,0,0,1
1775398765330822,1790683065.340000,339,tx,52999.9,145.4,367.3,,,1,0,0,1
1775398909476058,1790683065.484146,484,tx,51633.1,166.0,296.1,,,1,0,0,1
1775399051794187,1790683065.626464,626,tx,52604.2,75.7,176.7,,,1,0,0,1
1775399195691633,1790683065.770361,770,tx,52765.5,91.7,213.1,,,1,0,0,1
1775399339636562,1790683065.914306,914,tx,51929.5,120.8,274.8,,,1,0,0,1
1775399482677017,1790683066.057347,1057,tx,54855.8,104.1,223.7,,,1,0,0,1
1775399626964798,1790683066.201635,1201,tx,52716.8,116.1,257.7,,,1,0,0,1
1775399770493768,1790683066.345164,1345,tx,53145.3,175.6,328.2,,,1,0,0,1
1775399914589064,1790683066.489259,1489,tx,52979.1,158.6,318.4,,,1,0,0,1
1775400059171577,1790683066.633842,1633,tx,53199.6,472.8,623.5,,,1,0,0,1
1775400203038422,1790683066.777708,1777,tx,52439.8,112.2,218.0,,,1,0,0,1
1775400346392422,1790683066.921062,1921,tx,51469.8,252.7,387.6,,,1,0,0,1
1775400489862557,1790683067.064532,2064,tx,52772.9,191.3,450.1,,,1,0,0,1
1775400635238977,1790683067.209908,2209,tx,53452.9,373.0,565.1,,,1,0,0,1
1775400780722246,1790683067.355392,2355,tx,52368.0,149.4,362.9,,,1,0,0,1
1775400924063391,1790683067.498734,2498,tx,52749.9,131.3,237.6,,,1,0,0,1
1775401068210344,1790683067.642880,2642,tx,53250.5,462.5,585.5,,,1,0,0,1
1775401213235302,1790683067.787905,2787,tx,52763.9,369.2,583.4,,,1,0,0,1
1775401357577539,1790683067.932246,2932,tx,53008.0,95.2,363.1,,,1,0,0,1
1775401502556617,1790683068.077225,3077,tx,67099.3,116.7,345.9,,,1,0,0,1
1775401641084059,1790683068.215754,3215,tx,51410.0,77.5,141.4,,,1,0,0,1
1775401784565210,1790683068.359235,3359,tx,52301.5,122.0,392.5,,,1,0,0,1
1775401929023080,1790683068.503690,3503,tx,52211.4,121.4,317.0,,,1,0,0,1
1775402072165703,1790683068.646835,3646,tx,52496.8,438.7,647.7,,,1,0,0,1
1775402215620298,1790683068.790290,3790,tx,52665.9,104.1,221.7,,,1,0,0,1
1775402358881546,1790683068.933552,3933,tx,51570.1,111.9,185.7,,,1,0,0,1
1775402501856987,1790683069.076526,4076,tx,66045.3,146.3,369.6,,,1,0,0,1
1775402639268795,1790683069.213938,4213,tx,53359.8,340.9,520.2,,,1,0,0,1
1775402784052697,1790683069.358722,4358,tx,53499.4,206.1,439.8,,,1,0,0,1
1775402929073466,1790683069.503743,4503,tx,52551.1,79.5,154.0,,,1,0,0,1
1775403072778646,1790683069.647448,4647,tx,56772.4,175.8,390.6,,,1,0,0,1
1775403218377852,1790683069.793047,4793,tx,52265.3,224.1,445.7,,,1,0,0,1
1775403362153726,1790683069.936823,4936,tx,53668.4,485.1,697.5,,,1,0,0,1
1775403507915852,1790683070.082585,5082,tx,57414.6,104.3,252.7,,,1,0,0,1
1775403646706933,1790683070.221377,5221,tx,51625.2,122.1,204.4,,,1,0,0,1
1775403790283228,1790683070.364953,5364,tx,52339.8,209.9,422.8,,,1,0,0,1
1775403928217782,1790683070.502887,5502,tx,52230.9,239.2,471.8,,,1,0,0,1
1775404071626012,1790683070.646295,5646,tx,53283.1,199.4,410.9,,,1,0,0,1
1775404215837198,1790683070.790507,5790,tx,52538.6,122.3,240.7,,,1,0,0,1
1775404359333849,1790683070.934003,5934,tx,52045.4,186.6,401.1,,,1,0,0,1
1775404502854552,1790683071.077524,6077,tx,64869.3,164.7,383.9,,,1,0,0,1
1775404649469970,1790683071.224139,6224,tx,53973.6,214.1,503.4,,,1,0,0,1
1775404794057398,1790683071.368726,6368,tx,53269.4,132.1,336.7,,,1,0,0,1
1775404938637517,1790683071.513308,6513,tx,51274.4,101.9,201.0,,,1,0,0,1
1775405081578855,1790683071.656248,6656,tx,52974.3,159.0,349.8,,,1,0,0,1
1775405225962944,1790683071.800632,6800,tx,53298.6,161.6,399.8,,,1,0,0,1
1775405371039358,1790683071.945709,6945,tx,51658.8,135.6,254.5,,,1,0,0,1
1775405513694804,1790683072.088365,7088,tx,52180.5,107.2,173.5,,,1,0,0,1
1775405657261690,1790683072.231932,7231,tx,52773.4,277.6,401.1,,,1,0,0,1
1775405801603314,1790683072.376272,7376,tx,58550.5,155.5,517.1,,,1,0,0,1
1775405941627416,1790683072.516297,7516,tx,53109.0,160.1,349.2,,,1,0,0,1
1775406087400137,1790683072.662070,7662,tx,52073.1,171.8,401.9,,,1,0,0,1
1775406229904399,1790683072.804574,7804,tx,51395.6,80.3,164.5,,,1,0,0,1
1775406372709779,1790683072.947379,7947,tx,52872.0,164.4,373.3,,,1,0,0,1
1775406517547255,1790683073.092216,8092,tx,53361.4,186.9,438.2,,,1,0,0,1
1775406662592117,1790683073.237262,8237,tx,54204.3,165.2,376.6,,,1,0,0,1
1775406806917773,1790683073.381588,8381,tx,52498.9,129.5,252.2,,,1,0,0,1
1775406950059601,1790683073.524729,8524,tx,52819.8,106.2,194.8,,,1,0,0,1
1775407093860198,1790683073.668530,8668,tx,53194.0,174.6,398.0,,,1,0,0,1
1775407237911729,1790683073.812582,8812,tx,51659.1,124.1,286.9,,,1,0,0,1
1775407380665610,1790683073.955335,8955,tx,51770.2,115.9,271.3,,,1,0,0,1
1775407523155336,1790683074.097825,9097,tx,52533.5,104.1,203.9,,,1,0,0,1
1775407666505809,1790683074.241175,9241,tx,52907.2,136.5,308.0,,,1,0,0,1
1775407811096277,1790683074.385766,9385,tx,52620.3,92.7,220.1,,,1,0,0,1
1775407954668202,1790683074.529338,9529,tx,51825.8,98.5,257.6,,,1,0,0,1
1775408097667138,1790683074.672337,9672,tx,52685.8,91.0,249.0,,,1,0,0,1
1775408241389170,1790683074.816059,9816,tx,52565.8,181.3,299.3,,,1,0,0,1
1775408384761576,1790683074.959431,9959,tx,52796.8,105.0,263.1,,,1,0,0,1
1775408528922773,1790683075.103593,10103,tx,52947.8,116.7,241.1,,,1,0,0,1
1775408673459086,1790683075.248128,10248,tx,52388.6,215.9,448.5,,,1,0,0,1
1775408818107756,1790683075.392777,10392,tx,53222.7,184.4,384.2,,,1,0,0,1
1775408961909474,1790683075.536580,10536,tx,51508.0,119.0,204.6,,,1,0,0,1
1775409105101319,1790683075.679771,10679,tx,54335.8,158.8,366.0,,,1,0,0,1
1775409251516387,1790683075.826186,10826,tx,52561.9,191.5,419.8,,,1,0,0,1
1775409396161831,1790683075.970831,10970,tx,53534.2,389.0,633.7,,,1,0,0,1
1775409541721411,1790683076.116391,11116,tx,52599.4,135.3,240.5,,,1,0,0,1
1775409685358770,1790683076.260028,11260,tx,52119.3,251.3,401.0,,,1,0,0,1
1775409829434866,1790683076.404104,11404,tx,52269.9,154.0,372.6,,,1,0,0,1
1775409972702066,1790683076.547372,11547,tx,51935.2,153.0,386.7,,,1,0,0,1
1775410116509644,1790683076.691179,11691,tx,52995.0,153.7,377.6,,,1,0,0,1
1775410260357841,1790683076.835028,11835,tx,54291.5,277.9,340.6,,,1,0,0,1
1775410404687045,1790683076.979356,11979,tx,56032.0,145.0,350.1,,,1,0,0,1
1775410542182260,1790683077.116852,12116,tx,52064.2,150.7,344.6,,,1,0,0,1
1775410686328705,1790683077.260998,12260,tx,52516.5,202.9,426.8,,,1,0,0,1
1775410829275633,1790683077.403946,12403,tx,52405.4,109.6,222.8,,,1,0,0,1
1775410972577564,1790683077.547247,12547,tx,51934.7,144.4,314.0,,,1,0,0,1
1775411116278991,1790683077.690948,12690,tx,52528.2,276.6,512.2,,,1,0,0,1
1775411261123224,1790683077.835792,12835,tx,53257.4,172.2,399.5,,,1,0,0,1
1775411406896373,1790683077.981566,12981,tx,53103.3,161.9,374.2,,,1,0,0,1
1775411551221869,1790683078.125892,13125,tx,52218.1,106.7,207.9,,,1,0,0,1
1775411695198184,1790683078.269867,13269,tx,52607.5,332.0,542.6,,,1,0,0,1
1775411839697510,1790683078.414367,13414,tx,52269.7,180.0,391.4,,,1,0,0,1
1775411983457053,1790683078.558126,13558,tx,52309.4,172.4,388.6,,132120.0,1,0,0,1
1775412125793886,1790683078.700464,13700,idle,53800.5,97.0,202.5,,,0,0,0,0
1775412270140763,1790683078.844811,13844,idle,52278.6,103.1,188.4,,,0,0,0,0
1775412435552778,1790683079.010222,14010,idle,3424.8,197.6,380.8,,,0,0,0,0
1775412579079304,1790683079.153749,14153,idle,2905.6,155.6,376.7,,,0,0,0,0
1775412718810037,1790683079.293479,14293,idle,2332.4,147.8,382.6,,,0,0,0,0
1775412857667062,1790683079.432337,14432,idle,955.6,117.2,194.4,,,0,0,0,0
1775412997664899,1790683079.572335,14572,idle,988.5,127.6,200.3,,,0,0,0,0
1775413138272054,1790683079.712942,14712,idle,1350.9,134.2,254.5,,,0,0,0,0
1775413279085970,1790683079.853755,14853,idle,2229.5,175.7,381.9,,,0,0,0,0
1775413419051298,1790683079.993720,14993,idle,2290.4,153.5,359.9,,,0,0,0,0
1775413558306180,1790683080.132976,132,idle,1211.1,79.4,156.9,,,0,0,0,0
1775413699123985,1790683080.273793,273,idle,13969.8,157.5,388.0,,,0,0,0,0
1775413840303530,1790683080.414973,414,idle,2454.7,377.8,610.6,,,0,0,0,0
1775413978782962,1790683080.553452,553,idle,1887.0,102.5,254.3,,,0,0,0,0
1775414118655343,1790683080.693324,693,idle,2341.4,153.0,410.0,,,0,0,0,0
1775414257852983,1790683080.832523,832,idle,1049.0,73.6,144.3,,,0,0,0,0
1775414398656357,1790683080.973326,973,idle,2483.1,176.7,378.8,,,0,0,0,0
1775414539081310,1790683081.113750,1113,idle,2466.2,112.8,301.4,,,0,0,0,0
1775414679093188,1790683081.253762,1253,idle,2695.4,119.4,316.7,,,0,0,0,0
1775414819933286,1790683081.394603,1394,idle,1367.7,92.9,208.5,,,0,0,0,0
1775414957919889,1790683081.532590,1532,idle,1304.3,106.6,196.4,,,0,0,0,0
1775415099271701,1790683081.673941,1673,idle,10374.9,447.0,679.5,,,0,0,0,0
1775415238948309,1790683081.813618,1813,idle,2084.1,183.9,380.0,,,0,0,0,0
1775415378817780,1790683081.953487,1953,idle,2175.4,152.4,364.5,,,0,0,0,0
1775415518321314,1790683082.092991,2092,idle,1333.0,117.0,210.7,,,0,0,0,0
1775415658287566,1790683082.232957,2232,idle,1594.0,148.3,299.5,,,0,0,0,0
1775415798864001,1790683082.373533,2373,idle,2010.9,161.6,414.8,,,0,0,0,0
1775415939441076,1790683082.514111,2514,idle,2581.2,301.1,507.5,,,0,0,0,0
1775416079335800,1790683082.654005,2654,idle,2681.0,393.3,628.9,,,0,0,0,0
1775416218409598,1790683082.793080,2793,idle,4894.9,101.8,3738.3,,,0,0,0,0
1775416357855971,1790683082.932525,2932,idle,1951.4,136.4,330.3,,,0,0,0,0
1775416498650987,1790683083.073321,3073,idle,1333.3,118.1,254.1,,,0,0,0,0
1775416640153065,1790683083.214822,3214,idle,2614.2,147.0,363.5,,,0,0,0,0
1775416779336054,1790683083.354006,3354,idle,2641.1,462.5,627.1,,,0,0,0,0
1775416917897944,1790683083.492568,3492,idle,910.0,79.9,155.0,,,0,0,0,0
1775417058879245,1790683083.633547,3633,idle,2113.8,162.6,388.7,,,0,0,0,0
1775417198701385,1790683083.773370,3773,idle,2086.9,157.4,398.2,,,0,0,0,0
1775417339291376,1790683083.913961,3913,idle,2387.5,313.3,546.4,,,0,0,0,0
1775417478652935,1790683084.053322,4053,idle,2169.2,143.6,386.8,,,0,0,0,0
1775417617717230,1790683084.192387,4192,idle,1087.0,82.9,189.1,,,0,0,0,0
1775417758288107,1790683084.332958,4332,idle,1343.2,109.7,211.9,,,0,0,0,0
1775417898821205,1790683084.473490,4473,idle,1986.7,125.4,394.7,,,0,0,0,0
1775418039044045,1790683084.613713,4613,idle,2305.0,141.1,368.8,,,0,0,0,0
1775418179278794,1790683084.753948,4753,idle,2355.5,337.2,545.4,,,0,0,0,0
1775418317869566,1790683084.892540,4892,idle,1180.0,110.4,203.2,,,0,0,0,0
1775418459375093,1790683085.034045,5034,idle,2360.7,209.8,439.5,,,0,0,0,0
1775418599406811,1790683085.174076,5174,idle,12333.1,137.2,408.1,,,0,0,0,0
1775418738653262,1790683085.313323,5313,idle,1967.2,126.9,303.3,,,0,0,0,0
1775418879363779,1790683085.454034,5454,idle,1359.3,305.6,435.7,,,0,0,0,0
1775419018119863,1790683085.592789,5592,idle,2381.0,151.6,333.9,,,0,0,0,0
1775419159077278,1790683085.733747,5733,idle,2494.3,194.8,424.8,,,0,0,0,0
1775419298688341,1790683085.873358,5873,idle,1219.0,110.1,242.2,,,0,0,0,0
1775419439585302,1790683086.014255,6014,idle,2182.9,148.8,359.6,,,0,0,0,0
1775419578066142,1790683086.152736,6152,idle,1166.0,109.2,206.7,,,0,0,0,0
1775419718388416,1790683086.293059,6293,idle,1104.6,81.1,181.3,,,0,0,0,0
1775419859076210,1790683086.433745,6433,idle,2267.4,131.4,354.2,,,0,0,0,0
1775419998248848,1790683086.572918,6572,idle,2129.8,117.6,325.5,,,0,0,0,0
1775420138946348,1790683086.713616,6713,idle,2018.1,119.7,340.0,,,0,0,0,0
1775420277901500,1790683086.852572,6852,idle,1289.7,104.7,226.6,,,0,0,0,0
1775420418500692,1790683086.993170,6993,idle,2220.0,159.8,360.1,,,0,0,0,0
1775420559021132,1790683087.133690,7133,idle,2138.8,124.6,327.6,,,0,0,0,0
1775420698702270,1790683087.273372,7273,idle,2171.9,162.5,370.5,,,0,0,0,0
1775420839066288,1790683087.413735,7413,idle,2259.8,156.9,362.8,,,0,0,0,0
1775420978351965,1790683087.553022,7553,idle,1177.3,104.5,201.1,,,0,0,0,0
1775421118997057,1790683087.693666,7693,idle,2173.0,164.0,417.9,,,0,0,0,0
1775421258801518,1790683087.833471,7833,idle,2366.1,156.5,398.0,,,0,0,0,0
1775421399056878,1790683087.973726,7973,idle,7964.7,163.0,404.5,,,0,0,0,0
1775421540703008,1790683088.115372,8115,idle,2037.5,105.4,292.0,,,0,0,0,0
1775421677777155,1790683088.252447,8252,idle,1003.8,74.3,168.1,,,0,0,0,0
1775421818645318,1790683088.393315,8393,idle,2172.6,95.2,348.5,,,0,0,0,0
1775421959605422,1790683088.534275,8534,idle,2279.1,158.7,367.2,,,0,0,0,0
1775422098695672,1790683088.673365,8673,idle,2403.7,159.0,362.6,,,0,0,0,0
1775422239951455,1790683088.814621,8814,idle,1326.5,80.5,188.6,,,0,0,0,0
1775422378464440,1790683088.953135,8953,idle,1118.5,314.8,403.1,,,0,0,0,0
1775422518662109,1790683089.093331,9093,idle,2256.7,196.0,426.3,,,0,0,0,0
1775422659317636,1790683089.233987,9233,idle,2527.3,336.5,567.2,,,0,0,0,0
1775422799103023,1790683089.373772,9373,idle,8079.3,174.6,401.1,,,0,0,0,0
1775422938436498,1790683089.513106,9513,idle,1194.0,306.9,415.0,,,0,0,0,0
1775423078571859,1790683089.653242,9653,idle,1396.6,209.8,310.6,,,0,0,0,0
1775423219086413,1790683089.793755,9793,idle,2097.5,164.8,375.1,,,0,0,0,0
1775423359058210,1790683089.933727,9933,idle,2133.2,169.6,398.7,,,0,0,0,0
1775423498791402,1790683090.073461,10073,idle,2109.6,161.0,428.4,,,0,0,0,0
1775423638389974,1790683090.213060,10213,idle,1113.2,114.8,211.8,,,0,0,0,0
1775423778783695,1790683090.353453,10353,idle,2121.2,144.8,320.2,,,0,0,0,0
1775423919563499,1790683090.494233,10494,idle,2362.0,170.1,409.8,,,0,0,0,0
1775424058674461,1790683090.633343,10633,idle,2208.0,142.7,362.4,,,0,0,0,0
1775424199125699,1790683090.773795,10773,idle,8163.7,132.0,354.1,,,0,0,0,0
1775424337918311,1790683090.912588,10912,idle,954.6,79.0,154.0,,,0,0,0,0
1775424477907746,1790683091.052577,11052,idle,1764.0,103.6,274.0,,,0,0,0,0
1775424618250460,1790683091.192920,11192,idle,2100.6,154.8,414.3,,,0,0,0,0
1775424758046544,1790683091.332716,11332,idle,1410.0,120.6,276.4,,,0,0,0,0
1775424898181864,1790683091.472852,11472,idle,1287.7,114.5,297.2,,,0,0,0,0
1775425041138515,1790683091.615808,11615,idle,1790.4,98.0,240.5,,,0,0,0,0
1775425187844211,1790683091.762514,11762,idle,1517.1,160.9,295.0,,,0,0,0,0
1775425328029158,1790683091.902699,11902,decode,1271.0,100.3,209.8,,,0,0,1,0
1775425468411135,1790683092.043081,12043,idle,1443.6,105.1,224.8,,,0,0,0,0
1775425608023051,1790683092.182693,12182,idle,1483.4,118.7,232.4,,,0,0,0,0
1775425748818968,1790683092.323489,12323,idle,1205.1,117.2,249.9,,,0,0,0,0
1775425888521136,1790683092.463191,12463,idle,1336.0,237.4,397.5,,,0,0,0,0
1775426028316250,1790683092.602986,12602,idle,1550.0,143.3,297.6,,,0,0,0,0
1775426167682163,1790683092.742352,12742,idle,1311.4,124.7,252.1,,,0,0,0,0
1775426308530713,1790683092.883200,12883,idle,1722.3,202.0,360.3,,,0,0,0,0
1775426447733475,1790683093.022403,13022,idle,835.2,76.2,161.6,,,0,0,0,0
1775426589211435,1790683093.163881,13163,idle,2194.2,149.5,359.5,,,0,0,0,0
1775426729642063,1790683093.304311,13304,idle,2344.9,187.0,418.8,,,0,0,0,0
1775426868262629,1790683093.442932,13442,idle,2178.5,149.7,389.6,,,0,0,0,0
1775427008571805,1790683093.583241,13583,idle,1360.7,180.0,330.0,,,0,0,0,0
1775427148043278,1790683093.722713,13722,idle,1154.5,131.5,219.1,,,0,0,0,0
1775427288367323,1790683093.863037,13863,idle,2374.7,331.3,564.0,,,0,0,0,0
1775427429556982,1790683094.004226,14004,idle,2686.8,178.7,411.0,,,0,0,0,0
1775427568341983,1790683094.143011,14143,idle,2385.4,351.1,590.2,,,0,0,0,0
1775427708383489,1790683094.283053,14283,idle,4144.3,98.8,193.9,,,0,0,0,0
1775427847324115,1790683094.421994,14421,decode,922.9,103.2,205.2,,,0,0,1,0
1775427988931240,1790683094.563600,14563,idle,2139.2,192.8,423.2,,,0,0,0,0
1775428130449428,1790683094.705119,14705,idle,2502.8,256.3,471.1,,,0,0,0,0
1775428268911950,1790683094.843581,14843,idle,2392.2,152.1,383.4,,,0,0,0,0
1775428407688285,1790683094.982358,14982,idle,912.2,102.1,177.7,,,0,0,0,0
1775428617063842,1790683095.191733,191,tx,54435.5,147.5,339.9,,,1,0,0,1
1775428763098991,1790683095.337767,337,tx,53053.2,147.2,376.3,,,1,0,0,1
1775428907493718,1790683095.482163,482,tx,52541.3,384.3,596.6,,,1,0,0,1
1775429051359676,1790683095.626029,626,tx,51512.9,110.5,221.5,,,1,0,0,1
1775429194893334,1790683095.769563,769,tx,53096.2,162.6,358.0,,,1,0,0,1
1775429339353571,1790683095.914023,914,tx,52794.0,519.9,740.6,,,1,0,0,1
1775429483650953,1790683096.058320,1058,tx,53402.4,213.7,429.2,,,1,0,0,1
1775429628213063,1790683096.202883,1202,tx,52514.6,153.4,248.2,,,1,0,0,1
1775429771589554,1790683096.346260,1346,tx,51533.9,381.0,470.7,,,1,0,0,1
1775429914793621,1790683096.489463,1489,tx,52387.2,184.8,376.7,,,1,0,0,1
1775430058712994,1790683096.633382,1633,tx,52249.2,144.2,347.7,,,1,0,0,1
1775430202485262,1790683096.777154,1777,tx,63880.2,320.4,563.1,,,1,0,0,1
1775430346869492,1790683096.921540,1921,tx,52305.5,123.3,231.2,,,1,0,0,1
1775430490954099,1790683097.065623,2065,tx,53289.3,168.0,422.1,,,1,0,0,1
1775430637308084,1790683097.211978,2211,tx,53359.2,146.0,329.9,,,1,0,0,1
1775430782443909,1790683097.357113,2357,tx,52789.7,435.9,673.5,,,1,0,0,1
1775430926783579,1790683097.501453,2501,tx,53211.7,115.3,311.3,,,1,0,0,1
1775431071009623,1790683097.645679,2645,tx,52624.1,105.5,174.0,,,1,0,0,1
1775431215737706,1790683097.790407,2790,tx,52344.5,190.1,413.7,,,1,0,0,1
1775431359925910,1790683097.934595,2934,tx,52348.7,193.5,436.2,,,1,0,0,1
1775431504292554,1790683098.078961,3078,tx,72879.8,187.9,412.0,,,1,0,0,1
1775431647832090,1790683098.222502,3222,tx,52349.8,137.8,249.3,,,1,0,0,1
1775431792240008,1790683098.366910,3366,tx,53433.1,137.4,310.2,,,1,0,0,1
1775431939278903,1790683098.513948,3513,tx,52482.7,154.2,353.6,,,1,0,0,1
1775432083508685,1790683098.658178,3658,tx,52600.7,332.5,563.2,,,1,0,0,1
1775432227866585,1790683098.802536,3802,tx,53169.2,126.0,354.0,,,1,0,0,1
1775432371996998,1790683098.946667,3946,tx,51743.8,130.5,235.0,,,1,0,0,1
1775432515465530,1790683099.090135,4090,tx,54742.5,463.6,631.3,,,1,0,0,1
1775432661866817,1790683099.236536,4236,tx,52195.6,163.5,422.1,,,1,0,0,1
1775432806588668,1790683099.381258,4381,tx,53753.5,312.4,498.6,,,1,0,0,1
1775432951756582,1790683099.526427,4526,tx,52184.7,233.1,326.3,,,1,0,0,1
1775433096199763,1790683099.670869,4670,tx,51836.2,120.0,266.0,,,1,0,0,1
1775433240182161,1790683099.814852,4814,tx,52043.9,142.5,312.5,,,1,0,0,1
1775433383486357,1790683099.958156,4958,tx,53239.3,432.3,593.4,,,1,0,0,1
1775433527441857,1790683100.102112,5102,tx,54319.3,125.8,240.5,,,1,0,0,1
1775433672142965,1790683100.246813,5246,tx,52581.9,113.8,245.4,,,1,0,0,1
1775433815369451,1790683100.390039,5390,tx,52842.6,103.2,239.9,,,1,0,0,1
1775433959349882,1790683100.534020,5534,tx,52897.0,148.8,301.5,,,1,0,0,1
1775434103887243,1790683100.678557,5678,tx,54720.3,128.3,269.6,,,1,0,0,1
1775434249814385,1790683100.824484,5824,tx,53839.2,120.9,271.6,,,1,0,0,1
1775434394045913,1790683100.968715,5968,tx,52718.5,112.6,225.8,,,1,0,0,1
1775434537610895,1790683101.112281,6112,tx,51346.8,244.5,341.0,,,1,0,0,1
1775434681200863,1790683101.255870,6255,tx,53416.2,211.9,434.1,,,1,0,0,1
1775434826348744,1790683101.401018,6401,tx,52215.1,179.0,415.0,,,1,0,0,1
1775434970092232,1790683101.544762,6544,tx,52595.8,124.4,271.4,,,1,0,0,1
1775435113923214,1790683101.688593,6688,tx,53848.3,155.2,257.5,,,1,0,0,1
1775435258281465,1790683101.832951,6832,tx,52519.9,161.3,394.0,,,1,0,0,1
1775435402458781,1790683101.977128,6977,tx,57657.6,357.8,580.2,,,1,0,0,1
1775435542180784,1790683102.116850,7116,tx,52214.7,152.4,371.1,,,1,0,0,1
1775435684879346,1790683102.259549,7259,tx,54176.1,3053.8,3151.1,,,1,0,0,1
1775435830378398,1790683102.405048,7405,tx,51224.7,96.4,195.2,,,1,0,0,1
1775435973209087,1790683102.547879,7547,tx,52499.4,159.2,382.6,,,1,0,0,1
1775436117754084,1790683102.692423,7692,tx,52467.8,190.8,431.1,,,1,0,0,1
1775436261684336,1790683102.836354,7836,tx,52536.2,186.0,291.8,,,1,0,0,1
1775436405569271,1790683102.980239,7980,tx,53418.5,227.8,413.7,,,1,0,0,1
1775436550772692,1790683103.125442,8125,tx,52960.7,177.3,397.4,,,1,0,0,1
1775436696255454,1790683103.270922,8270,tx,52279.0,175.6,396.8,,,1,0,0,1
1775436840506166,1790683103.415175,8415,tx,53450.5,282.8,519.6,,,1,0,0,1
1775436985320146,1790683103.559990,8559,tx,52345.5,106.1,201.9,,,1,0,0,1
1775437129600108,1790683103.704269,8704,tx,53551.4,228.5,454.9,,,1,0,0,1
1775437275560902,1790683103.850230,8850,tx,53521.7,266.4,499.5,,,1,0,0,1
1775437420463747,1790683103.995134,8995,tx,51933.6,152.0,277.1,,,1,0,0,1
1775437563891543,1790683104.138561,9138,tx,52706.2,149.4,311.0,,,1,0,0,1
1775437707208304,1790683104.281878,9281,tx,52312.4,104.9,187.9,,,1,0,0,1
1775437851446140,1790683104.426115,9426,tx,52262.4,319.0,533.9,,,1,0,0,1
1775437995857881,1790683104.570527,9570,tx,52127.5,163.7,396.4,,,1,0,0,1
1775438140613276,1790683104.715283,9715,tx,53242.7,133.4,362.8,,,1,0,0,1
1775438284207211,1790683104.858877,9858,tx,51530.2,112.3,176.2,,,1,0,0,1
1775438427164855,1790683105.001835,10001,tx,52570.9,122.3,252.7,,,1,0,0,1
1775438571263834,1790683105.145933,10145,tx,52530.8,158.2,349.9,,,1,0,0,1
1775438715870242,1790683105.290540,10290,tx,55223.4,178.4,409.4,,,1,0,0,1
1775438860588765,1790683105.435258,10435,tx,52711.3,249.6,384.9,,,1,0,0,1
1775439004833204,1790683105.579503,10579,tx,51130.1,67.9,151.9,,,1,0,0,1
1775439148140286,1790683105.722810,10722,tx,52281.1,167.7,363.6,,,1,0,0,1
1775439292037920,1790683105.866707,10866,tx,52391.3,186.3,419.5,,,1,0,0,1
1775439429125912,1790683106.003795,11003,tx,52228.0,159.2,386.6,,,1,0,0,1
1775439571772167,1790683106.146442,11146,tx,51289.2,108.1,199.4,,,1,0,0,1
1775439715330987,1790683106.290000,11290,tx,52594.8,159.3,407.3,,,1,0,0,1
1775439859562300,1790683106.434232,11434,tx,52810.0,323.0,522.0,,,1,0,0,1
1775440004530766,1790683106.579200,11579,tx,58844.2,315.5,534.1,,,1,0,0,1
1775440145087304,1790683106.719756,11719,tx,52977.4,163.9,370.5,,,1,0,0,1
1775440288616451,1790683106.863286,11863,tx,51525.7,319.8,406.6,,,1,0,0,1
1775440427608027,1790683107.002277,12002,tx,52414.2,258.7,497.2,,,1,0,0,1
1775440572170691,1790683107.146840,12146,tx,52472.2,218.5,466.6,,,1,0,0,1
1775440717027803,1790683107.291670,12291,tx,52401.4,151.4,375.0,,,1,0,0,1
1775440859944348,1790683107.434614,12434,tx,52165.7,112.5,163.9,,,1,0,0,1
1775441003561655,1790683107.578231,12578,tx,60283.6,230.7,433.7,,,1,0,0,1
1775441145469959,1790683107.720139,12720,tx,53199.3,339.2,560.6,,,1,0,0,1
1775441291330842,1790683107.866000,12866,tx,52282.4,164.2,388.8,,,1,0,0,1
1775441429049618,1790683108.003719,13003,tx,52510.1,108.0,210.6,,,1,0,0,1
1775441572240645,1790683108.146911,13146,tx,51311.8,108.5,215.7,,,1,0,0,1
1775441715508561,1790683108.290178,13290,tx,52592.9,332.7,558.9,,,1,0,0,1
1775441860567899,1790683108.435237,13435,tx,52319.0,313.9,545.0,,,1,0,0,1
1775442005246103,1790683108.579915,13579,tx,54174.2,156.4,369.2,,101480.9,1,0,0,1
1775442150592829,1790683108.725263,13725,idle,53840.5,77.1,176.0,,,0,0,0,0
1775442295063337,1790683108.869733,13869,idle,55362.6,127.2,276.9,,,0,0,0,0
1775442469826358,1790683109.044496,14044,idle,4107.3,210.7,349.3,,,0,0,0,0
1775442613057500,1790683109.187726,14187,idle,2278.2,194.6,455.5,,,0,0,0,0
1775442753521272,1790683109.328190,14328,idle,2747.3,453.9,698.7,,,0,0,0,0
1775442892072442,1790683109.466743,14466,idle,1050.0,132.6,219.3,,,0,0,0,0
1775443038906547,1790683109.613576,14613,idle,2364.3,177.1,427.1,,,0,0,0,0
1775443183638931,1790683109.758308,14758,idle,2560.8,349.3,572.7,,,0,0,0,0
1775443329386734,1790683109.904056,14904,idle,2657.6,196.6,423.1,,,0,0,0,0
1775443472577328,1790683110.047247,47,idle,1224.5,108.2,217.1,,,0,0,0,0
1775443612940548,1790683110.187610,187,idle,2279.3,144.2,362.4,,,0,0,0,0
1775443753764129,1790683110.328434,328,idle,2482.9,179.6,453.5,,,0,0,0,0
1775443893431695,1790683110.468101,468,idle,2245.9,158.1,380.8,,,0,0,0,0
1775444030841510,1790683110.605511,605,idle,2370.4,148.8,442.8,,,0,0,0,0
1775444172684906,1790683110.747355,747,idle,1340.9,388.7,497.5,,,0,0,0,0
1775444312238513,1790683110.886909,886,idle,1564.0,124.0,274.4,,,0,0,0,0
1775444453654557,1790683111.028324,1028,idle,2588.2,313.1,543.8,,,0,0,0,0
1775444593498244,1790683111.168167,1168,idle,2563.9,459.0,688.7,,,0,0,0,0
1775444733583978,1790683111.308254,1308,idle,1507.2,445.7,575.4,,,0,0,0,0
1775444872378953,1790683111.447049,1447,idle,1276.8,104.4,204.9,,,0,0,0,0
1775445012784686,1790683111.587455,1587,idle,1359.1,263.1,388.6,,,0,0,0,0
1775445153307615,1790683111.727977,1727,idle,3671.7,112.4,308.7,,,0,0,0,0
1775445293929434,1790683111.868599,1868,idle,2530.1,154.7,485.6,,,0,0,0,0
1775445440276941,1790683112.014946,2014,idle,2459.0,153.5,383.0,,,0,0,0,0
1775445582680303,1790683112.157350,2157,idle,1288.7,400.4,512.0,,,0,0,0,0
1775445725228087,1790683112.299898,2299,idle,1555.7,125.8,282.3,,,0,0,0,0
1775445862911926,1790683112.437582,2437,idle,1441.6,139.5,271.3,,,0,0,0,0
1775446002218617,1790683112.576889,2576,idle,2346.3,105.2,205.3,,,0,0,0,0
1775446143361393,1790683112.718031,2718,idle,1453.9,84.1,188.5,,,0,0,0,0
1775446282984087,1790683112.857653,2857,idle,2309.6,186.6,411.5,,,0,0,0,0
1775446429085723,1790683113.003755,3003,idle,2401.9,156.1,359.6,,,0,0,0,0
1775446573317335,1790683113.147987,3147,idle,2665.9,202.5,436.5,,,0,0,0,0
1775446713100803,1790683113.287770,3287,idle,2442.8,166.9,389.8,,,0,0,0,0
1775446852419290,1790683113.427089,3427,idle,1329.5,103.3,206.1,,,0,0,0,0
1775446993217151,1790683113.567886,3567,idle,2567.4,185.8,405.6,,,0,0,0,0
1775447139273742,1790683113.713943,3713,idle,2511.1,160.4,393.6,,,0,0,0,0
1775447283475450,1790683113.858145,3858,idle,2253.1,158.3,392.6,,,0,0,0,0
1775447428483408,1790683114.003153,4003,idle,2267.8,145.0,371.0,,,0,0,0,0
1775447572073225,1790683114.146743,4146,idle,1049.0,107.3,200.8,,,0,0,0,0
1775447713303911,1790683114.287973,4287,idle,2333.3,172.3,386.1,,,0,0,0,0
1775447853094215,1790683114.427763,4427,idle,1999.3,152.8,393.8,,,0,0,0,0
1775447992864523,1790683114.567534,4567,idle,1757.7,135.9,370.0,,,0,0,0,0
1775448139759892,1790683114.714430,4714,idle,1324.9,156.8,296.8,,,0,0,0,0
1775448282719457,1790683114.857389,4857,idle,1250.6,289.9,392.5,,,0,0,0,0
1775448428888503,1790683115.003557,5003,idle,2235.1,167.8,408.4,,,0,0,0,0
1775448573419793,1790683115.148089,5148,idle,2228.3,155.3,399.3,,,0,0,0,0
1775448712907738,1790683115.287577,5287,idle,2319.4,161.2,430.1,,,0,0,0,0
1775448852269454,1790683115.426939,5426,idle,1176.9,102.8,210.0,,,0,0,0,0
1775448992231048,1790683115.566901,5566,idle,1820.8,143.8,306.2,,,0,0,0,0
1775449129307951,1790683115.703977,5703,idle,2417.0,174.2,399.5,,,0,0,0,0
1775449273065278,1790683115.847733,5847,idle,2341.6,190.2,424.0,,,0,0,0,0
1775449413159088,1790683115.987828,5987,idle,2228.1,178.6,401.2,,,0,0,0,0
1775449553846246,1790683116.128516,6128,idle,1138.7,142.4,256.1,,,0,0,0,0
1775449692507698,1790683116.267177,6267,idle,2952.9,333.0,594.5,,,0,0,0,0
1775449839111022,1790683116.413780,6413,idle,2407.2,149.9,387.7,,,0,0,0,0
1775449983662709,1790683116.558332,6558,idle,2283.2,216.3,453.1,,,0,0,0,0
1775450129152391,1790683116.703822,6703,idle,1988.8,142.2,346.1,,,0,0,0,0
1775450272153859,1790683116.846824,6846,idle,833.2,78.4,148.0,,,0,0,0,0
1775450413511652,1790683116.988181,6988,idle,2440.0,360.5,597.6,,,0,0,0,0
1775450553372503,1790683117.128042,7128,idle,2240.3,144.7,349.9,,,0,0,0,0
1775450693341323,1790683117.268010,7268,idle,1916.5,122.1,319.1,,,0,0,0,0
1775450835672886,1790683117.410343,7410,idle,1223.9,138.8,241.6,,,0,0,0,0
1775450982589795,1790683117.557260,7557,idle,1277.8,136.2,249.3,,,0,0,0,0
1775451129109113,1790683117.703778,7703,idle,2140.2,190.3,428.1,,,0,0,0,0
1775451272962383,1790683117.847632,7847,idle,2475.2,182.2,432.9,,,0,0,0,0
1775451413612377,1790683117.988281,7988,idle,2566.1,288.0,532.1,,,0,0,0,0
1775451553901224,1790683118.128571,8128,idle,968.1,103.8,190.6,,,0,0,0,0
1775451693356726,1790683118.268026,8268,idle,2415.4,199.5,432.0,,,0,0,0,0
1775451839162377,1790683118.413832,8413,idle,2283.3,157.9,375.1,,,0,0,0,0
1775451983400357,1790683118.558069,8558,idle,2343.5,198.4,437.6,,,0,0,0,0
1775452128321846,1790683118.702991,8702,idle,2597.5,155.9,378.6,,,0,0,0,0
1775452271852133,1790683118.846522,8846,idle,1080.2,152.3,257.3,,,0,0,0,0
1775452413514144,1790683118.988183,8988,idle,2706.2,357.1,615.5,,,0,0,0,0
1775452553709768,1790683119.128379,9128,idle,2462.2,199.9,437.5,,,0,0,0,0
1775452693452902,1790683119.268122,9268,idle,2435.2,152.3,379.5,,,0,0,0,0
1775452840440128,1790683119.415110,9415,idle,1323.7,121.4,242.4,,,0,0,0,0
1775452982247266,1790683119.556917,9556,idle,1169.6,109.3,210.8,,,0,0,0,0
1775453120051780,1790683119.694721,9694,idle,2411.4,187.6,400.9,,,0,0,0,0
1775453264101027,1790683119.838770,9838,idle,2472.8,190.4,397.5,,,0,0,0,0
1775453403155533,1790683119.977825,9977,idle,2759.5,127.1,290.1,,,0,0,0,0
1775453541907836,1790683120.116578,10116,idle,908.2,144.1,232.0,,,0,0,0,0
1775453682880457,1790683120.257550,10257,idle,1172.2,112.2,216.6,,,0,0,0,0
1775453829180315,1790683120.403850,10403,idle,2247.9,200.8,432.3,,,0,0,0,0
1775453975076928,1790683120.549747,10549,idle,1881.0,173.2,359.5,,,0,0,0,0
1775454113637790,1790683120.688307,10688,idle,2292.4,291.2,543.1,,,0,0,0,0
1775454252223484,1790683120.826894,10826,idle,994.1,103.6,205.9,,,0,0,0,0
1775454392690422,1790683120.967360,10967,idle,2263.6,269.6,496.7,,,0,0,0,0
1775454539133936,1790683121.113803,11113,idle,2341.5,190.2,442.0,,,0,0,0,0
1775454683785717,1790683121.258455,11258,idle,2143.8,192.7,391.8,,,0,0,0,0
1775454828816507,1790683121.403486,11403,idle,2028.6,124.8,360.9,,,0,0,0,0
1775454973314233,1790683121.547984,11547,idle,1454.2,112.2,248.3,,,0,0,0,0
1775455112733886,1790683121.687404,11687,idle,1553.1,291.8,440.0,,,0,0,0,0
1775455252397215,1790683121.827067,11827,decode,1234.2,85.8,186.2,,,0,0,1,0
1775455392509354,1790683121.967179,11967,idle,1615.1,122.6,290.3,,,0,0,0,0
1775455531633394,1790683122.106303,12106,idle,1447.6,113.0,247.1,,,0,0,0,0
1775455672634663,1790683122.247305,12247,idle,1294.5,83.1,188.0,,,0,0,0,0
1775455812784986,1790683122.387455,12387,idle,1483.1,190.9,353.9,,,0,0,0,0
1775455952461989,1790683122.527132,12527,idle,1305.7,77.4,209.0,,,0,0,0,0
1775456093033136,1790683122.667703,12667,idle,1283.1,118.7,264.8,,,0,0,0,0
1775456235479420,1790683122.810149,12810,idle,1135.7,109.4,238.2,,,0,0,0,0
1775456382040137,1790683122.956710,12956,idle,1025.5,130.2,255.2,,,0,0,0,0
1775456527994986,1790683123.102665,13102,idle,1089.7,107.3,230.9,,,0,0,0,0
1775456673376214,1790683123.248046,13248,idle,2371.0,188.1,425.1,,,0,0,0,0
1775456813553120,1790683123.388222,13388,idle,2196.8,177.4,414.4,,,0,0,0,0
1775456952691214,1790683123.527361,13527,idle,5033.4,123.1,223.1,,,0,0,0,0
1775457092346294,1790683123.667017,13667,idle,1255.4,133.3,251.8,,,0,0,0,0
1775457229788642,1790683123.804458,13804,idle,2277.0,152.1,420.2,,,0,0,0,0
1775457373457225,1790683123.948125,13948,idle,2225.0,191.6,436.8,,,0,0,0,0
1775457512813198,1790683124.087482,14087,idle,6003.5,142.9,374.9,,,0,0,0,0
1775457652240945,1790683124.226911,14226,idle,1068.8,104.8,224.3,,,0,0,0,0
1775457793306817,1790683124.367976,14367,idle,1733.8,159.6,335.0,,,0,0,0,0
1775457933367673,1790683124.508038,14508,idle,1256.4,113.9,209.9,,,0,0,0,0
1775458073330557,1790683124.647999,14647,idle,2663.7,170.4,432.4,,,0,0,0,0
1775458213397381,1790683124.788067,14788,idle,2459.4,175.6,411.5,,,0,0,0,0
1775458352494281,1790683124.927164,14927,idle,1037.7,100.5,199.9,,,0,0,0,0
1775458493123229,1790683125.067793,67,idle,2097.9,107.1,302.3,,,0,0,0,0
1775458631126692,1790683125.205796,205,tx,51744.7,137.1,317.3,,,1,0,0,1
1775458774374982,1790683125.349044,349,tx,53038.0,117.3,333.2,,,1,0,0,1
1775458918915416,1790683125.493585,493,tx,55587.1,223.2,413.9,,,1,0,0,1
1775459065321831,1790683125.639992,639,tx,51412.7,99.9,191.1,,,1,0,0,1
1775459208679388,1790683125.783349,783,tx,52403.6,463.0,654.1,,,1,0,0,1
1775459353165096,1790683125.927834,927,tx,52032.3,172.6,406.6,,,1,0,0,1
1775459497108409,1790683126.071778,1071,tx,52242.5,141.2,381.1,,,1,0,0,1
1775459640668959,1790683126.215339,1215,tx,51545.5,89.8,182.3,,,1,0,0,1
1775459783489876,1790683126.358159,1358,tx,53495.9,156.1,381.3,,,1,0,0,1
1775459928757118,1790683126.503426,1503,tx,53593.2,418.9,624.2,,,1,0,0,1
1775460074474604,1790683126.649144,1649,tx,55408.9,146.7,376.3,,,1,0,0,1
1775460219447503,1790683126.794116,1794,tx,52900.2,119.6,334.1,,,1,0,0,1
1775460363177015,1790683126.937847,1937,tx,51303.4,102.9,235.8,,,1,0,0,1
1775460505966831,1790683127.080636,2080,tx,62432.1,203.1,388.5,,,1,0,0,1
1775460650088244,1790683127.224757,2224,tx,53615.1,151.5,370.7,,,1,0,0,1
1775460794281042,1790683127.368950,2368,tx,51932.2,156.6,386.2,,,1,0,0,1
1775460939172876,1790683127.513843,2513,tx,52662.8,77.2,188.0,,,1,0,0,1
1775461082368961,1790683127.657039,2657,tx,51729.7,124.7,243.8,,,1,0,0,1
1775461226303728,1790683127.800973,2800,tx,51846.1,158.5,387.2,,,1,0,0,1
1775461370387271,1790683127.945056,2945,tx,52232.4,154.9,387.8,,,1,0,0,1
1775461514109286,1790683128.088778,3088,tx,55328.8,100.7,358.0,,,1,0,0,1
1775461660133768,1790683128.234804,3234,tx,51262.2,129.5,196.0,,,1,0,0,1
1775461803316312,1790683128.377985,3377,tx,60503.2,150.1,385.3,,,1,0,0,1
1775461945364111,1790683128.520033,3520,tx,53160.8,211.9,409.9,,,1,0,0,1
1775462090883026,1790683128.665552,3665,tx,52440.7,197.7,467.2,,,1,0,0,1
1775462235057689,1790683128.809727,3809,tx,52353.0,145.8,270.6,,,1,0,0,1
1775462378776083,1790683128.953446,3953,tx,52156.3,464.4,582.8,,,1,0,0,1
1775462522628766,1790683129.097298,4097,tx,52322.7,183.8,410.2,,,1,0,0,1
1775462666944308,1790683129.241614,4241,tx,52340.0,206.5,450.2,,,1,0,0,1
1775462811243851,1790683129.385913,4385,tx,52915.0,151.5,354.8,,,1,0,0,1
1775462954974799,1790683129.529645,4529,tx,52422.0,272.4,349.7,,,1,0,0,1
1775463098733061,1790683129.673402,4673,tx,52594.0,449.6,668.9,,,1,0,0,1
1775463242739046,1790683129.817409,4817,tx,52136.8,547.3,658.7,,,1,0,0,1
1775463386085110,1790683129.960755,4960,tx,51970.5,172.1,281.9,,,1,0,0,1
1775463529299495,1790683130.103970,5103,tx,52657.3,113.0,214.8,,,1,0,0,1
1775463672604064,1790683130.247274,5247,tx,54819.9,168.3,333.9,,,1,0,0,1
1775463817329745,1790683130.391999,5391,tx,51928.3,162.4,331.7,,,1,0,0,1
1775463961198719,1790683130.535868,5535,tx,51952.1,184.6,390.6,,,1,0,0,1
1775464104598334,1790683130.679267,5679,tx,56159.1,148.7,341.9,,,1,0,0,1
1775464251265466,1790683130.825936,5825,tx,52211.9,79.3,147.7,,,1,0,0,1
1775464394657963,1790683130.969327,5969,tx,51701.1,105.4,274.3,,,1,0,0,1
1775464539122539,1790683131.113792,6113,tx,52259.4,162.6,390.8,,,1,0,0,1
1775464683093533,1790683131.257763,6257,tx,52320.7,159.4,371.6,,,1,0,0,1
1775464827251159,1790683131.401921,6401,tx,54673.2,122.0,256.9,,,1,0,0,1
1775464970537529,1790683131.545208,6545,tx,51474.8,84.9,161.1,,,1,0,0,1
1775465113498877,1790683131.688169,6688,tx,51830.9,143.9,339.5,,,1,0,0,1
1775465257800530,1790683131.832470,6832,tx,53422.1,248.4,520.4,,,1,0,0,1
1775465402058037,1790683131.976728,6976,tx,52969.7,98.0,195.5,,,1,0,0,1
1775465546037777,1790683132.120708,7120,tx,52381.9,88.4,187.6,,,1,0,0,1
1775465690030201,1790683132.264700,7264,tx,52535.2,137.6,252.4,,,1,0,0,1
1775465835813910,1790683132.410484,7410,tx,52785.0,287.9,448.5,,,1,0,0,1
1775465980071052,1790683132.554740,7554,tx,52507.9,91.6,232.9,,,1,0,0,1
1775466123566290,1790683132.698236,7698,tx,51559.2,139.2,288.7,,,1,0,0,1
1775466266967470,1790683132.841637,7841,tx,52404.0,131.1,264.2,,,1,0,0,1
1775466411105174,1790683132.985775,7985,tx,52468.6,110.8,250.1,,,1,0,0,1
1775466554577787,1790683133.129247,8129,tx,52514.0,100.7,246.3,,,1,0,0,1
1775466697677889,1790683133.272348,8272,tx,51582.7,113.5,230.7,,,1,0,0,1
1775466840897367,1790683133.415566,8415,tx,53074.6,232.8,509.0,,,1,0,0,1
1775466984827545,1790683133.559497,8559,tx,51476.3,294.2,387.7,,,1,0,0,1
1775467127760143,1790683133.702430,8702,tx,52301.7,335.3,528.2,,,1,0,0,1
1775467271449943,1790683133.846119,8846,tx,56257.9,165.0,402.1,,,1,0,0,1
1775467415964973,1790683133.990634,8990,tx,52402.7,168.4,426.2,,,1,0,0,1
1775467559186492,1790683134.133856,9133,tx,52436.2,110.9,235.4,,,1,0,0,1
1775467702288644,1790683134.276959,9276,tx,52062.7,132.3,225.4,,,1,0,0,1
1775467846407563,1790683134.421076,9421,tx,52116.9,151.0,384.1,,,1,0,0,1
1775467990710559,1790683134.565380,9565,tx,52339.6,165.8,382.7,,,1,0,0,1
1775468137835557,1790683134.712505,9712,tx,53271.3,255.7,510.7,,,1,0,0,1
1775468281489110,1790683134.856159,9856,tx,51499.9,132.4,233.0,,,1,0,0,1
1775468424321878,1790683134.998991,9998,tx,53089.7,174.8,372.4,,,1,0,0,1
1775468568934732,1790683135.143604,10143,tx,52326.0,233.7,397.3,,,1,0,0,1
1775468713485610,1790683135.288154,10288,tx,51912.6,152.9,388.4,,,1,0,0,1
1775468857217306,1790683135.431887,10431,tx,53224.9,131.1,297.8,,,1,0,0,1
1775469001049049,1790683135.575718,10575,tx,59237.8,156.0,372.4,,,1,0,0,1
1775469141940590,1790683135.716610,10716,tx,53303.4,172.7,435.0,,,1,0,0,1
1775469286649389,1790683135.861318,10861,tx,52146.7,168.3,399.3,,,1,0,0,1
1775469430790978,1790683136.005460,11005,tx,52320.2,266.4,547.1,,,1,0,0,1
1775469574231374,1790683136.148901,11148,tx,52125.0,83.0,150.1,,,1,0,0,1
1775469718175161,1790683136.292845,11292,tx,52298.7,168.9,377.9,,,1,0,0,1
1775469861884915,1790683136.436554,11436,tx,53626.5,180.3,403.2,,,1,0,0,1
1775470007060124,1790683136.581729,11581,tx,52917.0,168.0,388.4,,,1,0,0,1
1775470151734946,1790683136.726404,11726,tx,53035.5,133.0,347.0,,,1,0,0,1
1775470296164604,1790683136.870835,11870,tx,52335.5,107.7,173.3,,,1,0,0,1
1775470440764839,1790683137.015434,12015,tx,52396.2,353.9,575.5,,,1,0,0,1
1775470585219748,1790683137.159889,12159,tx,52133.1,158.5,350.0,,,1,0,0,1
1775470728815504,1790683137.303485,12303,tx,53297.8,247.5,490.7,,,1,0,0,1
1775470872927794,1790683137.447598,12447,tx,54848.4,278.5,366.9,,,1,0,0,1
1775471016547596,1790683137.591217,12591,tx,52011.0,146.3,302.9,,,1,0,0,1
1775471160267981,1790683137.734937,12734,tx,52105.5,130.8,343.7,,,1,0,0,1
1775471304228684,1790683137.878898,12878,tx,56697.8,164.3,334.2,,,1,0,0,1
1775471442768227,1790683138.017437,13017,tx,53336.0,366.2,576.9,,,1,0,0,1
1775471586918929,1790683138.161589,13161,tx,51432.2,269.7,348.2,,,1,0,0,1
1775471730458881,1790683138.305127,13305,tx,54064.7,138.4,373.8,,,1,0,0,1
1775471875781217,1790683138.450450,13450,tx,52465.2,289.0,560.9,,,1,0,0,1
1775472019405138,1790683138.594075,13594,tx,52935.6,118.9,261.1,,84303.9,1,0,0,1
1775472163575763,1790683138.738246,13738,idle,52569.8,75.1,149.3,,,0,0,0,0
1775472307543705,1790683138.882213,13882,idle,52798.5,128.4,288.5,,,0,0,0,0
1775472476347110,1790683139.051016,14051,idle,3872.6,156.8,337.9,,,0,0,0,0
1775472619496976,1790683139.194166,14194,idle,1967.4,168.8,384.6,,,0,0,0,0
1775472759738867,1790683139.334408,14334,idle,2538.3,114.5,330.9,,,0,0,0,0
1775472898635781,1790683139.473306,14473,idle,1184.2,123.0,215.9,,,0,0,0,0
1775473040671463,1790683139.615341,14615,idle,2622.9,195.9,447.7,,,0,0,0,0
1775473179720192,1790683139.754390,14754,idle,2588.0,181.2,404.8,,,0,0,0,0
1775473319645200,1790683139.894315,14894,idle,2710.9,202.4,421.2,,,0,0,0,0
1775473459494533,1790683140.034164,34,idle,1701.6,158.8,359.9,,,0,0,0,0
1775473598682527,1790683140.173352,173,idle,1187.9,81.6,161.3,,,0,0,0,0
1775473738845352,1790683140.313515,313,idle,1393.2,122.5,232.7,,,0,0,0,0
1775473878254386,1790683140.452924,452,idle,1005.1,103.0,200.0,,,0,0,0,0
1775474018923708,1790683140.593593,593,idle,2715.9,345.3,560.1,,,0,0,0,0
1775474159337061,1790683140.734007,734,idle,1202.5,89.2,207.7,,,0,0,0,0
1775474298522098,1790683140.873192,873,idle,1289.0,101.2,185.5,,,0,0,0,0
1775474440231137,1790683141.014900,1014,idle,2536.7,103.1,334.6,,,0,0,0,0
1775474579744004,1790683141.154413,1154,idle,2830.4,158.9,390.5,,,0,0,0,0
1775474719652526,1790683141.294322,1294,idle,2934.1,171.1,382.7,,,0,0,0,0
1775474858897678,1790683141.433568,1433,idle,1220.4,78.2,172.1,,,0,0,0,0
1775474998914612,1790683141.573584,1573,idle,1244.6,117.1,189.2,,,0,0,0,0
1775475139613996,1790683141.714283,1714,idle,2740.5,139.9,348.2,,,0,0,0,0
1775475279415825,1790683141.854085,1854,idle,2251.3,145.1,341.9,,,0,0,0,0
1775475419234504,1790683141.993904,1993,idle,2116.7,161.1,335.1,,,0,0,0,0
1775475558305048,1790683142.132975,2132,idle,889.5,77.5,153.4,,,0,0,0,0
1775475698652329,1790683142.273321,2273,idle,1488.6,123.2,252.9,,,0,0,0,0
1775475839636520,1790683142.414306,2414,idle,2707.6,193.6,397.0,,,0,0,0,0
1775475979041404,1790683142.553711,2553,idle,1293.6,327.6,441.8,,,0,0,0,0
1775476119142607,1790683142.693812,2693,idle,1309.2,171.9,322.7,,,0,0,0,0
1775476258514317,1790683142.833184,2833,idle,1287.6,89.3,190.6,,,0,0,0,0
1775476399199006,1790683142.973868,2973,idle,8705.3,167.8,363.3,,,0,0,0,0
1775476538452832,1790683143.113122,3113,idle,2127.6,183.8,394.7,,,0,0,0,0
1775476679620051,1790683143.254289,3254,idle,2751.2,122.8,352.7,,,0,0,0,0
1775476819665049,1790683143.394335,3394,idle,2296.0,162.0,354.5,,,0,0,0,0
1775476958768479,1790683143.533438,3533,idle,1108.7,106.2,196.4,,,0,0,0,0
1775477099209732,1790683143.673879,3673,idle,8433.6,190.9,411.6,,,0,0,0,0
1775477240121920,1790683143.814791,3814,idle,2274.4,152.6,394.5,,,0,0,0,0
1775477379412354,1790683143.954082,3954,idle,2064.6,118.3,297.2,,,0,0,0,0
1775477519728439,1790683144.094398,4094,idle,1478.9,160.1,313.3,,,0,0,0,0
1775477658780164,1790683144.233450,4233,idle,985.4,105.2,192.4,,,0,0,0,0
1775477799881854,1790683144.374551,4374,idle,8962.3,280.8,501.5,,,0,0,0,0
1775477938801048,1790683144.513471,4513,idle,1856.3,163.4,334.0,,,0,0,0,0
1775478079655880,1790683144.654325,4654,idle,2299.9,163.9,410.2,,,0,0,0,0
1775478218616653,1790683144.793287,4793,idle,1150.3,102.3,200.1,,,0,0,0,0
1775478359146571,1790683144.933816,4933,idle,1330.8,113.9,223.9,,,0,0,0,0
1775478499756714,1790683145.074426,5074,idle,27990.0,116.6,338.0,,,0,0,0,0
1775478639577602,1790683145.214247,5214,idle,2194.9,123.0,345.4,,,0,0,0,0
1775478779717317,1790683145.354386,5354,idle,2514.4,191.4,422.9,,,0,0,0,0
1775478918933255,1790683145.493603,5493,idle,2179.8,274.2,1405.6,,,0,0,0,0
1775479059412202,1790683145.634082,5634,idle,1507.1,96.4,225.0,,,0,0,0,0
1775479200199846,1790683145.774869,5774,idle,13524.7,176.1,400.7,,,0,0,0,0
1775479339198021,1790683145.913867,5913,idle,2199.7,158.3,364.2,,,0,0,0,0
1775479479496879,1790683146.054166,6054,idle,2167.9,155.6,378.3,,,0,0,0,0
1775479618344611,1790683146.193015,6193,idle,869.9,82.3,160.1,,,0,0,0,0
1775479759575450,1790683146.334244,6334,idle,2188.0,162.2,396.1,,,0,0,0,0
1775479899155878,1790683146.473825,6473,idle,2078.9,116.9,310.3,,,0,0,0,0
1775480040645626,1790683146.615315,6615,idle,2387.3,125.0,329.2,,,0,0,0,0
1775480179538385,1790683146.754208,6754,idle,2214.4,118.8,313.4,,,0,0,0,0
1775480318806922,1790683146.893477,6893,idle,979.7,70.4,139.6,,,0,0,0,0
1775480459496215,1790683147.034166,7034,idle,2114.7,156.9,382.6,,,0,0,0,0
1775480600079791,1790683147.174749,7174,idle,5299.4,158.8,314.0,,,0,0,0,0
1775480740494686,1790683147.315164,7315,idle,1819.2,137.4,309.5,,,0,0,0,0
1775480879084034,1790683147.453753,7453,idle,1604.7,135.5,317.6,,,0,0,0,0
1775481018558511,1790683147.593229,7593,idle,1111.1,103.1,211.1,,,0,0,0,0
1775481159268124,1790683147.733938,7733,idle,2117.3,147.3,409.1,,,0,0,0,0
1775481299734659,1790683147.874403,7874,idle,8708.0,158.6,373.6,,,0,0,0,0
1775481439508290,1790683148.014178,8014,idle,2057.3,151.0,372.5,,,0,0,0,0
1775481579187915,1790683148.153858,8153,idle,982.9,106.3,202.6,,,0,0,0,0
1775481718898102,1790683148.293568,8293,idle,1141.3,149.0,242.3,,,0,0,0,0
1775481859707179,1790683148.434376,8434,idle,2143.0,171.5,397.7,,,0,0,0,0
1775481998888337,1790683148.573558,8573,idle,1522.3,120.9,298.2,,,0,0,0,0
1775482139592971,1790683148.714263,8714,idle,1296.8,87.8,210.5,,,0,0,0,0
1775482278638505,1790683148.853308,8853,idle,1095.3,106.0,201.9,,,0,0,0,0
1775482418259465,1790683148.992929,8992,idle,1090.4,109.2,221.5,,,0,0,0,0
1775482559814500,1790683149.134484,9134,idle,2162.7,112.6,336.6,,,0,0,0,0
1775482699125990,1790683149.273795,9273,idle,2112.1,163.8,341.7,,,0,0,0,0
1775482839627225,1790683149.414297,9414,idle,2080.7,115.5,335.8,,,0,0,0,0
1775482979019034,1790683149.553689,9553,idle,1230.2,262.6,379.3,,,0,0,0,0
1775483118489802,1790683149.693160,9693,idle,1508.9,116.4,234.5,,,0,0,0,0
1775483259367608,1790683149.834037,9834,idle,1936.9,150.3,349.8,,,0,0,0,0
1775483399192705,1790683149.973861,9973,idle,10324.1,150.0,348.2,,,0,0,0,0
1775483537054356,1790683150.111723,10111,idle,2356.2,145.6,394.6,,,0,0,0,0
1775483678084583,1790683150.252755,10252,idle,1013.4,235.3,321.7,,,0,0,0,0
1775483819430606,1790683150.394100,10394,idle,1942.6,146.2,351.2,,,0,0,0,0
1775483959747393,1790683150.534417,10534,idle,2077.5,102.9,314.3,,,0,0,0,0
1775484099558874,1790683150.674228,10674,idle,9089.3,131.7,320.4,,,0,0,0,0
1775484239385976,1790683150.814055,10814,idle,2163.7,147.9,372.6,,,0,0,0,0
1775484378684062,1790683150.953354,10953,idle,1021.0,73.7,185.0,,,0,0,0,0
1775484519727428,1790683151.094397,11094,idle,2065.2,158.7,360.6,,,0,0,0,0
1775484660211405,1790683151.234881,11234,idle,2228.2,192.4,410.9,,,0,0,0,0
1775484799325899,1790683151.373995,11373,idle,9360.0,193.9,409.4,,,0,0,0,0
1775484945543632,1790683151.520213,11520,idle,2171.0,143.8,363.9,,,0,0,0,0
1775485088885163,1790683151.663555,11663,idle,1199.6,104.9,208.7,,,0,0,0,0
1775485230884303,1790683151.805554,11805,decode,2531.2,359.2,553.3,,,0,0,1,0
1775485369812861,1790683151.944482,11944,idle,2243.1,168.7,415.4,,,0,0,0,0
1775485509308373,1790683152.083978,12083,idle,8814.9,157.4,328.9,,,0,0,0,0
1775485648811912,1790683152.223482,12223,idle,1072.3,111.8,214.6,,,0,0,0,0
1775485788435796,1790683152.363106,12363,idle,973.4,108.2,208.4,,,0,0,0,0
1775485929137558,1790683152.503806,12503,idle,2380.5,104.8,349.9,,,0,0,0,0
1775486068683338,1790683152.643353,12643,idle,1391.5,121.7,269.6,,,0,0,0,0
1775486209175380,1790683152.783845,12783,idle,1344.0,126.3,250.0,,,0,0,0,0
1775486348402567,1790683152.923073,12923,idle,1092.9,85.0,198.2,,,0,0,0,0
1775486488971867,1790683153.063642,13063,idle,1241.0,110.5,208.4,,,0,0,0,0
1775486629090087,1790683153.203759,13203,idle,2424.2,145.6,375.5,,,0,0,0,0
1775486769540507,1790683153.344210,13344,idle,2060.8,117.4,339.9,,,0,0,0,0
1775486909558567,1790683153.484228,13484,idle,1864.1,120.1,304.4,,,0,0,0,0
1775487048187776,1790683153.622858,13622,idle,1042.7,136.1,228.1,,,0,0,0,0
1775487189183988,1790683153.763854,13763,idle,1530.7,131.9,286.5,,,0,0,0,0
1775487328979676,1790683153.903649,13903,idle,2383.6,263.3,492.7,,,0,0,0,0
1775487469244264,1790683154.043913,14043,idle,2301.6,188.9,401.7,,,0,0,0,0
1775487608980413,1790683154.183650,14183,idle,2208.4,286.9,486.7,,,0,0,0,0
1775487748904744,1790683154.323575,14323,idle,900.8,82.5,154.9,,,0,0,0,0
1775487888692556,1790683154.463362,14463,idle,1335.7,116.8,193.7,,,0,0,0,0
1775488029543081,1790683154.604212,14604,idle,2085.3,149.1,363.2,,,0,0,0,0
1775488169314618,1790683154.743984,14743,idle,2204.3,154.0,342.7,,,0,0,0,0
1775488309943861,1790683154.884613,14884,idle,2375.3,291.7,546.9,,,0,0,0,0
1775488448271310,1790683155.022941,22,idle,1043.9,137.2,247.1,,,0,0,0,0
1775488624515775,1790683155.199185,199,tx,53504.0,119.3,264.1,,,1,0,0,1
1775488769493321,1790683155.344162,344,tx,52895.1,132.4,314.5,,,1,0,0,1
1775488914053282,1790683155.488722,488,tx,52377.2,390.4,588.9,,,1,0,0,1
1775489060441195,1790683155.635111,635,tx,52171.1,105.2,216.2,,,1,0,0,1
1775489204581293,1790683155.779250,779,tx,56360.0,120.5,327.3,,,1,0,0,1
1775489342329364,1790683155.916999,916,tx,52301.3,191.0,427.7,,,1,0,0,1
1775489486875834,1790683156.061545,1061,tx,53425.1,187.3,410.6,,,1,0,0,1
1775489631471791,1790683156.206141,1206,tx,52961.9,161.2,319.9,,,1,0,0,1
1775489775254091,1790683156.349924,1349,tx,51537.8,297.1,378.6,,,1,0,0,1
1775489918696986,1790683156.493366,1493,tx,53572.3,183.8,419.1,,,1,0,0,1
1775490063718870,1790683156.638388,1638,tx,52434.4,124.2,342.4,,,1,0,0,1
1775490208122003,1790683156.782791,1782,tx,52440.4,269.7,485.8,,,1,0,0,1
1775490351150708,1790683156.925821,1925,tx,52890.0,370.0,450.7,,,1,0,0,1
1775490495822267,1790683157.070492,2070,tx,53485.8,156.7,369.9,,,1,0,0,1
1775490640224595,1790683157.214894,2214,tx,52878.9,299.0,430.7,,,1,0,0,1
1775490783938883,1790683157.358609,2358,tx,51694.3,109.1,231.7,,,1,0,0,1
1775490926888691,1790683157.501558,2501,tx,52830.8,138.1,276.9,,,1,0,0,1
1775491070590729,1790683157.645261,2645,tx,51726.9,132.0,230.7,,,1,0,0,1
1775491213702550,1790683157.788371,2788,tx,52724.4,149.0,397.3,,,1,0,0,1
1775491358206310,1790683157.932876,2932,tx,52391.1,249.1,481.3,,,1,0,0,1
1775491502898630,1790683158.077568,3077,tx,65551.5,148.6,356.3,,,1,0,0,1
1775491649067282,1790683158.223737,3223,tx,51497.7,131.9,226.0,,,1,0,0,1
1775491792338486,1790683158.367008,3367,tx,52192.9,147.0,390.3,,,1,0,0,1
1775491938845469,1790683158.513515,3513,tx,52560.0,174.6,426.9,,,1,0,0,1
1775492082725651,1790683158.657395,3657,tx,57273.8,153.8,403.7,,,1,0,0,1
1775492227663649,1790683158.802333,3802,tx,52697.9,105.2,239.1,,,1,0,0,1
1775492371176997,1790683158.945847,3945,tx,52081.2,394.9,494.0,,,1,0,0,1
1775492515108056,1790683159.089777,4089,tx,53453.0,357.1,539.6,,,1,0,0,1
1775492661266897,1790683159.235936,4235,tx,52420.8,186.6,420.4,,,1,0,0,1
1775492805313173,1790683159.379982,4379,tx,55834.6,144.0,329.2,,,1,0,0,1
1775492942377654,1790683159.517048,4517,tx,52250.1,140.3,238.2,,,1,0,0,1
1775493085989530,1790683159.660659,4660,tx,52264.1,152.4,251.2,,,1,0,0,1
1775493229861551,1790683159.804531,4804,tx,52785.4,218.1,487.4,,,1,0,0,1
1775493374205912,1790683159.948875,4948,tx,52428.5,219.9,429.4,,,1,0,0,1
1775493519057374,1790683160.093726,5093,tx,53074.6,262.3,450.4,,,1,0,0,1
1775493663336005,1790683160.238005,5238,tx,52021.3,161.1,333.4,,,1,0,0,1
1775493807019780,1790683160.381689,5381,tx,52527.9,308.8,488.0,,,1,0,0,1
1775493951653156,1790683160.526322,5526,tx,51917.1,153.7,380.7,,,1,0,0,1
1775494095338912,1790683160.670007,5670,tx,52173.2,124.9,400.7,,,1,0,0,1
1775494238061045,1790683160.812731,5812,tx,52333.0,105.7,198.1,,,1,0,0,1
1775494382147526,1790683160.956817,5956,tx,52262.0,173.0,381.9,,,1,0,0,1
1775494526821364,1790683161.101491,6101,tx,52281.9,136.1,410.2,,,1,0,0,1
1775494670957548,1790683161.245627,6245,tx,52472.9,326.2,556.4,,,1,0,0,1
1775494814796647,1790683161.389466,6389,tx,53290.4,144.7,399.1,,,1,0,0,1
1775494959409714,1790683161.534080,6534,tx,52421.6,101.6,232.3,,,1,0,0,1
1775495103530803,1790683161.678200,6678,tx,52697.2,126.6,261.1,,,1,0,0,1
1775495247522263,1790683161.822192,6822,tx,51681.1,106.7,208.6,,,1,0,0,1
1775495391512426,1790683161.966181,6966,tx,51913.1,121.8,327.9,,,1,0,0,1
1775495529489654,1790683162.104160,7104,tx,53983.5,81.8,169.2,,,1,0,0,1
1775495672628497,1790683162.247298,7247,tx,55341.4,117.9,247.5,,,1,0,0,1
1775495816939381,1790683162.391608,7391,tx,52269.8,125.3,324.0,,,1,0,0,1
1775495961272006,1790683162.535941,7535,tx,52021.2,114.0,361.5,,,1,0,0,1
1775496105492481,1790683162.680162,7680,tx,55153.9,152.7,363.0,,,1,0,0,1
1775496251144503,1790683162.825814,7825,tx,52373.6,288.8,382.6,,,1,0,0,1
1775496395423525,1790683162.970093,7970,tx,52224.8,165.5,396.5,,,1,0,0,1
1775496534945717,1790683163.109615,8109,tx,51951.6,138.6,361.7,,,1,0,0,1
1775496679308820,1790683163.253978,8253,tx,52261.1,169.0,393.6,,,1,0,0,1
1775496823407240,1790683163.398077,8398,tx,53054.2,152.6,338.5,,,1,0,0,1
1775496967110648,1790683163.541781,8541,tx,51487.1,318.3,406.3,,,1,0,0,1
1775497110887827,1790683163.685557,8685,tx,52229.8,145.6,396.8,,,1,0,0,1
1775497254653452,1790683163.829323,8829,tx,52974.0,155.0,342.0,,,1,0,0,1
1775497398923314,1790683163.973593,8973,tx,52882.8,100.0,247.8,,,1,0,0,1
1775497542823198,1790683164.117493,9117,tx,52607.7,125.1,232.2,,,1,0,0,1
1775497685882971,1790683164.260553,9260,tx,52737.0,132.5,268.8,,,1,0,0,1
1775497829690587,1790683164.404360,9404,tx,52806.7,84.6,250.8,,,1,0,0,1
1775497973379314,1790683164.548049,9548,tx,52889.6,122.0,268.8,,,1,0,0,1
1775498117754361,1790683164.692424,9692,tx,52780.1,89.8,210.8,,,1,0,0,1
1775498262076412,1790683164.836746,9836,tx,52542.5,91.4,214.2,,,1,0,0,1
1775498405348454,1790683164.980018,9980,tx,52474.1,86.9,204.9,,,1,0,0,1
1775498548434745,1790683165.123105,10123,tx,52181.0,83.2,184.9,,,1,0,0,1
1775498691994476,1790683165.266664,10266,tx,53070.0,339.8,560.8,,,1,0,0,1
1775498838936709,1790683165.413606,10413,tx,53251.0,132.0,355.7,,,1,0,0,1
1775498983391086,1790683165.558061,10558,tx,51124.9,83.5,178.6,,,1,0,0,1
1775499126741055,1790683165.701410,10701,tx,52908.8,131.8,325.8,,,1,0,0,1
1775499271956917,1790683165.846626,10846,tx,61429.7,136.4,377.4,,,1,0,0,1
1775499415996591,1790683165.990666,10990,tx,52362.5,291.9,526.8,,,1,0,0,1
1775499559885886,1790683166.134556,11134,tx,52335.1,91.6,197.4,,,1,0,0,1
1775499703923426,1790683166.278593,11278,tx,51537.1,122.0,234.4,,,1,0,0,1
1775499847552535,1790683166.422222,11422,tx,53113.5,179.8,409.6,,,1,0,0,1
1775499992506318,1790683166.567176,11567,tx,52070.4,187.3,408.7,,,1,0,0,1
1775500135651174,1790683166.710320,11710,tx,53021.5,169.5,387.7,,,1,0,0,1
1775500280121503,1790683166.854792,11854,tx,52489.2,104.8,186.1,,,1,0,0,1
1775500424663087,1790683166.999332,11999,tx,53163.8,193.9,370.6,,,1,0,0,1
1775500569864565,1790683167.144534,12144,tx,52526.6,132.1,343.9,,,1,0,0,1
1775500713992052,1790683167.288661,12288,tx,52527.0,305.9,561.0,,,1,0,0,1
1775500857628216,1790683167.432298,12432,tx,53804.4,1480.0,1593.6,,,1,0,0,1
1775501003383522,1790683167.578054,12578,tx,51459.7,135.9,239.5,,,1,0,0,1
1775501146389309,1790683167.721059,12721,tx,52218.6,183.3,418.8,,,1,0,0,1
1775501290792925,1790683167.865462,12865,tx,52645.1,156.4,394.7,,,1,0,0,1
1775501437978148,1790683168.012647,13012,tx,53507.6,368.6,637.5,,,1,0,0,1
1775501582547695,1790683168.157218,13157,tx,51507.8,135.0,224.5,,,1,0,0,1
1775501726056134,1790683168.300725,13300,tx,52715.3,385.2,610.1,,,1,0,0,1
1775501871121578,1790683168.445791,13445,tx,53471.9,272.6,510.3,,,1,0,0,1
1775502016148407,1790683168.590818,13590,tx,53359.5,260.9,478.6,,88732.6,1,0,0,1
1775502160587970,1790683168.735258,13735,idle,52670.1,121.5,216.6,,,0,0,0,0
1775502305197332,1790683168.879867,13879,idle,53111.0,426.5,548.4,,,0,0,0,0
1775502470973134,1790683169.045643,14045,idle,4872.0,160.8,360.3,,,0,0,0,0
1775502614431908,1790683169.189101,14189,idle,2117.5,121.0,347.0,,,0,0,0,0
1775502754656321,1790683169.329326,14329,idle,2124.7,196.9,392.0,,,0,0,0,0
1775502893515483,1790683169.468186,14468,idle,907.2,118.8,212.3,,,0,0,0,0
1775503039520298,1790683169.614190,14614,idle,2195.3,199.0,433.2,,,0,0,0,0
1775503185059175,1790683169.759728,14759,idle,2675.4,518.5,726.8,,,0,0,0,0
1775503329956603,1790683169.904625,14904,idle,2866.5,194.8,464.8,,,0,0,0,0
1775503474767560,1790683170.049437,49,idle,1732.3,151.6,292.7,,,0,0,0,0
1775503613717790,1790683170.188388,188,idle,1272.8,109.3,200.2,,,0,0,0,0
1775503754961578,1790683170.329631,329,idle,2655.9,190.5,430.5,,,0,0,0,0
1775503895026319,1790683170.469696,469,idle,2618.1,186.6,412.5,,,0,0,0,0
1775504041148216,1790683170.615818,615,idle,2560.8,420.7,640.1,,,0,0,0,0
1775504184693049,1790683170.759363,759,idle,918.8,105.9,175.0,,,0,0,0,0
1775504323798542,1790683170.898468,898,idle,1480.9,106.5,199.6,,,0,0,0,0
1775504465044791,1790683171.039714,1039,idle,2788.6,453.8,717.1,,,0,0,0,0
1775504604394641,1790683171.179064,1179,idle,8278.0,188.4,390.7,,,0,0,0,0
1775504744869236,1790683171.319538,1319,idle,2239.8,156.1,404.8,,,0,0,0,0
1775504884013593,1790683171.458683,1458,idle,1126.9,103.3,202.4,,,0,0,0,0
1775505023864702,1790683171.598535,1598,idle,1348.5,102.1,168.3,,,0,0,0,0
1775505164514227,1790683171.739183,1739,idle,2293.3,154.4,370.7,,,0,0,0,0
1775505304530472,1790683171.879200,1879,idle,6230.1,120.2,317.3,,,0,0,0,0
1775505444369364,1790683172.019039,2019,idle,2677.2,207.3,416.7,,,0,0,0,0
1775505583584167,1790683172.158254,2158,idle,1005.1,101.0,206.3,,,0,0,0,0
1775505725215255,1790683172.299885,2299,idle,2165.9,414.7,593.9,,,0,0,0,0
1775505864043727,1790683172.438714,2438,idle,1263.5,105.1,213.5,,,0,0,0,0
1775506004120328,1790683172.578790,2578,idle,6259.2,137.2,242.7,,,0,0,0,0
1775506144499002,1790683172.719168,2719,idle,2327.8,156.5,343.4,,,0,0,0,0
1775506283555051,1790683172.858225,2858,idle,889.6,93.2,175.3,,,0,0,0,0
1775506429673785,1790683173.004343,3004,idle,2525.0,165.4,405.4,,,0,0,0,0
1775506574378251,1790683173.149048,3149,idle,2365.3,217.5,428.1,,,0,0,0,0
1775506714711194,1790683173.289380,3289,idle,2061.4,118.9,348.6,,,0,0,0,0
1775506854631195,1790683173.429301,3429,idle,2153.8,135.6,347.4,,,0,0,0,0
1775506993832329,1790683173.568502,3568,idle,1201.9,105.2,191.4,,,0,0,0,0
1775507139865961,1790683173.714535,3714,idle,2080.2,127.4,368.5,,,0,0,0,0
1775507285160390,1790683173.859830,3859,idle,2346.0,276.3,469.3,,,0,0,0,0
1775507429209583,1790683174.003879,4003,idle,2671.4,216.3,434.0,,,0,0,0,0
1775507573944111,1790683174.148614,4148,idle,1109.9,103.2,239.3,,,0,0,0,0
1775507713727284,1790683174.288397,4288,idle,1548.2,121.2,257.1,,,0,0,0,0
1775507854298285,1790683174.428968,4428,idle,2197.8,149.8,333.7,,,0,0,0,0
1775507994616689,1790683174.569286,4569,idle,2076.5,120.1,345.0,,,0,0,0,0
1775508139578135,1790683174.714247,4714,idle,2105.1,108.3,307.7,,,0,0,0,0
1775508283759855,1790683174.858430,4858,idle,862.3,78.8,144.9,,,0,0,0,0
1775508425177504,1790683174.999847,4999,idle,2343.6,279.7,503.1,,,0,0,0,0
1775508564902024,1790683175.139571,5139,idle,2291.0,162.9,386.6,,,0,0,0,0
1775508704678187,1790683175.279347,5279,idle,5413.7,156.2,382.9,,,0,0,0,0
1775508844858639,1790683175.419528,5419,idle,2440.1,211.3,464.0,,,0,0,0,0
1775508983581095,1790683175.558251,5558,idle,855.8,105.4,210.0,,,0,0,0,0
1775509129598459,1790683175.704268,5704,idle,2298.3,128.5,359.2,,,0,0,0,0
1775509274671658,1790683175.849341,5849,idle,2014.9,110.1,304.5,,,0,0,0,0
1775509414533367,1790683175.989202,5989,idle,2240.3,135.0,391.4,,,0,0,0,0
1775509555083869,1790683176.129753,6129,idle,2192.3,150.4,383.4,,,0,0,0,0
1775509694059424,1790683176.268729,6268,idle,1016.6,104.1,197.1,,,0,0,0,0
1775509839373697,1790683176.414043,6414,idle,2147.9,148.9,388.1,,,0,0,0,0
1775509985294979,1790683176.559964,6559,idle,2173.2,206.4,415.9,,,0,0,0,0
1775510124262514,1790683176.698932,6698,idle,1231.9,285.8,400.4,,,0,0,0,0
1775510264115894,1790683176.838786,6838,idle,1401.0,114.5,233.5,,,0,0,0,0
1775510403950571,1790683176.978621,6978,idle,1137.5,106.7,202.7,,,0,0,0,0
1775510548549812,1790683177.123219,7123,idle,2173.4,185.5,441.6,,,0,0,0,0
1775510694579422,1790683177.269249,7269,idle,2112.2,117.5,345.3,,,0,0,0,0
1775510834476807,1790683177.409146,7409,idle,1947.3,143.5,344.1,,,0,0,0,0
1775510973988158,1790683177.548658,7548,idle,1155.4,135.5,225.5,,,0,0,0,0
1775511114179258,1790683177.688849,7688,idle,1976.0,320.4,483.1,,,0,0,0,0
1775511254518023,1790683177.829188,7829,idle,1421.5,148.9,288.2,,,0,0,0,0
1775511394704925,1790683177.969374,7969,idle,2128.6,172.5,409.4,,,0,0,0,0
1775511538988241,1790683178.113658,8113,idle,2226.4,164.4,425.9,,,0,0,0,0
1775511683817044,1790683178.258487,8258,idle,1165.1,75.3,176.0,,,0,0,0,0
1775511828913214,1790683178.403583,8403,idle,2498.9,173.7,396.2,,,0,0,0,0
1775511974856086,1790683178.549525,8549,idle,1693.9,145.8,361.7,,,0,0,0,0
1775512114905270,1790683178.689574,8689,idle,2274.1,169.7,406.5,,,0,0,0,0
1775512254278573,1790683178.828948,8828,idle,2072.1,230.7,423.8,,,0,0,0,0
1775512394071027,1790683178.968741,8968,idle,995.6,103.8,198.6,,,0,0,0,0
1775512538273190,1790683179.112942,9112,idle,2524.9,229.4,440.7,,,0,0,0,0
1775512685078574,1790683179.259748,9259,idle,2417.4,195.2,404.0,,,0,0,0,0
1775512830150536,1790683179.404820,9404,idle,2572.2,343.0,571.1,,,0,0,0,0
1775512974143282,1790683179.548813,9548,idle,893.4,78.5,161.8,,,0,0,0,0
1775513114146108,1790683179.688816,9688,idle,1700.4,168.0,334.4,,,0,0,0,0
1775513254811691,1790683179.829481,9829,idle,2443.3,203.2,492.6,,,0,0,0,0
1775513394182110,1790683179.968852,9968,idle,1348.3,150.3,273.4,,,0,0,0,0
1775513538684329,1790683180.113354,10113,idle,2122.6,185.3,403.1,,,0,0,0,0
1775513684248129,1790683180.258918,10258,idle,1075.3,132.6,217.8,,,0,0,0,0
1775513828969043,1790683180.403638,10403,idle,2387.5,191.7,441.7,,,0,0,0,0
1775513975252870,1790683180.549922,10549,idle,2089.5,285.8,459.2,,,0,0,0,0
1775514114561002,1790683180.689229,10689,idle,2238.8,122.3,368.0,,,0,0,0,0
1775514255139978,1790683180.829810,10829,idle,1499.1,126.4,272.8,,,0,0,0,0
1775514394038354,1790683180.968708,10968,idle,1140.3,128.0,221.2,,,0,0,0,0
1775514538126903,1790683181.112796,11112,idle,2429.4,374.8,609.9,,,0,0,0,0
1775514684540839,1790683181.259210,11259,idle,2235.0,180.4,379.7,,,0,0,0,0
1775514828804687,1790683181.403474,11403,idle,2127.4,167.9,423.2,,,0,0,0,0
1775514974444826,1790683181.549115,11549,idle,1080.4,120.4,266.7,,,0,0,0,0
1775515114243261,1790683181.688913,11688,idle,1321.5,317.6,448.0,,,0,0,0,0
1775515254320755,1790683181.828991,11828,decode,1336.5,238.2,380.5,,,0,0,1,0
1775515394505572,1790683181.969175,11969,idle,1414.7,120.6,287.8,,,0,0,0,0
1775515535185383,1790683182.109855,12109,idle,1464.2,86.8,215.6,,,0,0,0,0
1775515673951664,1790683182.248621,12248,idle,1303.9,115.6,235.7,,,0,0,0,0
1775515814046659,1790683182.388716,12388,idle,1117.8,112.5,217.3,,,0,0,0,0
1775515954065709,1790683182.528735,12528,idle,1242.3,124.3,240.9,,,0,0,0,0
1775516094223701,1790683182.668893,12668,idle,1509.6,128.9,259.4,,,0,0,0,0
1775516235615948,1790683182.810286,12810,idle,1624.2,151.7,294.1,,,0,0,0,0
1775516375516652,1790683182.950186,12950,idle,924.8,97.7,220.1,,,0,0,0,0
1775516513904943,1790683183.088575,13088,idle,1258.1,137.6,274.8,,,0,0,0,0
1775516655376491,1790683183.230046,13230,idle,2229.0,154.4,389.9,,,0,0,0,0
1775516795245616,1790683183.369915,13369,idle,2368.0,293.2,508.9,,,0,0,0,0
1775516937260564,1790683183.511930,13511,idle,1257.6,98.0,209.5,,,0,0,0,0
1775517084229010,1790683183.658899,13658,idle,1128.6,115.4,207.1,,,0,0,0,0
1775517224601340,1790683183.799271,13799,idle,1416.5,144.9,289.1,,,0,0,0,0
1775517364761389,1790683183.939430,13939,idle,2211.3,179.7,412.3,,,0,0,0,0
1775517504950549,1790683184.079619,14079,idle,21671.4,156.2,407.1,,,0,0,0,0
1775517643777822,1790683184.218447,14218,idle,2105.3,124.6,323.4,,,0,0,0,0
1775517783875448,1790683184.358545,14358,idle,1176.2,90.3,168.9,,,0,0,0,0
1775517924796734,1790683184.499466,14499,idle,2390.0,124.8,305.1,,,0,0,0,0
1775518064427483,1790683184.639096,14639,idle,2200.7,143.7,372.4,,,0,0,0,0
1775518204466388,1790683184.779136,14779,idle,5382.5,160.9,343.6,,,0,0,0,0
1775518344517019,1790683184.919186,14919,idle,2234.8,153.1,356.2,,,0,0,0,0
1775518483707664,1790683185.058378,58,idle,912.2,105.8,209.5,,,0,0,0,0
1775518626035527,1790683185.200705,200,tx,52364.1,160.1,373.4,,,1,0,0,1
1775518770106094,1790683185.344775,344,tx,53221.3,138.6,383.0,,,1,0,0,1
1775518915293600,1790683185.489963,489,tx,52791.9,363.5,634.6,,,1,0,0,1
1775519060108022,1790683185.634778,634,tx,53316.1,137.7,297.7,,,1,0,0,1
1775519203932283,1790683185.778602,778,tx,51649.2,105.1,209.0,,,1,0,0,1
1775519347238769,1790683185.921908,921,tx,53578.9,467.1,686.7,,,1,0,0,1
1775519493093661,1790683186.067763,1067,tx,53522.7,192.0,428.3,,,1,0,0,1
1775519638218545,1790683186.212887,1212,tx,53596.6,496.5,727.1,,,1,0,0,1
1775519782771953,1790683186.357442,1357,tx,51138.0,74.2,165.5,,,1,0,0,1
1775519925731493,1790683186.500401,1500,tx,52217.6,128.2,368.8,,,1,0,0,1
1775520069225153,1790683186.643894,1643,tx,52903.9,498.1,714.2,,,1,0,0,1
1775520213544947,1790683186.788214,1788,tx,52336.7,123.0,370.1,,,1,0,0,1
1775520357601303,1790683186.932271,1932,tx,53185.9,159.9,378.4,,,1,0,0,1
1775520501713306,1790683187.076383,2076,tx,54795.6,104.0,166.7,,,1,0,0,1
1775520648160904,1790683187.222830,2222,tx,56872.9,507.4,742.8,,,1,0,0,1
1775520793115130,1790683187.367785,2367,tx,53461.3,162.1,386.6,,,1,0,0,1
1775520938306152,1790683187.512975,2512,tx,52613.4,429.1,634.5,,,1,0,0,1
1775521081826378,1790683187.656496,2656,tx,52751.4,129.0,241.6,,,1,0,0,1
1775521226064658,1790683187.800733,2800,tx,53838.1,179.0,372.5,,,1,0,0,1
1775521371533185,1790683187.946203,2946,tx,52445.8,176.4,412.0,,,1,0,0,1
1775521516081220,1790683188.090750,3090,tx,53847.0,155.6,372.5,,,1,0,0,1
1775521660606355,1790683188.235276,3235,tx,52933.5,158.1,288.9,,,1,0,0,1
1775521804950145,1790683188.379620,3379,tx,51692.8,108.2,194.9,,,1,0,0,1
1775521948374394,1790683188.523043,3523,tx,55071.2,334.0,562.7,,,1,0,0,1
1775522094114815,1790683188.668784,3668,tx,53722.2,158.0,388.5,,,1,0,0,1
1775522239803725,1790683188.814473,3814,tx,51965.1,167.5,329.3,,,1,0,0,1
1775522382673898,1790683188.957344,3957,tx,51273.9,124.0,244.2,,,1,0,0,1
1775522525483330,1790683189.100152,4100,tx,52482.8,240.0,477.8,,,1,0,0,1
1775522669427931,1790683189.244097,4244,tx,52587.1,308.2,524.1,,,1,0,0,1
1775522813809945,1790683189.388479,4388,tx,52175.3,132.2,384.4,,,1,0,0,1
1775522957615473,1790683189.532285,4532,tx,52171.1,168.6,281.3,,,1,0,0,1
1775523101083431,1790683189.675753,4675,tx,53430.9,72.9,133.8,,,1,0,0,1
1775523246070652,1790683189.820740,4820,tx,52634.0,139.5,338.5,,,1,0,0,1
1775523390639065,1790683189.965308,4965,tx,52455.0,172.0,385.1,,,1,0,0,1
1775523537067925,1790683190.111737,5111,tx,52491.2,114.7,235.6,,,1,0,0,1
1775523680062186,1790683190.254732,5254,tx,51303.0,104.0,190.4,,,1,0,0,1
1775523823085221,1790683190.397754,5397,tx,52422.9,160.1,386.6,,,1,0,0,1
1775523967313391,1790683190.541983,5541,tx,52008.2,320.0,500.1,,,1,0,0,1
1775524111773531,1790683190.686443,5686,tx,52069.9,133.8,414.1,,,1,0,0,1
1775524254557400,1790683190.829227,5829,tx,59259.3,107.7,224.1,,,1,0,0,1
1775524398580089,1790683190.973250,5973,tx,51185.1,116.7,260.3,,,1,0,0,1
1775524541290033,1790683191.115959,6115,tx,52310.9,325.3,542.7,,,1,0,0,1
1775524685934015,1790683191.260603,6260,tx,51842.2,161.0,405.1,,,1,0,0,1
1775524829938413,1790683191.404608,6404,tx,52819.0,163.7,394.9,,,1,0,0,1
1775524974371551,1790683191.549042,6549,tx,51401.5,261.9,372.3,,,1,0,0,1
1775525117518342,1790683191.692187,6692,tx,52138.8,156.8,395.7,,,1,0,0,1
1775525261254426,1790683191.835924,6835,tx,52352.0,153.4,362.3,,,1,0,0,1
1775525404611144,1790683191.979281,6979,tx,51280.2,109.5,215.9,,,1,0,0,1
1775525548031694,1790683192.122701,7122,tx,52808.2,120.8,288.2,,,1,0,0,1
1775525691567302,1790683192.266237,7266,tx,52627.3,142.2,258.2,,,1,0,0,1
1775525835185447,1790683192.409855,7409,tx,53021.6,130.6,274.4,,,1,0,0,1
1775525979126638,1790683192.553796,7553,tx,51783.4,128.3,265.6,,,1,0,0,1
1775526122317217,1790683192.696987,7696,tx,51782.0,120.6,279.6,,,1,0,0,1
1775526264954700,1790683192.839624,7839,tx,52529.7,128.2,259.6,,,1,0,0,1
1775526408215545,1790683192.982886,7982,tx,51363.3,104.8,193.1,,,1,0,0,1
1775526550960133,1790683193.125630,8125,tx,52864.8,131.8,300.8,,,1,0,0,1
1775526695973330,1790683193.270643,8270,tx,52090.8,175.5,427.9,,,1,0,0,1
1775526839891133,1790683193.414561,8414,tx,51876.7,140.7,325.4,,,1,0,0,1
1775526983076801,1790683193.557747,8557,tx,52359.2,95.8,159.8,,,1,0,0,1
1775527126524086,1790683193.701193,8701,tx,52052.2,164.8,366.0,,,1,0,0,1
1775527270208538,1790683193.844878,8844,tx,52223.9,155.5,377.3,,,1,0,0,1
1775527414452667,1790683193.989122,8989,tx,52538.8,179.2,439.6,,,1,0,0,1
1775527559050272,1790683194.133718,9133,tx,53317.5,155.2,371.4,,,1,0,0,1
1775527703028013,1790683194.277698,9277,tx,52556.9,108.4,176.4,,,1,0,0,1
1775527846629809,1790683194.421299,9421,tx,56724.2,126.4,287.8,,,1,0,0,1
1775527989549688,1790683194.564219,9564,tx,52375.4,208.9,434.2,,,1,0,0,1
1775528127337310,1790683194.702007,9702,tx,52656.7,337.7,568.8,,,1,0,0,1
1775528270941807,1790683194.845612,9845,tx,52475.4,104.9,201.3,,,1,0,0,1
1775528414694104,1790683194.989364,9989,tx,51898.7,123.3,274.8,,,1,0,0,1
1775528558322214,1790683195.132992,10132,tx,52267.4,314.6,523.0,,,1,0,0,1
1775528702228274,1790683195.276897,10276,tx,63159.1,164.2,343.7,,,1,0,0,1
1775528847125600,1790683195.421795,10421,tx,53349.0,198.9,429.7,,,1,0,0,1
1775528990898365,1790683195.565568,10565,tx,51550.4,109.6,200.1,,,1,0,0,1
1775529129443087,1790683195.704112,10704,tx,53346.3,193.5,419.3,,,1,0,0,1
1775529275189970,1790683195.849859,10849,tx,52324.9,201.7,439.3,,,1,0,0,1
1775529419076111,1790683195.993745,10993,tx,52280.0,186.6,375.6,,,1,0,0,1
1775529561990254,1790683196.136660,11136,tx,52485.7,79.1,149.2,,,1,0,0,1
1775529705753268,1790683196.280423,11280,tx,51845.7,115.0,237.9,,,1,0,0,1
1775529849769308,1790683196.424439,11424,tx,53482.8,194.6,417.5,,,1,0,0,1
1775529994916494,1790683196.569586,11569,tx,52376.9,221.7,484.9,,,1,0,0,1
1775530139103016,1790683196.713772,11713,tx,53362.1,200.8,442.8,,,1,0,0,1
1775530282992286,1790683196.857662,11857,tx,51546.7,105.3,209.3,,,1,0,0,1
1775530426235309,1790683197.000905,12000,tx,53169.6,161.3,358.3,,,1,0,0,1
1775530571263892,1790683197.145933,12145,tx,53318.5,135.8,343.5,,,1,0,0,1
1775530716278433,1790683197.290947,12290,tx,53559.7,398.7,650.7,,,1,0,0,1
1775530860508248,1790683197.435178,12435,tx,52385.9,249.0,339.5,,,1,0,0,1
1775531004120786,1790683197.578791,12578,tx,52053.2,131.4,210.6,,,1,0,0,1
1775531148181516,1790683197.722851,12722,tx,54491.1,166.4,398.6,,,1,0,0,1
1775531293151763,1790683197.867821,12867,tx,52387.0,193.5,418.2,,,1,0,0,1
1775531438676437,1790683198.013346,13013,tx,57956.8,131.4,350.8,,,1,0,0,1
1775531582040571,1790683198.156711,13156,tx,51460.3,108.1,187.2,,,1,0,0,1
1775531725150678,1790683198.299820,13299,tx,52358.4,166.6,373.6,,,1,0,0,1
1775531869202446,1790683198.443872,13443,tx,52210.1,194.7,408.8,,,1,0,0,1
1775532012179288,1790683198.586849,13586,tx,52609.9,160.6,295.0,,96579.3,1,0,0,1
1775532156687808,1790683198.731358,13731,idle,52386.3,131.7,298.8,,,0,0,0,0
1775532300086762,1790683198.874757,13874,idle,54958.6,104.3,210.1,,,0,0,0,0
1775532462991710,1790683199.037662,14037,idle,1381.2,108.2,158.6,,,0,0,0,0
1775532602991019,1790683199.177660,14177,idle,11140.4,136.8,350.5,,,0,0,0,0
1775532742540756,1790683199.317210,14317,idle,1577.0,321.2,480.9,,,0,0,0,0
1775532882308573,1790683199.456978,14456,idle,1426.9,112.9,228.8,,,0,0,0,0
1775533027478888,1790683199.602149,14602,idle,1693.0,415.7,542.6,,,0,0,0,0
1775533172396095,1790683199.747066,14747,idle,1767.9,459.1,634.8,,,0,0,0,0
1775533312367987,1790683199.887037,14887,idle,4874.3,413.8,650.2,,,0,0,0,0
1775533452069879,1790683200.026739,26,idle,5225.8,108.4,320.6,,,0,0,0,0
1775533592068800,1790683200.166739,166,idle,5781.8,84.5,3092.1,,,0,0,0,0
1775533731820981,1790683200.306491,306,idle,1024.4,90.1,203.7,,,0,0,0,0
1775533872597855,1790683200.447268,447,idle,1292.7,295.2,423.3,,,0,0,0,0
1775534012667612,1790683200.587337,587,idle,1155.6,228.0,339.7,,,0,0,0,0
1775534152213935,1790683200.726884,726,idle,1359.9,86.3,197.1,,,0,0,0,0
1775534293230350,1790683200.867900,867,idle,1289.2,81.9,166.4,,,0,0,0,0
1775534434305514,1790683201.008976,1008,idle,1125.2,131.1,208.7,,,0,0,0,0
1775534571827152,1790683201.146497,1146,idle,1001.2,111.0,197.1,,,0,0,0,0
1775534711868135,1790683201.286538,1286,idle,941.8,142.5,227.7,,,0,0,0,0
1775534851503132,1790683201.426173,1426,idle,1259.7,453.7,525.6,,,0,0,0,0
1775534989167022,1790683201.563837,1563,idle,22931.6,2962.6,5856.4,,,0,0,0,0
1775535132661886,1790683201.707332,1707,idle,10998.4,361.4,4355.7,,,0,0,0,0
1775535272315866,1790683201.846985,1846,idle,2075.5,110.0,322.0,,,0,0,0,0
1775535413196031,1790683201.987866,1987,idle,2224.9,177.3,366.1,,,0,0,0,0
1775535552783967,1790683202.127453,2127,idle,2575.3,126.1,375.4,,,0,0,0,0
1775535692162832,1790683202.266833,2266,idle,1507.9,116.8,238.5,,,0,0,0,0
1775535833431729,1790683202.408102,2408,idle,1251.2,106.8,207.6,,,0,0,0,0
1775535972249949,1790683202.546920,2546,idle,1472.8,131.2,274.5,,,0,0,0,0
1775536112902540,1790683202.687572,2687,idle,2187.1,158.4,378.1,,,0,0,0,0
1775536253248260,1790683202.827918,2827,idle,2726.8,158.8,381.2,,,0,0,0,0
1775536391726822,1790683202.966397,2966,idle,971.0,214.5,287.7,,,0,0,0,0
1775536535610380,1790683203.110280,3110,idle,2732.0,247.0,472.9,,,0,0,0,0
1775536672723790,1790683203.247393,3247,idle,2594.8,144.0,377.3,,,0,0,0,0
1775536812991369,1790683203.387660,3387,idle,2756.4,190.9,462.3,,,0,0,0,0
1775536953055721,1790683203.527724,3527,idle,1769.1,155.7,355.9,,,0,0,0,0
1775537092015047,1790683203.666685,3666,idle,1002.8,78.5,149.8,,,0,0,0,0
1775537234550497,1790683203.809220,3809,idle,2262.3,169.6,395.4,,,0,0,0,0
1775537372863909,1790683203.947533,3947,idle,2050.9,162.4,373.3,,,0,0,0,0
1775537512625602,1790683204.087294,4087,idle,5166.4,121.5,320.2,,,0,0,0,0
1775537652673208,1790683204.227342,4227,idle,2136.6,126.3,349.7,,,0,0,0,0
1775537795224627,1790683204.369895,4369,idle,1055.7,79.2,153.8,,,0,0,0,0
1775537939030091,1790683204.513699,4513,idle,2080.6,137.9,357.6,,,0,0,0,0
1775538082960810,1790683204.657630,4657,idle,2250.4,173.7,418.9,,,0,0,0,0
1775538228958937,1790683204.803628,4803,idle,2120.0,117.4,378.8,,,0,0,0,0
1775538372930445,1790683204.947600,4947,idle,999.9,131.4,244.5,,,0,0,0,0
1775538511611296,1790683205.086282,5086,idle,1186.7,234.9,334.3,,,0,0,0,0
1775538652512329,1790683205.227182,5227,idle,2284.7,204.7,425.8,,,0,0,0,0
1775538792779032,1790683205.367448,5367,idle,2513.8,154.2,409.6,,,0,0,0,0
1775538939250018,1790683205.513919,5513,idle,2436.9,123.9,334.9,,,0,0,0,0
1775539081875091,1790683205.656545,5656,idle,1032.7,77.0,140.1,,,0,0,0,0
1775539225241213,1790683205.799910,5799,idle,2517.3,151.7,349.2,,,0,0,0,0
1775539372034237,1790683205.946704,5946,idle,1406.7,127.1,269.0,,,0,0,0,0
1775539512484040,1790683206.087153,6087,idle,5191.2,260.4,449.3,,,0,0,0,0
1775539652479628,1790683206.227148,6227,idle,2604.7,234.6,471.0,,,0,0,0,0
1775539792496861,1790683206.367167,6367,idle,1097.8,264.8,386.0,,,0,0,0,0
1775539937422965,1790683206.512092,6512,idle,2203.8,312.7,523.9,,,0,0,0,0
1775540082805492,1790683206.657475,6657,idle,2222.3,124.4,352.3,,,0,0,0,0
1775540222307817,1790683206.796977,6796,idle,2156.2,167.8,392.2,,,0,0,0,0
1775540362855105,1790683206.937524,6937,idle,1828.6,126.0,339.6,,,0,0,0,0
1775540501727716,1790683207.076398,7076,idle,4182.3,122.4,182.9,,,0,0,0,0
1775540642884538,1790683207.217553,7217,idle,2043.7,162.1,409.2,,,0,0,0,0
1775540782493514,1790683207.357163,7357,idle,2286.6,313.5,540.3,,,0,0,0,0
1775540928407890,1790683207.503076,7503,idle,2466.2,357.1,557.2,,,0,0,0,0
1775541072175897,1790683207.646846,7646,idle,1131.3,106.2,201.9,,,0,0,0,0
1775541211789231,1790683207.786459,7786,idle,1237.9,115.0,226.2,,,0,0,0,0
1775541352640966,1790683207.927310,7927,idle,2411.9,131.7,332.6,,,0,0,0,0
1775541493619969,1790683208.068289,8068,idle,2457.0,137.1,374.6,,,0,0,0,0
1775541639336338,1790683208.214006,8214,idle,2080.9,135.1,353.9,,,0,0,0,0
1775541782456842,1790683208.357127,8357,idle,1014.3,74.4,142.1,,,0,0,0,0
1775541928364892,1790683208.503034,8503,idle,2453.2,362.0,608.5,,,0,0,0,0
1775542073287678,1790683208.647957,8647,idle,2227.4,163.0,406.5,,,0,0,0,0
1775542212911092,1790683208.787580,8787,idle,2181.9,165.7,395.1,,,0,0,0,0
1775542352684579,1790683208.927354,8927,idle,2141.0,143.6,335.4,,,0,0,0,0
1775542492406447,1790683209.067077,9067,idle,1127.2,104.2,211.7,,,0,0,0,0
1775542629666347,1790683209.204335,9204,idle,2154.9,145.3,361.6,,,0,0,0,0
1775542773263030,1790683209.347932,9347,idle,2241.4,161.4,381.6,,,0,0,0,0
1775542912786035,1790683209.487455,9487,idle,2245.6,186.6,395.6,,,0,0,0,0
1775543053244066,1790683209.627913,9627,idle,2017.9,142.5,331.4,,,0,0,0,0
1775543192254164,1790683209.766924,9766,idle,1149.4,102.3,188.9,,,0,0,0,0
1775543339311179,1790683209.913980,9913,idle,2142.5,107.9,333.7,,,0,0,0,0
1775543482923483,1790683210.057593,10057,idle,1579.3,124.6,311.8,,,0,0,0,0
1775543625905791,1790683210.200575,10200,idle,1578.0,128.8,301.5,,,0,0,0,0
1775543772057350,1790683210.346727,10346,idle,4063.3,89.3,3088.3,,,0,0,0,0
1775543911695284,1790683210.486365,10486,idle,1228.6,164.4,277.0,,,0,0,0,0
1775544052269692,1790683210.626939,10626,idle,4244.4,154.8,372.3,,,0,0,0,0
1775544193132765,1790683210.767802,10767,idle,2323.5,172.3,441.2,,,0,0,0,0
1775544339598685,1790683210.914268,10914,idle,2208.0,203.2,434.2,,,0,0,0,0
1775544481840999,1790683211.056511,11056,idle,1039.9,82.3,174.2,,,0,0,0,0
1775544623030216,1790683211.197699,11197,idle,2048.0,145.9,342.7,,,0,0,0,0
1775544762295017,1790683211.336964,11336,idle,2239.7,157.3,393.9,,,0,0,0,0
1775544903114881,1790683211.477784,11477,idle,9827.0,154.7,341.7,,,0,0,0,0
1775545042418876,1790683211.617089,11617,idle,1466.7,113.3,227.8,,,0,0,0,0
1775545182308344,1790683211.756979,11756,idle,1104.1,106.4,202.3,,,0,0,0,0
1775545323751658,1790683211.898422,11898,idle,1531.3,111.0,267.2,,,0,0,0,0
1775545462240203,1790683212.036910,12036,idle,2414.1,159.2,373.8,,,0,0,0,0
1775545603063733,1790683212.177733,12177,idle,10590.3,122.7,346.3,,,0,0,0,0
1775545742266241,1790683212.316936,12316,idle,2584.0,157.7,350.8,,,0,0,0,0
1775545881832031,1790683212.456502,12456,idle,1065.7,95.1,194.2,,,0,0,0,0
1775546019726799,1790683212.594396,12594,idle,2229.2,113.7,333.8,,,0,0,0,0
1775546163341994,1790683212.738011,12738,idle,2202.1,128.4,337.9,,,0,0,0,0
1775546303220270,1790683212.877890,12877,idle,6997.2,149.2,370.9,,,0,0,0,0
1775546442751431,1790683213.017420,13017,idle,2399.0,173.1,413.2,,,0,0,0,0
1775546582041070,1790683213.156711,13156,idle,983.3,107.7,205.2,,,0,0,0,0
1775546729170250,1790683213.303839,13303,idle,2171.7,159.1,391.7,,,0,0,0,0
1775546871523685,1790683213.446193,13446,idle,1200.3,111.1,232.5,,,0,0,0,0
1775547012553776,1790683213.587224,13587,idle,1333.5,277.3,406.6,,,0,0,0,0
1775547152738051,1790683213.727408,13727,idle,1095.6,175.4,270.8,,,0,0,0,0
1775547292276603,1790683213.866946,13866,idle,1173.0,112.7,221.9,,,0,0,0,0
1775547439123263,1790683214.013793,14013,idle,2138.7,157.9,389.2,,,0,0,0,0
1775547583251575,1790683214.157921,14157,idle,2334.3,166.6,422.1,,,0,0,0,0
1775547730239274,1790683214.304909,14304,idle,2387.8,190.0,416.4,,,0,0,0,0
1775547872228971,1790683214.446899,14446,idle,815.9,78.2,149.8,,,0,0,0,0
1775548012963072,1790683214.587632,14587,idle,1948.6,116.0,320.6,,,0,0,0,0
1775548152677817,1790683214.727347,14727,idle,2164.9,123.2,386.3,,,0,0,0,0
1775548293240406,1790683214.867910,14867,idle,1953.3,128.8,341.0,,,0,0,0,0
1775548439815796,1790683215.014485,14,idle,2038.9,118.1,346.1,,,0,0,0,0
1775548608355691,1790683215.183026,183,tx,51153.5,78.3,125.1,,,1,0,0,1
1775548751210180,1790683215.325879,325,tx,52154.5,151.1,387.2,,,1,0,0,1
1775548895144998,1790683215.469814,469,tx,51918.0,143.9,353.7,,,1,0,0,1
1775549042353571,1790683215.617023,617,tx,52445.5,158.1,393.9,,,1,0,0,1
1775549185728682,1790683215.760399,760,tx,56524.4,350.9,444.9,,,1,0,0,1
1775549330318736,1790683215.904988,904,tx,52505.6,153.7,348.0,,,1,0,0,1
1775549474305870,1790683216.048975,1048,tx,52607.2,148.4,364.9,,,1,0,0,1
1775549618575765,1790683216.193245,1193,tx,53445.3,403.9,609.6,,,1,0,0,1
1775549763187083,1790683216.337857,1337,tx,52783.7,147.6,255.2,,,1,0,0,1
1775549907151109,1790683216.481821,1481,tx,51629.4,107.2,206.4,,,1,0,0,1
1775550050458461,1790683216.625127,1625,tx,53665.0,495.3,757.3,,,1,0,0,1
1775550195660178,1790683216.770330,1770,tx,52651.2,312.6,556.2,,,1,0,0,1
1775550340647243,1790683216.915317,1915,tx,53515.6,235.9,557.6,,,1,0,0,1
1775550485095578,1790683217.059766,2059,tx,51181.3,102.0,168.0,,,1,0,0,1
1775550628159795,1790683217.202830,2202,tx,52793.9,134.4,258.0,,,1,0,0,1
1775550772597169,1790683217.347267,2347,tx,52339.9,387.0,617.6,,,1,0,0,1
1775550917087166,1790683217.491756,2491,tx,52304.1,191.7,432.6,,,1,0,0,1
1775551060332618,1790683217.635002,2635,tx,52504.1,80.6,210.0,,,1,0,0,1
1775551204083493,1790683217.778754,2778,tx,52534.2,109.9,213.7,,,1,0,0,1
1775551349119830,1790683217.923789,2923,tx,71063.4,116.9,5076.3,,,1,0,0,1
1775551486907378,1790683218.061578,3061,tx,52341.1,155.7,243.7,,,1,0,0,1
1775551630330103,1790683218.205000,3205,tx,52528.7,76.8,179.7,,,1,0,0,1
1775551773889060,1790683218.348559,3348,tx,51781.0,168.6,277.9,,,1,0,0,1
1775551917111368,1790683218.491781,3491,tx,51761.6,97.0,190.6,,,1,0,0,1
1775552061099138,1790683218.635768,3635,tx,70013.1,126.8,357.7,,,1,0,0,1
1775552206215325,1790683218.780885,3780,tx,71700.9,1901.7,2800.5,,,1,0,0,1
1775552348918957,1790683218.923589,3923,tx,54411.4,142.4,279.8,,,1,0,0,1
1775552492448547,1790683219.067119,4067,tx,52535.6,82.1,175.1,,,1,0,0,1
1775552636943124,1790683219.211613,4211,tx,52832.6,119.4,298.9,,,1,0,0,1
1775552780996341,1790683219.355666,4355,tx,64575.9,118.8,322.6,,,1,0,0,1
1775552925277862,1790683219.499948,4499,tx,51802.8,118.7,277.8,,,1,0,0,1
1775553068584706,1790683219.643255,4643,tx,52259.5,445.3,578.9,,,1,0,0,1
1775553211235794,1790683219.785906,4785,tx,51623.0,85.8,193.9,,,1,0,0,1
1775553354059235,1790683219.928729,4928,tx,55634.9,124.8,235.3,,,1,0,0,1
1775553498525499,1790683220.073195,5073,tx,51851.5,126.5,270.9,,,1,0,0,1
1775553641936834,1790683220.216607,5216,tx,52963.9,128.5,284.0,,,1,0,0,1
1775553785875555,1790683220.360546,5360,tx,52633.3,105.1,247.5,,,1,0,0,1
1775553929036588,1790683220.503706,5503,tx,51537.3,87.7,203.4,,,1,0,0,1
1775554071566809,1790683220.646237,5646,tx,51517.6,85.6,181.0,,,1,0,0,1
1775554215298643,1790683220.789968,5789,tx,54869.1,124.7,329.8,,,1,0,0,1
1775554362367547,1790683220.937037,5937,tx,53419.4,176.8,412.4,,,1,0,0,1
1775554506337509,1790683221.081008,6081,tx,56546.0,102.4,214.2,,,1,0,0,1
1775554643992547,1790683221.218663,6218,tx,51400.7,119.9,193.3,,,1,0,0,1
1775554787097714,1790683221.361767,6361,tx,52074.3,192.6,408.9,,,1,0,0,1
1775554930932220,1790683221.505601,6505,tx,53061.6,128.0,369.2,,,1,0,0,1
1775555075184579,1790683221.649854,6649,tx,52114.9,131.0,325.5,,,1,0,0,1
1775555218065886,1790683221.792736,6792,tx,51546.3,115.7,246.7,,,1,0,0,1
1775555361573549,1790683221.936243,6936,tx,53421.4,333.0,572.9,,,1,0,0,1
1775555506999001,1790683222.081668,7081,tx,84483.2,157.7,409.4,,,1,0,0,1
1775555653160535,1790683222.227829,7227,tx,57738.6,145.7,332.0,,,1,0,0,1
1775555797587090,1790683222.372256,7372,tx,54023.4,201.5,505.3,,,1,0,0,1
1775555940663127,1790683222.515333,7515,tx,52621.3,259.1,405.9,,,1,0,0,1
1775556084877425,1790683222.659547,7659,tx,52788.6,164.9,384.9,,,1,0,0,1
1775556229182774,1790683222.803852,7803,tx,52074.8,162.2,356.3,,,1,0,0,1
1775556373085114,1790683222.947754,7947,tx,57801.7,160.5,336.5,,,1,0,0,1
1775556517960240,1790683223.092629,8092,tx,73132.5,155.9,416.6,,,1,0,0,1
1775556661508329,1790683223.236178,8236,tx,52541.3,111.8,212.8,,,1,0,0,1
1775556805353615,1790683223.380023,8380,tx,68575.5,156.7,356.0,,,1,0,0,1
1775556944719572,1790683223.519389,8519,tx,52603.9,264.6,380.7,,,1,0,0,1
1775557088041319,1790683223.662711,8662,tx,52411.9,110.2,204.4,,,1,0,0,1
1775557233258668,1790683223.807929,8807,tx,52469.9,84.8,152.8,,,1,0,0,1
1775557378257704,1790683223.952928,8952,tx,52292.6,86.9,165.8,,,1,0,0,1
1775557521044546,1790683224.095715,9095,tx,52164.6,107.3,212.3,,,1,0,0,1
1775557664702917,1790683224.239373,9239,tx,52525.4,304.0,393.4,,,1,0,0,1
1775557807857038,1790683224.382527,9382,tx,52451.7,168.9,248.2,,,1,0,0,1
1775557951073528,1790683224.525744,9525,tx,57455.7,87.6,199.7,,,1,0,0,1
1775558094962113,1790683224.669632,9669,tx,51488.0,106.0,214.4,,,1,0,0,1
1775558239603710,1790683224.814274,9814,tx,52588.5,127.0,251.8,,,1,0,0,1
1775558383420306,1790683224.958090,9958,tx,52598.5,112.3,226.7,,,1,0,0,1
1775558526997972,1790683225.101668,10101,tx,52352.3,123.1,247.0,,,1,0,0,1
1775558670073199,1790683225.244743,10244,tx,52530.3,133.2,241.0,,,1,0,0,1
1775558814258888,1790683225.388928,10388,tx,59301.3,159.2,421.0,,,1,0,0,1
1775558954536024,1790683225.529205,10529,tx,52807.5,101.7,225.8,,,1,0,0,1
1775559098618484,1790683225.673288,10673,tx,51665.0,110.9,226.2,,,1,0,0,1
1775559241823639,1790683225.816493,10816,tx,53331.4,146.6,402.0,,,1,0,0,1
1775559386171249,1790683225.960841,10960,tx,52443.1,132.1,226.2,,,1,0,0,1
1775559529626040,1790683226.104296,11104,tx,51699.2,133.1,246.0,,,1,0,0,1
1775559672312661,1790683226.246982,11246,tx,53144.4,142.7,361.8,,,1,0,0,1
1775559816122597,1790683226.390793,11390,tx,52517.7,90.7,190.3,,,1,0,0,1
1775559959742034,1790683226.534412,11534,tx,71985.7,83.8,2417.7,,,1,0,0,1
1775560105876270,1790683226.680546,11680,tx,56764.9,111.5,326.2,,,1,0,0,1
1775560243123658,1790683226.817794,11817,tx,52236.3,80.0,149.3,,,1,0,0,1
1775560385965904,1790683226.960636,11960,tx,52384.4,97.8,198.3,,,1,0,0,1
1775560529794208,1790683227.104464,12104,tx,52567.7,239.6,349.4,,,1,0,0,1
1775560673810676,1790683227.248481,12248,tx,52449.4,240.3,337.2,,,1,0,0,1
1775560816899922,1790683227.391570,12391,tx,52347.7,105.5,227.7,,,1,0,0,1
1775560960226461,1790683227.534896,12534,tx,51733.2,156.1,307.5,,,1,0,0,1
1775561103734674,1790683227.678403,12678,tx,75833.6,178.5,392.8,,,1,0,0,1
1775561250315352,1790683227.824985,12824,tx,55101.5,129.2,283.5,,,1,0,0,1
1775561393823299,1790683227.968493,12968,tx,52733.8,243.9,326.0,,,1,0,0,1
1775561533070823,1790683228.107740,13107,tx,52716.4,126.5,283.2,,,1,0,0,1
1775561676531776,1790683228.251202,13251,tx,51787.8,127.4,284.4,,,1,0,0,1
1775561819470541,1790683228.394140,13394,tx,51543.1,120.2,284.4,,,1,0,0,1
1775561962058531,1790683228.536728,13536,tx,52933.1,125.1,281.2,,142426.2,1,0,0,1
1775562104520392,1790683228.679190,13679,idle,66871.0,99.8,166.7,,,0,0,0,0
1775562242520902,1790683228.817191,13817,idle,52906.6,111.6,254.2,,,0,0,0,0
1775562425812084,1790683229.000482,14000,idle,11383.0,384.1,460.3,,,0,0,0,0
1775562571178835,1790683229.145849,14145,idle,1093.0,87.4,187.8,,,0,0,0,0
1775562711411834,1790683229.286082,14286,idle,1459.5,87.1,203.4,,,0,0,0,0
1775562850882380,1790683229.425552,14425,idle,1198.2,312.5,405.1,,,0,0,0,0
1775562992441885,1790683229.567111,14567,idle,2518.0,178.8,375.9,,,0,0,0,0
1775563132163411,1790683229.706833,14706,idle,2310.3,105.5,342.5,,,0,0,0,0
1775563271768535,1790683229.846438,14846,idle,2019.8,407.2,503.9,,,0,0,0,0
1775563410796863,1790683229.985467,14985,idle,3238.0,394.4,538.0,,,0,0,0,0
1775563551181428,1790683230.125851,125,idle,1109.6,106.9,220.7,,,0,0,0,0
1775563691742088,1790683230.266411,266,idle,3067.9,222.3,569.8,,,0,0,0,0
1775563833442052,1790683230.408112,408,idle,1379.1,120.4,277.7,,,0,0,0,0
1775563971690786,1790683230.546360,546,idle,1746.7,85.9,209.1,,,0,0,0,0
1775564110737756,1790683230.685408,685,idle,1895.7,424.6,576.1,,,0,0,0,0
1775564251167606,1790683230.825837,825,idle,1046.3,100.1,206.2,,,0,0,0,0
1775564391420262,1790683230.966090,966,idle,1720.3,118.2,280.1,,,0,0,0,0
1775564531307227,1790683231.105977,1105,idle,1585.6,109.2,248.6,,,0,0,0,0
1775564671240791,1790683231.245911,1245,idle,1028.4,84.3,185.0,,,0,0,0,0
1775564811392688,1790683231.386062,1386,idle,3749.9,82.3,212.8,,,0,0,0,0
1775564951091348,1790683231.525761,1525,idle,1038.4,146.6,219.1,,,0,0,0,0
1775565091930773,1790683231.666600,1666,idle,2473.8,150.1,451.4,,,0,0,0,0
1775565230906607,1790683231.805577,1805,idle,1352.8,293.5,411.8,,,0,0,0,0
1775565371546829,1790683231.946216,1946,idle,2303.4,154.6,355.2,,,0,0,0,0
1775565511367446,1790683232.086037,2086,idle,6323.4,133.1,388.7,,,0,0,0,0
1775565650930523,1790683232.225600,2225,idle,1359.7,314.9,419.3,,,0,0,0,0
1775565791718126,1790683232.366388,2366,idle,1584.9,442.9,603.7,,,0,0,0,0
1775565931349373,1790683232.506017,2506,idle,6533.8,215.6,2970.2,,,0,0,0,0
1775566071906385,1790683232.646576,2646,idle,1418.8,292.6,396.9,,,0,0,0,0
1775566210757009,1790683232.785427,2785,idle,1733.1,440.0,569.1,,,0,0,0,0
1775566351413113,1790683232.926083,2926,idle,1363.0,133.7,227.0,,,0,0,0,0
1775566492058454,1790683233.066728,3066,idle,2277.4,193.6,405.9,,,0,0,0,0
1775566638674000,1790683233.213344,3213,idle,1545.5,107.7,227.6,,,0,0,0,0
1775566781608087,1790683233.356278,3356,idle,1657.8,116.8,257.1,,,0,0,0,0
1775566920715131,1790683233.495385,3495,idle,1381.5,108.0,182.0,,,0,0,0,0
1775567061574927,1790683233.636245,3636,idle,1758.5,152.1,276.4,,,0,0,0,0
1775567201615514,1790683233.776284,3776,idle,18532.6,322.7,569.5,,,0,0,0,0
1775567342242034,1790683233.916911,3916,idle,1659.8,141.1,351.6,,,0,0,0,0
1775567481505547,1790683234.056175,4056,idle,2365.3,157.5,401.1,,,0,0,0,0
1775567623088179,1790683234.197758,4197,idle,1097.4,78.6,178.3,,,0,0,0,0
1775567760909765,1790683234.335580,4335,idle,1403.1,183.5,289.5,,,0,0,0,0
1775567902183239,1790683234.476852,4476,idle,13452.4,163.7,385.9,,,0,0,0,0
1775568041273383,1790683234.615943,4615,idle,1497.1,83.3,246.0,,,0,0,0,0
1775568181358053,1790683234.756027,4756,idle,2104.5,161.1,359.7,,,0,0,0,0
1775568321107567,1790683234.895777,4895,idle,4397.4,81.9,195.7,,,0,0,0,0
1775568460760081,1790683235.035430,5035,idle,1317.2,282.4,392.6,,,0,0,0,0
1775568600953852,1790683235.175624,5175,idle,7740.4,137.6,222.1,,,0,0,0,0
1775568741109788,1790683235.315780,5315,idle,1556.0,102.1,290.0,,,0,0,0,0
1775568880698487,1790683235.455369,5455,idle,1713.1,319.6,501.4,,,0,0,0,0
1775569021039401,1790683235.595709,5595,idle,4245.1,2011.9,3241.7,,,0,0,0,0
1775569161532962,1790683235.736203,5736,idle,1152.8,139.1,229.5,,,0,0,0,0
1775569301366363,1790683235.876036,5876,idle,7125.0,84.5,181.4,,,0,0,0,0
1775569440806204,1790683236.015476,6015,idle,1564.3,279.3,389.0,,,0,0,0,0
1775569581324967,1790683236.155995,6155,idle,889.9,82.5,154.6,,,0,0,0,0
1775569721422684,1790683236.296093,6296,idle,3801.9,99.2,264.2,,,0,0,0,0
1775569860655402,1790683236.435325,6435,idle,1495.9,128.9,255.2,,,0,0,0,0
1775570001481656,1790683236.576152,6576,idle,8309.8,119.2,239.8,,,0,0,0,0
1775570141270054,1790683236.715940,6715,idle,1374.8,107.6,213.8,,,0,0,0,0
1775570281247215,1790683236.855917,6855,idle,1469.7,144.2,252.9,,,0,0,0,0
1775570420738762,1790683236.995409,6995,idle,1965.0,126.2,280.8,,,0,0,0,0
1775570561582816,1790683237.136253,7136,idle,1096.1,118.4,228.6,,,0,0,0,0
1775570701394291,1790683237.276064,7276,idle,6551.5,155.7,310.6,,,0,0,0,0
1775570840803826,1790683237.415474,7415,idle,1370.9,212.9,396.5,,,0,0,0,0
1775570980861604,1790683237.555532,7555,idle,1254.5,239.6,339.8,,,0,0,0,0
1775571120882797,1790683237.695553,7695,idle,7392.4,154.0,3327.2,,,0,0,0,0
1775571261159945,1790683237.835830,7835,idle,1814.1,109.9,291.8,,,0,0,0,0
1775571400822078,1790683237.975492,7975,idle,5945.5,284.9,368.2,,,0,0,0,0
1775571541141649,1790683238.115812,8115,idle,1201.6,133.8,227.3,,,0,0,0,0
1775571681258943,1790683238.255929,8255,idle,1302.8,118.1,198.2,,,0,0,0,0
1775571826989296,1790683238.401658,8401,idle,4972.3,119.8,365.7,,,0,0,0,0
1775571970987174,1790683238.545657,8545,idle,915.0,142.3,217.6,,,0,0,0,0
1775572111219964,1790683238.685889,8685,idle,1766.7,133.8,300.7,,,0,0,0,0
1775572251167067,1790683238.825837,8825,idle,1960.9,137.1,331.7,,,0,0,0,0
1775572391574887,1790683238.966245,8966,idle,1186.6,84.2,203.0,,,0,0,0,0
1775572531463368,1790683239.106133,9106,idle,1239.2,102.8,207.9,,,0,0,0,0
1775572671498686,1790683239.246168,9246,idle,1430.8,109.1,229.1,,,0,0,0,0
1775572811377347,1790683239.386046,9386,idle,7883.1,152.7,379.2,,,0,0,0,0
1775572952065741,1790683239.526736,9526,idle,1405.9,142.5,258.7,,,0,0,0,0
1775573092246733,1790683239.666916,9666,idle,2570.7,179.4,414.8,,,0,0,0,0
1775573230504526,1790683239.805175,9805,idle,1219.4,99.6,212.6,,,0,0,0,0
1775573371061776,1790683239.945732,9945,idle,1413.3,113.9,250.8,,,0,0,0,0
1775573511390253,1790683240.086060,10086,idle,19283.7,142.2,352.4,,,0,0,0,0
1775573651361592,1790683240.226032,10226,idle,1030.3,112.2,216.7,,,0,0,0,0
1775573791457645,1790683240.366128,10366,idle,1129.6,106.3,212.1,,,0,0,0,0
1775573931079651,1790683240.505750,10505,idle,902.3,77.9,159.8,,,0,0,0,0
1775574071465432,1790683240.646135,10646,idle,1150.9,82.2,200.7,,,0,0,0,0
1775574211449869,1790683240.786120,10786,idle,1327.5,119.0,246.9,,,0,0,0,0
1775574351268616,1790683240.925938,10925,idle,2274.2,134.9,306.4,,,0,0,0,0
1775574491114968,1790683241.065785,11065,idle,1034.2,81.6,187.4,,,0,0,0,0
1775574631169200,1790683241.205839,11205,idle,1146.1,138.7,244.4,,,0,0,0,0
1775574772313118,1790683241.346981,11346,idle,2083.7,154.0,403.1,,,0,0,0,0
1775574911805600,1790683241.486475,11486,idle,3455.3,318.9,482.5,,,0,0,0,0
1775575050736868,1790683241.625407,11625,idle,1276.3,76.5,185.6,,,0,0,0,0
1775575191016462,1790683241.765687,11765,idle,941.3,130.0,217.7,,,0,0,0,0
1775575328877025,1790683241.903546,11903,idle,1862.4,173.9,393.8,,,0,0,0,0
1775575472274538,1790683242.046943,12046,idle,2167.6,148.8,395.2,,,0,0,0,0
1775575612188344,1790683242.186858,12186,idle,2531.9,155.2,356.0,,,0,0,0,0
1775575751874960,1790683242.326544,12326,idle,2230.1,161.3,395.0,,,0,0,0,0
1775575891159871,1790683242.465830,12465,idle,881.9,82.6,156.7,,,0,0,0,0
1775576032033348,1790683242.606703,12606,idle,2077.1,153.9,375.2,,,0,0,0,0
1775576172276748,1790683242.746946,12746,idle,2433.3,183.9,402.7,,,0,0,0,0
1775576311574683,1790683242.886244,12886,idle,8080.4,151.1,344.3,,,0,0,0,0
1775576451777655,1790683243.026447,13026,idle,1636.5,136.4,284.0,,,0,0,0,0
1775576590591535,1790683243.165261,13165,idle,1115.1,99.7,200.8,,,0,0,0,0
1775576732274624,1790683243.306944,13306,idle,2171.1,147.8,370.7,,,0,0,0,0
1775576872279817,1790683243.446949,13446,idle,1743.3,165.6,345.9,,,0,0,0,0
1775577011365485,1790683243.586035,13586,idle,1680.1,108.3,253.3,,,0,0,0,0
1775577151387291,1790683243.726057,13726,idle,1408.9,121.5,227.6,,,0,0,0,0
1775577291096092,1790683243.865766,13865,idle,1006.4,131.6,224.0,,,0,0,0,0
1775577431516820,1790683244.006186,14006,idle,1912.3,123.8,319.2,,,0,0,0,0
1775577571421979,1790683244.146091,14146,idle,1663.2,129.9,286.5,,,0,0,0,0
1775577712177591,1790683244.286847,14286,idle,2369.8,147.7,323.4,,,0,0,0,0
1775577851627351,1790683244.426297,14426,decode,1117.2,107.1,222.2,,,0,0,1,0
1775577991451455,1790683244.566122,14566,idle,1405.4,112.0,238.2,,,0,0,0,0
1775578131676653,1790683244.706346,14706,idle,2405.1,148.9,370.6,,,0,0,0,0
1775578271505950,1790683244.846176,14846,idle,1478.7,163.3,299.3,,,0,0,0,0
1775578411767443,1790683244.986437,14986,idle,4574.3,324.0,514.4,,,0,0,0,0
1775578606504455,1790683245.181174,181,tx,61322.5,102.0,175.5,,,1,0,0,1
1775578749508672,1790683245.324178,324,tx,55156.6,152.5,378.0,,,1,0,0,1
1775578893975525,1790683245.468644,468,tx,52557.9,224.2,485.2,,,1,0,0,1
1775579031530265,1790683245.606200,606,tx,51890.7,152.8,362.7,,,1,0,0,1
1775579174764477,1790683245.749434,749,tx,52655.2,91.2,198.6,,,1,0,0,1
1775579318453942,1790683245.893124,893,tx,52633.4,103.5,214.6,,,1,0,0,1
1775579463251079,1790683246.037920,1037,tx,53265.1,187.9,426.9,,,1,0,0,1
1775579607829012,1790683246.182498,1182,tx,63392.1,435.8,665.8,,,1,0,0,1
1775579753310296,1790683246.327980,1327,tx,54718.6,194.8,429.6,,,1,0,0,1
1775579896410609,1790683246.471081,1471,tx,52463.2,104.0,203.0,,,1,0,0,1
1775580040433452,1790683246.615103,1615,tx,52229.9,151.3,352.7,,,1,0,0,1
1775580184624178,1790683246.759294,1759,tx,52692.6,108.8,335.1,,,1,0,0,1
1775580329671197,1790683246.904341,1904,tx,52405.0,152.5,369.9,,,1,0,0,1
1775580473409440,1790683247.048079,2048,tx,53064.2,124.0,292.4,,,1,0,0,1
1775580617610807,1790683247.192281,2192,tx,52785.3,108.9,238.2,,,1,0,0,1
1775580761833289,1790683247.336503,2336,tx,51901.7,121.9,256.4,,,1,0,0,1
1775580904735932,1790683247.479406,2479,tx,58535.7,94.0,224.9,,,1,0,0,1
1775581044716649,1790683247.619386,2619,tx,52953.7,136.3,278.0,,,1,0,0,1
1775581188829794,1790683247.763500,2763,tx,66150.6,84.8,194.7,,,1,0,0,1
1775581334067023,1790683247.908737,2908,tx,51453.1,287.0,398.6,,,1,0,0,1
1775581476715014,1790683248.051385,3051,tx,52735.4,120.4,236.7,,,1,0,0,1
1775581621059560,1790683248.195729,3195,tx,52351.9,251.6,448.5,,,1,0,0,1
1775581765573763,1790683248.340243,3340,tx,52761.0,146.6,371.0,,,1,0,0,1
1775581909627889,1790683248.484298,3484,tx,53643.9,98.9,211.2,,,1,0,0,1
1775582054434391,1790683248.629104,3629,tx,52823.5,146.1,257.9,,,1,0,0,1
1775582199825434,1790683248.774495,3774,tx,70237.3,390.1,653.5,,,1,0,0,1
1775582341967532,1790683248.916637,3916,tx,52604.1,239.7,557.2,,,1,0,0,1
1775582486521570,1790683249.061191,4061,tx,52013.4,157.8,390.1,,,1,0,0,1
1775582630070619,1790683249.204741,4204,tx,51533.0,314.0,415.5,,,1,0,0,1
1775582772769763,1790683249.347439,4347,tx,52346.1,127.4,320.8,,,1,0,0,1
1775582916583996,1790683249.491253,4491,tx,54592.3,158.7,358.5,,,1,0,0,1
1775583063153045,1790683249.637822,4637,tx,53533.3,158.0,371.5,,,1,0,0,1
1775583208062655,1790683249.782732,4782,tx,54098.8,261.8,432.4,,,1,0,0,1
1775583353245381,1790683249.927916,4927,tx,53679.1,111.9,228.7,,,1,0,0,1
1775583496110024,1790683250.070779,5070,tx,53408.8,206.8,421.9,,,1,0,0,1
1775583640950682,1790683250.215620,5215,tx,52451.0,178.5,415.1,,,1,0,0,1
1775583785119127,1790683250.359789,5359,tx,52262.9,148.0,368.8,,,1,0,0,1
1775583927977740,1790683250.502648,5502,tx,51504.9,251.3,366.2,,,1,0,0,1
1775584071601843,1790683250.646270,5646,tx,53526.3,202.8,434.7,,,1,0,0,1
1775584217296860,1790683250.791966,5791,tx,54220.8,165.6,373.6,,,1,0,0,1
1775584363224373,1790683250.937894,5937,tx,52266.8,143.8,388.1,,,1,0,0,1
1775584507144629,1790683251.081814,6081,tx,70798.6,118.0,313.0,,,1,0,0,1
1775584649135286,1790683251.223805,6223,tx,51269.9,128.7,215.6,,,1,0,0,1
1775584792358583,1790683251.367028,6367,tx,60969.9,182.4,428.4,,,1,0,0,1
1775584938298032,1790683251.512967,6512,tx,52996.8,133.9,330.4,,,1,0,0,1
1775585082747945,1790683251.657418,6657,tx,52939.9,125.9,269.9,,,1,0,0,1
1775585226149665,1790683251.800820,6800,tx,52233.3,138.7,214.4,,,1,0,0,1
1775585369818748,1790683251.944489,6944,tx,51944.6,129.6,267.0,,,1,0,0,1
1775585514035691,1790683252.088704,7088,tx,79163.2,186.1,406.4,,,1,0,0,1
1775585655190458,1790683252.229860,7229,tx,55111.0,166.5,316.6,,,1,0,0,1
1775585800092924,1790683252.374762,7374,tx,70510.3,179.4,382.9,,,1,0,0,1
1775585940971279,1790683252.515641,7515,tx,51406.1,246.2,326.5,,,1,0,0,1
1775586084360224,1790683252.659029,7659,tx,52066.6,163.8,396.1,,,1,0,0,1
1775586227857790,1790683252.802527,7802,tx,52586.7,250.4,530.3,,,1,0,0,1
1775586372024433,1790683252.946693,7946,tx,52288.0,177.9,413.5,,,1,0,0,1
1775586516675533,1790683253.091345,8091,tx,52367.6,83.0,172.6,,,1,0,0,1
1775586659987021,1790683253.234657,8234,tx,51560.8,295.4,416.9,,,1,0,0,1
1775586803453846,1790683253.378123,8378,tx,66930.4,156.6,353.1,,,1,0,0,1
1775586941341268,1790683253.516011,8516,tx,52227.7,132.9,334.8,,,1,0,0,1
1775587085581071,1790683253.660249,8660,tx,52839.0,110.8,334.5,,,1,0,0,1
1775587229136046,1790683253.803806,8803,tx,52386.3,173.5,263.2,,,1,0,0,1
1775587373928211,1790683253.948597,8948,tx,52444.3,277.1,524.8,,,1,0,0,1
1775587518734665,1790683254.093404,9093,tx,66212.7,165.2,363.6,,,1,0,0,1
1775587655874875,1790683254.230544,9230,tx,53303.5,372.0,567.3,,,1,0,0,1
1775587800574392,1790683254.375244,9375,tx,63042.7,112.1,212.9,,,1,0,0,1
1775587945158293,1790683254.519828,9519,tx,51496.0,159.8,222.7,,,1,0,0,1
1775588087939336,1790683254.662609,9662,tx,52511.4,282.9,528.7,,,1,0,0,1
1775588234103326,1790683254.808773,9808,tx,51806.5,198.1,334.6,,,1,0,0,1
1775588377529319,1790683254.952199,9952,tx,59643.2,171.0,388.6,,,1,0,0,1
1775588521007151,1790683255.095677,10095,tx,52561.1,296.3,406.7,,,1,0,0,1
1775588664798897,1790683255.239468,10239,tx,52631.9,356.8,624.8,,,1,0,0,1
1775588809396307,1790683255.384066,10384,tx,62985.4,162.2,381.2,,,1,0,0,1
1775588954109027,1790683255.528778,10528,tx,55348.5,1107.7,1929.5,,,1,0,0,1
1775589100336934,1790683255.675007,10675,tx,55018.4,120.3,208.2,,,1,0,0,1
1775589247085056,1790683255.821755,10821,tx,51525.4,229.1,317.8,,,1,0,0,1
1775589390239125,1790683255.964908,10964,tx,52442.2,169.1,382.4,,,1,0,0,1
1775589537077992,1790683256.111748,11111,tx,51829.5,181.2,335.2,,,1,0,0,1
1775589679698360,1790683256.254368,11254,tx,52751.9,126.9,274.2,,,1,0,0,1
1775589823066967,1790683256.397737,11397,tx,52536.4,214.1,339.9,,,1,0,0,1
1775589966327702,1790683256.540998,11540,tx,52756.2,130.9,259.0,,,1,0,0,1
1775590110039217,1790683256.684709,11684,tx,52265.6,245.5,389.3,,,1,0,0,1
1775590253236883,1790683256.827907,11827,tx,56397.0,126.3,279.9,,,1,0,0,1
1775590395859162,1790683256.970529,11970,tx,52958.7,123.1,283.0,,,1,0,0,1
1775590536990553,1790683257.111660,12111,tx,51605.1,273.8,426.0,,,1,0,0,1
1775590679672406,1790683257.254342,12254,tx,52714.7,127.5,275.3,,,1,0,0,1
1775590823239748,1790683257.397909,12397,tx,52898.7,125.4,275.2,,,1,0,0,1
1775590966514148,1790683257.541184,12541,tx,51780.3,110.6,226.8,,,1,0,0,1
1775591110243206,1790683257.684912,12684,tx,63255.6,146.1,372.6,,,1,0,0,1
1775591254924672,1790683257.829595,12829,tx,52363.9,79.5,147.2,,,1,0,0,1
1775591399445785,1790683257.974115,12974,tx,59277.9,137.9,355.5,,,1,0,0,1
1775591540477428,1790683258.115147,13115,tx,51711.4,121.2,246.4,,,1,0,0,1
1775591684724689,1790683258.259394,13259,tx,52285.8,192.6,421.2,,,1,0,0,1
1775591828234673,1790683258.402904,13402,tx,52288.4,118.3,250.0,,,1,0,0,1
1775591971483267,1790683258.546153,13546,tx,57602.5,132.8,232.6,,138077.9,1,0,0,1
1775592109643344,1790683258.684312,13684,idle,73111.0,122.2,280.9,,,0,0,0,0
1775592254820260,1790683258.829489,13829,idle,52716.0,156.0,378.0,,,0,0,0,0
1775592425806460,1790683259.000476,14000,idle,13585.2,146.5,315.1,,,0,0,0,0
1775592567646175,1790683259.142316,14142,idle,1237.4,71.6,168.8,,,0,0,0,0
1775592708826490,1790683259.283495,14283,idle,9978.9,181.0,434.4,,,0,0,0,0
1775592848836661,1790683259.423506,14423,idle,2924.7,527.9,779.3,,,0,0,0,0
1775592988873075,1790683259.563542,14563,idle,2748.5,456.9,714.9,,,0,0,0,0
1775593128715450,1790683259.703384,14703,idle,2435.5,174.9,426.1,,,0,0,0,0
1775593267290001,1790683259.841960,14841,idle,1118.9,200.8,311.9,,,0,0,0,0
1775593408792578,1790683259.983462,14983,idle,7786.6,163.5,369.0,,,0,0,0,0
1775593551812678,1790683260.126482,126,idle,1417.2,119.1,229.0,,,0,0,0,0
1775593698831897,1790683260.273501,273,idle,2352.9,148.0,382.8,,,0,0,0,0
1775593837285775,1790683260.411955,411,idle,2980.0,107.3,1884.9,,,0,0,0,0
1775593977646243,1790683260.552316,552,idle,1251.3,105.9,194.8,,,0,0,0,0
1775594117981705,1790683260.692652,692,idle,1346.2,106.0,199.9,,,0,0,0,0
1775594258437429,1790683260.833107,833,idle,2238.2,151.1,344.0,,,0,0,0,0
1775594398552852,1790683260.973222,973,idle,2130.5,152.4,359.8,,,0,0,0,0
1775594537535766,1790683261.112206,1112,idle,1452.5,106.2,222.7,,,0,0,0,0
1775594678442049,1790683261.253111,1253,idle,2411.4,183.4,382.0,,,0,0,0,0
1775594818425691,1790683261.393095,1393,idle,5207.6,145.6,341.3,,,0,0,0,0
1775594958523594,1790683261.533193,1533,idle,1865.2,129.9,283.3,,,0,0,0,0
1775595098262728,1790683261.672932,1672,idle,2650.9,116.9,332.1,,,0,0,0,0
1775595237308364,1790683261.811978,1811,idle,978.6,154.8,273.9,,,0,0,0,0
1775595378599648,1790683261.953269,1953,idle,2145.9,112.2,331.7,,,0,0,0,0
1775595518611739,1790683262.093281,2093,idle,17709.7,108.7,315.0,,,0,0,0,0
1775595658746309,1790683262.233416,2233,idle,2354.4,152.1,374.3,,,0,0,0,0
1775595798287760,1790683262.372957,2372,idle,1919.7,127.4,333.2,,,0,0,0,0
1775595937332903,1790683262.512003,2512,idle,1063.0,201.7,290.6,,,0,0,0,0
1775596078056346,1790683262.652726,2652,idle,1299.4,415.1,519.5,,,0,0,0,0
1775596217377746,1790683262.792048,2792,idle,1106.4,107.8,225.1,,,0,0,0,0
1775596358062623,1790683262.932732,2932,idle,2805.8,354.2,570.4,,,0,0,0,0
1775596498788978,1790683263.073459,3073,idle,1270.8,122.0,220.1,,,0,0,0,0
1775596637309655,1790683263.211980,3211,idle,1109.6,184.9,293.6,,,0,0,0,0
1775596778475754,1790683263.353145,3353,idle,2211.9,143.2,325.4,,,0,0,0,0
1775596918504396,1790683263.493174,3493,idle,10206.0,151.8,332.8,,,0,0,0,0
1775597058278984,1790683263.632948,3632,idle,2457.7,149.2,417.9,,,0,0,0,0
1775597197442576,1790683263.772113,3772,idle,915.1,95.1,194.6,,,0,0,0,0
1775597337605947,1790683263.912276,3912,idle,1499.0,112.2,232.0,,,0,0,0,0
1775597478302123,1790683264.052972,4052,idle,2229.4,187.3,397.5,,,0,0,0,0
1775597618092386,1790683264.192762,4192,idle,8604.7,213.4,429.4,,,0,0,0,0
1775597758108698,1790683264.332778,4332,idle,2243.1,191.5,406.4,,,0,0,0,0
1775597897751728,1790683264.472422,4472,idle,1214.1,102.7,189.4,,,0,0,0,0
1775598038126953,1790683264.612797,4612,idle,1467.1,163.1,368.8,,,0,0,0,0
1775598178078133,1790683264.752748,4752,idle,1553.1,316.1,458.6,,,0,0,0,0
1775598317828457,1790683264.892498,4892,idle,1832.7,130.1,280.4,,,0,0,0,0
1775598457513882,1790683265.032184,5032,idle,1545.7,148.5,273.0,,,0,0,0,0
1775598597711841,1790683265.172382,5172,idle,1144.9,81.7,187.6,,,0,0,0,0
1775598737759796,1790683265.312430,5312,idle,1483.0,133.6,258.3,,,0,0,0,0
1775598878175320,1790683265.452845,5452,idle,1342.5,174.8,296.9,,,0,0,0,0
1775599017329618,1790683265.592000,5591,idle,1262.1,122.0,227.9,,,0,0,0,0
1775599157514673,1790683265.732184,5732,idle,1480.6,109.8,251.2,,,0,0,0,0
1775599297294661,1790683265.871964,5871,idle,1037.1,81.1,198.9,,,0,0,0,0
1775599437896868,1790683266.012567,6012,idle,1186.6,107.0,227.8,,,0,0,0,0
1775599577759665,1790683266.152430,6152,idle,1310.2,119.4,235.9,,,0,0,0,0
1775599719136927,1790683266.293806,6293,idle,2177.6,146.9,354.4,,,0,0,0,0
1775599858512339,1790683266.433182,6433,idle,2120.3,205.5,421.4,,,0,0,0,0
1775599997641284,1790683266.572311,6572,idle,924.5,135.5,233.4,,,0,0,0,0
1775600137574515,1790683266.712244,6712,idle,2150.9,165.2,378.2,,,0,0,0,0
1775600278582414,1790683266.853251,6853,idle,2196.2,190.2,411.4,,,0,0,0,0
1775600418101017,1790683266.992771,6992,idle,1482.4,317.8,442.7,,,0,0,0,0
1775600557992434,1790683267.132662,7132,idle,1082.4,105.7,188.1,,,0,0,0,0
1775600697663203,1790683267.272333,7272,idle,1192.5,104.2,195.2,,,0,0,0,0
1775600838659235,1790683267.413329,7413,idle,1667.4,166.8,322.1,,,0,0,0,0
1775600978342784,1790683267.553012,7553,idle,1182.3,92.1,238.8,,,0,0,0,0
1775601117854987,1790683267.692525,7692,idle,1070.7,78.7,160.7,,,0,0,0,0
1775601259184998,1790683267.833855,7833,idle,996.3,220.3,319.4,,,0,0,0,0
1775601397724813,1790683267.972395,7972,idle,1340.6,138.7,264.4,,,0,0,0,0
1775601538071475,1790683268.112741,8112,idle,5618.7,314.4,438.6,,,0,0,0,0
1775601678827822,1790683268.253497,8253,idle,2067.0,114.0,315.9,,,0,0,0,0
1775601818513671,1790683268.393183,8393,idle,1213.7,136.2,260.9,,,0,0,0,0
1775601957159994,1790683268.531830,8531,idle,1193.6,263.7,351.9,,,0,0,0,0
1775602098045989,1790683268.672715,8672,idle,2571.4,283.8,485.5,,,0,0,0,0
1775602238449051,1790683268.813118,8813,idle,2180.7,118.8,330.4,,,0,0,0,0
1775602378890701,1790683268.953560,8953,idle,2249.4,192.2,406.0,,,0,0,0,0
1775602518590697,1790683269.093260,9093,idle,18207.4,117.0,324.4,,,0,0,0,0
1775602656927962,1790683269.231598,9231,idle,971.0,103.9,211.5,,,0,0,0,0
1775602798840111,1790683269.373510,9373,idle,2230.4,157.8,392.5,,,0,0,0,0
1775602938388094,1790683269.513057,9513,idle,4285.0,127.5,347.2,,,0,0,0,0
1775603078248997,1790683269.652918,9652,idle,2581.6,144.8,370.0,,,0,0,0,0
1775603218026741,1790683269.792696,9792,idle,1218.2,81.4,225.4,,,0,0,0,0
1775603357688043,1790683269.932358,9932,idle,1202.2,99.2,196.4,,,0,0,0,0
1775603498295484,1790683270.072965,10072,idle,2444.2,181.9,383.3,,,0,0,0,0
1775603638141584,1790683270.212811,10212,idle,2350.5,173.0,414.5,,,0,0,0,0
1775603777729152,1790683270.352398,10352,idle,2065.5,154.8,384.4,,,0,0,0,0
1775603917772554,1790683270.492443,10492,idle,1142.0,80.8,176.4,,,0,0,0,0
1775604057938408,1790683270.632608,10632,idle,1061.4,138.0,249.4,,,0,0,0,0
1775604198231779,1790683270.772901,10772,idle,2328.7,156.1,372.5,,,0,0,0,0
1775604338752188,1790683270.913422,10913,idle,1146.3,77.0,152.9,,,0,0,0,0
1775604477735888,1790683271.052405,11052,idle,2432.6,155.4,389.2,,,0,0,0,0
1775604618060434,1790683271.192731,11192,idle,1123.7,116.7,184.3,,,0,0,0,0
1775604757857897,1790683271.332527,11332,idle,2349.2,150.8,362.8,,,0,0,0,0
1775604898143690,1790683271.472813,11472,idle,2257.1,223.1,460.4,,,0,0,0,0
1775605037955685,1790683271.612625,11612,idle,1620.5,125.3,294.9,,,0,0,0,0
1775605178668445,1790683271.753338,11753,idle,1907.0,111.3,316.8,,,0,0,0,0
1775605317803360,1790683271.892473,11892,idle,992.1,77.3,158.7,,,0,0,0,0
1775605459277952,1790683272.033947,12033,idle,2107.8,161.6,375.4,,,0,0,0,0
1775605598445700,1790683272.173115,12173,idle,2169.5,155.5,369.9,,,0,0,0,0
1775605738194747,1790683272.312864,12312,idle,2221.4,170.8,370.5,,,0,0,0,0
1775605878653118,1790683272.453321,12453,idle,2189.6,169.4,399.7,,,0,0,0,0
1775606017679941,1790683272.592350,12592,idle,1278.2,137.7,234.1,,,0,0,0,0
1775606158528893,1790683272.733198,12733,idle,2372.6,192.8,371.8,,,0,0,0,0
1775606298073060,1790683272.872742,12872,idle,2823.6,327.8,543.6,,,0,0,0,0
1775606438538363,1790683273.013208,13013,idle,2135.2,151.3,357.8,,,0,0,0,0
1775606577658091,1790683273.152328,13152,idle,1445.4,106.0,218.0,,,0,0,0,0
1775606717214176,1790683273.291884,13291,idle,1163.7,248.9,348.6,,,0,0,0,0
1775606858210360,1790683273.432880,13432,idle,1488.0,250.7,381.4,,,0,0,0,0
1775606997491325,1790683273.572161,13572,idle,1637.8,154.0,293.8,,,0,0,0,0
1775607137945344,1790683273.712615,13712,idle,1671.3,127.7,279.0,,,0,0,0,0
1775607277488748,1790683273.852158,13852,idle,3137.7,192.2,307.1,,,0,0,0,0
1775607417994934,1790683273.992665,13992,idle,1145.6,82.9,194.7,,,0,0,0,0
1775607557758996,1790683274.132429,14132,idle,1529.1,139.6,249.6,,,0,0,0,0
1775607697333762,1790683274.272004,14272,idle,1312.0,88.9,216.8,,,0,0,0,0
1775607836509696,1790683274.411179,14411,idle,1507.4,88.0,254.5,,,0,0,0,0
1775607977750298,1790683274.552420,14552,idle,1762.8,85.0,185.0,,,0,0,0,0
1775608117523167,1790683274.692193,14692,idle,1099.5,137.7,295.1,,,0,0,0,0
1775608258912904,1790683274.833582,14833,idle,2171.6,158.3,383.5,,,0,0,0,0
1775608399166373,1790683274.973835,14973,idle,2290.7,184.0,427.0,,,0,0,0,0
1775608612238599,1790683275.186908,186,tx,59131.5,242.3,339.6,,,1,0,0,1
1775608752594801,1790683275.327265,327,tx,55267.6,103.0,189.6,,,1,0,0,1
1775608895686204,1790683275.470356,470,tx,53116.7,170.1,399.6,,,1,0,0,1
1775609035360717,1790683275.610030,610,tx,52122.5,190.8,366.2,,,1,0,0,1
1775609179381928,1790683275.754051,754,tx,53376.0,153.5,394.2,,,1,0,0,1
1775609323556031,1790683275.898226,898,tx,52135.9,77.1,153.2,,,1,0,0,1
1775609466891284,1790683276.041561,1041,tx,55062.0,182.6,389.1,,,1,0,0,1
1775609611417485,1790683276.186086,1186,tx,63617.3,191.6,420.5,,,1,0,0,1
1775609757077580,1790683276.331747,1331,tx,53484.1,469.5,672.9,,,1,0,0,1
1775609902039441,1790683276.476708,1476,tx,70615.4,117.9,312.3,,,1,0,0,1
1775610043529479,1790683276.618200,1618,tx,52399.1,105.7,225.3,,,1,0,0,1
1775610187253302,1790683276.761923,1761,tx,53421.8,236.8,470.6,,,1,0,0,1
1775610328386139,1790683276.903055,1903,tx,53188.2,147.5,358.2,,,1,0,0,1
1775610472898639,1790683277.047569,2047,tx,52482.0,120.6,252.1,,,1,0,0,1
1775610616727124,1790683277.191397,2191,tx,52733.5,93.9,220.5,,,1,0,0,1
1775610760081970,1790683277.334752,2334,tx,52356.0,104.9,163.8,,,1,0,0,1
1775610904060147,1790683277.478729,2478,tx,65978.8,482.2,676.0,,,1,0,0,1
1775611041924803,1790683277.616594,2616,tx,52404.7,131.5,362.5,,,1,0,0,1
1775611185750111,1790683277.760420,2760,tx,51873.6,130.9,296.6,,,1,0,0,1
1775611328383303,1790683277.903053,2903,tx,52416.3,241.8,362.9,,,1,0,0,1
1775611472432906,1790683278.047102,3047,tx,52418.4,129.3,349.9,,,1,0,0,1
1775611616583647,1790683278.191253,3191,tx,56216.9,144.8,389.6,,,1,0,0,1
1775611753911284,1790683278.328581,3328,tx,52943.7,87.8,169.7,,,1,0,0,1
1775611898179134,1790683278.472849,3472,tx,53368.2,443.6,592.3,,,1,0,0,1
1775612042731268,1790683278.617401,3617,tx,51694.9,97.0,192.6,,,1,0,0,1
1775612186037053,1790683278.760706,3760,tx,53471.0,187.2,422.4,,,1,0,0,1
1775612331454183,1790683278.906124,3906,tx,51765.3,140.8,289.8,,,1,0,0,1
1775612474561073,1790683279.049230,4049,tx,53271.4,113.1,282.8,,,1,0,0,1
1775612619297533,1790683279.193968,4193,tx,52544.6,388.6,464.9,,,1,0,0,1
1775612762997484,1790683279.337667,4337,tx,53361.2,137.2,340.2,,,1,0,0,1
1775612907483902,1790683279.482153,4482,tx,62973.6,150.2,354.7,,,1,0,0,1
1775613051532626,1790683279.626202,4626,tx,56613.8,158.2,389.7,,,1,0,0,1
1775613196214641,1790683279.770885,4770,tx,67617.8,421.2,526.1,,,1,0,0,1
1775613340348286,1790683279.915018,4915,tx,51461.9,351.4,427.4,,,1,0,0,1
1775613484241661,1790683280.058911,5058,tx,52650.8,324.7,543.5,,,1,0,0,1
1775613628039379,1790683280.202709,5202,tx,53276.2,176.9,364.7,,,1,0,0,1
1775613773161508,1790683280.347831,5347,tx,52339.8,276.5,514.0,,,1,0,0,1
1775613917223426,1790683280.491893,5491,tx,54225.1,234.9,432.7,,,1,0,0,1
1775614062191602,1790683280.636862,5636,tx,51350.7,130.0,212.2,,,1,0,0,1
1775614205479215,1790683280.780149,5780,tx,66059.8,114.1,302.2,,,1,0,0,1
1775614343423009,1790683280.918092,5918,tx,53279.1,196.5,431.6,,,1,0,0,1
1775614489311169,1790683281.063980,6063,tx,52420.6,224.1,481.2,,,1,0,0,1
1775614633066105,1790683281.207736,6207,tx,52468.2,170.9,263.9,,,1,0,0,1
1775614776667151,1790683281.351337,6351,tx,51548.7,113.2,225.3,,,1,0,0,1
1775614919365886,1790683281.494036,6494,tx,52525.8,152.5,307.9,,,1,0,0,1
1775615062765608,1790683281.637435,6637,tx,52903.7,123.0,249.2,,,1,0,0,1
1775615206367916,1790683281.781038,6781,tx,62214.5,150.4,286.4,,,1,0,0,1
1775615348262979,1790683281.922933,6922,tx,52279.6,93.5,903.8,,,1,0,0,1
1775615491227528,1790683282.065897,7065,tx,52645.9,271.7,398.9,,,1,0,0,1
1775615635624047,1790683282.210294,7210,tx,51635.8,98.5,225.6,,,1,0,0,1
1775615778066347,1790683282.352736,7352,tx,51920.8,97.2,242.7,,,1,0,0,1
1775615920773764,1790683282.495444,7495,tx,52600.4,98.3,223.5,,,1,0,0,1
1775616064607450,1790683282.639277,7639,tx,52543.8,94.8,196.8,,,1,0,0,1
1775616208130706,1790683282.782800,7782,tx,54294.4,319.1,492.5,,,1,0,0,1
1775616353283490,1790683282.927953,7927,tx,55776.4,204.0,357.8,,,1,0,0,1
1775616496893276,1790683283.071563,8071,tx,52597.7,111.6,235.4,,,1,0,0,1
1775616640081463,1790683283.214751,8214,tx,52566.6,111.2,218.2,,,1,0,0,1
1775616783265994,1790683283.357936,8357,tx,60697.9,294.1,416.3,,,1,0,0,1
1775616927126067,1790683283.501796,8501,tx,52657.6,143.7,279.2,,,1,0,0,1
1775617071921896,1790683283.646591,8646,tx,53390.1,167.9,422.5,,,1,0,0,1
1775617217080858,1790683283.791750,8791,tx,54452.5,157.7,385.1,,,1,0,0,1
1775617362650780,1790683283.937320,8937,tx,52387.8,88.3,212.3,,,1,0,0,1
1775617506015605,1790683284.080685,9080,tx,63273.7,140.4,262.1,,,1,0,0,1
1775617650095243,1790683284.224765,9224,tx,53286.9,97.4,220.5,,,1,0,0,1
1775617794588668,1790683284.369257,9369,tx,53144.8,167.8,397.4,,,1,0,0,1
1775617940406549,1790683284.515076,9515,tx,53003.3,138.3,359.8,,,1,0,0,1
1775618084842986,1790683284.659513,9659,tx,51588.9,144.2,240.8,,,1,0,0,1
1775618227892033,1790683284.802561,9802,tx,53299.9,171.4,411.4,,,1,0,0,1
1775618372208874,1790683284.946879,9946,tx,53015.6,332.0,469.8,,,1,0,0,1
1775618516773882,1790683285.091443,10091,tx,68165.7,133.1,323.8,,,1,0,0,1
1775618655882102,1790683285.230552,10230,tx,52513.8,107.6,242.8,,,1,0,0,1
1775618799018309,1790683285.373688,10373,tx,51509.7,110.3,201.9,,,1,0,0,1
1775618942208905,1790683285.516879,10516,tx,52688.9,290.9,447.4,,,1,0,0,1
1775619085766683,1790683285.660436,10660,tx,51858.2,133.6,306.4,,,1,0,0,1
1775619229619766,1790683285.804289,10804,tx,51914.7,143.7,349.6,,,1,0,0,1
1775619373031642,1790683285.947702,10947,tx,52301.3,110.9,217.3,,,1,0,0,1
1775619517249862,1790683286.091920,11091,tx,52490.5,116.3,199.3,,,1,0,0,1
1775619661759405,1790683286.236429,11236,tx,52937.0,154.3,374.0,,,1,0,0,1
1775619806731347,1790683286.381401,11381,tx,62799.1,160.5,358.4,,,1,0,0,1
1775619950971030,1790683286.525641,11525,tx,55812.9,140.1,251.0,,,1,0,0,1
1775620094272157,1790683286.668942,11668,tx,51327.0,81.7,148.9,,,1,0,0,1
1775620241130183,1790683286.815799,11815,tx,53513.1,339.8,548.0,,,1,0,0,1
1775620385823436,1790683286.960493,11960,tx,59493.1,152.3,388.2,,,1,0,0,1
1775620530627420,1790683287.105297,12105,tx,52630.0,113.0,239.1,,,1,0,0,1
1775620674756928,1790683287.249427,12249,tx,52396.0,89.0,205.6,,,1,0,0,1
1775620819135192,1790683287.393805,12393,tx,51426.9,118.3,274.1,,,1,0,0,1
1775620961369508,1790683287.536039,12536,tx,52872.7,210.4,330.0,,,1,0,0,1
1775621104816513,1790683287.679486,12679,tx,54829.6,127.5,270.6,,,1,0,0,1
1775621251516798,1790683287.826186,12826,tx,56692.6,169.0,382.5,,,1,0,0,1
1775621394955881,1790683287.969626,12969,tx,51463.4,82.8,171.6,,,1,0,0,1
1775621532296174,1790683288.106966,13106,tx,52300.8,275.6,442.1,,,1,0,0,1
1775621675903303,1790683288.250572,13250,tx,52925.8,127.7,363.6,,,1,0,0,1
1775621820582122,1790683288.395251,13395,tx,52068.9,153.6,351.6,,,1,0,0,1
1775621963352942,1790683288.538023,13538,tx,52457.0,253.9,352.6,,140890.6,1,0,0,1
1775622104276127,1790683288.678946,13678,idle,61380.2,88.8,165.8,,,0,0,0,0
1775622247367707,1790683288.822037,13822,idle,53511.2,315.6,527.2,,,0,0,0,0
1775622434472484,1790683289.009142,14009,idle,11915.0,214.5,378.0,,,0,0,0,0
1775622573994370,1790683289.148663,14148,idle,4907.5,155.9,393.9,,,0,0,0,0
1775622713061726,1790683289.287732,14287,idle,1195.1,86.7,213.5,,,0,0,0,0
1775622854049956,1790683289.428720,14428,idle,1578.2,103.5,256.8,,,0,0,0,0
1775622993099085,1790683289.567769,14567,idle,1331.4,96.8,227.9,,,0,0,0,0
1775623134142757,1790683289.708813,14708,idle,1480.2,109.5,282.1,,,0,0,0,0
1775623274390566,1790683289.849060,14849,idle,1442.3,381.9,501.3,,,0,0,0,0
1775623413303940,1790683289.987974,14987,idle,1392.2,448.8,548.7,,,0,0,0,0
1775623553374875,1790683290.128045,128,idle,1443.8,405.0,519.4,,,0,0,0,0
1775623693195285,1790683290.267865,267,idle,1591.3,100.7,266.5,,,0,0,0,0
1775623833915424,1790683290.408584,408,idle,2325.9,129.3,375.3,,,0,0,0,0
1775623973064034,1790683290.547733,547,idle,1612.6,90.4,229.9,,,0,0,0,0
1775624113074834,1790683290.687745,687,idle,2311.0,132.1,359.5,,,0,0,0,0
1775624252801598,1790683290.827472,827,idle,1428.3,78.3,183.9,,,0,0,0,0
1775624392964952,1790683290.967635,967,idle,1382.6,80.5,193.7,,,0,0,0,0
1775624539180312,1790683291.113850,1113,idle,1307.2,88.7,195.9,,,0,0,0,0
1775624683467678,1790683291.258138,1258,idle,1993.0,354.3,548.8,,,0,0,0,0
1775624827479361,1790683291.402149,1402,idle,2505.5,171.9,374.4,,,0,0,0,0
1775624973084669,1790683291.547755,1547,idle,1250.5,108.7,210.8,,,0,0,0,0
1775625112731088,1790683291.687401,1687,idle,1040.7,113.9,217.9,,,0,0,0,0
1775625252841892,1790683291.827512,1827,idle,1431.0,109.8,187.5,,,0,0,0,0
1775625393437518,1790683291.968107,1968,idle,1775.9,248.4,422.6,,,0,0,0,0
1775625538066599,1790683292.112736,2112,idle,1302.6,109.8,195.5,,,0,0,0,0
1775625683378391,1790683292.258048,2258,idle,1644.0,366.3,512.2,,,0,0,0,0
1775625825044623,1790683292.399714,2399,idle,1351.7,131.6,251.8,,,0,0,0,0
1775625963214529,1790683292.537884,2537,idle,1533.7,142.8,282.7,,,0,0,0,0
1775626103431510,1790683292.678101,2678,idle,5903.2,327.2,436.4,,,0,0,0,0
1775626243236211,1790683292.817906,2817,idle,1412.1,114.2,204.4,,,0,0,0,0
1775626382948300,1790683292.957618,2957,idle,1491.3,152.1,288.1,,,0,0,0,0
1775626528574267,1790683293.103244,3103,idle,1230.4,145.8,287.9,,,0,0,0,0
1775626673562003,1790683293.248232,3248,idle,1332.0,189.5,299.9,,,0,0,0,0
1775626813299611,1790683293.387969,3387,idle,5610.1,82.5,3866.9,,,0,0,0,0
1775626952868607,1790683293.527538,3527,idle,1973.3,98.1,388.9,,,0,0,0,0
1775627093682210,1790683293.668351,3668,idle,2483.3,120.0,315.9,,,0,0,0,0
1775627239378845,1790683293.814048,3814,idle,2527.2,167.1,377.1,,,0,0,0,0
1775627383343963,1790683293.958014,3958,idle,1577.5,217.7,388.9,,,0,0,0,0
1775627520762144,1790683294.095431,4095,idle,15269.2,122.3,461.1,,,0,0,0,0
1775627663135161,1790683294.237805,4237,idle,1116.8,83.8,180.1,,,0,0,0,0
1775627803530938,1790683294.378200,4378,idle,12092.8,152.2,382.4,,,0,0,0,0
1775627943212462,1790683294.517881,4517,idle,1621.7,133.6,310.1,,,0,0,0,0
1775628083491129,1790683294.658161,4658,idle,1285.6,156.0,273.3,,,0,0,0,0
1775628225793330,1790683294.800463,4800,idle,2731.7,85.6,1091.5,,,0,0,0,0
1775628363127138,1790683294.937797,4937,idle,1596.0,142.6,301.7,,,0,0,0,0
1775628503181546,1790683295.077851,5077,idle,24829.7,151.4,342.2,,,0,0,0,0
1775628643199273,1790683295.217868,5217,idle,15223.5,153.1,349.0,,,0,0,0,0
1775628784339169,1790683295.359009,5359,idle,2322.2,217.6,463.3,,,0,0,0,0
1775628925821194,1790683295.500491,5500,idle,955.6,74.6,177.3,,,0,0,0,0
1775629063122903,1790683295.637793,5637,idle,1718.8,155.6,294.0,,,0,0,0,0
1775629203845364,1790683295.778515,5778,idle,16057.6,120.7,338.3,,,0,0,0,0
1775629343730271,1790683295.918400,5918,idle,2114.6,148.0,380.9,,,0,0,0,0
1775629484101644,1790683296.058771,6058,idle,2358.6,195.4,420.8,,,0,0,0,0
1775629626716210,1790683296.201386,6201,idle,1318.2,80.0,197.0,,,0,0,0,0
1775629764044924,1790683296.338713,6338,idle,2431.4,159.5,421.1,,,0,0,0,0
1775629903061416,1790683296.477731,6477,idle,5486.7,122.5,231.0,,,0,0,0,0
1775630043933150,1790683296.618603,6618,idle,1976.3,159.9,380.6,,,0,0,0,0
1775630184116463,1790683296.758786,6758,idle,2238.3,189.8,423.1,,,0,0,0,0
1775630323731014,1790683296.898401,6898,idle,983.0,78.4,171.9,,,0,0,0,0
1775630463304045,1790683297.037974,7037,idle,2240.8,266.6,457.9,,,0,0,0,0
1775630603243508,1790683297.177913,7177,idle,4219.6,123.5,239.8,,,0,0,0,0
1775630743852519,1790683297.318522,7318,idle,1639.7,133.1,279.0,,,0,0,0,0
1775630883888342,1790683297.458558,7458,idle,1892.6,130.3,389.7,,,0,0,0,0
1775631022914557,1790683297.597584,7597,idle,2424.6,120.7,218.0,,,0,0,0,0
1775631162877068,1790683297.737547,7737,idle,1400.8,127.6,243.7,,,0,0,0,0
1775631303740416,1790683297.878410,7878,idle,12098.4,158.3,359.0,,,0,0,0,0
1775631443981215,1790683298.018651,8018,idle,2627.7,183.3,440.8,,,0,0,0,0
1775631583948775,1790683298.158618,8158,idle,2037.3,142.4,360.4,,,0,0,0,0
1775631724365656,1790683298.299036,8299,idle,1044.8,100.8,176.5,,,0,0,0,0
1775631863480914,1790683298.438150,8438,idle,1719.2,204.0,306.8,,,0,0,0,0
1775632003815849,1790683298.578485,8578,idle,6823.8,99.0,261.8,,,0,0,0,0
1775632143372944,1790683298.718042,8718,idle,1954.3,275.5,455.2,,,0,0,0,0
1775632283537220,1790683298.858207,8858,idle,1243.5,89.2,265.0,,,0,0,0,0
1775632422683565,1790683298.997354,8997,idle,1046.6,111.1,232.7,,,0,0,0,0
1775632563135975,1790683299.137805,9137,idle,1918.6,138.4,302.9,,,0,0,0,0
1775632704518103,1790683299.279187,9279,idle,10369.0,158.0,372.1,,,0,0,0,0
1775632843649806,1790683299.418319,9418,idle,2144.1,212.9,406.3,,,0,0,0,0
1775632982977817,1790683299.557647,9557,idle,1193.8,112.7,211.6,,,0,0,0,0
1775633123061707,1790683299.697732,9697,idle,1124.0,93.5,176.4,,,0,0,0,0
1775633262856446,1790683299.837527,9837,idle,1090.3,86.1,210.3,,,0,0,0,0
1775633403520477,1790683299.978190,9978,idle,4572.5,203.7,323.6,,,0,0,0,0
1775633543753007,1790683300.118423,10118,idle,1601.5,86.1,178.4,,,0,0,0,0
1775633682942738,1790683300.257612,10257,idle,1316.6,84.4,193.7,,,0,0,0,0
1775633823874741,1790683300.398545,10398,idle,1282.0,118.4,218.0,,,0,0,0,0
1775633963224366,1790683300.537894,10537,idle,1405.7,118.1,223.5,,,0,0,0,0
1775634103307198,1790683300.677977,10677,idle,3998.5,112.3,217.9,,,0,0,0,0
1775634242992741,1790683300.817663,10817,idle,1254.7,114.3,214.9,,,0,0,0,0
1775634383087606,1790683300.957757,10957,idle,1286.8,84.6,180.4,,,0,0,0,0
1775634523969938,1790683301.098640,11098,idle,12578.7,117.2,304.5,,,0,0,0,0
1775634663456229,1790683301.238126,11238,idle,1421.8,200.1,340.4,,,0,0,0,0
1775634803967153,1790683301.378636,11378,idle,11352.4,187.9,413.0,,,0,0,0,0
1775634943439433,1790683301.518108,11518,idle,2112.8,215.1,417.7,,,0,0,0,0
1775635082542571,1790683301.657213,11657,idle,1244.2,184.9,266.8,,,0,0,0,0
1775635224076408,1790683301.798746,11798,decode,4047.9,123.2,260.8,,,0,0,1,0
1775635363450133,1790683301.938120,11938,idle,1708.5,158.2,387.8,,,0,0,0,0
1775635503133182,1790683302.077803,12077,idle,14154.2,117.7,242.0,,,0,0,0,0
1775635643034449,1790683302.217704,12217,idle,1265.0,106.2,213.8,,,0,0,0,0
1775635782921884,1790683302.357592,12357,idle,1510.4,175.5,397.4,,,0,0,0,0
1775635923417693,1790683302.498088,12498,idle,1296.6,324.4,451.8,,,0,0,0,0
1775636063329539,1790683302.637999,12637,idle,1261.0,108.9,216.0,,,0,0,0,0
1775636203529235,1790683302.778199,12778,idle,5275.3,184.3,326.1,,,0,0,0,0
1775636342711541,1790683302.917382,12917,idle,1004.0,75.5,196.0,,,0,0,0,0
1775636483331644,1790683303.058002,13058,idle,1219.0,104.5,212.7,,,0,0,0,0
1775636623916793,1790683303.198587,13198,idle,899.7,103.5,171.8,,,0,0,0,0
1775636762848321,1790683303.337518,13337,idle,1170.4,130.7,238.9,,,0,0,0,0
1775636902989762,1790683303.477660,13477,idle,6496.4,102.2,240.2,,,0,0,0,0
1775637045068376,1790683303.619738,13619,idle,1565.4,167.4,335.3,,,0,0,0,0
1775637182906627,1790683303.757577,13757,idle,943.6,100.7,210.9,,,0,0,0,0
1775637323799682,1790683303.898469,13898,idle,1623.3,105.0,255.7,,,0,0,0,0
1775637463507632,1790683304.038177,14038,idle,2561.5,155.9,358.7,,,0,0,0,0
1775637603347747,1790683304.178017,14178,idle,10690.8,305.3,498.9,,,0,0,0,0
1775637743199762,1790683304.317870,14317,idle,1094.8,111.6,233.7,,,0,0,0,0
1775637883803359,1790683304.458473,14458,idle,1214.2,115.2,291.7,,,0,0,0,0
1775638023952742,1790683304.598623,14598,idle,1255.2,94.5,199.6,,,0,0,0,0
1775638163518425,1790683304.738188,14738,idle,1504.3,179.4,346.0,,,0,0,0,0
1775638304104473,1790683304.878774,14878,idle,11772.5,165.8,398.5,,,0,0,0,0
1775638443658739,1790683305.018328,18,idle,2281.8,153.5,383.4,,,0,0,0,0
1775638617200525,1790683305.191870,191,tx,58313.9,78.4,127.9,,,1,0,0,1
1775638756575224,1790683305.331244,331,tx,53540.5,120.9,305.7,,,1,0,0,1
1775638900855765,1790683305.475525,475,tx,71183.1,140.2,401.4,,,1,0,0,1
1775639043553900,1790683305.618224,618,tx,53330.2,286.2,458.3,,,1,0,0,1
1775639189092889,1790683305.763762,763,tx,55002.8,92.0,438.5,,,1,0,0,1
1775639335433282,1790683305.910103,910,tx,52040.7,416.8,529.0,,,1,0,0,1
1775639479150308,1790683306.053820,1053,tx,53407.9,159.8,384.2,,,1,0,0,1
1775639624247123,1790683306.198916,1198,tx,53312.4,159.8,341.8,,,1,0,0,1
1775639769307937,1790683306.343977,1343,tx,53450.0,158.1,365.3,,,1,0,0,1
1775639913133585,1790683306.487804,1487,tx,52440.3,75.6,186.9,,,1,0,0,1
1775640057391421,1790683306.632061,1632,tx,53363.4,427.0,631.1,,,1,0,0,1
1775640202031323,1790683306.776701,1776,tx,59048.3,86.0,179.1,,,1,0,0,1
1775640342142671,1790683306.916813,1916,tx,52699.4,89.1,206.2,,,1,0,0,1
1775640485989437,1790683307.060659,2060,tx,52577.1,80.3,200.1,,,1,0,0,1
1775640630136867,1790683307.204807,2204,tx,52568.9,111.9,218.7,,,1,0,0,1
1775640774483373,1790683307.349151,2349,tx,53507.5,337.7,547.6,,,1,0,0,1
1775640919896607,1790683307.494566,2494,tx,52297.1,153.0,330.7,,,1,0,0,1
1775641063953259,1790683307.638623,2638,tx,52716.4,123.4,283.9,,,1,0,0,1
1775641207203659,1790683307.781874,2781,tx,52404.0,86.1,169.7,,,1,0,0,1
1775641351065768,1790683307.925736,2925,tx,56532.0,100.0,215.8,,,1,0,0,1
1775641494802049,1790683308.069472,3069,tx,51449.3,86.8,217.5,,,1,0,0,1
1775641637445357,1790683308.212115,3212,tx,61696.5,377.5,590.2,,,1,0,0,1
1775641782024862,1790683308.356695,3356,tx,52356.7,79.8,178.9,,,1,0,0,1
1775641925208813,1790683308.499879,3499,tx,52437.2,73.8,138.3,,,1,0,0,1
1775642069145790,1790683308.643815,3643,tx,52873.5,158.4,380.9,,,1,0,0,1
1775642213664611,1790683308.788334,3788,tx,55528.0,146.4,375.7,,,1,0,0,1
1775642360633879,1790683308.935303,3935,tx,53213.6,195.6,417.7,,,1,0,0,1
1775642504576074,1790683309.079246,4079,tx,60405.0,372.4,439.2,,,1,0,0,1
1775642646348131,1790683309.221017,4221,tx,52669.7,507.3,732.5,,,1,0,0,1
1775642790859072,1790683309.365528,4365,tx,52327.7,188.7,414.5,,,1,0,0,1
1775642935566240,1790683309.510236,4510,tx,52144.7,383.2,492.5,,,1,0,0,1
1775643079630134,1790683309.654299,4654,tx,53332.9,224.0,421.1,,,1,0,0,1
1775643223845057,1790683309.798515,4798,tx,52377.0,80.5,189.9,,,1,0,0,1
1775643367318565,1790683309.941988,4941,tx,52850.2,118.8,253.8,,,1,0,0,1
1775643511146964,1790683310.085817,5085,tx,60034.4,85.8,211.7,,,1,0,0,1
1775643651853451,1790683310.226523,5226,tx,57499.3,122.8,260.4,,,1,0,0,1
1775643795175189,1790683310.369845,5369,tx,52577.5,122.1,260.9,,,1,0,0,1
1775643938249103,1790683310.512919,5512,tx,52438.8,93.9,207.9,,,1,0,0,1
1775644081706934,1790683310.656377,5656,tx,52865.2,81.6,245.8,,,1,0,0,1
1775644225336306,1790683310.800006,5800,tx,52691.1,125.3,236.9,,,1,0,0,1
1775644368772242,1790683310.943442,5943,tx,51886.3,143.7,287.5,,,1,0,0,1
1775644511660181,1790683311.086330,6086,tx,61039.5,110.0,233.9,,,1,0,0,1
1775644653157103,1790683311.227827,6227,tx,58174.4,116.3,227.8,,,1,0,0,1
1775644796284858,1790683311.370955,6370,tx,52492.9,110.8,228.1,,,1,0,0,1
1775644939683147,1790683311.514353,6514,tx,52284.4,90.0,203.1,,,1,0,0,1
1775645083057231,1790683311.657727,6657,tx,51623.9,152.7,277.7,,,1,0,0,1
1775645225785696,1790683311.800455,6800,tx,64678.1,81.6,210.6,,,1,0,0,1
1775645370019650,1790683311.944690,6944,tx,51427.4,116.1,214.2,,,1,0,0,1
1775645513384757,1790683312.088055,7088,tx,51768.6,117.5,233.4,,,1,0,0,1
1775645656585246,1790683312.231254,7231,tx,52094.4,157.8,392.9,,,1,0,0,1
1775645800719045,1790683312.375388,7375,tx,71141.7,182.9,427.1,,,1,0,0,1
1775645942327159,1790683312.516997,7516,tx,51270.8,113.7,208.9,,,1,0,0,1
1775646085759430,1790683312.660429,7660,tx,52321.9,191.5,430.0,,,1,0,0,1
1775646229518135,1790683312.804187,7804,tx,53203.9,226.9,440.5,,,1,0,0,1
1775646374054921,1790683312.948724,7948,tx,51968.8,159.3,353.9,,,1,0,0,1
1775646516858676,1790683313.091529,8091,tx,52273.6,115.5,221.8,,,1,0,0,1
1775646660606982,1790683313.235277,8235,tx,51654.8,235.6,324.5,,,1,0,0,1
1775646804159445,1790683313.378829,8378,tx,67857.3,184.6,391.3,,,1,0,0,1
1775646942469905,1790683313.517140,8517,tx,51351.9,112.5,217.9,,,1,0,0,1
1775647084938862,1790683313.659609,8659,tx,51660.2,116.7,236.4,,,1,0,0,1
1775647228212930,1790683313.802883,8802,tx,52590.2,85.2,177.5,,,1,0,0,1
1775647372479333,1790683313.947149,8947,tx,52281.3,311.9,448.4,,,1,0,0,1
1775647516124525,1790683314.090793,9090,tx,75513.6,150.9,368.4,,,1,0,0,1
1775647663033111,1790683314.237670,9237,tx,51873.2,148.3,348.0,,,1,0,0,1
1775647806225408,1790683314.380895,9380,tx,56667.7,132.2,261.8,,,1,0,0,1
1775647944044523,1790683314.518714,9518,tx,51337.9,96.2,193.7,,,1,0,0,1
1775648086517909,1790683314.661187,9661,tx,53264.9,234.7,456.1,,,1,0,0,1
1775648231107803,1790683314.805777,9805,tx,51958.5,131.9,349.5,,,1,0,0,1
1775648374372208,1790683314.949041,9949,tx,53083.0,155.3,377.2,,,1,0,0,1
1775648517853113,1790683315.092523,10092,tx,52171.6,91.3,181.9,,,1,0,0,1
1775648662027893,1790683315.236698,10236,tx,52882.8,124.5,263.8,,,1,0,0,1
1775648806151654,1790683315.380821,10380,tx,63579.2,120.0,323.3,,,1,0,0,1
1775648950694233,1790683315.525364,10525,tx,55383.2,138.0,240.0,,,1,0,0,1
1775649094493295,1790683315.669162,10669,tx,53362.0,282.6,533.5,,,1,0,0,1
1775649239134089,1790683315.813804,10813,tx,52505.8,77.9,154.7,,,1,0,0,1
1775649382216775,1790683315.956887,10956,tx,52459.4,120.4,231.9,,,1,0,0,1
1775649525650434,1790683316.100320,11100,tx,51589.9,234.7,314.8,,,1,0,0,1
1775649668968863,1790683316.243638,11243,tx,52159.8,165.2,437.3,,,1,0,0,1
1775649812118207,1790683316.386788,11386,tx,52630.5,106.6,250.2,,,1,0,0,1
1775649955377485,1790683316.530046,11530,tx,55303.4,307.5,551.0,,,1,0,0,1
1775650098779650,1790683316.673450,11673,tx,51509.7,119.2,229.0,,,1,0,0,1
1775650241775893,1790683316.816445,11816,tx,52198.7,182.5,359.9,,,1,0,0,1
1775650385454192,1790683316.960124,11960,tx,53062.8,299.0,491.3,,,1,0,0,1
1775650530236330,1790683317.104906,12104,tx,53757.0,108.6,239.4,,,1,0,0,1
1775650674020663,1790683317.248691,12248,tx,51649.9,111.5,240.5,,,1,0,0,1
1775650816684442,1790683317.391354,12391,tx,52567.0,166.0,274.6,,,1,0,0,1
1775650960063220,1790683317.534733,12534,tx,51840.5,126.9,213.2,,,1,0,0,1
1775651103199144,1790683317.677869,12677,tx,71479.3,124.8,322.4,,,1,0,0,1
1775651245434667,1790683317.820105,12820,tx,51545.1,133.6,237.1,,,1,0,0,1
1775651388892320,1790683317.963562,12963,tx,52751.0,119.3,244.4,,,1,0,0,1
1775651526764494,1790683318.101434,13101,tx,52519.8,435.4,618.4,,,1,0,0,1
1775651670400379,1790683318.245070,13245,tx,51816.2,125.1,302.6,,,1,0,0,1
1775651813788428,1790683318.388457,13388,tx,56361.0,140.5,365.5,,,1,0,0,1
1775651951519738,1790683318.526190,13526,tx,54541.7,79.9,148.2,,158684.9,1,0,0,1
1775652095034901,1790683318.669704,13669,tx,53291.0,163.0,379.6,,,0,0,0,0
1775652239502573,1790683318.814173,13814,idle,52080.4,125.1,248.4,,,0,0,0,0
1775652431630554,1790683319.006300,14006,idle,17660.2,344.9,499.8,,,0,0,0,0
1775652570272880,1790683319.144943,14144,idle,1429.4,108.1,206.2,,,0,0,0,0
1775652710620446,1790683319.285290,14285,idle,1556.1,445.1,522.3,,,0,0,0,0
1775652850561547,1790683319.425232,14425,idle,2124.7,444.1,552.5,,,0,0,0,0
1775652991579005,1790683319.566248,14566,idle,2506.4,359.0,570.7,,,0,0,0,0
1775653131926561,1790683319.706596,14706,idle,1819.1,133.2,305.4,,,0,0,0,0
1775653270583171,1790683319.845253,14845,idle,1290.7,439.1,531.9,,,0,0,0,0
1775653411131273,1790683319.985800,14985,idle,5050.4,158.6,372.7,,,0,0,0,0
1775653551793690,1790683320.126463,126,idle,1364.0,208.1,350.0,,,0,0,0,0
1775653691994595,1790683320.266663,266,idle,2319.8,158.4,412.3,,,0,0,0,0
1775653830685302,1790683320.405355,405,idle,1395.8,329.1,429.5,,,0,0,0,0
1775653970882162,1790683320.545552,545,idle,1169.0,111.2,277.1,,,0,0,0,0
1775654111099157,1790683320.685769,685,idle,1155.9,93.6,191.1,,,0,0,0,0
1775654251267855,1790683320.825938,825,idle,1408.1,110.6,227.8,,,0,0,0,0
1775654390909222,1790683320.965579,965,idle,1805.5,163.0,325.2,,,0,0,0,0
1775654530865442,1790683321.105535,1105,idle,1328.1,161.4,285.2,,,0,0,0,0
1775654671263514,1790683321.245933,1245,idle,1393.4,109.2,247.2,,,0,0,0,0
1775654810740769,1790683321.385411,1385,idle,1298.1,308.1,394.0,,,0,0,0,0
1775654951257318,1790683321.525927,1525,idle,1359.9,140.3,249.8,,,0,0,0,0
1775655090540450,1790683321.665210,1665,idle,1240.5,79.9,178.3,,,0,0,0,0
1775655231120132,1790683321.805790,1805,idle,1918.3,205.5,338.7,,,0,0,0,0
1775655370389204,1790683321.945059,1945,idle,1166.7,112.0,213.6,,,0,0,0,0
1775655510638548,1790683322.085308,2085,idle,1933.4,431.4,523.6,,,0,0,0,0
1775655650839916,1790683322.225510,2225,idle,1373.9,222.6,324.8,,,0,0,0,0
1775655792059442,1790683322.366729,2366,idle,2245.2,151.4,389.8,,,0,0,0,0
1775655931392067,1790683322.506061,2506,idle,2829.6,101.8,276.5,,,0,0,0,0
1775656071040026,1790683322.645710,2645,idle,1424.8,107.5,198.4,,,0,0,0,0
1775656211274344,1790683322.785944,2785,idle,1421.3,111.2,226.8,,,0,0,0,0
1775656350936393,1790683322.925606,2925,idle,1571.4,115.3,278.8,,,0,0,0,0
1775656490533367,1790683323.065203,3065,idle,1395.6,103.0,222.3,,,0,0,0,0
1775656630567555,1790683323.205237,3205,idle,2213.5,100.2,206.1,,,0,0,0,0
1775656771053522,1790683323.345723,3345,idle,1112.5,83.1,206.2,,,0,0,0,0
1775656911038583,1790683323.485708,3485,idle,894.6,85.1,175.1,,,0,0,0,0
1775657052114662,1790683323.626784,3626,idle,2035.5,121.4,275.5,,,0,0,0,0
1775657191638120,1790683323.766308,3766,idle,2008.8,245.8,423.0,,,0,0,0,0
1775657331854152,1790683323.906523,3906,idle,2036.8,126.0,334.4,,,0,0,0,0
1775657471045767,1790683324.045716,4045,idle,990.2,102.7,197.2,,,0,0,0,0
1775657611226218,1790683324.185896,4185,idle,1254.0,106.3,216.8,,,0,0,0,0
1775657751271013,1790683324.325941,4325,idle,1260.4,85.4,188.6,,,0,0,0,0
1775657891420447,1790683324.466090,4466,idle,1597.9,131.4,276.8,,,0,0,0,0
1775658031172799,1790683324.605843,4605,idle,1466.5,122.7,240.3,,,0,0,0,0
1775658171099236,1790683324.745769,4745,idle,1266.4,78.0,226.5,,,0,0,0,0
1775658311809673,1790683324.886480,4886,idle,1347.1,108.4,212.0,,,0,0,0,0
1775658451845800,1790683325.026515,5026,idle,2052.4,122.3,374.4,,,0,0,0,0
1775658592162805,1790683325.166832,5166,idle,2068.9,126.3,343.2,,,0,0,0,0
1775658731177568,1790683325.305848,5305,idle,1470.3,138.2,375.9,,,0,0,0,0
1775658871140194,1790683325.445810,5445,idle,1479.5,111.9,238.2,,,0,0,0,0
1775659010912388,1790683325.585582,5585,idle,1025.7,116.5,220.4,,,0,0,0,0
1775659151387599,1790683325.726058,5726,idle,1900.6,119.7,287.8,,,0,0,0,0
1775659290456391,1790683325.865126,5865,idle,1215.5,84.3,188.9,,,0,0,0,0
1775659430797187,1790683326.005467,6005,idle,1587.7,139.5,374.1,,,0,0,0,0
1775659571168538,1790683326.145838,6145,idle,1321.4,109.2,266.3,,,0,0,0,0
1775659711551968,1790683326.286222,6286,idle,1146.4,85.0,191.6,,,0,0,0,0
1775659850829688,1790683326.425499,6425,idle,1480.1,153.0,366.6,,,0,0,0,0
1775659990979388,1790683326.565649,6565,idle,1160.1,110.0,219.5,,,0,0,0,0
1775660131135389,1790683326.705805,6705,idle,1586.8,128.0,294.1,,,0,0,0,0
1775660270982239,1790683326.845652,6845,idle,1013.9,104.6,224.5,,,0,0,0,0
1775660411729275,1790683326.986398,6986,idle,4361.6,164.3,381.5,,,0,0,0,0
1775660550113136,1790683327.124783,7124,idle,1058.0,101.9,208.9,,,0,0,0,0
1775660691622138,1790683327.266292,7266,idle,1863.5,279.9,464.2,,,0,0,0,0
1775660831146578,1790683327.405816,7405,idle,1359.2,79.2,192.9,,,0,0,0,0
1775660970925801,1790683327.545596,7545,idle,1014.3,110.0,226.8,,,0,0,0,0
1775661111213093,1790683327.685882,7685,idle,1691.1,125.9,297.0,,,0,0,0,0
1775661251690377,1790683327.826360,7826,idle,1578.4,246.2,357.4,,,0,0,0,0
1775661391942133,1790683327.966611,7966,idle,2093.5,177.5,411.3,,,0,0,0,0
1775661531478686,1790683328.106149,8106,idle,1020.4,103.1,205.5,,,0,0,0,0
1775661671240406,1790683328.245910,8245,idle,1246.5,85.6,190.3,,,0,0,0,0
1775661811461100,1790683328.386131,8386,idle,1211.1,89.5,177.7,,,0,0,0,0
1775661950644185,1790683328.525314,8525,idle,1461.3,302.6,469.3,,,0,0,0,0
1775662091380484,1790683328.666051,8666,idle,1180.4,85.7,183.8,,,0,0,0,0
1775662231171685,1790683328.805842,8805,idle,1223.0,129.3,239.3,,,0,0,0,0
1775662371046657,1790683328.945717,8945,idle,1395.6,143.6,264.6,,,0,0,0,0
1775662511224047,1790683329.085893,9085,idle,19390.3,125.0,327.8,,,0,0,0,0
1775662651784370,1790683329.226454,9226,idle,2130.5,195.4,406.1,,,0,0,0,0
1775662791385353,1790683329.366055,9366,idle,1077.0,141.1,254.2,,,0,0,0,0
1775662930977966,1790683329.505648,9505,idle,1842.7,97.0,835.4,,,0,0,0,0
1775663071291582,1790683329.645962,9645,idle,1286.0,124.4,261.6,,,0,0,0,0
1775663211559023,1790683329.786228,9786,idle,4929.2,326.1,544.0,,,0,0,0,0
1775663351116336,1790683329.925785,9925,idle,2153.2,161.1,368.9,,,0,0,0,0
1775663491561735,1790683330.066231,10066,idle,2354.0,329.1,543.7,,,0,0,0,0
1775663631290851,1790683330.205961,10205,idle,1166.6,107.8,221.1,,,0,0,0,0
1775663770837612,1790683330.345508,10345,idle,1158.5,186.0,266.6,,,0,0,0,0
1775663911573067,1790683330.486243,10486,idle,1367.8,92.0,203.4,,,0,0,0,0
1775664051233384,1790683330.625903,10625,idle,3856.4,168.2,362.4,,,0,0,0,0
1775664190788956,1790683330.765459,10765,idle,1441.5,175.2,292.1,,,0,0,0,0
1775664331060429,1790683330.905730,10905,idle,1166.6,114.9,224.1,,,0,0,0,0
1775664470955151,1790683331.045625,11045,idle,1310.5,115.5,228.7,,,0,0,0,0
1775664610828239,1790683331.185498,11185,idle,1418.6,185.3,307.4,,,0,0,0,0
1775664751488275,1790683331.326158,11326,idle,1394.9,92.9,233.5,,,0,0,0,0
1775664890942992,1790683331.465613,11465,idle,1410.6,115.7,268.1,,,0,0,0,0
1775665031012852,1790683331.605682,11605,idle,1072.1,107.9,251.3,,,0,0,0,0
1775665170898284,1790683331.745568,11745,idle,1269.6,115.4,272.7,,,0,0,0,0
1775665311268245,1790683331.885938,11885,idle,1317.6,78.7,198.5,,,0,0,0,0
1775665450666823,1790683332.025337,12025,idle,2104.4,275.4,428.6,,,0,0,0,0
1775665591177472,1790683332.165848,12165,idle,1325.8,115.8,224.7,,,0,0,0,0
1775665730935058,1790683332.305604,12305,idle,1164.4,146.7,277.9,,,0,0,0,0
1775665871307119,1790683332.445977,12445,idle,1353.8,122.2,271.8,,,0,0,0,0
1775666011019292,1790683332.585689,12585,idle,1141.2,90.4,202.9,,,0,0,0,0
1775666152356456,1790683332.727026,12727,idle,1476.6,138.7,309.4,,,0,0,0,0
1775666291358706,1790683332.866029,12866,idle,1262.4,114.9,222.2,,,0,0,0,0
1775666431161966,1790683333.005832,13005,idle,1116.0,105.0,206.9,,,0,0,0,0
1775666570907654,1790683333.145578,13145,idle,1076.8,112.8,249.5,,,0,0,0,0
1775666710294347,1790683333.284964,13284,idle,1013.9,79.3,168.8,,,0,0,0,0
1775666851098775,1790683333.425769,13425,idle,1211.3,116.7,239.2,,,0,0,0,0
1775666991220286,1790683333.565890,13565,idle,1294.6,126.9,210.5,,,0,0,0,0
1775667130674402,1790683333.705344,13705,idle,1185.1,294.6,407.8,,,0,0,0,0
1775667271126108,1790683333.845796,13845,idle,1387.5,143.7,270.0,,,0,0,0,0
1775667410897129,1790683333.985567,13985,idle,1063.6,139.3,239.2,,,0,0,0,0
1775667551646425,1790683334.126316,14126,idle,1343.4,131.5,246.3,,,0,0,0,0
1775667690960131,1790683334.265630,14265,idle,944.8,105.8,213.7,,,0,0,0,0
1775667832261188,1790683334.406931,14406,idle,1220.7,104.5,200.1,,,0,0,0,0
1775667971253834,1790683334.545924,14545,idle,1228.6,107.7,192.5,,,0,0,0,0
1775668110893677,1790683334.685564,14685,idle,1519.3,93.1,240.2,,,0,0,0,0
1775668251012923,1790683334.825683,14825,idle,1138.5,109.9,232.3,,,0,0,0,0
1775668392017675,1790683334.966687,14966,idle,3887.9,107.0,3143.4,,,0,0,0,0
1775668537349798,1790683335.112020,112,tx,124507.3,135.8,255.7,,,1,0,0,1
1775668722577545,1790683335.297247,297,tx,53147.1,153.7,336.0,,,1,0,0,1
1775668866202612,1790683335.440861,440,tx,52700.5,68.4,156.4,,,1,0,0,1
1775669010596895,1790683335.585266,585,tx,71706.7,497.1,726.4,,,1,0,0,1
1775669152904472,1790683335.727575,727,tx,53605.0,262.4,373.6,,,1,0,0,1
1775669297220787,1790683335.871890,871,tx,52281.3,154.5,360.2,,,1,0,0,1
1775669441312479,1790683336.015982,1015,tx,52992.2,148.9,365.5,,,1,0,0,1
1775669586051541,1790683336.160721,1160,tx,52527.4,116.4,251.2,,,1,0,0,1
1775669729395288,1790683336.304065,1304,tx,52639.3,133.3,240.2,,,1,0,0,1
1775669873582430,1790683336.448252,1448,tx,52793.4,107.7,221.4,,,1,0,0,1
1775670017548213,1790683336.592218,1592,tx,61738.7,82.3,217.0,,,1,0,0,1
1775670161451215,1790683336.736120,1736,tx,52867.1,79.4,217.8,,,1,0,0,1
1775670305045228,1790683336.879715,1879,tx,55309.6,139.7,247.5,,,1,0,0,1
1775670451762192,1790683337.026432,2026,tx,60917.6,396.8,506.0,,,1,0,0,1
1775670596381254,1790683337.171051,2171,tx,52776.9,80.6,229.0,,,1,0,0,1
1775670740704230,1790683337.315374,2315,tx,53628.6,416.0,638.5,,,1,0,0,1
1775670885571250,1790683337.460241,2460,tx,53325.6,133.4,291.7,,,1,0,0,1
1775671030021240,1790683337.604691,2604,tx,52473.5,165.9,267.5,,,1,0,0,1
1775671173104683,1790683337.747774,2747,tx,52765.0,96.2,206.2,,,1,0,0,1
1775671317019457,1790683337.891689,2891,tx,51847.0,220.4,303.2,,,1,0,0,1
1775671460049254,1790683338.034719,3034,tx,52712.4,130.0,255.9,,,1,0,0,1
1775671605043163,1790683338.179713,3179,tx,60011.8,157.9,279.8,,,1,0,0,1
1775671745458652,1790683338.320128,3320,tx,52729.2,80.8,159.3,,,1,0,0,1
1775671888977555,1790683338.463648,3463,tx,52966.5,203.7,341.5,,,1,0,0,1
1775672035097104,1790683338.609767,3609,tx,52370.9,109.5,244.4,,,1,0,0,1
1775672178532251,1790683338.753202,3753,tx,52625.0,104.3,212.6,,,1,0,0,1
1775672322259874,1790683338.896930,3896,tx,52705.6,107.8,222.3,,,1,0,0,1
1775672465959412,1790683339.040629,4040,tx,52503.2,252.1,328.4,,,1,0,0,1
1775672610383201,1790683339.185053,4185,tx,52709.6,94.6,192.6,,,1,0,0,1
1775672754018568,1790683339.328688,4328,tx,62165.9,185.5,327.1,,,1,0,0,1
1775672898125551,1790683339.472795,4472,tx,53708.1,116.5,304.7,,,1,0,0,1
1775673042414418,1790683339.617084,4617,tx,51796.4,96.0,226.8,,,1,0,0,1
1775673184996733,1790683339.759667,4759,tx,52504.8,169.1,322.5,,,1,0,0,1
1775673328568799,1790683339.903239,4903,tx,52586.7,109.4,234.2,,,1,0,0,1
1775673472081750,1790683340.046751,5046,tx,53089.4,119.2,286.1,,,1,0,0,1
1775673615958534,1790683340.190629,5190,tx,61930.6,111.3,259.9,,,1,0,0,1
1775673759269299,1790683340.333939,5333,tx,52475.0,87.7,172.6,,,1,0,0,1
1775673902096939,1790683340.476767,5476,tx,55767.9,105.9,168.1,,,1,0,0,1
1775674039671322,1790683340.614341,5614,tx,53502.3,368.0,590.3,,,1,0,0,1
1775674184169256,1790683340.758838,5758,tx,52183.9,213.9,449.6,,,1,0,0,1
1775674328046779,1790683340.902716,5902,tx,51755.4,133.2,286.4,,,1,0,0,1
1775674470521733,1790683341.045192,6045,tx,52499.8,103.1,190.8,,,1,0,0,1
1775674615610403,1790683341.190280,6190,tx,57031.2,176.4,415.1,,,1,0,0,1
1775674754535287,1790683341.329205,6329,tx,54748.4,151.6,379.0,,,1,0,0,1
1775674899506069,1790683341.474175,6474,tx,63678.6,148.5,364.0,,,1,0,0,1
1775675043925148,1790683341.618595,6618,tx,52536.1,168.1,279.2,,,1,0,0,1
1775675187309200,1790683341.761979,6761,tx,52396.6,89.8,180.1,,,1,0,0,1
1775675330956431,1790683341.905626,6905,tx,52875.0,125.1,304.9,,,1,0,0,1
1775675474596375,1790683342.049266,7049,tx,52418.2,117.6,239.1,,,1,0,0,1
1775675618455777,1790683342.193125,7193,tx,52534.3,164.6,394.5,,,1,0,0,1
1775675762655772,1790683342.337326,7337,tx,51441.8,107.3,223.7,,,1,0,0,1
1775675906030173,1790683342.480699,7480,tx,56511.1,130.9,287.9,,,1,0,0,1
1775676044068668,1790683342.618738,7618,tx,52300.3,162.8,397.2,,,1,0,0,1
1775676188102297,1790683342.762771,7762,tx,52438.2,209.3,444.9,,,1,0,0,1
1775676325118511,1790683342.899789,7899,tx,52753.2,126.7,299.1,,,1,0,0,1
1775676468542571,1790683343.043213,8043,tx,55683.9,84.2,192.7,,,1,0,0,1
1775676612681925,1790683343.187352,8187,tx,52664.8,88.4,212.6,,,1,0,0,1
1775676755899869,1790683343.330570,8330,tx,55401.0,193.4,317.9,,,1,0,0,1
1775676899464948,1790683343.474135,8474,tx,52596.4,120.8,256.2,,,1,0,0,1
1775677043075257,1790683343.617745,8617,tx,52327.6,78.4,193.1,,,1,0,0,1
1775677186861116,1790683343.761531,8761,tx,63310.7,245.3,333.1,,,1,0,0,1
1775677329961075,1790683343.904631,8904,tx,51312.5,148.9,239.3,,,1,0,0,1
1775677472219621,1790683344.046890,9046,tx,51678.9,123.7,253.1,,,1,0,0,1
1775677615144080,1790683344.189814,9189,tx,51514.0,109.1,204.2,,,1,0,0,1
1775677758326783,1790683344.332996,9332,tx,52584.6,116.1,311.1,,,1,0,0,1
1775677901587341,1790683344.476257,9476,tx,56713.9,110.0,173.7,,,1,0,0,1
1775678039535605,1790683344.614206,9614,tx,52628.5,112.6,211.1,,,1,0,0,1
1775678183071186,1790683344.757741,9757,tx,52791.7,146.2,272.1,,,1,0,0,1
1775678326631513,1790683344.901302,9901,tx,52663.9,125.6,275.1,,,1,0,0,1
1775678470415166,1790683345.045085,10045,tx,62382.7,141.0,267.8,,,1,0,0,1
1775678615041878,1790683345.189712,10189,tx,51644.3,99.4,268.9,,,1,0,0,1
1775678757349023,1790683345.332019,10332,tx,54842.3,132.4,325.4,,,1,0,0,1
1775678901380064,1790683345.476050,10476,tx,61548.3,125.0,284.6,,,1,0,0,1
1775679044651027,1790683345.619321,10619,tx,53205.5,105.6,307.1,,,1,0,0,1
1775679189466178,1790683345.764136,10764,tx,52549.2,112.8,254.1,,,1,0,0,1
1775679333928208,1790683345.908598,10908,tx,52983.2,177.4,361.8,,,1,0,0,1
1775679478725256,1790683346.053394,11053,tx,53294.9,326.2,514.4,,,1,0,0,1
1775679623797524,1790683346.198467,11198,tx,52126.4,288.5,472.5,,,1,0,0,1
1775679766781312,1790683346.341451,11341,tx,52692.0,170.9,292.9,,,1,0,0,1
1775679904302358,1790683346.478972,11478,tx,63297.3,166.9,3920.3,,,1,0,0,1
1775680048894203,1790683346.623564,11623,tx,52179.5,217.6,361.8,,,1,0,0,1
1775680191866309,1790683346.766536,11766,tx,52799.0,231.7,394.2,,,1,0,0,1
1775680332764327,1790683346.907433,11907,tx,53309.7,185.6,487.1,,,1,0,0,1
1775680477092926,1790683347.051762,12051,tx,53028.9,139.1,347.4,,,1,0,0,1
1775680621157396,1790683347.195827,12195,tx,52928.9,132.6,367.7,,,1,0,0,1
1775680764674428,1790683347.339344,12339,tx,63749.9,138.7,273.8,,,1,0,0,1
1775680907369583,1790683347.482039,12482,tx,58258.9,126.8,271.7,,,1,0,0,1
1775681047056629,1790683347.621726,12621,tx,52916.2,150.4,294.9,,,1,0,0,1
1775681190783455,1790683347.765453,12765,tx,52564.3,116.8,208.9,,,1,0,0,1
1775681334665611,1790683347.909336,12909,tx,52296.8,129.1,225.6,,,1,0,0,1
1775681478081386,1790683348.052751,13052,tx,52804.8,146.8,265.2,,,1,0,0,1
1775681621617294,1790683348.196287,13196,tx,51618.6,140.8,241.7,,,1,0,0,1
1775681764438701,1790683348.339108,13339,tx,52893.5,140.6,312.7,,,1,0,0,1
1775681908342989,1790683348.483012,13483,tx,64143.2,155.8,337.2,,195478.2,1,0,0,1
1775682053690959,1790683348.628361,13628,tx,52668.5,113.6,220.0,,,0,0,0,0
1775682197388701,1790683348.772059,13772,idle,52006.1,114.8,246.7,,,0,0,0,0
1775682341405384,1790683348.916075,13916,idle,140428.8,101.9,220.8,,,0,0,0,0
1775682574576828,1790683349.149247,14149,idle,4765.3,78.4,129.6,,,0,0,0,0
1775682714749294,1790683349.289419,14289,idle,1636.2,108.2,241.6,,,0,0,0,0
1775682854709988,1790683349.429380,14429,idle,1500.4,84.4,266.7,,,0,0,0,0
1775682995052473,1790683349.569722,14569,idle,2130.5,206.4,388.3,,,0,0,0,0
1775683134738256,1790683349.709408,14709,idle,1648.6,99.2,287.8,,,0,0,0,0
1775683274544626,1790683349.849215,14849,idle,1373.9,113.8,242.6,,,0,0,0,0
1775683414809063,1790683349.989479,14989,idle,2576.4,379.4,594.7,,,0,0,0,0
1775683554577322,1790683350.129247,129,idle,1552.0,129.1,250.7,,,0,0,0,0
1775683695483510,1790683350.270153,270,idle,2010.1,157.4,371.6,,,0,0,0,0
1775683835189648,1790683350.409859,409,idle,1590.9,105.4,274.0,,,0,0,0,0
1775683974277004,1790683350.548946,548,idle,2258.5,114.6,385.0,,,0,0,0,0
1775684114780335,1790683350.689450,689,idle,1315.9,96.7,190.9,,,0,0,0,0
1775684254481746,1790683350.829152,829,idle,1371.0,112.0,231.7,,,0,0,0,0
1775684394414013,1790683350.969084,969,idle,1524.9,97.0,204.6,,,0,0,0,0
1775684535822283,1790683351.110492,1110,idle,1460.6,129.9,228.6,,,0,0,0,0
1775684675155236,1790683351.249825,1249,idle,1235.7,154.8,256.9,,,0,0,0,0
1775684814467742,1790683351.389138,1389,idle,1695.2,90.4,198.8,,,0,0,0,0
1775684954994296,1790683351.529664,1529,idle,1538.1,281.3,453.4,,,0,0,0,0
1775685094765079,1790683351.669434,1669,idle,2640.6,467.4,698.4,,,0,0,0,0
1775685235105771,1790683351.809775,1809,idle,2586.6,240.9,448.2,,,0,0,0,0
1775685375431703,1790683351.950101,1950,idle,2221.5,146.0,336.5,,,0,0,0,0
1775685514621538,1790683352.089292,2089,idle,1398.8,75.1,211.7,,,0,0,0,0
1775685655095087,1790683352.229764,2229,idle,2403.5,169.3,371.2,,,0,0,0,0
1775685794694507,1790683352.369365,2369,idle,1248.6,105.1,208.3,,,0,0,0,0
1775685934561791,1790683352.509232,2509,idle,1322.7,105.5,207.0,,,0,0,0,0
1775686075818360,1790683352.650488,2650,idle,1364.7,108.0,224.3,,,0,0,0,0
1775686214232947,1790683352.788903,2788,idle,1023.4,141.3,242.0,,,0,0,0,0
1775686355315979,1790683352.929985,2929,idle,2377.0,184.0,396.8,,,0,0,0,0
1775686494783728,1790683353.069453,3069,idle,1460.0,82.0,168.6,,,0,0,0,0
1775686638264599,1790683353.212935,3212,idle,1081.6,126.7,231.5,,,0,0,0,0
1775686784429645,1790683353.359099,3359,idle,1315.5,135.2,240.9,,,0,0,0,0
1775686925049533,1790683353.499719,3499,idle,2044.5,252.5,407.7,,,0,0,0,0
1775687064897718,1790683353.639567,3639,idle,1570.6,370.6,561.0,,,0,0,0,0
1775687204439048,1790683353.779109,3779,idle,3469.3,425.2,578.7,,,0,0,0,0
1775687345674603,1790683353.920344,3920,idle,1727.2,133.8,291.6,,,0,0,0,0
1775687484675331,1790683354.059345,4059,idle,1319.5,93.8,214.6,,,0,0,0,0
1775687624637315,1790683354.199307,4199,idle,1909.7,96.4,280.2,,,0,0,0,0
1775687764939318,1790683354.339609,4339,idle,2268.5,137.0,439.9,,,0,0,0,0
1775687905198810,1790683354.479867,4479,idle,14318.8,152.8,425.4,,,0,0,0,0
1775688045065570,1790683354.619735,4619,idle,4639.3,241.1,396.6,,,0,0,0,0
1775688184730555,1790683354.759400,4759,idle,4584.6,90.5,259.2,,,0,0,0,0
1775688324067591,1790683354.898737,4898,idle,1173.7,123.1,252.7,,,0,0,0,0
1775688465023537,1790683355.039670,5039,idle,2129.0,156.7,418.2,,,0,0,0,0
1775688604729002,1790683355.179399,5179,idle,5753.2,138.9,332.8,,,0,0,0,0
1775688745187479,1790683355.319856,5319,idle,2265.6,154.2,512.9,,,0,0,0,0
1775688885196734,1790683355.459867,5459,idle,1112.3,86.9,202.4,,,0,0,0,0
1775689024877921,1790683355.599548,5599,idle,1146.0,105.5,208.5,,,0,0,0,0
1775689164381071,1790683355.739051,5739,idle,2389.1,144.1,346.3,,,0,0,0,0
1775689305527939,1790683355.880197,5880,idle,8935.1,122.6,310.4,,,0,0,0,0
1775689445516353,1790683356.020186,6020,idle,1457.5,119.4,255.3,,,0,0,0,0
1775689584080615,1790683356.158751,6158,idle,1260.0,101.8,231.6,,,0,0,0,0
1775689724603231,1790683356.299273,6299,idle,1126.5,78.4,156.4,,,0,0,0,0
1775689865525541,1790683356.440195,6440,idle,2168.9,150.5,384.2,,,0,0,0,0
1775690005050208,1790683356.579720,6579,idle,983.6,174.1,270.8,,,0,0,0,0
1775690144163245,1790683356.718833,6718,idle,1180.3,116.7,221.1,,,0,0,0,0
1775690285082872,1790683356.859753,6859,idle,1008.2,181.7,265.0,,,0,0,0,0
1775690424813879,1790683356.999484,6999,idle,1435.3,95.1,224.1,,,0,0,0,0
1775690565163177,1790683357.139833,7139,idle,1431.1,117.2,324.4,,,0,0,0,0
1775690704714028,1790683357.279384,7279,idle,5833.6,90.6,222.3,,,0,0,0,0
1775690844629228,1790683357.419299,7419,idle,1763.1,91.9,246.1,,,0,0,0,0
1775690984967931,1790683357.559638,7559,idle,1296.9,234.4,359.1,,,0,0,0,0
1775691124710642,1790683357.699380,7699,idle,1273.4,103.0,232.7,,,0,0,0,0
1775691264732382,1790683357.839402,7839,idle,2683.5,132.7,317.2,,,0,0,0,0
1775691404220701,1790683357.978891,7978,idle,6036.8,117.5,238.8,,,0,0,0,0
1775691548342698,1790683358.123012,8123,idle,1342.9,99.8,244.6,,,0,0,0,0
1775691694966759,1790683358.269637,8269,idle,1222.2,265.2,365.1,,,0,0,0,0
1775691835029754,1790683358.409700,8409,idle,1534.8,203.2,343.5,,,0,0,0,0
1775691974262634,1790683358.548933,8548,idle,1634.1,121.5,320.7,,,0,0,0,0
1775692114878560,1790683358.689548,8689,idle,1423.0,98.9,194.3,,,0,0,0,0
1775692254362232,1790683358.829032,8829,idle,1081.7,112.0,220.3,,,0,0,0,0
1775692394040878,1790683358.968711,8968,idle,1236.1,223.0,324.7,,,0,0,0,0
1775692535064055,1790683359.109734,9109,idle,6267.6,96.7,429.6,,,0,0,0,0
1775692674229096,1790683359.248899,9248,idle,1202.4,91.7,277.5,,,0,0,0,0
1775692813947855,1790683359.388618,9388,idle,1349.0,343.7,464.8,,,0,0,0,0
1775692955153258,1790683359.529822,9529,idle,4672.8,110.8,338.4,,,0,0,0,0
1775693094878955,1790683359.669549,9669,idle,1337.0,119.6,229.9,,,0,0,0,0
1775693234437282,1790683359.809107,9809,idle,1910.1,123.4,275.7,,,0,0,0,0
1775693374397515,1790683359.949068,9949,idle,1029.9,103.8,207.4,,,0,0,0,0
1775693514923797,1790683360.089594,10089,idle,2208.3,329.4,504.6,,,0,0,0,0
1775693655249956,1790683360.229919,10229,idle,2286.4,154.0,394.1,,,0,0,0,0
1775693795209491,1790683360.369879,10369,idle,2219.7,190.3,391.2,,,0,0,0,0
1775693934597895,1790683360.509268,10509,idle,1150.5,74.0,172.4,,,0,0,0,0
1775694074791715,1790683360.649462,10649,idle,1261.9,107.4,207.5,,,0,0,0,0
1775694215622340,1790683360.790291,10790,idle,7020.7,187.3,405.0,,,0,0,0,0
1775694354691298,1790683360.929361,10929,idle,1410.3,83.7,181.4,,,0,0,0,0
1775694494292971,1790683361.068963,11068,idle,1800.4,130.1,284.9,,,0,0,0,0
1775694634359923,1790683361.209030,11209,idle,1080.3,83.2,180.2,,,0,0,0,0
1775694775118863,1790683361.349788,11349,idle,2314.3,115.8,316.7,,,0,0,0,0
1775694914907655,1790683361.489577,11489,idle,11517.3,263.7,530.5,,,0,0,0,0
1775695054723846,1790683361.629394,11629,idle,1149.9,108.2,213.6,,,0,0,0,0
1775695194574706,1790683361.769244,11769,idle,1287.6,135.1,262.2,,,0,0,0,0
1775695333673931,1790683361.908344,11908,idle,959.3,108.2,174.4,,,0,0,0,0
1775695475668877,1790683362.050338,12050,idle,2231.6,141.2,369.9,,,0,0,0,0
1775695614467638,1790683362.189137,12189,idle,3231.2,179.8,380.1,,,0,0,0,0
1775695754574171,1790683362.329244,12329,idle,1825.1,150.9,296.3,,,0,0,0,0
1775695894551292,1790683362.469221,12469,idle,1161.7,110.0,188.6,,,0,0,0,0
1775696034947948,1790683362.609618,12609,idle,1627.8,293.5,445.8,,,0,0,0,0
1775696175052198,1790683362.749722,12749,idle,1565.1,170.3,337.7,,,0,0,0,0
1775696314307545,1790683362.888977,12888,idle,1244.6,105.4,221.7,,,0,0,0,0
1775696454180588,1790683363.028850,13028,idle,1414.9,98.5,199.4,,,0,0,0,0
1775696594963911,1790683363.169634,13169,idle,1203.6,131.5,226.9,,,0,0,0,0
1775696734373585,1790683363.309043,13309,idle,1710.8,119.0,326.8,,,0,0,0,0
1775696875020307,1790683363.449690,13449,idle,1419.7,304.8,425.1,,,0,0,0,0
1775697014600314,1790683363.589270,13589,idle,1166.0,110.8,198.0,,,0,0,0,0
1775697154443661,1790683363.729114,13729,idle,916.7,106.1,209.6,,,0,0,0,0
1775697294839014,1790683363.869509,13869,idle,1077.8,74.4,138.5,,,0,0,0,0
1775697434174961,1790683364.008845,14008,idle,1259.2,120.7,283.9,,,0,0,0,0
1775697574395261,1790683364.149065,14149,idle,1042.5,98.3,210.0,,,0,0,0,0
1775697714150942,1790683364.288821,14288,idle,1376.0,149.7,264.1,,,0,0,0,0
1775697854243654,1790683364.428914,14428,decode,1103.4,78.6,215.8,,,0,0,1,0
1775697994483427,1790683364.569154,14569,idle,955.7,110.0,174.6,,,0,0,0,0
1775698135155569,1790683364.709826,14709,idle,1307.6,148.6,268.2,,,0,0,0,0
1775698274523983,1790683364.849194,14849,idle,1284.1,110.4,216.7,,,0,0,0,0
1775698414525834,1790683364.989196,14989,idle,1166.4,83.5,234.6,,,0,0,0,0
1775698616665651,1790683365.191335,191,tx,59697.7,87.9,156.8,,,1,0,0,1
1775698756987854,1790683365.331658,331,tx,54169.5,80.0,166.5,,,1,0,0,1
1775698900611282,1790683365.475281,475,tx,62256.4,79.9,162.5,,,1,0,0,1
1775699044129409,1790683365.618799,618,tx,52490.7,355.5,452.3,,,1,0,0,1
1775699187712917,1790683365.762383,762,tx,52793.7,76.9,200.2,,,1,0,0,1
1775699325150204,1790683365.899820,899,tx,51787.7,225.0,394.7,,,1,0,0,1
1775699467874622,1790683366.042545,1042,tx,52587.5,80.5,187.0,,,1,0,0,1
1775699611169394,1790683366.185839,1185,tx,51890.2,312.0,421.3,,,1,0,0,1
1775699753979836,1790683366.328650,1328,tx,53212.7,98.1,212.8,,,1,0,0,1
1775699897552459,1790683366.472223,1472,tx,51843.4,105.0,256.7,,,1,0,0,1
1775700041042238,1790683366.615712,1615,tx,53093.8,395.5,524.5,,,1,0,0,1
1775700184602808,1790683366.759273,1759,tx,51846.0,110.4,245.6,,,1,0,0,1
1775700327798919,1790683366.902469,1902,tx,52740.7,148.5,273.4,,,1,0,0,1
1775700471992693,1790683367.046662,2046,tx,52880.2,340.2,602.4,,,1,0,0,1
1775700615919889,1790683367.190590,2190,tx,51659.0,133.7,245.3,,,1,0,0,1
1775700758894229,1790683367.333564,2333,tx,53860.8,135.9,234.8,,,1,0,0,1
1775700903261067,1790683367.477931,2477,tx,60365.8,177.7,302.8,,,1,0,0,1
1775701044727954,1790683367.619398,2619,tx,52934.1,99.8,412.5,,,1,0,0,1
1775701188885135,1790683367.763555,2763,tx,51797.8,100.8,207.7,,,1,0,0,1
1775701335242318,1790683367.909912,2909,tx,53102.7,169.1,334.8,,,1,0,0,1
1775701479573088,1790683368.054243,3054,tx,52761.7,86.6,189.7,,,1,0,0,1
1775701623677108,1790683368.198347,3198,tx,52953.0,93.7,209.2,,,1,0,0,1
1775701768142467,1790683368.342812,3342,tx,53313.9,297.4,477.8,,,1,0,0,1
1775701912261926,1790683368.486932,3486,tx,51860.3,234.9,345.4,,,1,0,0,1
1775702055280857,1790683368.629951,3629,tx,67589.6,166.4,298.0,,,1,0,0,1
1775702199287143,1790683368.773957,3773,tx,66433.6,430.0,3294.7,,,1,0,0,1
1775702346139231,1790683368.920809,3920,tx,52692.7,356.1,469.1,,,1,0,0,1
1775702489566603,1790683369.064236,4064,tx,56878.5,117.5,3604.7,,,1,0,0,1
1775702628994942,1790683369.203665,4203,tx,52641.4,110.3,231.9,,,1,0,0,1
1775702772777055,1790683369.347447,4347,tx,52875.3,76.7,152.0,,,1,0,0,1
1775702916654343,1790683369.491324,4491,tx,52680.5,121.8,314.7,,,1,0,0,1
1775703060427407,1790683369.635097,4635,tx,51404.3,74.1,143.1,,,1,0,0,1
1775703203308144,1790683369.777977,4777,tx,67557.5,192.1,419.6,,,1,0,0,1
1775703342201832,1790683369.916871,4916,tx,53423.5,232.8,443.0,,,1,0,0,1
1775703487416726,1790683370.062086,5062,tx,53540.4,147.5,282.2,,,1,0,0,1
1775703624924403,1790683370.199594,5199,tx,52485.0,87.1,184.5,,,1,0,0,1
1775703768798509,1790683370.343468,5343,tx,52429.7,114.3,212.2,,,1,0,0,1
1775703913448790,1790683370.488119,5488,tx,52648.4,117.8,200.4,,,1,0,0,1
1775704057257867,1790683370.631928,5631,tx,52226.3,95.6,198.6,,,1,0,0,1
1775704200549773,1790683370.775220,5775,tx,59760.4,130.3,230.4,,,1,0,0,1
1775704341665447,1790683370.916335,5916,tx,52515.1,87.6,174.3,,,1,0,0,1
1775704484724087,1790683371.059394,6059,tx,52505.0,136.7,239.7,,,1,0,0,1
1775704627964551,1790683371.202635,6202,tx,52540.9,142.6,264.4,,,1,0,0,1
1775704772695300,1790683371.347365,6347,tx,53441.6,157.8,406.1,,,1,0,0,1
1775704917047243,1790683371.491717,6491,tx,52403.6,94.5,184.5,,,1,0,0,1
1775705060742774,1790683371.635413,6635,tx,51527.2,73.9,168.4,,,1,0,0,1
1775705202988055,1790683371.777658,6777,tx,56720.8,113.1,225.1,,,1,0,0,1
1775705340310466,1790683371.914980,6914,tx,52320.5,82.8,181.0,,,1,0,0,1
1775705483342673,1790683372.058013,7058,tx,52299.6,106.5,190.9,,,1,0,0,1
1775705627440245,1790683372.202110,7202,tx,65118.0,122.3,238.8,,,1,0,0,1
1775705771594330,1790683372.346264,7346,tx,52528.7,103.5,199.1,,,1,0,0,1
1775705915034673,1790683372.489705,7489,tx,51557.9,111.7,219.3,,,1,0,0,1
1775706058130539,1790683372.632800,7632,tx,52825.5,209.7,345.3,,,1,0,0,1
1775706202450971,1790683372.777121,7777,tx,65999.9,133.1,296.9,,,1,0,0,1
1775706339599860,1790683372.914270,7914,tx,52968.3,86.1,175.9,,,1,0,0,1
1775706484580684,1790683373.059250,8059,tx,53147.9,159.5,355.3,,,1,0,0,1
1775706628555818,1790683373.203226,8203,tx,52706.5,114.4,296.5,,,1,0,0,1
1775706772285720,1790683373.346956,8346,tx,51359.2,89.5,192.8,,,1,0,0,1
1775706915129851,1790683373.489799,8489,tx,57255.0,197.3,418.4,,,1,0,0,1
1775707053283772,1790683373.627954,8627,tx,54873.9,127.4,216.7,,,1,0,0,1
1775707195489411,1790683373.770159,8770,tx,52617.6,136.3,234.5,,,1,0,0,1
1775707339354923,1790683373.914025,8914,tx,51833.4,129.7,223.4,,,1,0,0,1
1775707482558457,1790683374.057228,9057,tx,52799.6,142.7,253.0,,,1,0,0,1
1775707626340196,1790683374.201010,9201,tx,53564.8,161.5,451.7,,,1,0,0,1
1775707770573592,1790683374.345244,9345,tx,52500.9,101.7,218.9,,,1,0,0,1
1775707913649017,1790683374.488319,9488,tx,52602.4,124.9,245.9,,,1,0,0,1
1775708057596174,1790683374.632266,9632,tx,55487.0,145.1,294.1,,,1,0,0,1
1775708200654237,1790683374.775324,9775,tx,58576.4,94.9,289.1,,,1,0,0,1
1775708339878016,1790683374.914548,9914,tx,52320.4,119.6,215.4,,,1,0,0,1
1775708482755639,1790683375.057426,10057,tx,52877.2,90.4,187.3,,,1,0,0,1
1775708626917731,1790683375.201588,10201,tx,52552.6,112.0,232.0,,,1,0,0,1
1775708770898283,1790683375.345568,10345,tx,51484.6,124.8,243.8,,,1,0,0,1
1775708913206089,1790683375.487876,10487,tx,51516.8,195.6,321.3,,,1,0,0,1
1775709056578058,1790683375.631247,10631,tx,52913.7,151.1,338.9,,,1,0,0,1
1775709200777795,1790683375.775448,10775,tx,61563.0,84.1,176.5,,,1,0,0,1
1775709343140493,1790683375.917810,10917,tx,51687.0,242.9,391.9,,,1,0,0,1
1775709485706597,1790683376.060376,11060,tx,52766.7,128.6,277.9,,,1,0,0,1
1775709629746208,1790683376.204416,11204,tx,52818.2,127.9,277.3,,,1,0,0,1
1775709774269898,1790683376.348939,11348,tx,52546.6,104.9,240.5,,,1,0,0,1
1775709918309960,1790683376.492980,11492,tx,55070.1,104.0,223.0,,,1,0,0,1
1775710064650576,1790683376.639320,11639,tx,52608.7,87.2,209.2,,,1,0,0,1
1775710208045009,1790683376.782715,11782,tx,56140.1,283.2,436.9,,,1,0,0,1
1775710354954845,1790683376.929625,11929,tx,56502.5,123.9,275.3,,,1,0,0,1
1775710498721426,1790683377.073391,12073,tx,52633.3,91.5,193.2,,,1,0,0,1
1775710642468642,1790683377.217139,12217,tx,52593.7,118.9,248.4,,,1,0,0,1
1775710785589155,1790683377.360259,12360,tx,52534.9,90.4,216.1,,,1,0,0,1
1775710928960405,1790683377.503630,12503,tx,52697.9,134.2,306.3,,,1,0,0,1
1775711073167806,1790683377.647837,12647,tx,52301.3,170.5,406.9,,,1,0,0,1
1775711216413534,1790683377.791083,12791,tx,52273.8,108.7,217.9,,,1,0,0,1
1775711359802354,1790683377.934473,12934,tx,52617.1,117.0,211.1,,,1,0,0,1
1775711503768990,1790683378.078439,13078,tx,63936.1,121.2,248.9,,,1,0,0,1
1775711648112791,1790683378.222783,13222,tx,52485.0,283.7,390.9,,,1,0,0,1
1775711791297245,1790683378.365967,13365,tx,52438.3,124.1,250.0,,,1,0,0,1
1775711936706797,1790683378.511377,13511,tx,52604.2,91.1,193.5,,166513.0,1,0,0,1
1775712080180584,1790683378.654850,13654,tx,52602.6,261.9,351.5,,,0,0,0,0
1775712223934951,1790683378.798605,13798,idle,51651.5,113.3,225.9,,,0,0,0,0
1775712426077587,1790683379.000747,14000,idle,15418.8,448.2,621.3,,,0,0,0,0
1775712567805705,1790683379.142476,14142,idle,1185.2,73.7,173.3,,,0,0,0,0
1775712707856046,1790683379.282526,14282,idle,1473.1,179.6,352.3,,,0,0,0,0
1775712848035699,1790683379.422705,14422,idle,1283.4,81.6,175.4,,,0,0,0,0
1775712988678096,1790683379.563348,14563,idle,1363.3,107.0,214.6,,,0,0,0,0
1775713128159906,1790683379.702830,14702,idle,1313.6,398.8,510.9,,,0,0,0,0
1775713267926684,1790683379.842597,14842,idle,1237.6,134.2,249.6,,,0,0,0,0
1775713408426808,1790683379.983096,14983,idle,6024.1,117.6,285.0,,,0,0,0,0
1775713548567760,1790683380.123238,123,idle,1074.2,81.1,177.1,,,0,0,0,0
1775713687725883,1790683380.262396,262,idle,1380.5,87.1,174.1,,,0,0,0,0
1775713827731389,1790683380.402401,402,idle,1257.2,75.7,205.7,,,0,0,0,0
1775713968522702,1790683380.543193,543,idle,1005.0,105.0,199.0,,,0,0,0,0
1775714107685008,1790683380.682355,682,idle,1435.8,112.0,263.2,,,0,0,0,0
1775714247922005,1790683380.822592,822,idle,1248.2,101.8,209.1,,,0,0,0,0
1775714387953106,1790683380.962623,962,idle,1181.2,106.2,186.9,,,0,0,0,0
1775714527710130,1790683381.102380,1102,idle,954.8,74.4,169.2,,,0,0,0,0
1775714668659938,1790683381.243330,1243,idle,2125.7,167.4,1033.0,,,0,0,0,0
1775714807649553,1790683381.382319,1382,idle,1539.9,79.3,207.1,,,0,0,0,0
1775714947852236,1790683381.522522,1522,idle,1233.2,108.8,178.5,,,0,0,0,0
1775715088068354,1790683381.662738,1662,idle,1225.6,105.0,181.6,,,0,0,0,0
1775715228020969,1790683381.802691,1802,idle,1086.5,76.3,152.7,,,0,0,0,0
1775715368026878,1790683381.942697,1942,idle,1076.8,112.2,197.8,,,0,0,0,0
1775715513056303,1790683382.087726,2087,idle,21608.9,2104.0,8129.6,,,0,0,0,0
1775715658671287,1790683382.233341,2233,idle,3147.3,462.0,583.5,,,0,0,0,0
1775715798678047,1790683382.373348,2373,idle,1766.4,101.1,264.9,,,0,0,0,0
1775715938810019,1790683382.513480,2513,idle,1761.6,97.7,226.2,,,0,0,0,0
1775716078154448,1790683382.652824,2652,idle,1310.5,110.9,195.8,,,0,0,0,0
1775716218023076,1790683382.792692,2792,idle,1498.7,120.8,269.4,,,0,0,0,0
1775716358819209,1790683382.933489,2933,idle,1424.1,114.6,208.3,,,0,0,0,0
1775716498421219,1790683383.073091,3073,idle,1376.1,196.7,314.6,,,0,0,0,0
1775716638881482,1790683383.213551,3213,idle,1458.4,120.6,258.1,,,0,0,0,0
1775716777678588,1790683383.352348,3352,idle,1006.3,122.3,222.4,,,0,0,0,0
1775716918611665,1790683383.493281,3493,idle,9347.3,149.7,350.0,,,0,0,0,0
1775717058593903,1790683383.633263,3633,idle,2144.1,111.9,308.7,,,0,0,0,0
1775717199305494,1790683383.773975,3773,idle,23281.3,184.2,400.9,,,0,0,0,0
1775717337774200,1790683383.912444,3912,idle,884.8,84.5,159.3,,,0,0,0,0
1775717478174770,1790683384.052845,4052,idle,1251.4,278.9,373.5,,,0,0,0,0
1775717618949404,1790683384.193619,4193,idle,1110.4,115.5,219.7,,,0,0,0,0
1775717758588795,1790683384.333258,4333,idle,1075.7,108.7,223.6,,,0,0,0,0
1775717898689414,1790683384.473359,4473,idle,1364.7,93.8,210.8,,,0,0,0,0
1775718037620906,1790683384.612291,4612,idle,1039.2,97.1,205.1,,,0,0,0,0
1775718179133465,1790683384.753803,4753,idle,1197.7,105.2,197.9,,,0,0,0,0
1775718319332224,1790683384.894001,4894,idle,5864.5,120.5,320.6,,,0,0,0,0
1775718458964172,1790683385.033633,5033,idle,2235.6,194.6,400.6,,,0,0,0,0
1775718598530608,1790683385.173200,5173,idle,2159.8,151.4,384.7,,,0,0,0,0
1775718737595120,1790683385.312265,5312,idle,927.6,101.1,195.6,,,0,0,0,0
1775718878837062,1790683385.453506,5453,idle,1901.4,150.2,301.8,,,0,0,0,0
1775719019205977,1790683385.593875,5593,idle,5819.1,234.5,456.6,,,0,0,0,0
1775719158015116,1790683385.732685,5732,idle,1343.2,95.9,213.0,,,0,0,0,0
1775719298894061,1790683385.873563,5873,idle,2340.4,157.5,398.2,,,0,0,0,0
1775719437953571,1790683386.012624,6012,idle,1108.6,106.7,205.9,,,0,0,0,0
1775719578924526,1790683386.153594,6153,idle,1639.5,141.1,310.8,,,0,0,0,0
1775719719137549,1790683386.293806,6293,idle,6551.7,299.2,516.5,,,0,0,0,0
1775719858470841,1790683386.433141,6433,idle,1068.3,110.9,215.1,,,0,0,0,0
1775719998081024,1790683386.572751,6572,idle,1373.2,84.4,200.2,,,0,0,0,0
1775720138031302,1790683386.712701,6712,idle,1230.3,111.6,222.3,,,0,0,0,0
1775720278556525,1790683386.853226,6853,idle,1245.1,89.5,215.7,,,0,0,0,0
1775720418175383,1790683386.992845,6992,idle,1121.3,85.7,186.9,,,0,0,0,0
1775720558642741,1790683387.133313,7133,idle,996.3,83.6,161.9,,,0,0,0,0
1775720699931107,1790683387.274601,7274,idle,14822.2,125.9,353.1,,,0,0,0,0
1775720837905945,1790683387.412576,7412,idle,1129.7,105.2,196.7,,,0,0,0,0
1775720979442111,1790683387.554112,7554,idle,1269.4,127.0,238.4,,,0,0,0,0
1775721118576363,1790683387.693246,7693,idle,4827.6,128.1,314.9,,,0,0,0,0
1775721258349394,1790683387.833019,7833,idle,2149.9,153.9,375.8,,,0,0,0,0
1775721398261343,1790683387.972931,7972,idle,1592.4,244.8,364.8,,,0,0,0,0
1775721538062425,1790683388.112732,8112,idle,1991.6,134.7,297.1,,,0,0,0,0
1775721678885314,1790683388.253555,8253,idle,2560.1,169.7,386.7,,,0,0,0,0
1775721818703935,1790683388.393374,8393,idle,1530.6,119.0,254.8,,,0,0,0,0
1775721959195100,1790683388.533864,8533,idle,2490.8,201.1,484.5,,,0,0,0,0
1775722098339849,1790683388.673010,8673,idle,1042.7,177.6,277.4,,,0,0,0,0
1775722237669315,1790683388.812340,8812,idle,917.6,79.7,153.3,,,0,0,0,0
1775722378711883,1790683388.953382,8953,idle,1348.3,86.5,186.9,,,0,0,0,0
1775722518278378,1790683389.092947,9092,idle,20240.5,188.6,374.4,,,0,0,0,0
1775722658844338,1790683389.233514,9233,idle,2087.6,129.6,372.7,,,0,0,0,0
1775722797735453,1790683389.372406,9372,idle,856.9,79.9,183.8,,,0,0,0,0
1775722938793712,1790683389.513463,9513,idle,1202.9,85.6,183.6,,,0,0,0,0
1775723078506649,1790683389.653176,9653,idle,1991.0,111.1,294.8,,,0,0,0,0
1775723218923861,1790683389.793593,9793,idle,4826.7,152.2,367.9,,,0,0,0,0
1775723359527014,1790683389.934196,9934,idle,2385.9,155.7,363.1,,,0,0,0,0
1775723498508610,1790683390.073179,10073,idle,926.7,93.7,183.3,,,0,0,0,0
1775723638431552,1790683390.213101,10213,idle,2711.0,126.3,381.2,,,0,0,0,0
1775723780636313,1790683390.355306,10355,idle,6600.6,965.2,4381.4,,,0,0,0,0
1775723918573934,1790683390.493244,10493,idle,1031.6,104.0,186.0,,,0,0,0,0
1775724058132563,1790683390.632802,10632,idle,1989.4,123.4,314.1,,,0,0,0,0
1775724198636547,1790683390.773305,10773,idle,2183.9,116.8,304.8,,,0,0,0,0
1775724337714016,1790683390.912384,10912,idle,892.8,106.6,205.6,,,0,0,0,0
1775724482288246,1790683391.056957,11056,idle,3979.5,137.9,964.9,,,0,0,0,0
1775724628913209,1790683391.203583,11203,idle,1053.9,99.2,205.0,,,0,0,0,0
1775724768838872,1790683391.343509,11343,idle,1413.8,87.5,209.3,,,0,0,0,0
1775724908609347,1790683391.483278,11483,idle,7257.7,111.0,320.2,,,0,0,0,0
1775725048079180,1790683391.622749,11622,idle,1076.4,109.0,207.4,,,0,0,0,0
1775725188458075,1790683391.763127,11763,idle,2090.2,161.7,396.9,,,0,0,0,0
1775725327950049,1790683391.902620,11902,idle,1138.7,106.4,219.3,,,0,0,0,0
1775725469514085,1790683392.044183,12044,idle,2205.3,159.7,363.1,,,0,0,0,0
1775725608250875,1790683392.182921,12182,idle,1630.4,276.1,400.9,,,0,0,0,0
1775725748140326,1790683392.322810,12322,idle,1125.3,99.6,195.2,,,0,0,0,0
1775725889485901,1790683392.464155,12464,idle,2301.6,155.6,387.0,,,0,0,0,0
1775726028820440,1790683392.603490,12603,idle,1976.2,168.4,399.9,,,0,0,0,0
1775726169303030,1790683392.743972,12743,idle,2423.6,149.9,379.9,,,0,0,0,0
1775726308929959,1790683392.883600,12883,idle,3821.9,137.9,293.4,,,0,0,0,0
1775726447921236,1790683393.022591,13022,idle,1111.7,80.4,180.8,,,0,0,0,0
1775726588474263,1790683393.163143,13163,idle,2251.5,154.7,405.3,,,0,0,0,0
1775726728115187,1790683393.302785,13302,idle,985.7,81.4,175.0,,,0,0,0,0
1775726868051252,1790683393.442721,13442,idle,1101.3,108.4,215.0,,,0,0,0,0
1775727009083957,1790683393.583754,13583,idle,1754.1,95.1,205.3,,,0,0,0,0
1775727148271877,1790683393.722941,13722,idle,1227.8,249.0,388.5,,,0,0,0,0
1775727288469800,1790683393.863140,13863,idle,1336.3,90.2,247.8,,,0,0,0,0
1775727428133267,1790683394.002803,14002,idle,1639.0,116.7,263.0,,,0,0,0,0
1775727568069100,1790683394.142739,14142,idle,1640.3,116.2,257.0,,,0,0,0,0
1775727708774424,1790683394.283444,14283,idle,1609.4,137.4,260.4,,,0,0,0,0
1775727851984149,1790683394.426654,14426,decode,1247.6,104.1,223.9,,,0,0,1,0
1775727998067281,1790683394.572737,14572,idle,1421.7,112.1,246.9,,,0,0,0,0
1775728137812175,1790683394.712482,14712,idle,1679.9,123.9,274.9,,,0,0,0,0
1775728277977025,1790683394.852647,14852,idle,1612.9,120.2,290.7,,,0,0,0,0
1775728418337041,1790683394.993007,14993,idle,1375.1,246.9,367.9,,,0,0,0,0
1775728617947700,1790683395.192618,192,tx,56204.6,109.2,193.5,,,1,0,0,1
1775728755666446,1790683395.330335,330,tx,55800.1,153.7,377.0,,,1,0,0,1
1775728899834096,1790683395.474504,474,tx,70026.8,146.8,398.3,,,1,0,0,1
1775729041422309,1790683395.616092,616,tx,53109.3,251.6,457.0,,,1,0,0,1
1775729185389274,1790683395.760059,760,tx,51649.1,394.4,493.8,,,1,0,0,1
1775729328605763,1790683395.903275,903,tx,52405.5,108.6,324.6,,,1,0,0,1
1775729472627448,1790683396.047297,1047,tx,53416.1,111.3,364.5,,,1,0,0,1
1775729618063841,1790683396.192732,1192,tx,53287.6,154.1,381.8,,,1,0,0,1
1775729762595311,1790683396.337265,1337,tx,52469.1,157.0,261.8,,,1,0,0,1
1775729905812406,1790683396.480483,1480,tx,52814.1,104.9,194.6,,,1,0,0,1
1775730050405526,1790683396.625075,1625,tx,55646.6,329.5,465.7,,,1,0,0,1
1775730194268038,1790683396.768937,1768,tx,53779.2,374.6,597.5,,,1,0,0,1
1775730339752262,1790683396.914422,1914,tx,53098.6,192.0,428.6,,,1,0,0,1
1775730483568805,1790683397.058239,2058,tx,62750.4,204.3,292.3,,,1,0,0,1
1775730627773310,1790683397.202442,2202,tx,53060.1,144.9,359.8,,,1,0,0,1
1775730773443169,1790683397.348112,2348,tx,53146.3,202.0,428.6,,,1,0,0,1
1775730917931090,1790683397.492601,2492,tx,51956.0,136.9,283.7,,,1,0,0,1
1775731060971033,1790683397.635641,2635,tx,51520.7,101.9,198.6,,,1,0,0,1
1775731203094951,1790683397.777765,2777,tx,57835.2,116.3,203.2,,,1,0,0,1
1775731342374792,1790683397.917044,2917,tx,52718.9,324.0,540.2,,,1,0,0,1
1775731487144449,1790683398.061814,3061,tx,52560.1,185.3,409.5,,,1,0,0,1
1775731630840083,1790683398.205510,3205,tx,52528.1,73.8,157.1,,,1,0,0,1
1775731774056212,1790683398.348726,3348,tx,51587.3,105.3,174.0,,,1,0,0,1
1775731917419298,1790683398.492089,3492,tx,54036.5,296.9,502.3,,,1,0,0,1
1775732063131987,1790683398.637801,3637,tx,53467.9,182.5,392.4,,,1,0,0,1
1775732208080049,1790683398.782749,3782,tx,62852.0,187.2,398.5,,,1,0,0,1
1775732351583834,1790683398.926254,3926,tx,54828.2,173.9,260.6,,,1,0,0,1
1775732495416239,1790683399.070086,4070,tx,52497.6,290.3,518.0,,,1,0,0,1
1775732633711327,1790683399.208381,4208,tx,52178.5,131.2,324.8,,,1,0,0,1
1775732778108327,1790683399.352778,4352,tx,53520.9,158.4,388.9,,,1,0,0,1
1775732923617152,1790683399.498286,4498,tx,53027.7,98.4,351.5,,,1,0,0,1
1775733067699012,1790683399.642369,4642,tx,51294.5,85.9,189.8,,,1,0,0,1
1775733211089302,1790683399.785758,4785,tx,58797.0,156.6,358.3,,,1,0,0,1
1775733351496907,1790683399.926166,4926,tx,55488.9,234.6,430.5,,,1,0,0,1
1775733496501798,1790683400.071171,5071,tx,52387.0,199.3,423.8,,,1,0,0,1
1775733640029196,1790683400.214699,5214,tx,52373.8,84.1,167.3,,,1,0,0,1
1775733784385546,1790683400.359056,5359,tx,51596.4,243.6,375.4,,,1,0,0,1
1775733927970896,1790683400.502640,5502,tx,52141.6,132.1,351.3,,,1,0,0,1
1775734071188428,1790683400.645858,5645,tx,63192.2,167.9,389.1,,,1,0,0,1
1775734215645780,1790683400.790315,5790,tx,56322.9,140.4,377.3,,,1,0,0,1
1775734362571325,1790683400.937241,5937,tx,51347.4,132.4,236.3,,,1,0,0,1
1775734505142945,1790683401.079812,6079,tx,81045.8,153.3,335.8,,,1,0,0,1
1775734646804365,1790683401.221474,6221,tx,52633.4,106.1,215.4,,,1,0,0,1
1775734790865637,1790683401.365535,6365,tx,52055.0,191.9,449.0,,,1,0,0,1
1775734935855451,1790683401.510525,6510,tx,53068.6,119.6,357.7,,,1,0,0,1
1775735079725026,1790683401.654395,6654,tx,51617.4,103.3,208.7,,,1,0,0,1
1775735223124581,1790683401.797794,6797,tx,52323.3,122.5,333.8,,,1,0,0,1
1775735366229184,1790683401.940899,6940,tx,52684.5,109.0,207.7,,,1,0,0,1
1775735511770271,1790683402.086439,7086,tx,71625.3,159.8,344.1,,,1,0,0,1
1775735653650022,1790683402.228320,7228,tx,52606.0,105.8,208.4,,,1,0,0,1
1775735797144789,1790683402.371815,7371,tx,51901.9,165.2,319.1,,,1,0,0,1
1775735940283549,1790683402.514952,7514,tx,52261.8,283.6,536.5,,,1,0,0,1
1775736083829287,1790683402.658499,7658,tx,52604.4,129.9,272.1,,,1,0,0,1
1775736227938960,1790683402.802608,7802,tx,53442.0,287.6,538.5,,,1,0,0,1
1775736372741545,1790683402.947412,7947,tx,51345.2,107.1,174.8,,,1,0,0,1
1775736515260813,1790683403.089930,8089,tx,69764.9,350.4,536.8,,,1,0,0,1
1775736656181421,1790683403.230850,8230,tx,53202.0,169.2,379.2,,,1,0,0,1
1775736801017109,1790683403.375686,8375,tx,61864.6,133.2,291.9,,,1,0,0,1
1775736946057547,1790683403.520728,8520,tx,52500.4,116.4,220.9,,,1,0,0,1
1775737089236471,1790683403.663906,8663,tx,52375.9,113.9,194.8,,,1,0,0,1
1775737228168323,1790683403.802838,8802,tx,52192.9,121.2,313.5,,,1,0,0,1
1775737371387679,1790683403.946057,8946,tx,52285.0,216.4,446.9,,,1,0,0,1
1775737515244631,1790683404.089914,9089,tx,70316.8,153.3,361.5,,,1,0,0,1
1775737655837604,1790683404.230508,9230,tx,62271.7,91.4,188.7,,,1,0,0,1
1775737799656987,1790683404.374326,9374,tx,59592.5,206.8,449.3,,,1,0,0,1
1775737939739812,1790683404.514410,9514,tx,51785.8,106.2,220.8,,,1,0,0,1
1775738083107497,1790683404.657777,9657,tx,53400.3,168.3,359.2,,,1,0,0,1
1775738228641853,1790683404.803311,9803,tx,52757.1,103.3,318.6,,,1,0,0,1
1775738372810544,1790683404.947481,9947,tx,51373.8,107.3,194.9,,,1,0,0,1
1775738515433779,1790683405.090103,10090,tx,69552.1,184.7,371.4,,,1,0,0,1
1775738656439832,1790683405.231109,10231,tx,53248.4,200.6,395.2,,,1,0,0,1
1775738801253559,1790683405.375923,10375,tx,69950.7,128.1,308.7,,,1,0,0,1
1775738942202723,1790683405.516873,10516,tx,52245.1,88.9,200.4,,,1,0,0,1
1775739085679497,1790683405.660349,10660,tx,53091.6,186.7,381.3,,,1,0,0,1
1775739230052016,1790683405.804722,10804,tx,51914.8,128.5,284.7,,,1,0,0,1
1775739374220056,1790683405.948889,10948,tx,52413.8,168.4,401.2,,,1,0,0,1
1775739518259841,1790683406.092929,11092,tx,67541.4,154.8,363.2,,,1,0,0,1
1775739657134786,1790683406.231805,11231,tx,52396.9,101.9,184.4,,,1,0,0,1
1775739801339435,1790683406.376009,11376,tx,70044.9,320.2,547.4,,,1,0,0,1
1775739942425383,1790683406.517095,11517,tx,52115.5,261.8,394.3,,,1,0,0,1
1775740086547626,1790683406.661217,11661,tx,53445.2,206.0,440.4,,,1,0,0,1
1775740230966898,1790683406.805637,11805,tx,52465.3,128.6,236.7,,,1,0,0,1
1775740375101935,1790683406.949772,11949,tx,52306.4,171.2,340.1,,,1,0,0,1
1775740519079730,1790683407.093749,12093,tx,66800.4,175.3,353.1,,,1,0,0,1
1775740657407835,1790683407.232077,12232,tx,53180.2,247.0,452.3,,,1,0,0,1
1775740801345217,1790683407.376015,12376,tx,60461.6,112.6,229.6,,,1,0,0,1
1775740942675651,1790683407.517345,12517,tx,52260.3,96.0,184.5,,,1,0,0,1
1775741086144846,1790683407.660815,12660,tx,52519.8,116.7,254.6,,,1,0,0,1
1775741230030081,1790683407.804699,12804,tx,70433.7,153.8,361.4,,,1,0,0,1
1775741373043248,1790683407.947713,12947,tx,52201.0,125.3,340.7,,,1,0,0,1
1775741515547407,1790683408.090216,13090,tx,52515.7,120.1,370.2,,,1,0,0,1
1775741659472485,1790683408.234143,13234,tx,51356.8,291.3,355.2,,,1,0,0,1
1775741801705169,1790683408.376375,13376,tx,52844.0,83.6,165.3,,,1,0,0,1
1775741947043334,1790683408.521713,13521,tx,51874.9,162.1,378.3,,155560.6,1,0,0,1
1775742090492315,1790683408.665162,13665,tx,52547.8,221.5,344.8,,,0,0,0,0
1775742233887872,1790683408.808557,13808,idle,51601.9,79.9,153.8,,,0,0,0,0
1775742425962231,1790683409.000631,14000,idle,2955.2,122.1,308.7,,,0,0,0,0
1775742568197927,1790683409.142868,14142,idle,1332.8,117.5,249.4,,,0,0,0,0
1775742707932939,1790683409.282603,14282,idle,961.5,105.7,204.5,,,0,0,0,0
1775742847453767,1790683409.422124,14422,idle,1268.4,398.4,503.0,,,0,0,0,0
1775742988185038,1790683409.562855,14562,idle,1394.0,127.3,256.4,,,0,0,0,0
1775743128986560,1790683409.703655,14703,idle,2008.3,162.4,409.6,,,0,0,0,0
1775743268872683,1790683409.843542,14843,idle,2091.7,165.6,402.6,,,0,0,0,0
1775743409066999,1790683409.983736,14983,idle,2128.1,129.1,315.5,,,0,0,0,0
1775743547855947,1790683410.122526,122,idle,917.3,74.2,160.0,,,0,0,0,0
1775743688283861,1790683410.262953,262,idle,2820.1,476.8,701.5,,,0,0,0,0
1775743828402731,1790683410.403072,403,idle,2618.9,388.6,627.7,,,0,0,0,0
1775743968178405,1790683410.542849,542,idle,1298.7,126.9,242.2,,,0,0,0,0
1775744108470613,1790683410.683140,683,idle,5742.5,359.4,563.8,,,0,0,0,0
1775744247316449,1790683410.821986,821,idle,1344.4,135.2,241.7,,,0,0,0,0
1775744389067707,1790683410.963737,963,idle,2488.4,196.1,421.4,,,0,0,0,0
1775744529342776,1790683411.104012,1104,idle,2722.7,474.8,708.0,,,0,0,0,0
1775744669306526,1790683411.243976,1243,idle,2710.6,513.6,731.7,,,0,0,0,0
1775744808798303,1790683411.383466,1383,idle,2158.9,126.4,373.8,,,0,0,0,0
1775744947415481,1790683411.522086,1522,idle,1171.2,80.9,154.9,,,0,0,0,0
1775745089131964,1790683411.663801,1663,idle,2713.1,188.2,423.7,,,0,0,0,0
1775745229394778,1790683411.804064,1804,idle,2726.8,414.8,648.1,,,0,0,0,0
1775745368430774,1790683411.943100,1943,idle,2560.9,399.0,611.5,,,0,0,0,0
1775745508661866,1790683412.083331,2083,idle,3898.5,196.2,359.1,,,0,0,0,0
1775745648143304,1790683412.222813,2222,idle,1311.2,101.3,204.9,,,0,0,0,0
1775745788093787,1790683412.362764,2362,idle,1326.3,140.7,243.4,,,0,0,0,0
1775745929376702,1790683412.504046,2504,idle,3045.2,413.0,656.2,,,0,0,0,0
1775746069468249,1790683412.644137,2644,idle,2556.1,345.9,586.7,,,0,0,0,0
1775746208446799,1790683412.783117,2783,idle,2948.4,435.9,541.6,,,0,0,0,0
1775746348540807,1790683412.923211,2923,idle,1369.5,329.9,441.7,,,0,0,0,0
1775746488657215,1790683413.063326,3063,idle,2611.2,137.2,363.8,,,0,0,0,0
1775746628516432,1790683413.203186,3203,idle,1695.6,362.6,510.6,,,0,0,0,0
1775746768359599,1790683413.343029,3343,idle,1529.4,130.5,249.7,,,0,0,0,0
1775746908023254,1790683413.482693,3482,idle,1385.0,82.9,201.3,,,0,0,0,0
1775747048417447,1790683413.623087,3623,idle,1672.4,446.2,604.9,,,0,0,0,0
1775747188215500,1790683413.762885,3762,idle,1410.5,120.4,254.3,,,0,0,0,0
1775747328203807,1790683413.902874,3902,idle,1235.7,111.5,238.1,,,0,0,0,0
1775747469091659,1790683414.043761,4043,idle,2688.6,180.8,402.0,,,0,0,0,0
1775747607325429,1790683414.181996,4181,idle,1061.7,99.4,204.6,,,0,0,0,0
1775747748259561,1790683414.322929,4322,idle,1803.6,157.4,339.5,,,0,0,0,0
1775747888705850,1790683414.463376,4463,idle,1112.6,83.8,206.8,,,0,0,0,0
1775748028671388,1790683414.603341,4603,idle,2213.9,157.5,374.5,,,0,0,0,0
1775748168139999,1790683414.742810,4742,idle,1762.6,103.6,388.8,,,0,0,0,0
1775748308505638,1790683414.883175,4883,idle,5947.3,233.1,360.4,,,0,0,0,0
1775748448136632,1790683415.022807,5022,idle,1155.8,104.0,217.4,,,0,0,0,0
1775748588491059,1790683415.163160,5163,idle,2123.3,213.3,431.8,,,0,0,0,0
1775748728601617,1790683415.303271,5303,idle,2264.9,212.2,438.9,,,0,0,0,0
1775748868951787,1790683415.443620,5443,idle,2285.4,149.7,389.9,,,0,0,0,0
1775749008356073,1790683415.583026,5583,idle,1361.1,130.5,239.6,,,0,0,0,0
1775749148126928,1790683415.722797,5722,idle,1184.4,108.1,220.7,,,0,0,0,0
1775749288922776,1790683415.863592,5863,idle,1736.5,116.9,269.6,,,0,0,0,0
1775749428430452,1790683416.003100,6003,idle,2330.1,322.1,512.2,,,0,0,0,0
1775749568646654,1790683416.143316,6143,idle,2102.1,113.4,336.1,,,0,0,0,0
1775749708324259,1790683416.282994,6282,idle,4633.0,78.7,3831.9,,,0,0,0,0
1775749848332454,1790683416.423002,6423,idle,1416.9,98.0,235.4,,,0,0,0,0
1775749988209924,1790683416.562879,6562,idle,2227.7,119.2,340.1,,,0,0,0,0
1775750128573636,1790683416.703243,6703,idle,2186.4,113.6,334.5,,,0,0,0,0
1775750268584171,1790683416.843253,6843,idle,2242.0,168.3,379.6,,,0,0,0,0
1775750407965499,1790683416.982635,6982,idle,916.4,110.6,183.2,,,0,0,0,0
1775750548432200,1790683417.123102,7123,idle,1153.5,104.5,194.1,,,0,0,0,0
1775750688321955,1790683417.262992,7262,idle,1884.9,108.9,276.1,,,0,0,0,0
1775750828628253,1790683417.403298,7403,idle,1942.1,135.1,309.2,,,0,0,0,0
1775750968175594,1790683417.542845,7542,idle,1787.5,156.7,312.2,,,0,0,0,0
1775751107794362,1790683417.682465,7682,idle,938.9,72.9,157.7,,,0,0,0,0
1775751249208801,1790683417.823878,7823,idle,2401.1,150.8,385.5,,,0,0,0,0
1775751388253171,1790683417.962923,7962,idle,1229.4,123.7,240.3,,,0,0,0,0
1775751528548819,1790683418.103218,8103,idle,2519.0,121.1,356.7,,,0,0,0,0
1775751668377716,1790683418.243047,8243,idle,2664.3,335.1,528.8,,,0,0,0,0
1775751807781965,1790683418.382452,8382,idle,798.6,79.2,138.3,,,0,0,0,0
1775751949298374,1790683418.523968,8523,idle,2274.6,110.7,297.1,,,0,0,0,0
1775752088296879,1790683418.662966,8662,idle,1797.1,127.8,291.5,,,0,0,0,0
1775752229288037,1790683418.803957,8803,idle,2251.8,164.8,401.2,,,0,0,0,0
1775752368395950,1790683418.943066,8943,idle,1371.9,81.8,208.6,,,0,0,0,0
1775752507588376,1790683419.082258,9082,idle,1146.1,253.7,344.8,,,0,0,0,0
1775752649221394,1790683419.223891,9223,idle,2301.8,153.3,367.5,,,0,0,0,0
1775752789279753,1790683419.363949,9363,idle,2160.2,186.7,414.5,,,0,0,0,0
1775752928532967,1790683419.503201,9503,idle,2276.8,202.6,434.8,,,0,0,0,0
1775753070149192,1790683419.644819,9644,idle,1080.7,105.8,205.2,,,0,0,0,0
1775753208015754,1790683419.782686,9782,idle,919.2,105.7,177.4,,,0,0,0,0
1775753347976078,1790683419.922646,9922,idle,1134.4,109.8,222.0,,,0,0,0,0
1775753488472544,1790683420.063142,10063,idle,1565.3,311.8,460.1,,,0,0,0,0
1775753627960235,1790683420.202630,10202,idle,1019.7,110.0,231.5,,,0,0,0,0
1775753767944630,1790683420.342614,10342,idle,1021.0,106.1,186.9,,,0,0,0,0
1775753907882483,1790683420.482552,10482,idle,2010.9,147.6,374.7,,,0,0,0,0
1775754048684096,1790683420.623353,10623,idle,1607.6,95.0,253.7,,,0,0,0,0
1775754188346835,1790683420.763016,10763,idle,1013.2,100.7,226.2,,,0,0,0,0
1775754328129409,1790683420.902799,10902,idle,1223.6,83.8,166.0,,,0,0,0,0
1775754467998192,1790683421.042668,11042,idle,1406.9,87.9,326.8,,,0,0,0,0
1775754608137708,1790683421.182808,11182,idle,1332.2,71.6,152.0,,,0,0,0,0
1775754747938908,1790683421.322609,11322,idle,980.5,104.0,206.7,,,0,0,0,0
1775754887770658,1790683421.462441,11462,idle,960.7,79.8,196.2,,,0,0,0,0
1775755027675209,1790683421.602345,11602,idle,1303.7,177.4,283.2,,,0,0,0,0
1775755167543232,1790683421.742213,11742,idle,1056.2,267.5,382.1,,,0,0,0,0
1775755309215466,1790683421.883885,11883,idle,2218.5,156.3,366.0,,,0,0,0,0
1775755449223161,1790683422.023892,12023,idle,2384.0,147.7,369.9,,,0,0,0,0
1775755589178460,1790683422.163848,12163,idle,2035.8,147.5,371.2,,,0,0,0,0
1775755728724903,1790683422.303394,12303,idle,2037.5,116.1,331.1,,,0,0,0,0
1775755868030376,1790683422.442700,12442,idle,1293.4,108.3,212.1,,,0,0,0,0
1775756008194455,1790683422.582864,12582,idle,1724.9,149.7,329.8,,,0,0,0,0
1775756148247878,1790683422.722917,12722,idle,2197.7,150.0,331.9,,,0,0,0,0
1775756289352509,1790683422.864022,12864,idle,2459.7,131.4,355.4,,,0,0,0,0
1775756428154551,1790683423.002825,13002,idle,1102.3,81.0,181.8,,,0,0,0,0
1775756567268132,1790683423.141938,13141,idle,1079.8,81.0,154.9,,,0,0,0,0
1775756708783895,1790683423.283453,13283,idle,2209.9,158.8,351.5,,,0,0,0,0
1775756848336089,1790683423.423006,13423,idle,1012.4,76.5,186.0,,,0,0,0,0
1775756987876288,1790683423.562546,13562,idle,1232.1,125.4,270.5,,,0,0,0,0
1775757128263313,1790683423.702933,13702,idle,4783.9,83.1,200.0,,,0,0,0,0
1775757268566085,1790683423.843236,13843,idle,1663.0,253.2,389.2,,,0,0,0,0
1775757409071962,1790683423.983741,13983,idle,2090.2,147.6,376.6,,,0,0,0,0
1775757548537201,1790683424.123207,14123,idle,1312.3,316.8,435.3,,,0,0,0,0
1775757688682812,1790683424.263352,14263,idle,2416.9,135.2,357.2,,,0,0,0,0
1775757828876512,1790683424.403547,14403,idle,1007.0,107.9,200.7,,,0,0,0,0
1775757967750746,1790683424.542420,14542,idle,1342.7,130.4,243.0,,,0,0,0,0
1775758108360215,1790683424.683030,14683,idle,1097.2,109.8,234.0,,,0,0,0,0
1775758248200753,1790683424.822870,14822,idle,1386.9,83.7,211.9,,,0,0,0,0
1775758388203314,1790683424.962873,14962,idle,2306.9,162.5,387.1,,,0,0,0,0
1775758534543890,1790683425.109214,109,tx,121751.4,106.2,186.1,,,1,0,0,1
1775758716889711,1790683425.291559,291,tx,51949.2,121.0,317.8,,,1,0,0,1
1775758860147182,1790683425.434817,434,tx,62830.1,173.2,411.3,,,1,0,0,1
1775759005407403,1790683425.580076,580,tx,63769.1,145.8,343.6,,,1,0,0,1
1775759150054630,1790683425.724725,724,tx,52834.5,129.3,236.0,,,1,0,0,1
1775759294312135,1790683425.868981,868,tx,52798.1,182.5,453.3,,,1,0,0,1
1775759438419069,1790683426.013088,1013,tx,53228.9,159.1,372.3,,,1,0,0,1
1775759583336236,1790683426.158005,1158,tx,52663.6,101.8,271.0,,,1,0,0,1
1775759728609120,1790683426.303278,1303,tx,56072.3,335.7,539.2,,,1,0,0,1
1775759875388801,1790683426.450058,1450,tx,52418.8,80.0,174.4,,,1,0,0,1
1775760018816249,1790683426.593486,1593,tx,52294.8,236.6,332.5,,,1,0,0,1
1775760162083891,1790683426.736754,1736,tx,52541.8,81.9,188.5,,,1,0,0,1
1775760306100300,1790683426.880770,1880,tx,52469.0,111.8,233.7,,,1,0,0,1
1775760449073670,1790683427.023744,2023,tx,56554.7,123.3,219.7,,,1,0,0,1
1775760592928372,1790683427.167598,2167,tx,53006.4,139.8,291.5,,,1,0,0,1
1775760737077162,1790683427.311747,2311,tx,53112.1,89.1,223.4,,,1,0,0,1
1775760881036220,1790683427.455705,2455,tx,52866.5,121.0,276.2,,,1,0,0,1
1775761025017459,1790683427.599687,2599,tx,52948.5,121.3,253.4,,,1,0,0,1
1775761169108578,1790683427.743778,2743,tx,52447.2,91.7,184.2,,,1,0,0,1
1775761312201056,1790683427.886871,2886,tx,51534.4,110.1,230.2,,,1,0,0,1
1775761455070476,1790683428.029740,3029,tx,51947.2,135.3,319.8,,,1,0,0,1
1775761598286253,1790683428.172955,3172,tx,52487.7,155.9,362.7,,,1,0,0,1
1775761742565350,1790683428.317235,3317,tx,53652.4,390.4,626.3,,,1,0,0,1
1775761886999130,1790683428.461669,3461,tx,52998.4,109.6,230.1,,,1,0,0,1
1775762032374512,1790683428.607044,3607,tx,52751.1,165.5,398.7,,,1,0,0,1
1775762177553719,1790683428.752223,3752,tx,52701.0,406.7,622.3,,,1,0,0,1
1775762322425491,1790683428.897095,3897,tx,52684.7,161.9,371.8,,,1,0,0,1
1775762466243232,1790683429.040913,4040,tx,73501.2,83.1,172.7,,,1,0,0,1
1775762610475407,1790683429.185145,4185,tx,52880.2,101.7,217.4,,,1,0,0,1
1775762754614170,1790683429.329284,4329,tx,53058.2,463.3,594.2,,,1,0,0,1
1775762899426126,1790683429.474096,4474,tx,57514.0,119.6,244.6,,,1,0,0,1
1775763039162055,1790683429.613832,4613,tx,52085.5,180.0,387.1,,,1,0,0,1
1775763182161374,1790683429.756831,4756,tx,52647.8,113.9,209.6,,,1,0,0,1
1775763326109360,1790683429.900779,4900,tx,52630.6,154.8,248.5,,,1,0,0,1
1775763470152253,1790683430.044822,5044,tx,51619.1,112.6,216.6,,,1,0,0,1
1775763612398116,1790683430.187068,5187,tx,51427.6,137.0,240.6,,,1,0,0,1
1775763754997832,1790683430.329667,5329,tx,53040.0,151.2,316.4,,,1,0,0,1
1775763899226116,1790683430.473896,5473,tx,51404.1,81.2,146.6,,,1,0,0,1
1775764042284306,1790683430.616954,5616,tx,53425.7,143.0,402.2,,,1,0,0,1
1775764186244529,1790683430.760914,5760,tx,52618.2,111.7,213.1,,,1,0,0,1
1775764330241821,1790683430.904912,5904,tx,52540.3,113.5,193.5,,,1,0,0,1
1775764473494669,1790683431.048165,6048,tx,55720.1,109.3,232.9,,,1,0,0,1
1775764618159585,1790683431.192830,6192,tx,52497.4,106.0,201.0,,,1,0,0,1
1775764761639970,1790683431.336309,6336,tx,52479.8,268.7,478.7,,,1,0,0,1
1775764905412697,1790683431.480082,6480,tx,57439.1,163.2,368.0,,,1,0,0,1
1775765044333054,1790683431.619003,6619,tx,51825.1,143.5,294.1,,,1,0,0,1
1775765186911709,1790683431.761582,6761,tx,52363.7,108.7,209.0,,,1,0,0,1
1775765330822434,1790683431.905493,6905,tx,51244.0,108.6,197.8,,,1,0,0,1
1775765474195337,1790683432.048865,7048,tx,53011.9,115.9,318.1,,,1,0,0,1
1775765619041549,1790683432.193711,7193,tx,52768.2,114.5,263.2,,,1,0,0,1
1775765762946368,1790683432.337616,7337,tx,52542.4,115.5,213.3,,,1,0,0,1
1775765906971967,1790683432.481642,7481,tx,51352.7,103.9,197.4,,,1,0,0,1
1775766049512532,1790683432.624182,7624,tx,61892.0,92.3,224.0,,,1,0,0,1
1775766193641152,1790683432.768311,7768,tx,52309.0,252.2,470.1,,,1,0,0,1
1775766337521643,1790683432.912191,7912,tx,52580.5,362.7,579.2,,,1,0,0,1
1775766481313632,1790683433.055983,8055,tx,55179.8,133.7,235.8,,,1,0,0,1
1775766628225123,1790683433.202895,8202,tx,51604.4,121.1,226.0,,,1,0,0,1
1775766771400224,1790683433.346070,8346,tx,51981.0,162.8,355.6,,,1,0,0,1
1775766914918372,1790683433.489588,8489,tx,53189.9,153.1,348.7,,,1,0,0,1
1775767060343756,1790683433.635013,8635,tx,53211.1,207.1,435.3,,,1,0,0,1
1775767204983925,1790683433.779654,8779,tx,52454.5,116.8,202.5,,,1,0,0,1
1775767348723634,1790683433.923393,8923,tx,54821.6,155.5,361.6,,,1,0,0,1
1775767493855704,1790683434.068525,9068,tx,52232.5,162.1,406.6,,,1,0,0,1
1775767638091068,1790683434.212761,9212,tx,52709.0,133.8,261.3,,,1,0,0,1
1775767781835550,1790683434.356505,9356,tx,52972.7,96.7,237.4,,,1,0,0,1
1775767924965688,1790683434.499636,9499,tx,51523.7,91.1,207.7,,,1,0,0,1
1775768067420192,1790683434.642090,9642,tx,52730.3,90.6,198.7,,,1,0,0,1
1775768210977960,1790683434.785648,9785,tx,51617.7,128.6,251.5,,,1,0,0,1
1775768353244109,1790683434.927913,9927,tx,52646.2,112.1,250.4,,,1,0,0,1
1775768496745181,1790683435.071415,10071,tx,52619.2,224.1,315.3,,,1,0,0,1
1775768640432333,1790683435.215102,10215,tx,52473.9,121.3,237.1,,,1,0,0,1
1775768784359090,1790683435.359029,10359,tx,52536.7,129.5,231.9,,,1,0,0,1
1775768928345077,1790683435.503015,10503,tx,52712.9,125.8,277.0,,,1,0,0,1
1775769072180254,1790683435.646850,10646,tx,53547.6,107.1,221.5,,,1,0,0,1
1775769216163878,1790683435.790834,10790,tx,54583.9,120.9,249.6,,,1,0,0,1
1775769362126768,1790683435.936796,10936,tx,51470.8,85.2,204.6,,,1,0,0,1
1775769505095432,1790683436.079765,11079,tx,54384.1,125.3,273.3,,,1,0,0,1
1775769650287911,1790683436.224958,11224,tx,63383.6,122.2,225.4,,,1,0,0,1
1775769793612911,1790683436.368283,11368,tx,51378.1,118.9,212.0,,,1,0,0,1
1775769936449051,1790683436.511117,11511,tx,53229.3,124.8,290.5,,,1,0,0,1
1775770080318917,1790683436.654989,11654,tx,51568.9,108.4,203.4,,,1,0,0,1
1775770223761817,1790683436.798431,11798,tx,52523.6,204.1,437.7,,,1,0,0,1
1775770368264744,1790683436.942934,11942,tx,53208.2,178.5,402.6,,,1,0,0,1
1775770513421864,1790683437.088091,12088,tx,54338.9,159.8,373.8,,,1,0,0,1
1775770658209756,1790683437.232880,12232,tx,52326.1,103.4,210.4,,,1,0,0,1
1775770801921535,1790683437.376590,12376,tx,59693.6,179.9,425.1,,,1,0,0,1
1775770943146626,1790683437.517816,12517,tx,51934.7,146.7,339.6,,,1,0,0,1
1775771086223351,1790683437.660893,12660,tx,52679.3,127.8,262.2,,,1,0,0,1
1775771230244307,1790683437.804914,12804,tx,52472.2,119.8,245.7,,,1,0,0,1
1775771373334376,1790683437.948004,12948,tx,51696.7,125.1,281.9,,,1,0,0,1
1775771516226851,1790683438.090897,13090,tx,51965.2,143.7,301.6,,,1,0,0,1
1775771660317370,1790683438.234987,13234,tx,53297.4,191.9,423.7,,,1,0,0,1
1775771804590023,1790683438.379260,13379,tx,51662.4,146.0,267.5,,,1,0,0,1
1775771947725420,1790683438.522395,13522,tx,52485.3,282.9,389.0,,162404.2,1,0,0,1
1775772092112248,1790683438.666781,13666,tx,52072.8,155.7,375.6,,,0,0,0,0
1775772235723482,1790683438.810392,13810,idle,52750.4,328.8,554.8,,,0,0,0,0
1775772425606105,1790683439.000275,14000,idle,2979.7,145.1,311.4,,,0,0,0,0
1775772569008797,1790683439.143678,14143,idle,2757.9,131.5,219.8,,,0,0,0,0
1775772708704811,1790683439.283375,14283,idle,1488.6,446.6,557.7,,,0,0,0,0
1775772849504733,1790683439.424174,14424,idle,2204.6,180.5,401.0,,,0,0,0,0
1775772989069559,1790683439.563739,14563,idle,2235.7,159.3,381.8,,,0,0,0,0
1775773129188027,1790683439.703857,14703,idle,2422.4,191.1,420.2,,,0,0,0,0
1775773268249775,1790683439.842920,14842,idle,2206.7,82.7,236.0,,,0,0,0,0
1775773408865805,1790683439.983536,14983,idle,1525.6,256.8,384.7,,,0,0,0,0
1775773549483523,1790683440.124153,124,idle,2721.2,155.5,380.7,,,0,0,0,0
1775773688883843,1790683440.263554,263,idle,1359.1,290.1,388.1,,,0,0,0,0
1775773829314212,1790683440.403984,403,idle,1621.2,114.8,245.1,,,0,0,0,0
1775773968640520,1790683440.543310,543,idle,4156.4,103.3,220.8,,,0,0,0,0
1775774108078679,1790683440.682749,682,idle,1180.3,136.7,240.1,,,0,0,0,0
1775774248241468,1790683440.822911,822,idle,954.4,85.8,166.4,,,0,0,0,0
1775774388228447,1790683440.962898,962,idle,1356.0,131.5,248.1,,,0,0,0,0
1775774528271098,1790683441.102941,1102,idle,3164.8,85.5,574.9,,,0,0,0,0
1775774668589933,1790683441.243260,1243,idle,1117.9,80.5,168.4,,,0,0,0,0
1775774808577488,1790683441.383248,1383,idle,998.1,103.2,180.5,,,0,0,0,0
1775774949315055,1790683441.523984,1523,idle,2262.2,117.3,307.7,,,0,0,0,0
1775775088623250,1790683441.663293,1663,idle,1418.5,113.3,233.2,,,0,0,0,0
1775775229262940,1790683441.803933,1803,idle,1488.6,105.0,221.8,,,0,0,0,0
1775775368266128,1790683441.942936,1942,idle,996.8,78.0,147.0,,,0,0,0,0
1775775509195379,1790683442.083865,2083,idle,7782.7,140.5,332.9,,,0,0,0,0
1775775649318822,1790683442.223989,2223,idle,1357.8,83.6,188.6,,,0,0,0,0
1775775789105811,1790683442.363775,2363,idle,2199.5,145.1,374.7,,,0,0,0,0
1775775929068031,1790683442.503738,2503,idle,1015.0,80.2,205.3,,,0,0,0,0
1775776068897626,1790683442.643568,2643,idle,1213.9,303.9,384.4,,,0,0,0,0
1775776209659009,1790683442.784328,2784,idle,2789.6,420.3,636.7,,,0,0,0,0
1775776349358134,1790683442.924028,2924,idle,1572.2,115.1,265.8,,,0,0,0,0
1775776489061815,1790683443.063731,3063,idle,1237.3,88.2,214.1,,,0,0,0,0
1775776628815053,1790683443.203485,3203,idle,1353.2,359.0,458.2,,,0,0,0,0
1775776768423306,1790683443.343093,3343,idle,1383.3,80.2,221.3,,,0,0,0,0
1775776908924725,1790683443.483595,3483,idle,1223.9,259.6,379.1,,,0,0,0,0
1775777048928029,1790683443.623598,3623,idle,1215.6,244.2,375.6,,,0,0,0,0
1775777190062308,1790683443.764731,3764,idle,2118.1,156.2,346.3,,,0,0,0,0
1775777329216683,1790683443.903887,3903,idle,1017.8,108.3,200.6,,,0,0,0,0
1775777469105595,1790683444.043776,4043,idle,1580.2,133.6,295.8,,,0,0,0,0
1775777609560288,1790683444.184229,4184,idle,2037.7,164.2,372.6,,,0,0,0,0
1775777749665365,1790683444.324335,4324,idle,2302.8,324.0,549.5,,,0,0,0,0
1775777889374355,1790683444.464044,4464,idle,2056.3,165.0,415.1,,,0,0,0,0
1775778028265800,1790683444.602936,4602,idle,1298.9,131.9,238.9,,,0,0,0,0
1775778168880110,1790683444.743549,4743,idle,4119.3,155.6,2466.9,,,0,0,0,0
1775778308479235,1790683444.883149,4883,idle,1274.8,121.1,239.1,,,0,0,0,0
1775778448248007,1790683445.022918,5022,idle,1259.3,104.9,223.2,,,0,0,0,0
1775778588480420,1790683445.163150,5163,idle,2185.7,160.1,384.7,,,0,0,0,0
1775778728108362,1790683445.302778,5302,idle,1969.9,156.3,1093.7,,,0,0,0,0
1775778868835298,1790683445.443505,5443,idle,2154.1,150.7,430.4,,,0,0,0,0
1775779009249438,1790683445.583919,5583,idle,3207.4,152.9,358.2,,,0,0,0,0
1775779149580620,1790683445.724250,5724,idle,2155.7,106.3,332.4,,,0,0,0,0
1775779288316691,1790683445.862987,5862,idle,993.8,146.9,240.7,,,0,0,0,0
1775779428669267,1790683446.003339,6003,idle,1149.6,104.3,214.4,,,0,0,0,0
1775779568642129,1790683446.143312,6143,idle,1493.2,122.0,274.6,,,0,0,0,0
1775779709110946,1790683446.283752,6283,idle,2076.2,157.0,375.1,,,0,0,0,0
1775779849436974,1790683446.424106,6424,idle,2348.6,161.7,383.4,,,0,0,0,0
1775779989474123,1790683446.564144,6564,idle,1119.8,112.9,194.0,,,0,0,0,0
1775780128347643,1790683446.703017,6703,idle,2250.6,154.6,375.1,,,0,0,0,0
1775780269523697,1790683446.844193,6844,idle,2349.9,159.3,334.8,,,0,0,0,0
1775780408737550,1790683446.983407,6983,idle,1760.4,310.6,479.4,,,0,0,0,0
1775780548774511,1790683447.123444,7123,idle,2307.0,204.1,454.4,,,0,0,0,0
1775780688604679,1790683447.263274,7263,idle,1155.8,105.5,227.7,,,0,0,0,0
1775780828806843,1790683447.403477,7403,idle,1281.6,261.5,391.5,,,0,0,0,0
1775780969211846,1790683447.543881,7543,idle,2002.1,153.6,362.6,,,0,0,0,0
1775781110251278,1790683447.684921,7684,idle,2259.0,202.8,439.0,,,0,0,0,0
1775781249369630,1790683447.824039,7824,idle,1802.4,146.6,338.7,,,0,0,0,0
1775781388583474,1790683447.963253,7963,idle,1176.9,109.3,202.9,,,0,0,0,0
1775781528685678,1790683448.103356,8103,idle,1285.1,116.4,198.0,,,0,0,0,0
1775781669353733,1790683448.244023,8244,idle,2018.5,174.7,396.5,,,0,0,0,0
1775781809587471,1790683448.384257,8384,idle,5615.9,117.3,323.6,,,0,0,0,0
1775781949460665,1790683448.524130,8524,idle,2051.6,183.2,383.4,,,0,0,0,0
1775782087989171,1790683448.662659,8662,idle,960.5,114.8,218.9,,,0,0,0,0
1775782228597846,1790683448.803268,8803,idle,1210.2,116.2,228.6,,,0,0,0,0
1775782369230949,1790683448.943900,8943,idle,2133.9,155.9,362.1,,,0,0,0,0
1775782509470608,1790683449.084140,9084,idle,10863.1,150.0,346.6,,,0,0,0,0
1775782649087798,1790683449.223757,9223,idle,2486.7,189.0,431.6,,,0,0,0,0
1775782788057516,1790683449.362727,9362,idle,1013.4,123.2,204.4,,,0,0,0,0
1775782928750172,1790683449.503420,9503,idle,1246.0,107.3,226.0,,,0,0,0,0
1775783068409086,1790683449.643079,9643,idle,1128.3,85.2,177.8,,,0,0,0,0
1775783209791958,1790683449.784461,9784,idle,2169.5,238.1,436.8,,,0,0,0,0
1775783348897208,1790683449.923567,9923,idle,2144.7,154.5,379.2,,,0,0,0,0
1775783488350774,1790683450.063020,10063,idle,4895.7,113.9,3946.2,,,0,0,0,0
1775783628409372,1790683450.203079,10203,idle,1350.3,119.6,288.5,,,0,0,0,0
1775783769089441,1790683450.343759,10343,idle,1260.5,113.4,266.4,,,0,0,0,0
1775783908378278,1790683450.483048,10483,idle,1393.4,135.8,273.8,,,0,0,0,0
1775784048430555,1790683450.623101,10623,idle,1346.9,116.4,277.1,,,0,0,0,0
1775784188456318,1790683450.763126,10763,idle,1290.2,80.5,228.6,,,0,0,0,0
1775784328643315,1790683450.903313,10903,idle,1472.8,87.9,244.0,,,0,0,0,0
1775784468941026,1790683451.043611,11043,idle,1252.6,144.5,301.7,,,0,0,0,0
1775784608368097,1790683451.183038,11183,idle,1378.5,116.5,254.3,,,0,0,0,0
1775784748790051,1790683451.323460,11323,idle,1489.5,307.3,423.4,,,0,0,0,0
1775784888895928,1790683451.463566,11463,idle,1100.8,190.1,307.8,,,0,0,0,0
1775785029144003,1790683451.603814,11603,idle,1517.2,139.8,259.3,,,0,0,0,0
1775785169244271,1790683451.743913,11743,idle,2146.0,155.9,348.7,,,0,0,0,0
1775785309345260,1790683451.884015,11884,decode,1589.8,132.8,268.3,,,0,0,1,0
1775785449837451,1790683452.024507,12024,idle,2257.1,154.4,407.8,,,0,0,0,0
1775785588495313,1790683452.163165,12163,idle,1183.9,134.0,230.9,,,0,0,0,0
1775785729506415,1790683452.304176,12304,idle,2270.5,205.1,426.7,,,0,0,0,0
1775785869603921,1790683452.444273,12444,idle,2124.3,132.0,372.7,,,0,0,0,0
1775786008991847,1790683452.583661,12583,idle,1993.4,150.4,365.0,,,0,0,0,0
1775786149386807,1790683452.724056,12724,idle,2179.3,154.2,350.2,,,0,0,0,0
1775786288400005,1790683452.863070,12863,idle,1136.7,103.4,199.9,,,0,0,0,0
1775786429312305,1790683453.003982,13003,idle,1741.7,144.6,310.1,,,0,0,0,0
1775786569637473,1790683453.144306,13144,idle,2168.0,128.6,354.2,,,0,0,0,0
1775786709305250,1790683453.283974,13283,idle,2005.4,144.5,349.5,,,0,0,0,0
1775786849265257,1790683453.423935,13423,idle,1423.6,141.7,280.4,,,0,0,0,0
1775786987933618,1790683453.562604,13562,idle,1092.2,240.0,327.4,,,0,0,0,0
1775787129131741,1790683453.703801,13703,idle,2248.2,155.7,392.8,,,0,0,0,0
1775787269620161,1790683453.844290,13844,idle,2230.9,153.9,347.4,,,0,0,0,0
1775787408860018,1790683453.983530,13983,idle,1215.7,254.2,373.0,,,0,0,0,0
1775787548707706,1790683454.123378,14123,idle,1086.2,106.2,199.2,,,0,0,0,0
1775787688450943,1790683454.263121,14263,idle,1276.0,138.1,254.1,,,0,0,0,0
1775787832392436,1790683454.407062,14407,decode,1410.7,119.4,227.9,,,0,0,1,0
1775787978603392,1790683454.553273,14553,idle,1859.4,182.0,329.8,,,0,0,0,0
1775788118984484,1790683454.693654,14693,idle,1511.7,188.0,303.3,,,0,0,0,0
1775788257990885,1790683454.832661,14832,idle,982.3,154.2,266.0,,,0,0,0,0
1775788398788599,1790683454.973458,14973,idle,2338.7,258.8,520.9,,,0,0,0,0
1775788610609524,1790683455.185279,185,tx,52641.2,122.9,240.4,,,1,0,0,1
1775788754648294,1790683455.329318,329,tx,53223.8,159.0,397.7,,,1,0,0,1
1775788898212752,1790683455.472883,472,tx,51229.2,135.7,203.9,,,1,0,0,1
1775789040642005,1790683455.615311,615,tx,53430.2,157.9,393.9,,,1,0,0,1
1775789185995912,1790683455.760665,760,tx,52243.6,212.1,439.1,,,1,0,0,1
1775789330327022,1790683455.904997,904,tx,52210.4,178.3,373.6,,,1,0,0,1
1775789473688554,1790683456.048358,1048,tx,53924.8,84.2,220.1,,,1,0,0,1
1775789618487587,1790683456.193158,1193,tx,51654.2,102.2,215.2,,,1,0,0,1
1775789761536193,1790683456.336205,1336,tx,51998.7,122.5,308.2,,,1,0,0,1
1775789905369174,1790683456.480038,1480,tx,55221.7,146.9,366.7,,,1,0,0,1
1775790051970434,1790683456.626640,1626,tx,52204.9,219.3,475.8,,,1,0,0,1
1775790195037125,1790683456.769707,1769,tx,51298.0,271.1,380.8,,,1,0,0,1
1775790338090480,1790683456.912760,1912,tx,52645.4,151.9,359.1,,,1,0,0,1
1775790482406075,1790683457.057075,2057,tx,52092.8,165.3,376.3,,,1,0,0,1
1775790626129617,1790683457.200799,2200,tx,52316.6,154.2,432.9,,,1,0,0,1
1775790769948577,1790683457.344618,2344,tx,52572.2,317.8,465.0,,,1,0,0,1
1775790913324969,1790683457.487995,2487,tx,61505.6,106.4,196.9,,,1,0,0,1
1775791057569368,1790683457.632238,2632,tx,52747.5,113.3,330.7,,,1,0,0,1
1775791201766290,1790683457.776435,2776,tx,59717.1,462.2,690.0,,,1,0,0,1
1775791342751258,1790683457.917421,2917,tx,52304.6,176.5,335.4,,,1,0,0,1
1775791486056705,1790683458.060727,3060,tx,52552.4,284.9,383.8,,,1,0,0,1
1775791629638263,1790683458.204308,3204,tx,52651.5,110.2,245.0,,,1,0,0,1
1775791774158562,1790683458.348827,3348,tx,52347.3,153.0,398.2,,,1,0,0,1
1775791917828715,1790683458.492498,3492,tx,52125.5,90.5,210.9,,,1,0,0,1
1775792060884780,1790683458.635555,3635,tx,53393.5,403.8,543.4,,,1,0,0,1
1775792205262848,1790683458.779933,3779,tx,52918.1,118.9,233.7,,,1,0,0,1
1775792349188467,1790683458.923858,3923,tx,55019.9,117.4,244.5,,,1,0,0,1
1775792493155388,1790683459.067825,4067,tx,52897.4,173.1,286.1,,,1,0,0,1
1775792637223097,1790683459.211893,4211,tx,52807.4,120.3,262.5,,,1,0,0,1
1775792781187240,1790683459.355857,4355,tx,52544.5,124.2,246.0,,,1,0,0,1
1775792924453930,1790683459.499124,4499,tx,52691.2,113.8,239.1,,,1,0,0,1
1775793068580260,1790683459.643250,4643,tx,52873.3,123.8,244.7,,,1,0,0,1
1775793212643093,1790683459.787313,4787,tx,52864.3,113.9,240.0,,,1,0,0,1
1775793356631638,1790683459.931302,4931,tx,52635.1,75.4,160.2,,,1,0,0,1
1775793500240503,1790683460.074910,5074,tx,57820.6,109.3,235.1,,,1,0,0,1
1775793639138852,1790683460.213809,5213,tx,51387.9,102.1,187.0,,,1,0,0,1
1775793781370512,1790683460.356040,5356,tx,51576.6,128.6,284.8,,,1,0,0,1
1775793923978337,1790683460.498648,5498,tx,53453.7,234.9,1323.2,,,1,0,0,1
1775794068741295,1790683460.643411,5643,tx,52579.3,111.3,223.0,,,1,0,0,1
1775794212988915,1790683460.787659,5787,tx,52337.6,212.8,328.0,,,1,0,0,1
1775794357043117,1790683460.931713,5931,tx,51423.9,178.0,280.9,,,1,0,0,1
1775794499923170,1790683461.074593,6074,tx,67982.4,280.1,416.0,,,1,0,0,1
1775794643298360,1790683461.217968,6217,tx,52378.7,94.6,174.4,,,1,0,0,1
1775794786770554,1790683461.361440,6361,tx,53155.8,135.3,329.8,,,1,0,0,1
1775794933235858,1790683461.507906,6507,tx,52261.5,110.9,227.7,,,1,0,0,1
1775795077443641,1790683461.652113,6652,tx,52301.8,161.3,388.9,,,1,0,0,1
1775795220986455,1790683461.795656,6795,tx,52067.7,115.2,340.2,,,1,0,0,1
1775795364036128,1790683461.938706,6938,tx,51585.3,208.2,313.2,,,1,0,0,1
1775795506552309,1790683462.081222,7081,tx,52364.2,102.2,205.7,,,1,0,0,1
1775795650857500,1790683462.225528,7225,tx,52515.1,285.4,436.8,,,1,0,0,1
1775795794258108,1790683462.368928,7368,tx,52297.3,83.9,193.6,,,1,0,0,1
1775795937646602,1790683462.512316,7512,tx,51556.1,114.7,263.6,,,1,0,0,1
1775796080527405,1790683462.655197,7655,tx,51846.1,160.0,379.8,,,1,0,0,1
1775796222947454,1790683462.797617,7797,tx,52606.3,281.9,398.4,,,1,0,0,1
1775796367055971,1790683462.941726,7941,tx,51433.7,183.4,286.3,,,1,0,0,1
1775796510528109,1790683463.085197,8085,tx,58683.2,116.0,292.0,,,1,0,0,1
1775796650829712,1790683463.225499,8225,tx,53285.6,314.7,571.8,,,1,0,0,1
1775796795812070,1790683463.370481,8370,tx,53396.7,316.9,577.8,,,1,0,0,1
1775796940504753,1790683463.515175,8515,tx,51382.9,111.6,202.8,,,1,0,0,1
1775797082888035,1790683463.657558,8657,tx,53005.3,282.5,454.7,,,1,0,0,1
1775797227348267,1790683463.802018,8802,tx,51891.2,152.9,279.7,,,1,0,0,1
1775797371344244,1790683463.946013,8946,tx,53105.4,140.9,341.5,,,1,0,0,1
1775797515827814,1790683464.090498,9090,tx,54035.3,94.1,206.8,,,1,0,0,1
1775797661341906,1790683464.236011,9236,tx,52967.1,146.0,350.0,,,1,0,0,1
1775797805080977,1790683464.379751,9379,tx,51335.2,181.9,276.3,,,1,0,0,1
1775797947799539,1790683464.522469,9522,tx,51606.7,101.1,241.6,,,1,0,0,1
1775798091136474,1790683464.665806,9665,tx,69526.5,171.7,392.7,,,1,0,0,1
1775798234983294,1790683464.809653,9809,tx,52313.9,267.1,345.2,,,1,0,0,1
1775798379293276,1790683464.953963,9953,tx,53014.6,172.1,399.2,,,1,0,0,1
1775798524388024,1790683465.099058,10099,tx,51624.9,113.3,241.5,,,1,0,0,1
1775798667788719,1790683465.242458,10242,tx,52669.3,409.4,655.8,,,1,0,0,1
1775798812029984,1790683465.386699,10386,tx,52590.0,190.7,330.3,,,1,0,0,1
1775798956170627,1790683465.530841,10530,tx,51377.4,140.2,273.4,,,1,0,0,1
1775799099375403,1790683465.674045,10674,tx,52771.7,126.6,259.2,,,1,0,0,1
1775799243057639,1790683465.817728,10817,tx,51435.3,198.3,311.7,,,1,0,0,1
1775799385465591,1790683465.960135,10960,tx,51403.4,123.6,211.9,,,1,0,0,1
1775799528248801,1790683466.102919,11102,tx,52158.7,107.1,215.2,,,1,0,0,1
1775799671590768,1790683466.246261,11246,tx,52690.7,80.0,179.3,,,1,0,0,1
1775799815094214,1790683466.389764,11389,tx,52761.0,122.0,250.2,,,1,0,0,1
1775799958460735,1790683466.533131,11533,tx,52658.8,124.8,250.2,,,1,0,0,1
1775800103065266,1790683466.677735,11677,tx,53969.6,159.9,284.7,,,1,0,0,1
1775800248724120,1790683466.823394,11823,tx,56628.0,587.7,775.1,,,1,0,0,1
1775800393491726,1790683466.968162,11968,tx,52776.1,123.6,292.1,,,1,0,0,1
1775800538401908,1790683467.113072,12113,tx,52790.0,118.2,253.6,,,1,0,0,1
1775800682674649,1790683467.257344,12257,tx,52832.4,139.4,276.7,,,1,0,0,1
1775800826150490,1790683467.400820,12400,tx,53403.9,122.7,279.6,,,1,0,0,1
1775800970085744,1790683467.544756,12544,tx,52482.9,147.6,275.4,,,1,0,0,1
1775801113502680,1790683467.688173,12688,tx,52722.3,112.9,204.8,,,1,0,0,1
1775801258554876,1790683467.833224,12833,tx,52031.9,154.7,385.6,,,1,0,0,1
1775801402825914,1790683467.977495,12977,tx,61326.6,358.0,604.1,,,1,0,0,1
1775801545761346,1790683468.120431,13120,tx,52784.1,107.9,267.5,,,1,0,0,1
1775801690028727,1790683468.264699,13264,tx,70465.3,219.5,332.6,,,1,0,0,1
1775801834036666,1790683468.408707,13408,tx,52684.5,244.0,363.6,,,1,0,0,1
1775801977233391,1790683468.551903,13551,tx,51300.7,107.5,210.8,,132143.5,1,0,0,1
1775802119606665,1790683468.694276,13694,idle,51957.9,115.7,335.3,,,0,0,0,0
1775802262640180,1790683468.837310,13837,idle,55839.2,82.5,3492.3,,,0,0,0,0
1775802430865429,1790683469.005534,14005,idle,3697.7,120.4,301.4,,,0,0,0,0
1775802573871640,1790683469.148541,14148,idle,1713.5,125.3,312.8,,,0,0,0,0
1775802714307532,1790683469.288977,14288,idle,2231.7,136.4,337.2,,,0,0,0,0
1775802854588279,1790683469.429257,14429,idle,1938.8,118.9,307.6,,,0,0,0,0
1775802995036422,1790683469.569706,14569,idle,1206.4,427.5,500.1,,,0,0,0,0
1775803133422455,1790683469.708092,14708,idle,2251.8,186.5,422.9,,,0,0,0,0
1775803274523801,1790683469.849193,14849,idle,2266.7,197.0,416.7,,,0,0,0,0
1775803414760685,1790683469.989430,14989,idle,2680.2,159.6,432.7,,,0,0,0,0
1775803554568017,1790683470.129237,129,idle,1841.6,155.1,315.9,,,0,0,0,0
1775803693890388,1790683470.268560,268,idle,1284.6,106.5,203.2,,,0,0,0,0
1775803839647660,1790683470.414317,414,idle,2737.8,192.6,424.1,,,0,0,0,0
1775803984884424,1790683470.559554,559,idle,2693.5,422.1,672.2,,,0,0,0,0
1775804130423863,1790683470.705093,705,idle,2199.0,157.0,399.8,,,0,0,0,0
1775804273953722,1790683470.848624,848,idle,1217.6,106.5,199.3,,,0,0,0,0
1775804414144451,1790683470.988814,988,idle,1400.3,285.0,423.4,,,0,0,0,0
1775804553902925,1790683471.128572,1128,idle,2696.6,477.6,699.7,,,0,0,0,0
1775804694974246,1790683471.269644,1269,idle,2623.3,410.1,627.9,,,0,0,0,0
1775804840940604,1790683471.415610,1415,idle,2777.5,387.5,648.4,,,0,0,0,0
1775804983456582,1790683471.558126,1558,idle,944.1,78.6,194.6,,,0,0,0,0
1775805125119735,1790683471.699789,1699,idle,2577.0,262.8,473.5,,,0,0,0,0
1775805264893456,1790683471.839563,1839,idle,2751.7,463.4,699.4,,,0,0,0,0
1775805404519766,1790683471.979188,1979,idle,6144.1,117.6,300.3,,,0,0,0,0
1775805544036463,1790683472.118706,2118,idle,2701.9,340.3,534.4,,,0,0,0,0
1775805683451601,1790683472.258122,2258,idle,886.8,78.0,154.0,,,0,0,0,0
1775805829309583,1790683472.403979,2403,idle,2383.7,119.8,329.2,,,0,0,0,0
1775805974369562,1790683472.549039,2549,idle,2461.4,184.2,405.7,,,0,0,0,0
1775806114782092,1790683472.689451,2689,idle,2639.2,147.9,410.3,,,0,0,0,0
1775806254061963,1790683472.828732,2828,idle,1196.6,402.2,486.6,,,0,0,0,0
1775806393420314,1790683472.968090,2968,idle,1061.8,132.6,232.3,,,0,0,0,0
1775806537214658,1790683473.111884,3111,idle,2613.0,194.0,405.8,,,0,0,0,0
1775806674659178,1790683473.249328,3249,idle,2829.5,162.5,408.1,,,0,0,0,0
1775806814102258,1790683473.388772,3388,idle,2332.9,271.9,469.2,,,0,0,0,0
1775806954355848,1790683473.529026,3529,idle,1066.7,122.3,227.8,,,0,0,0,0
1775807093574988,1790683473.668245,3668,idle,1299.5,131.7,220.0,,,0,0,0,0
1775807240271797,1790683473.814941,3814,idle,2298.5,158.7,377.3,,,0,0,0,0
1775807385071878,1790683473.959740,3959,idle,2492.9,174.8,446.4,,,0,0,0,0
1775807527219743,1790683474.101889,4101,idle,2300.0,181.8,389.8,,,0,0,0,0
1775807673408981,1790683474.248079,4248,idle,856.3,105.3,177.8,,,0,0,0,0
1775807813835371,1790683474.388505,4388,idle,2240.5,158.9,407.3,,,0,0,0,0
1775807954714740,1790683474.529384,4529,idle,1598.7,117.5,268.3,,,0,0,0,0
1775808094643933,1790683474.669313,4669,idle,2274.8,135.4,385.3,,,0,0,0,0
1775808235574104,1790683474.810244,4810,idle,1498.2,99.3,252.9,,,0,0,0,0
1775808373387781,1790683474.948058,4948,idle,1012.4,85.3,200.6,,,0,0,0,0
1775808514065188,1790683475.088735,5088,idle,1533.3,259.9,404.4,,,0,0,0,0
1775808654101368,1790683475.228771,5228,idle,1562.5,225.7,370.9,,,0,0,0,0
1775808794383560,1790683475.369053,5369,idle,1474.0,124.3,271.6,,,0,0,0,0
1775808935321000,1790683475.509991,5509,idle,1444.3,108.3,240.2,,,0,0,0,0
1775809073971092,1790683475.648641,5648,idle,1310.6,111.6,242.5,,,0,0,0,0
1775809213729231,1790683475.788399,5788,idle,1484.5,131.7,292.7,,,0,0,0,0
1775809353824699,1790683475.928495,5928,idle,1299.3,101.4,237.2,,,0,0,0,0
1775809493511521,1790683476.068182,6068,idle,1379.2,112.1,247.5,,,0,0,0,0
1775809636866342,1790683476.211536,6211,idle,2251.3,167.3,404.4,,,0,0,0,0
1775809783048353,1790683476.357718,6357,idle,1156.5,285.2,362.0,,,0,0,0,0
1775809925569316,1790683476.500239,6500,idle,1473.5,152.9,284.3,,,0,0,0,0
1775810063107995,1790683476.637778,6637,idle,1273.7,242.6,338.5,,,0,0,0,0
1775810203714814,1790683476.778384,6778,idle,7921.2,172.9,351.4,,,0,0,0,0
1775810344645675,1790683476.919315,6919,idle,2151.3,173.5,382.3,,,0,0,0,0
1775810483719997,1790683477.058390,7058,idle,1080.2,106.9,174.6,,,0,0,0,0
1775810629361394,1790683477.204031,7204,idle,2166.8,159.0,368.2,,,0,0,0,0
1775810774336062,1790683477.349005,7349,idle,2225.2,152.6,355.0,,,0,0,0,0
1775810914957716,1790683477.489627,7489,idle,1509.4,133.9,287.2,,,0,0,0,0
1775811053768032,1790683477.628438,7628,idle,1249.3,114.2,218.1,,,0,0,0,0
1775811193302947,1790683477.767973,7767,idle,878.2,79.1,142.7,,,0,0,0,0
1775811339687029,1790683477.914356,7914,idle,1932.7,101.0,309.4,,,0,0,0,0
1775811484297145,1790683478.058967,8058,idle,1444.8,151.1,276.7,,,0,0,0,0
1775811628295518,1790683478.202965,8202,idle,2303.9,151.2,403.2,,,0,0,0,0
1775811773219278,1790683478.347889,8347,idle,1056.9,172.8,261.9,,,0,0,0,0
1775811913729290,1790683478.488399,8488,idle,1524.9,140.5,288.1,,,0,0,0,0
1775812054617987,1790683478.629288,8629,idle,1927.8,106.1,282.4,,,0,0,0,0
1775812194647760,1790683478.769317,8769,idle,2290.4,162.0,378.1,,,0,0,0,0
1775812340628319,1790683478.915298,8915,idle,1783.9,99.8,255.1,,,0,0,0,0
1775812483877245,1790683479.058547,9058,idle,1078.6,108.5,197.0,,,0,0,0,0
1775812622246714,1790683479.196916,9196,idle,2111.3,151.9,357.3,,,0,0,0,0
1775812764842631,1790683479.339512,9339,idle,2180.8,168.8,412.5,,,0,0,0,0
1775812904198535,1790683479.478868,9478,idle,6485.1,151.2,353.5,,,0,0,0,0
1775813043827018,1790683479.618496,9618,idle,1160.9,148.8,262.0,,,0,0,0,0
1775813183247496,1790683479.757917,9757,idle,1148.6,181.4,281.8,,,0,0,0,0
1775813329701144,1790683479.904371,9904,idle,2845.4,200.6,433.6,,,0,0,0,0
1775813474651072,1790683480.049320,10049,idle,2202.2,160.8,371.7,,,0,0,0,0
1775813614633418,1790683480.189303,10189,idle,2001.8,112.9,317.0,,,0,0,0,0
1775813753637848,1790683480.328308,10328,idle,1142.8,141.6,240.6,,,0,0,0,0
1775813893602907,1790683480.468272,10468,idle,2476.8,209.7,437.2,,,0,0,0,0
1775814032499714,1790683480.607169,10607,idle,2066.2,145.2,344.3,,,0,0,0,0
1775814175067153,1790683480.749737,10749,idle,2524.3,246.1,481.1,,,0,0,0,0
1775814314249993,1790683480.888919,10888,idle,2430.8,184.5,393.4,,,0,0,0,0
1775814453624048,1790683481.028294,11028,idle,899.5,109.5,178.2,,,0,0,0,0
1775814594814411,1790683481.169484,11169,idle,2297.3,188.7,442.5,,,0,0,0,0
1775814740168228,1790683481.314837,11314,idle,2226.2,156.6,387.8,,,0,0,0,0
1775814884768454,1790683481.459438,11459,idle,2390.3,152.9,364.8,,,0,0,0,0
1775815024290269,1790683481.598960,11598,idle,999.7,131.2,254.8,,,0,0,0,0
1775815163977792,1790683481.738648,11738,idle,1402.0,145.2,276.2,,,0,0,0,0
1775815308134014,1790683481.882804,11882,idle,861.5,83.1,143.7,,,0,0,0,0
1775815454718293,1790683482.029387,12029,idle,1965.8,165.8,399.9,,,0,0,0,0
1775815594519570,1790683482.169189,12169,idle,2119.0,148.5,395.9,,,0,0,0,0
1775815733276739,1790683482.307947,12307,idle,968.3,153.6,239.7,,,0,0,0,0
1775815873765796,1790683482.448435,12448,idle,2311.6,186.0,403.8,,,0,0,0,0
1775816014281502,1790683482.588951,12588,idle,2347.7,145.7,426.7,,,0,0,0,0
1775816153534162,1790683482.728204,12728,idle,1114.8,82.4,206.6,,,0,0,0,0
1775816294140580,1790683482.868810,12868,idle,1179.5,272.4,359.0,,,0,0,0,0
1775816436403049,1790683483.011073,13011,idle,1211.4,111.5,260.2,,,0,0,0,0
1775816583379930,1790683483.158050,13158,idle,1448.0,149.5,298.0,,,0,0,0,0
1775816727430243,1790683483.302100,13302,idle,1649.5,136.7,302.1,,,0,0,0,0
1775816874063552,1790683483.448733,13448,idle,1701.5,321.9,483.4,,,0,0,0,0
1775817013591851,1790683483.588261,13588,idle,1425.8,108.6,259.1,,,0,0,0,0
1775817153714394,1790683483.728384,13728,idle,1230.9,80.9,197.1,,,0,0,0,0
1775817293894040,1790683483.868564,13868,idle,1213.8,102.9,242.3,,,0,0,0,0
1775817434387719,1790683484.009058,14009,idle,1426.8,141.4,286.9,,,0,0,0,0
1775817574120397,1790683484.148789,14148,idle,2306.0,223.1,455.4,,,0,0,0,0
1775817714794248,1790683484.289464,14289,idle,2147.5,176.5,424.7,,,0,0,0,0
1775817853921431,1790683484.428592,14428,idle,1052.5,103.7,207.8,,,0,0,0,0
1775817994544655,1790683484.569214,14569,idle,2074.2,114.4,349.4,,,0,0,0,0
1775818140049555,1790683484.714719,14714,idle,2347.9,287.2,523.4,,,0,0,0,0
1775818284737516,1790683484.859407,14859,idle,2249.5,104.5,332.1,,,0,0,0,0
1775818430346191,1790683485.005016,5,idle,1070.7,109.8,237.0,,,0,0,0,0
1775818617406317,1790683485.192076,192,tx,51921.6,128.8,229.1,,,1,0,0,1
1775818761063383,1790683485.335733,335,tx,52295.8,302.3,526.8,,,1,0,0,1
1775818905257997,1790683485.479927,479,tx,55596.0,293.6,480.5,,,1,0,0,1
1775819043094931,1790683485.617764,617,tx,53437.7,429.1,637.1,,,1,0,0,1
1775819187305452,1790683485.761976,761,tx,52314.8,276.8,395.1,,,1,0,0,1
1775819330791639,1790683485.905462,905,tx,51658.1,119.2,243.5,,,1,0,0,1
1775819473974921,1790683486.048644,1048,tx,63376.4,120.6,332.7,,,1,0,0,1
1775819618575268,1790683486.193244,1193,tx,52208.4,104.7,310.3,,,1,0,0,1
1775819761764734,1790683486.336435,1336,tx,52384.5,72.2,157.3,,,1,0,0,1
1775819905044517,1790683486.479715,1479,tx,51492.0,104.5,200.2,,,1,0,0,1
1775820048030685,1790683486.622700,1622,tx,54731.0,496.2,705.9,,,1,0,0,1
1775820193292035,1790683486.767961,1767,tx,53258.8,205.7,446.7,,,1,0,0,1
1775820337900925,1790683486.912571,1912,tx,52513.4,115.6,227.6,,,1,0,0,1
1775820480936186,1790683487.055606,2055,tx,52458.3,109.0,215.4,,,1,0,0,1
1775820624867648,1790683487.199538,2199,tx,51763.0,103.2,213.1,,,1,0,0,1
1775820768372881,1790683487.343042,2343,tx,53280.3,150.3,365.9,,,1,0,0,1
1775820914127951,1790683487.488797,2488,tx,52612.5,397.2,627.9,,,1,0,0,1
1775821057826079,1790683487.632496,2632,tx,52562.2,71.9,166.0,,,1,0,0,1
1775821202202753,1790683487.776872,2776,tx,62511.2,323.2,527.6,,,1,0,0,1
1775821345518915,1790683487.920189,2920,tx,51862.7,134.1,250.9,,,1,0,0,1
1775821489058413,1790683488.063728,3063,tx,53501.4,518.3,671.6,,,1,0,0,1
1775821635719341,1790683488.210388,3210,tx,53151.8,129.1,357.7,,,1,0,0,1
1775821779667092,1790683488.354337,3354,tx,51906.1,141.3,264.3,,,1,0,0,1
1775821922787773,1790683488.497458,3497,tx,52909.7,145.1,300.2,,,1,0,0,1
1775822067387835,1790683488.642057,3642,tx,53338.5,206.3,443.7,,,1,0,0,1
1775822213196845,1790683488.787866,3787,tx,53564.8,372.7,578.4,,,1,0,0,1
1775822358177547,1790683488.932847,3932,tx,52977.7,427.8,554.7,,,1,0,0,1
1775822502092064,1790683489.076762,4076,tx,56219.9,101.1,216.0,,,1,0,0,1
1775822639831065,1790683489.214500,4214,tx,52781.1,157.5,372.3,,,1,0,0,1
1775822784093888,1790683489.358763,4358,tx,53634.8,472.2,703.4,,,1,0,0,1
1775822929232976,1790683489.503902,4503,tx,52178.3,312.1,509.3,,,1,0,0,1
1775823072828024,1790683489.647498,4647,tx,63241.3,73.8,168.8,,,1,0,0,1
1775823217270021,1790683489.791939,4791,tx,53448.7,248.3,483.8,,,1,0,0,1
1775823362095214,1790683489.936764,4936,tx,53616.0,442.7,686.7,,,1,0,0,1
1775823508122347,1790683490.082791,5082,tx,58928.7,450.4,652.9,,,1,0,0,1
1775823648452892,1790683490.223122,5223,tx,54409.0,128.8,338.5,,,1,0,0,1
1775823792198792,1790683490.366869,5366,tx,52922.7,192.9,406.3,,,1,0,0,1
1775823937735751,1790683490.512405,5512,tx,53147.9,117.5,323.5,,,1,0,0,1
1775824081788774,1790683490.656458,5656,tx,51672.5,121.9,278.1,,,1,0,0,1
1775824224468788,1790683490.799138,5799,tx,52092.3,162.2,371.1,,,1,0,0,1
1775824367895051,1790683490.942565,5942,tx,52609.5,113.5,259.7,,,1,0,0,1
1775824511576736,1790683491.086247,6086,tx,52360.7,80.7,169.4,,,1,0,0,1
1775824654896766,1790683491.229567,6229,tx,52594.0,87.6,236.0,,,1,0,0,1
1775824798515073,1790683491.373185,6373,tx,51717.3,114.9,213.6,,,1,0,0,1
1775824941048317,1790683491.515718,6515,tx,52519.3,113.2,234.4,,,1,0,0,1
1775825084599186,1790683491.659269,6659,tx,52102.9,79.3,150.7,,,1,0,0,1
1775825228056196,1790683491.802726,6802,tx,52771.7,130.5,274.6,,,1,0,0,1
1775825371927584,1790683491.946597,6946,tx,52552.5,113.3,243.2,,,1,0,0,1
1775825515931046,1790683492.090600,7090,tx,53026.2,157.8,327.1,,,1,0,0,1
1775825660514705,1790683492.235184,7235,tx,53116.3,178.0,363.2,,,1,0,0,1
1775825804129420,1790683492.378799,7378,tx,53376.7,108.4,206.0,,,1,0,0,1
1775825948867956,1790683492.523537,7523,tx,52076.1,149.1,379.7,,,1,0,0,1
1775826093315165,1790683492.667984,7667,tx,52338.2,199.8,437.2,,,1,0,0,1
1775826236896115,1790683492.811565,7811,tx,52460.8,193.0,426.8,,,1,0,0,1
1775826380012945,1790683492.954683,7954,tx,52294.5,107.3,184.2,,,1,0,0,1
1775826524147094,1790683493.098817,8098,tx,52466.0,145.8,261.2,,,1,0,0,1
1775826668269527,1790683493.242939,8242,tx,66133.1,222.8,440.8,,,1,0,0,1
1775826812145373,1790683493.386815,8386,tx,52478.5,354.7,562.9,,,1,0,0,1
1775826956664343,1790683493.531334,8531,tx,52755.8,161.5,362.8,,,1,0,0,1
1775827100410837,1790683493.675081,8675,tx,53976.4,84.7,198.3,,,1,0,0,1
1775827245636790,1790683493.820306,8820,tx,53042.9,161.4,398.6,,,1,0,0,1
1775827389650159,1790683493.964320,8964,tx,51835.1,130.1,267.5,,,1,0,0,1
1775827527063745,1790683494.101734,9101,tx,52806.6,128.7,263.8,,,1,0,0,1
1775827670558287,1790683494.245228,9245,tx,52139.7,110.4,204.1,,,1,0,0,1
1775827814105173,1790683494.388775,9388,tx,51536.4,121.4,268.3,,,1,0,0,1
1775827957424730,1790683494.532094,9532,tx,52146.0,164.7,371.7,,,1,0,0,1
1775828101328326,1790683494.675997,9675,tx,58508.0,177.6,400.8,,,1,0,0,1
1775828241200163,1790683494.815869,9815,tx,53234.4,286.5,487.8,,,1,0,0,1
1775828386574700,1790683494.961245,9961,tx,52468.3,128.1,242.4,,,1,0,0,1
1775828530041526,1790683495.104712,10104,tx,51678.7,123.4,295.4,,,1,0,0,1
1775828672535474,1790683495.247205,10247,tx,52921.7,131.6,304.4,,,1,0,0,1
1775828817457050,1790683495.392126,10392,tx,52212.5,150.2,356.8,,,1,0,0,1
1775828961206424,1790683495.535875,10535,tx,53245.8,243.3,448.0,,,1,0,0,1
1775829107220462,1790683495.681890,10681,tx,51299.4,84.4,169.0,,,1,0,0,1
1775829250260249,1790683495.824929,10824,tx,53112.5,191.2,401.5,,,1,0,0,1
1775829395946119,1790683495.970616,10970,tx,52509.8,151.9,383.2,,,1,0,0,1
1775829541391188,1790683496.116060,11116,tx,52183.4,184.1,412.7,,,1,0,0,1
1775829684744195,1790683496.259414,11259,tx,52537.7,119.3,214.5,,,1,0,0,1
1775829828813701,1790683496.403484,11403,tx,52667.9,140.4,243.9,,,1,0,0,1
1775829972800610,1790683496.547469,11547,tx,52898.6,190.2,383.1,,,1,0,0,1
1775830117177726,1790683496.691847,11691,tx,53344.6,312.8,527.7,,,1,0,0,1
1775830262592889,1790683496.837262,11837,tx,69786.1,114.0,361.1,,,1,0,0,1
1775830408567103,1790683496.983237,11983,tx,52428.3,88.0,184.5,,,1,0,0,1
1775830551985802,1790683497.126656,12126,tx,51339.4,90.0,224.2,,,1,0,0,1
1775830694321690,1790683497.268991,12268,tx,53398.1,193.5,420.0,,,1,0,0,1
1775830839936145,1790683497.414604,12414,tx,52371.5,184.5,381.6,,,1,0,0,1
1775830983212943,1790683497.557883,12557,tx,53158.8,365.6,506.2,,,1,0,0,1
1775831127037497,1790683497.701708,12701,tx,52406.4,107.4,221.4,,,1,0,0,1
1775831270687814,1790683497.845358,12845,tx,52699.1,98.7,253.5,,,1,0,0,1
1775831415239637,1790683497.989909,12989,tx,52232.5,290.4,457.6,,,1,0,0,1
1775831558417221,1790683498.133087,13133,tx,51706.5,100.6,235.3,,,1,0,0,1
1775831700682326,1790683498.275352,13275,tx,56999.4,91.3,198.9,,,1,0,0,1
1775831838992841,1790683498.413663,13413,tx,52576.3,86.3,191.2,,,1,0,0,1
1775831982588364,1790683498.557258,13557,tx,51713.7,119.4,270.3,,122758.2,1,0,0,1
1775832125664668,1790683498.700335,13700,idle,52763.6,111.5,230.7,,,0,0,0,0
1775832269987392,1790683498.844657,13844,idle,52670.5,95.9,241.4,,,0,0,0,0
1775832438857813,1790683499.013528,14013,idle,2046.8,130.4,218.6,,,0,0,0,0
1775832585311460,1790683499.159981,14159,idle,1433.3,371.5,491.6,,,0,0,0,0
1775832726157912,1790683499.300828,14300,idle,1647.0,118.6,248.2,,,0,0,0,0
1775832866213763,1790683499.440884,14440,idle,1392.1,109.5,214.5,,,0,0,0,0
1775833005413573,1790683499.580083,14580,idle,1379.4,278.0,393.6,,,0,0,0,0
1775833149304894,1790683499.723975,14723,idle,1300.7,418.2,526.6,,,0,0,0,0
1775833295977170,1790683499.870647,14870,idle,1269.4,135.9,231.0,,,0,0,0,0
1775833436156203,1790683500.010825,10,idle,2526.2,492.9,685.9,,,0,0,0,0
1775833575751110,1790683500.150421,150,idle,1601.2,141.4,286.8,,,0,0,0,0
1775833716143048,1790683500.290813,290,idle,1793.9,155.9,297.4,,,0,0,0,0
1775833855793139,1790683500.430463,430,idle,907.1,81.4,183.7,,,0,0,0,0
1775833995617483,1790683500.570288,570,idle,1059.7,151.1,244.8,,,0,0,0,0
1775834135806612,1790683500.710477,710,idle,1861.9,98.3,275.2,,,0,0,0,0
1775834275633311,1790683500.850303,850,idle,923.2,136.9,202.7,,,0,0,0,0
1775834416419707,1790683500.991089,991,idle,2117.1,241.2,426.8,,,0,0,0,0
1775834555838731,1790683501.130509,1130,idle,884.2,76.7,155.3,,,0,0,0,0
1775834695982293,1790683501.270652,1270,idle,1891.6,106.6,320.3,,,0,0,0,0
1775834835418010,1790683501.410088,1410,idle,1438.6,331.8,471.2,,,0,0,0,0
1775834975337631,1790683501.550008,1550,idle,1281.6,415.2,514.3,,,0,0,0,0
1775835116223321,1790683501.690893,1690,idle,1844.2,428.7,587.5,,,0,0,0,0
1775835255731242,1790683501.830401,1830,idle,914.9,78.6,168.2,,,0,0,0,0
1775835396443094,1790683501.971112,1971,idle,2690.7,233.0,455.1,,,0,0,0,0
1775835537484336,1790683502.112154,2112,idle,2355.5,164.9,395.8,,,0,0,0,0
1775835676082056,1790683502.250751,2250,idle,2845.1,186.2,403.1,,,0,0,0,0
1775835815966998,1790683502.390637,2390,idle,1302.0,105.2,213.4,,,0,0,0,0
1775835954914309,1790683502.529584,2529,idle,1334.1,104.7,220.3,,,0,0,0,0
1775836096238231,1790683502.670908,2670,idle,2168.1,418.1,627.9,,,0,0,0,0
1775836236516067,1790683502.811185,2811,idle,2538.0,110.8,380.2,,,0,0,0,0
1775836375874894,1790683502.950545,2950,idle,1873.7,135.7,335.4,,,0,0,0,0
1775836515147944,1790683503.089818,3089,idle,1096.0,106.5,200.4,,,0,0,0,0
1775836655447701,1790683503.230118,3230,idle,1174.7,322.4,389.0,,,0,0,0,0
1775836796092841,1790683503.370762,3370,idle,2627.9,144.1,362.4,,,0,0,0,0
1775836935950931,1790683503.510621,3510,idle,1259.3,86.7,177.7,,,0,0,0,0
1775837075590525,1790683503.650260,3650,idle,2219.3,187.7,395.5,,,0,0,0,0
1775837215511059,1790683503.790181,3790,idle,1007.7,110.4,205.8,,,0,0,0,0
1775837356311382,1790683503.930981,3930,idle,2254.1,243.6,478.2,,,0,0,0,0
1775837495729752,1790683504.070399,4070,idle,2011.0,105.0,330.0,,,0,0,0,0
1775837636324349,1790683504.210994,4210,idle,1433.4,270.0,420.2,,,0,0,0,0
1775837776715915,1790683504.351385,4351,idle,1956.4,119.1,315.7,,,0,0,0,0
1775837915037066,1790683504.489707,4489,idle,1060.4,104.1,189.6,,,0,0,0,0
1775838056275993,1790683504.630945,4630,idle,2385.7,274.7,484.6,,,0,0,0,0
1775838195950605,1790683504.770620,4770,idle,2086.0,155.7,386.5,,,0,0,0,0
1775838336523743,1790683504.911193,4911,idle,2236.0,118.0,390.8,,,0,0,0,0
1775838475959710,1790683505.050630,5050,idle,1080.9,84.5,167.6,,,0,0,0,0
1775838615120409,1790683505.189790,5189,idle,1015.2,130.5,219.7,,,0,0,0,0
1775838756103421,1790683505.330773,5330,idle,2263.9,157.6,383.9,,,0,0,0,0
1775838895509920,1790683505.470180,5470,idle,1920.1,164.4,336.0,,,0,0,0,0
1775839035516515,1790683505.610187,5610,idle,1232.3,121.7,235.7,,,0,0,0,0
1775839176045088,1790683505.750715,5750,idle,1158.8,130.4,234.9,,,0,0,0,0
1775839315687808,1790683505.890358,5890,idle,1064.7,133.2,224.7,,,0,0,0,0
1775839455805204,1790683506.030475,6030,idle,2273.7,90.9,191.8,,,0,0,0,0
1775839595151700,1790683506.169822,6169,idle,1192.9,139.1,249.6,,,0,0,0,0
1775839735992045,1790683506.310662,6310,idle,1287.3,91.0,272.7,,,0,0,0,0
1775839875761763,1790683506.450432,6450,idle,1531.3,84.4,233.4,,,0,0,0,0
1775840015662280,1790683506.590332,6590,idle,1040.6,115.8,212.9,,,0,0,0,0
1775840155900863,1790683506.730571,6730,idle,1540.8,110.0,249.2,,,0,0,0,0
1775840295222577,1790683506.869892,6869,idle,1515.6,120.2,232.5,,,0,0,0,0
1775840435275626,1790683507.009945,7009,idle,1492.1,120.7,242.1,,,0,0,0,0
1775840576043708,1790683507.150714,7150,idle,1478.7,98.4,220.9,,,0,0,0,0
1775840715084406,1790683507.289754,7289,idle,1308.9,114.4,222.6,,,0,0,0,0
1775840855592280,1790683507.430262,7430,idle,1569.7,151.5,304.8,,,0,0,0,0
1775840996046247,1790683507.570716,7570,idle,1446.1,146.2,295.1,,,0,0,0,0
1775841135891945,1790683507.710562,7710,idle,1310.7,105.3,207.4,,,0,0,0,0
1775841275814948,1790683507.850485,7850,idle,1446.9,108.9,244.3,,,0,0,0,0
1775841415424039,1790683507.990094,7990,idle,1149.4,221.2,312.8,,,0,0,0,0
1775841555290891,1790683508.129961,8129,idle,1169.8,114.0,214.8,,,0,0,0,0
1775841696685829,1790683508.271355,8271,idle,2128.8,130.3,349.6,,,0,0,0,0
1775841836532526,1790683508.411201,8411,idle,2217.9,107.4,406.9,,,0,0,0,0
1775841976043376,1790683508.550713,8550,idle,1237.4,141.1,262.1,,,0,0,0,0
1775842114811174,1790683508.689481,8689,idle,825.5,73.4,150.6,,,0,0,0,0
1775842256765330,1790683508.831435,8831,idle,2195.8,119.0,317.9,,,0,0,0,0
1775842396559368,1790683508.971229,8971,idle,2291.7,144.3,334.2,,,0,0,0,0
1775842535970692,1790683509.110641,9110,idle,1360.4,142.2,258.8,,,0,0,0,0
1775842675059325,1790683509.249729,9249,idle,1195.6,131.5,206.1,,,0,0,0,0
1775842815824093,1790683509.390494,9390,idle,932.5,83.6,171.9,,,0,0,0,0
1775842955802927,1790683509.530472,9530,idle,2471.7,120.7,350.0,,,0,0,0,0
1775843096175945,1790683509.670845,9670,idle,2369.6,201.5,418.1,,,0,0,0,0
1775843235673680,1790683509.810343,9810,idle,2173.1,193.3,402.7,,,0,0,0,0
1775843375467025,1790683509.950137,9950,idle,1105.0,205.2,315.9,,,0,0,0,0
1775843515026356,1790683510.089696,10089,idle,1089.1,107.6,206.4,,,0,0,0,0
1775843655463564,1790683510.230134,10230,idle,1340.7,212.5,324.2,,,0,0,0,0
1775843796325910,1790683510.370995,10370,idle,2346.8,297.9,515.4,,,0,0,0,0
1775843935111098,1790683510.509781,10509,idle,1506.2,158.0,297.5,,,0,0,0,0
1775844075773540,1790683510.650444,10650,idle,884.1,70.8,157.4,,,0,0,0,0
1775844215713508,1790683510.790383,10790,idle,1072.9,128.4,210.6,,,0,0,0,0
1775844356346376,1790683510.931016,10931,idle,1813.7,305.1,480.1,,,0,0,0,0
1775844495382425,1790683511.070051,11070,idle,5262.9,165.4,416.1,,,0,0,0,0
1775844636040939,1790683511.210711,11210,idle,1324.5,87.2,226.3,,,0,0,0,0
1775844775737360,1790683511.350407,11350,idle,1108.1,85.7,199.1,,,0,0,0,0
1775844916118396,1790683511.490788,11490,idle,2122.3,156.6,366.8,,,0,0,0,0
1775845055075005,1790683511.629745,11629,idle,1266.7,113.5,213.6,,,0,0,0,0
1775845196195789,1790683511.770865,11770,idle,2265.3,155.7,377.8,,,0,0,0,0
1775845334273790,1790683511.908944,11908,idle,861.1,77.3,114.2,,,0,0,0,0
1775845475926468,1790683512.050596,12050,idle,893.4,80.7,139.9,,,0,0,0,0
1775845616529430,1790683512.191199,12191,idle,2151.4,149.4,363.7,,,0,0,0,0
1775845755652690,1790683512.330323,12330,idle,992.9,116.9,212.8,,,0,0,0,0
1775845895512630,1790683512.470182,12470,idle,1279.1,205.2,295.9,,,0,0,0,0
1775846034948262,1790683512.609618,12609,idle,926.7,77.5,180.7,,,0,0,0,0
1775846175688774,1790683512.750359,12750,idle,1228.0,116.4,220.9,,,0,0,0,0
1775846315309795,1790683512.889979,12889,idle,1799.3,342.1,502.5,,,0,0,0,0
1775846456077569,1790683513.030747,13030,idle,2203.4,148.7,328.3,,,0,0,0,0
1775846596026493,1790683513.170696,13170,idle,1307.0,110.2,221.8,,,0,0,0,0
1775846735548121,1790683513.310218,13310,idle,988.8,191.7,258.8,,,0,0,0,0
1775846876525102,1790683513.451194,13451,idle,2255.3,192.7,426.3,,,0,0,0,0
1775847016056790,1790683513.590726,13590,idle,2236.6,183.1,391.2,,,0,0,0,0
1775847155759802,1790683513.730429,13730,idle,2087.2,175.6,392.5,,,0,0,0,0
1775847295787397,1790683513.870456,13870,idle,2175.1,124.0,309.7,,,0,0,0,0
1775847434870928,1790683514.009541,14009,idle,962.0,75.0,142.7,,,0,0,0,0
1775847576329905,1790683514.151000,14150,idle,1708.2,162.8,310.4,,,0,0,0,0
1775847716090478,1790683514.290761,14290,idle,1294.6,141.7,217.0,,,0,0,0,0
1775847856580524,1790683514.431250,14431,decode,2415.3,142.4,335.1,,,0,0,1,0
1775847995240617,1790683514.569911,14569,idle,1010.5,106.0,181.7,,,0,0,0,0
1775848135344541,1790683514.710015,14710,idle,1482.4,142.3,267.2,,,0,0,0,0
1775848275866189,1790683514.850536,14850,idle,1590.7,110.3,257.8,,,0,0,0,0
1775848416282350,1790683514.990952,14990,idle,2664.3,360.1,586.1,,,0,0,0,0
1775848616214222,1790683515.190884,190,tx,53146.3,123.1,224.3,,,1,0,0,1
1775848759816634,1790683515.334487,334,tx,52503.8,132.4,222.7,,,1,0,0,1
1775848904097471,1790683515.478767,478,tx,56453.5,151.2,357.6,,,1,0,0,1
1775849042067037,1790683515.616736,616,tx,52573.5,150.3,372.1,,,1,0,0,1
1775849186134205,1790683515.760803,760,tx,53306.1,125.1,330.1,,,1,0,0,1
1775849330044929,1790683515.904715,904,tx,52651.3,80.5,159.1,,,1,0,0,1
1775849474082329,1790683516.048750,1048,tx,53381.5,161.5,398.8,,,1,0,0,1
1775849618102305,1790683516.192772,1192,tx,52764.7,107.7,171.7,,,1,0,0,1
1775849762281130,1790683516.336951,1336,tx,53194.7,151.8,307.2,,,1,0,0,1
1775849906627025,1790683516.481297,1481,tx,52491.7,231.3,357.0,,,1,0,0,1
1775850050110302,1790683516.624780,1624,tx,52941.8,108.5,209.4,,,1,0,0,1
1775850193735761,1790683516.768405,1768,tx,51806.1,127.9,252.3,,,1,0,0,1
1775850337445411,1790683516.912115,1912,tx,53635.6,314.0,547.4,,,1,0,0,1
1775850482600160,1790683517.057270,2057,tx,52434.8,155.4,394.8,,,1,0,0,1
1775850625933304,1790683517.200603,2200,tx,52679.8,101.5,204.3,,,1,0,0,1
1775850769203675,1790683517.343874,2343,tx,52636.7,109.3,200.6,,,1,0,0,1
1775850913286991,1790683517.487956,2487,tx,53229.5,163.6,340.4,,,1,0,0,1
1775851058065541,1790683517.632735,2632,tx,52605.0,86.8,214.8,,,1,0,0,1
1775851201970923,1790683517.776640,2776,tx,60550.9,113.3,326.9,,,1,0,0,1
1775851343381343,1790683517.918051,2918,tx,51516.2,73.4,165.8,,,1,0,0,1
1775851486355849,1790683518.061025,3061,tx,63159.2,473.0,631.0,,,1,0,0,1
1775851630771349,1790683518.205441,3205,tx,51871.9,151.3,256.6,,,1,0,0,1
1775851774439827,1790683518.349109,3349,tx,53335.9,351.9,558.5,,,1,0,0,1
1775851919141178,1790683518.493811,3493,tx,52699.5,108.0,195.6,,,1,0,0,1
1775852062891675,1790683518.637561,3637,tx,52737.2,142.2,295.9,,,1,0,0,1
1775852206630650,1790683518.781301,3781,tx,52449.6,266.7,352.4,,,1,0,0,1
1775852350214663,1790683518.924885,3924,tx,53519.4,119.3,272.7,,,1,0,0,1
1775852494738043,1790683519.069407,4069,tx,52080.1,129.2,243.6,,,1,0,0,1
1775852637795768,1790683519.212466,4212,tx,51215.7,122.1,191.1,,,1,0,0,1
1775852780950644,1790683519.355620,4355,tx,52147.7,147.3,371.2,,,1,0,0,1
1775852924601583,1790683519.499271,4499,tx,52467.5,221.8,454.9,,,1,0,0,1
1775853069111745,1790683519.643781,4643,tx,52650.7,161.1,383.0,,,1,0,0,1
1775853214148317,1790683519.788818,4788,tx,54235.2,143.5,344.4,,,1,0,0,1
1775853359090235,1790683519.933759,4933,tx,52040.9,144.7,351.2,,,1,0,0,1
1775853503237220,1790683520.077906,5077,tx,68314.2,127.6,2984.1,,,1,0,0,1
1775853642709175,1790683520.217379,5217,tx,53004.3,143.2,329.8,,,1,0,0,1
1775853787608927,1790683520.362278,5362,tx,52272.7,109.8,316.4,,,1,0,0,1
1775853930522245,1790683520.505192,5505,tx,51387.8,229.0,330.4,,,1,0,0,1
1775854074204114,1790683520.648874,5648,tx,53449.6,123.7,313.4,,,1,0,0,1
1775854219117304,1790683520.793787,5793,tx,51785.5,112.7,257.3,,,1,0,0,1
1775854362543951,1790683520.937213,5937,tx,51825.7,181.9,379.8,,,1,0,0,1
1775854506147843,1790683521.080817,6080,tx,62357.3,161.2,358.5,,,1,0,0,1
1775854649771003,1790683521.224441,6224,tx,53121.0,82.1,169.9,,,1,0,0,1
1775854793283021,1790683521.367953,6367,tx,51256.1,113.8,214.4,,,1,0,0,1
1775854936085165,1790683521.510754,6510,tx,51959.1,128.3,335.0,,,1,0,0,1
1775855078963807,1790683521.653634,6653,tx,63599.7,118.2,214.5,,,1,0,0,1
1775855221878812,1790683521.796549,6796,tx,52281.3,102.8,189.1,,,1,0,0,1
1775855365607563,1790683521.940278,6940,tx,52763.3,173.1,305.4,,,1,0,0,1
1775855509071702,1790683522.083741,7083,tx,55767.0,107.8,251.0,,,1,0,0,1
1775855646596776,1790683522.221266,7221,tx,52152.5,165.0,400.8,,,1,0,0,1
1775855790182750,1790683522.364853,7364,tx,52436.4,112.3,239.7,,,1,0,0,1
1775855933366706,1790683522.508037,7508,tx,51278.9,83.1,172.4,,,1,0,0,1
1775856076801889,1790683522.651471,7651,tx,52188.2,118.8,322.2,,,1,0,0,1
1775856221195212,1790683522.795865,7795,tx,51863.5,127.7,283.6,,,1,0,0,1
1775856365048520,1790683522.939718,7939,tx,52292.3,162.3,397.9,,,1,0,0,1
1775856507839315,1790683523.082509,8082,tx,52201.0,73.9,150.6,,,1,0,0,1
1775856650913430,1790683523.225583,8225,tx,52523.6,124.0,262.5,,,1,0,0,1
1775856794196998,1790683523.368867,8368,tx,51682.9,97.5,189.4,,,1,0,0,1
1775856937809553,1790683523.512478,8512,tx,52237.9,125.6,365.7,,,1,0,0,1
1775857081811094,1790683523.656480,8656,tx,53036.9,163.3,416.1,,,1,0,0,1
1775857226067141,1790683523.800737,8800,tx,51519.9,123.1,227.6,,,1,0,0,1
1775857369113638,1790683523.943783,8943,tx,52474.7,143.8,377.8,,,1,0,0,1
1775857513268489,1790683524.087937,9087,tx,57943.9,188.6,407.0,,,1,0,0,1
1775857652548842,1790683524.227218,9227,tx,52409.4,188.2,403.0,,,1,0,0,1
1775857796508865,1790683524.371179,9371,tx,52801.2,295.5,431.0,,,1,0,0,1
1775857940570778,1790683524.515241,9515,tx,52317.1,229.4,328.3,,,1,0,0,1
1775858084565700,1790683524.659235,9659,tx,52884.9,208.6,383.4,,,1,0,0,1
1775858228883246,1790683524.803553,9803,tx,52231.5,153.9,369.7,,,1,0,0,1
1775858372744437,1790683524.947414,9947,tx,53355.4,133.6,350.4,,,1,0,0,1
1775858516980427,1790683525.091650,10091,tx,51948.8,132.0,235.6,,,1,0,0,1
1775858660717627,1790683525.235387,10235,tx,63181.4,127.8,254.9,,,1,0,0,1
1775858804728854,1790683525.379399,10379,tx,51445.9,123.5,221.7,,,1,0,0,1
1775858947196145,1790683525.521866,10521,tx,52647.7,132.4,286.1,,,1,0,0,1
1775859090691496,1790683525.665361,10665,tx,52575.0,121.4,265.7,,,1,0,0,1
1775859234303909,1790683525.808974,10808,tx,51524.1,101.7,205.1,,,1,0,0,1
1775859377144428,1790683525.951814,10951,tx,53005.1,152.4,367.6,,,1,0,0,1
1775859522095652,1790683526.096765,11096,tx,53380.3,194.0,418.8,,,1,0,0,1
1775859667087219,1790683526.241756,11241,tx,52541.8,176.4,426.0,,,1,0,0,1
1775859811069640,1790683526.385740,11385,tx,53085.7,140.4,234.1,,,1,0,0,1
1775859955011827,1790683526.529682,11529,tx,52662.1,147.5,237.7,,,1,0,0,1
1775860099191820,1790683526.673862,11673,tx,51705.5,127.7,268.4,,,1,0,0,1
1775860241845815,1790683526.816516,11816,tx,52797.7,129.4,239.2,,,1,0,0,1
1775860385552719,1790683526.960222,11960,tx,51729.2,267.7,406.7,,,1,0,0,1
1775860527863130,1790683527.102533,12102,tx,52703.1,127.7,257.2,,,1,0,0,1
1775860671345771,1790683527.246016,12246,tx,52980.1,135.1,288.0,,,1,0,0,1
1775860815197088,1790683527.389867,12389,tx,52709.3,91.8,237.8,,,1,0,0,1
1775860958667728,1790683527.533338,12533,tx,52553.9,186.9,293.4,,,1,0,0,1
1775861102664133,1790683527.677334,12677,tx,57403.2,186.2,390.5,,,1,0,0,1
1775861241490505,1790683527.816160,12816,tx,51323.2,82.6,155.5,,,1,0,0,1
1775861384375428,1790683527.959045,12959,tx,52157.9,154.7,361.4,,,1,0,0,1
1775861528764767,1790683528.103433,13103,tx,52342.1,204.4,436.3,,,1,0,0,1
1775861673109623,1790683528.247779,13247,tx,53308.6,161.4,401.9,,,1,0,0,1
1775861817242777,1790683528.391913,13391,tx,52524.4,119.9,224.5,,,1,0,0,1
1775861960356546,1790683528.535027,13535,tx,51265.6,103.9,191.4,,148969.9,1,0,0,1
1775862103498882,1790683528.678168,13678,tx,69620.7,292.6,480.5,,,0,0,0,0
1775862245100529,1790683528.819770,13819,idle,63800.6,168.1,366.8,,,0,0,0,0
1775862419868317,1790683528.994538,13994,idle,992.9,125.9,211.3,,,0,0,0,0
1775862557958752,1790683529.132629,14132,idle,933.6,109.0,196.1,,,0,0,0,0
1775862699678915,1790683529.274348,14274,idle,9467.7,231.5,471.9,,,0,0,0,0
1775862838936429,1790683529.413606,14413,idle,2469.4,124.8,334.2,,,0,0,0,0
1775862979665698,1790683529.554335,14554,idle,2803.7,279.8,487.9,,,0,0,0,0
1775863119041866,1790683529.693712,14693,idle,1003.2,84.7,181.5,,,0,0,0,0
1775863258385580,1790683529.833055,14833,idle,1166.0,109.2,187.9,,,0,0,0,0
1775863398923337,1790683529.973592,14973,idle,2312.9,146.8,388.1,,,0,0,0,0
1775863538415454,1790683530.113086,113,idle,1464.9,136.3,249.1,,,0,0,0,0
1775863679328692,1790683530.253998,253,idle,2287.4,157.4,378.1,,,0,0,0,0
1775863818889648,1790683530.393559,393,idle,959.7,132.1,221.2,,,0,0,0,0
1775863958255734,1790683530.532926,532,idle,1350.5,127.8,208.3,,,0,0,0,0
1775864099290900,1790683530.673960,673,idle,6823.8,170.8,352.4,,,0,0,0,0
1775864239226971,1790683530.813896,813,idle,2016.7,120.5,319.7,,,0,0,0,0
1775864379488260,1790683530.954158,954,idle,3011.9,425.4,658.4,,,0,0,0,0
1775864518294620,1790683531.092965,1092,idle,1352.4,126.8,241.9,,,0,0,0,0
1775864658623584,1790683531.233293,1233,idle,1953.1,390.2,539.7,,,0,0,0,0
1775864798934869,1790683531.373604,1373,idle,2240.8,147.0,374.1,,,0,0,0,0
1775864938686320,1790683531.513356,1513,idle,1601.8,258.4,433.2,,,0,0,0,0
1775865079537759,1790683531.654207,1654,idle,2662.1,425.2,621.9,,,0,0,0,0
1775865217980024,1790683531.792650,1792,idle,938.4,76.4,174.0,,,0,0,0,0
1775865358954047,1790683531.933623,1933,idle,2209.5,157.3,479.6,,,0,0,0,0
1775865499893797,1790683532.074563,2074,idle,17262.3,198.9,429.9,,,0,0,0,0
1775865638891300,1790683532.213561,2213,idle,2257.5,181.9,395.4,,,0,0,0,0
1775865779505679,1790683532.354175,2354,idle,2702.8,478.0,690.6,,,0,0,0,0
1775865918801391,1790683532.493471,2493,idle,991.5,227.7,329.1,,,0,0,0,0
1775866059384578,1790683532.634054,2634,idle,2179.8,151.2,359.1,,,0,0,0,0
1775866198619444,1790683532.773289,2773,idle,1395.9,416.7,523.6,,,0,0,0,0
1775866339201187,1790683532.913870,2913,idle,2407.1,161.4,388.4,,,0,0,0,0
1775866478262742,1790683533.052933,3052,idle,1500.0,134.0,260.4,,,0,0,0,0
1775866618143591,1790683533.192814,3192,idle,1397.4,142.6,245.1,,,0,0,0,0
1775866759066636,1790683533.333735,3333,idle,2045.4,177.1,402.8,,,0,0,0,0
1775866899489349,1790683533.474159,3474,idle,12483.5,478.4,687.7,,,0,0,0,0
1775867039032145,1790683533.613701,3613,idle,2169.5,158.9,372.0,,,0,0,0,0
1775867178621628,1790683533.753292,3753,idle,1302.4,261.9,355.7,,,0,0,0,0
1775867318361148,1790683533.893031,3893,idle,1142.5,116.7,209.0,,,0,0,0,0
1775867458460218,1790683534.033130,4033,idle,1386.8,125.2,254.9,,,0,0,0,0
1775867598406782,1790683534.173076,4173,idle,1563.0,127.8,261.2,,,0,0,0,0
1775867739096945,1790683534.313767,4313,idle,1633.1,124.7,255.3,,,0,0,0,0
1775867878526946,1790683534.453197,4453,idle,1286.3,137.3,277.1,,,0,0,0,0
1775868018374296,1790683534.593044,4593,idle,1230.5,119.0,228.4,,,0,0,0,0
1775868158238665,1790683534.732908,4732,idle,1279.1,125.8,248.7,,,0,0,0,0
1775868298390435,1790683534.873060,4873,idle,1901.5,135.7,321.5,,,0,0,0,0
1775868438858626,1790683535.013529,5013,idle,1355.9,93.9,210.0,,,0,0,0,0
1775868579068995,1790683535.153738,5153,idle,1504.1,113.0,251.2,,,0,0,0,0
1775868718556082,1790683535.293226,5293,idle,1097.7,85.2,164.7,,,0,0,0,0
1775868858350800,1790683535.433021,5433,idle,1205.8,82.2,162.2,,,0,0,0,0
1775868998472319,1790683535.573142,5573,idle,1480.6,148.7,274.1,,,0,0,0,0
1775869139264088,1790683535.713933,5713,idle,2177.9,147.9,380.0,,,0,0,0,0
1775869278490443,1790683535.853160,5853,idle,1338.5,134.6,228.6,,,0,0,0,0
1775869418157914,1790683535.992828,5992,idle,1158.7,129.5,228.9,,,0,0,0,0
1775869559094586,1790683536.133765,6133,idle,1420.2,151.0,294.9,,,0,0,0,0
1775869698640748,1790683536.273311,6273,idle,1348.4,267.7,369.3,,,0,0,0,0
1775869839533191,1790683536.414202,6414,idle,2508.7,299.5,503.8,,,0,0,0,0
1775869978238215,1790683536.552908,6552,idle,1036.0,100.1,167.0,,,0,0,0,0
1775870118393681,1790683536.693064,6693,idle,1389.0,144.2,263.0,,,0,0,0,0
1775870259312576,1790683536.833982,6833,idle,2278.4,176.6,409.2,,,0,0,0,0
1775870399586906,1790683536.974256,6974,idle,12439.5,264.6,464.0,,,0,0,0,0
1775870539308346,1790683537.113978,7113,idle,2344.6,184.9,387.9,,,0,0,0,0
1775870678740295,1790683537.253410,7253,idle,1146.4,281.2,373.3,,,0,0,0,0
1775870819764625,1790683537.394434,7394,idle,2385.7,158.2,423.9,,,0,0,0,0
1775870958207838,1790683537.532878,7532,idle,1406.0,118.5,232.5,,,0,0,0,0
1775871099215084,1790683537.673884,7673,idle,13354.6,150.8,382.6,,,0,0,0,0
1775871239534402,1790683537.814204,7814,idle,2255.9,321.7,520.4,,,0,0,0,0
1775871378685486,1790683537.953356,7953,idle,1111.5,269.2,334.8,,,0,0,0,0
1775871518944173,1790683538.093614,8093,idle,1196.6,111.8,213.8,,,0,0,0,0
1775871659081156,1790683538.233751,8233,idle,2351.4,127.9,342.0,,,0,0,0,0
1775871798359209,1790683538.373029,8373,idle,1249.4,79.4,164.9,,,0,0,0,0
1775871939143528,1790683538.513812,8513,idle,5395.5,138.8,3123.2,,,0,0,0,0
1775872078952224,1790683538.653622,8653,idle,1087.5,106.3,187.7,,,0,0,0,0
1775872219437458,1790683538.794107,8794,idle,2477.2,164.8,397.5,,,0,0,0,0
1775872359125232,1790683538.933794,8933,idle,2258.8,104.8,311.6,,,0,0,0,0
1775872498903314,1790683539.073573,9073,idle,1497.5,97.3,248.2,,,0,0,0,0
1775872639878546,1790683539.214548,9214,idle,1131.6,84.9,185.4,,,0,0,0,0
1775872778534792,1790683539.353205,9353,idle,1228.5,89.5,190.7,,,0,0,0,0
1775872919113173,1790683539.493781,9493,idle,2233.1,138.1,373.8,,,0,0,0,0
1775873059040247,1790683539.633708,9633,idle,2044.2,138.9,373.8,,,0,0,0,0
1775873199558569,1790683539.774228,9774,idle,13299.5,322.0,504.3,,,0,0,0,0
1775873338791217,1790683539.913461,9913,idle,1454.5,115.4,287.2,,,0,0,0,0
1775873478312594,1790683540.052983,10052,idle,1065.8,106.0,184.8,,,0,0,0,0
1775873618937743,1790683540.193606,10193,idle,2191.8,142.3,358.4,,,0,0,0,0
1775873758338704,1790683540.333008,10333,idle,2129.7,173.5,367.6,,,0,0,0,0
1775873899103251,1790683540.473773,10473,idle,1490.3,154.0,290.9,,,0,0,0,0
1775874038669217,1790683540.613339,10613,idle,1258.7,275.8,382.3,,,0,0,0,0
1775874178748390,1790683540.753418,10753,idle,1344.2,155.2,297.9,,,0,0,0,0
1775874319303990,1790683540.893973,10893,idle,2226.3,138.7,342.0,,,0,0,0,0
1775874459463889,1790683541.034133,11034,idle,2072.9,158.6,371.6,,,0,0,0,0
1775874599376774,1790683541.174046,11174,idle,9438.6,160.8,371.6,,,0,0,0,0
1775874738605212,1790683541.313275,11313,idle,1069.6,109.1,206.5,,,0,0,0,0
1775874878250968,1790683541.452921,11452,idle,1301.1,106.2,208.8,,,0,0,0,0
1775875019025809,1790683541.593695,11593,idle,1210.3,113.0,230.7,,,0,0,0,0
1775875159140024,1790683541.733808,11733,idle,2692.3,160.6,365.5,,,0,0,0,0
1775875299190722,1790683541.873861,11873,decode,1453.7,123.6,251.6,,,0,0,1,0
1775875438245888,1790683542.012915,12012,idle,1362.0,102.3,215.6,,,0,0,0,0
1775875579016306,1790683542.153686,12153,idle,1080.5,110.1,181.9,,,0,0,0,0
1775875719081517,1790683542.293751,12293,idle,1107.0,138.0,239.2,,,0,0,0,0
1775875858455004,1790683542.433125,12433,idle,1219.4,92.6,205.2,,,0,0,0,0
1775875998651607,1790683542.573322,12573,idle,1404.7,290.0,406.4,,,0,0,0,0
1775876138424142,1790683542.713094,12713,idle,1097.7,81.6,179.0,,,0,0,0,0
1775876279162580,1790683542.853832,12853,idle,1574.5,94.1,230.9,,,0,0,0,0
1775876418631485,1790683542.993301,12993,idle,1334.4,95.8,221.2,,,0,0,0,0
1775876558308790,1790683543.132979,13132,idle,1368.4,93.3,215.2,,,0,0,0,0
1775876698748932,1790683543.273418,13273,idle,1504.2,216.4,358.6,,,0,0,0,0
1775876838156863,1790683543.412826,13412,idle,4391.3,996.5,2907.6,,,0,0,0,0
1775876980622189,1790683543.555292,13555,idle,1308.7,311.4,440.9,,,0,0,0,0
1775877118530824,1790683543.693201,13693,idle,1546.7,118.7,275.1,,,0,0,0,0
1775877258801571,1790683543.833472,13833,idle,1499.1,198.5,310.7,,,0,0,0,0
1775877399059186,1790683543.973729,13973,idle,1544.1,113.3,250.1,,,0,0,0,0
1775877538512904,1790683544.113183,14113,idle,1087.6,71.0,184.6,,,0,0,0,0
1775877679386568,1790683544.254056,14254,idle,1211.2,114.8,228.5,,,0,0,0,0
1775877819670579,1790683544.394341,14394,decode,1168.2,95.0,208.3,,,0,0,1,0
1775877958846373,1790683544.533516,14533,idle,2067.4,154.5,365.9,,,0,0,0,0
1775878099327521,1790683544.673997,14673,idle,10209.2,186.2,419.5,,,0,0,0,0
1775878239174343,1790683544.813844,14813,idle,867.6,78.4,145.2,,,0,0,0,0
1775878379338792,1790683544.954008,14954,idle,2348.7,157.0,387.3,,,0,0,0,0
1775878519363767,1790683545.094033,94,idle,139745.2,100.8,308.5,,,0,0,0,1
1775878720105136,1790683545.294774,294,tx,52043.1,171.0,362.8,,,1,0,0,1
1775878862849830,1790683545.437520,437,tx,52468.9,314.7,412.5,,,1,0,0,1
1775879006700931,1790683545.581370,581,tx,61395.2,402.6,571.8,,,1,0,0,1
1775879149920056,1790683545.724589,724,tx,53915.8,166.0,386.1,,,1,0,0,1
1775879294096621,1790683545.868766,868,tx,52096.8,126.5,354.9,,,1,0,0,1
1775879438160455,1790683546.012830,1012,tx,53080.1,141.6,343.3,,,1,0,0,1
1775879582190681,1790683546.156860,1156,tx,51880.4,161.1,316.1,,,1,0,0,1
1775879725338055,1790683546.300008,1300,tx,52739.6,101.8,229.3,,,1,0,0,1
1775879869375947,1790683546.444046,1444,tx,72737.8,104.5,195.0,,,1,0,0,1
1775880013425271,1790683546.588095,1588,tx,52546.5,145.4,262.7,,,1,0,0,1
1775880156851208,1790683546.731521,1731,tx,52425.7,330.1,394.9,,,1,0,0,1
1775880301242417,1790683546.875912,1875,tx,59630.5,120.3,296.8,,,1,0,0,1
1775880441667524,1790683547.016337,2016,tx,52672.2,86.5,205.0,,,1,0,0,1
1775880585607291,1790683547.160277,2160,tx,52697.1,84.8,188.9,,,1,0,0,1
1775880729522381,1790683547.304192,2304,tx,52540.8,84.2,180.5,,,1,0,0,1
1775880873514751,1790683547.448184,2448,tx,52443.7,84.2,178.3,,,1,0,0,1
1775881017862261,1790683547.592531,2592,tx,52504.5,175.6,428.5,,,1,0,0,1
1775881162663102,1790683547.737332,2737,tx,53737.9,413.0,627.0,,,1,0,0,1
1775881308227989,1790683547.882897,2882,tx,53622.4,148.8,340.9,,,1,0,0,1
1775881453408410,1790683548.028078,3028,tx,52580.6,97.2,196.1,,,1,0,0,1
1775881597197832,1790683548.171868,3171,tx,51668.1,136.8,223.0,,,1,0,0,1
1775881740659880,1790683548.315329,3315,tx,53485.2,430.9,627.9,,,1,0,0,1
1775881885367857,1790683548.460038,3460,tx,53526.8,106.0,244.8,,,1,0,0,1
1775882031864567,1790683548.606534,3606,tx,53076.5,279.1,403.9,,,1,0,0,1
1775882175335730,1790683548.750006,3750,tx,51618.9,97.2,185.1,,,1,0,0,1
1775882318225946,1790683548.892895,3892,tx,52279.1,179.6,384.8,,,1,0,0,1
1775882461901575,1790683549.036571,4036,tx,52309.1,216.6,429.5,,,1,0,0,1
1775882606037093,1790683549.180706,4180,tx,54277.5,124.9,316.1,,,1,0,0,1
1775882752384173,1790683549.327054,4327,tx,53602.2,138.4,289.6,,,1,0,0,1
1775882897237372,1790683549.471907,4471,tx,52600.4,104.4,202.9,,,1,0,0,1
1775883041510407,1790683549.616180,4616,tx,51942.5,90.7,255.3,,,1,0,0,1
1775883184614031,1790683549.759284,4759,tx,53263.1,149.1,342.2,,,1,0,0,1
1775883329950931,1790683549.904620,4904,tx,53284.8,144.1,403.8,,,1,0,0,1
1775883474507589,1790683550.049178,5049,tx,79011.0,108.2,228.1,,,1,0,0,1
1775883618193398,1790683550.192863,5192,tx,52758.7,115.8,251.2,,,1,0,0,1
1775883761793388,1790683550.336463,5336,tx,51714.5,242.3,361.5,,,1,0,0,1
1775883904384920,1790683550.479054,5479,tx,52752.8,115.3,264.4,,,1,0,0,1
1775884048248761,1790683550.622919,5622,tx,51904.6,90.9,212.5,,,1,0,0,1
1775884190610331,1790683550.765280,5765,tx,53074.2,124.2,225.4,,,1,0,0,1
1775884334930711,1790683550.909600,5909,tx,51348.8,129.5,242.8,,,1,0,0,1
1775884477291740,1790683551.051962,6051,tx,52587.9,113.9,240.6,,,1,0,0,1
1775884621054435,1790683551.195723,6195,tx,56137.7,166.8,3264.3,,,1,0,0,1
1775884758111090,1790683551.332780,6332,tx,55420.5,141.0,343.4,,,1,0,0,1
1775884902077213,1790683551.476746,6476,tx,59229.3,141.7,369.1,,,1,0,0,1
1775885042174229,1790683551.616844,6616,tx,52491.4,127.5,259.5,,,1,0,0,1
1775885185868403,1790683551.760538,6760,tx,52319.2,166.7,387.2,,,1,0,0,1
1775885329925911,1790683551.904595,6904,tx,52337.2,163.4,408.6,,,1,0,0,1
1775885474335399,1790683552.049004,7049,tx,52128.1,163.0,399.0,,,1,0,0,1
1775885617248584,1790683552.191918,7191,tx,52623.4,114.1,231.9,,,1,0,0,1
1775885760467220,1790683552.335137,7335,tx,52423.3,128.4,215.6,,,1,0,0,1
1775885904506512,1790683552.479176,7479,tx,56977.8,189.8,402.5,,,1,0,0,1
1775886042878624,1790683552.617548,7617,tx,51989.4,242.3,467.4,,,1,0,0,1
1775886186279405,1790683552.760949,7760,tx,52306.0,173.8,375.3,,,1,0,0,1
1775886329044676,1790683552.903715,7903,tx,52199.6,92.0,185.9,,,1,0,0,1
1775886472807386,1790683553.047477,8047,tx,52548.5,271.9,392.9,,,1,0,0,1
1775886616938675,1790683553.191609,8191,tx,52790.8,127.3,258.8,,,1,0,0,1
1775886760605424,1790683553.335275,8335,tx,53111.0,143.9,307.0,,,1,0,0,1
1775886904542421,1790683553.479212,8479,tx,54942.6,151.0,332.0,,,1,0,0,1
1775887050170322,1790683553.624840,8624,tx,65591.6,135.2,229.2,,,1,0,0,1
1775887194558430,1790683553.769228,8769,tx,52566.0,187.7,414.7,,,1,0,0,1
1775887339399972,1790683553.914069,8914,tx,52760.5,197.9,421.0,,,1,0,0,1
1775887483899359,1790683554.058569,9058,tx,51974.7,123.2,295.4,,,1,0,0,1
1775887626567963,1790683554.201238,9201,tx,52326.2,118.6,217.7,,,1,0,0,1
1775887770343816,1790683554.345013,9345,tx,52165.4,178.3,396.8,,,1,0,0,1
1775887914493294,1790683554.489162,9489,tx,52421.7,169.8,389.7,,,1,0,0,1
1775888058640645,1790683554.633310,9633,tx,53159.0,196.5,403.0,,,1,0,0,1
1775888203410646,1790683554.778080,9778,tx,57433.8,155.2,360.8,,,1,0,0,1
1775888342087090,1790683554.916757,9916,tx,52279.2,130.2,228.8,,,1,0,0,1
1775888486530801,1790683555.061200,10061,tx,53209.3,142.5,361.2,,,1,0,0,1
1775888630508428,1790683555.205178,10205,tx,51448.6,109.3,203.5,,,1,0,0,1
1775888773150030,1790683555.347820,10347,tx,51947.9,162.6,306.5,,,1,0,0,1
1775888916262035,1790683555.490932,10490,tx,52415.8,111.0,219.9,,,1,0,0,1
1775889060140894,1790683555.634811,10634,tx,51282.8,119.8,247.7,,,1,0,0,1
1775889203147866,1790683555.777817,10777,tx,57597.9,148.5,340.6,,,1,0,0,1
1775889341213579,1790683555.915884,10915,tx,51582.5,82.5,197.9,,,1,0,0,1
1775889485040556,1790683556.059710,11059,tx,53246.5,162.2,387.5,,,1,0,0,1
1775889629125719,1790683556.203796,11203,tx,51249.5,85.5,170.4,,,1,0,0,1
1775889772359351,1790683556.347029,11347,tx,52153.8,163.3,400.5,,,1,0,0,1
1775889916480649,1790683556.491150,11491,tx,53502.6,190.9,429.8,,,1,0,0,1
1775890061647869,1790683556.636317,11636,tx,52432.3,200.6,414.1,,,1,0,0,1
1775890205880400,1790683556.780549,11780,tx,54152.3,148.1,377.1,,,1,0,0,1
1775890351442741,1790683556.926113,11926,tx,52492.3,108.7,209.3,,,1,0,0,1
1775890495720700,1790683557.070390,12070,tx,53407.4,296.4,526.2,,,1,0,0,1
1775890640780021,1790683557.215449,12215,tx,66764.9,264.7,528.6,,,1,0,0,1
1775890786179704,1790683557.360849,12360,tx,52124.4,200.4,416.0,,,1,0,0,1
1775890929226244,1790683557.503896,12503,tx,54744.7,96.5,192.1,,,1,0,0,1
1775891075695882,1790683557.650365,12650,tx,52449.9,308.9,521.2,,,1,0,0,1
1775891220389978,1790683557.795059,12795,tx,52075.5,154.3,375.6,,,1,0,0,1
1775891364106508,1790683557.938776,12938,tx,52015.5,141.7,353.7,,,1,0,0,1
1775891507998733,1790683558.082667,13082,tx,60540.5,112.6,363.8,,,1,0,0,1
1775891649785645,1790683558.224456,13224,tx,52960.8,80.0,174.5,,,1,0,0,1
1775891793895308,1790683558.368564,13368,tx,52270.5,156.8,406.8,,,1,0,0,1
1775891937428364,1790683558.512097,13512,tx,52181.5,153.6,437.6,,173260.5,1,0,0,1
1775892081576168,1790683558.656245,13656,tx,53380.1,225.2,464.7,,,0,0,0,0
1775892225790328,1790683558.800460,13800,idle,54576.2,304.4,2573.7,,,0,0,0,0
1775892424911853,1790683558.999580,13999,idle,3439.3,323.9,517.1,,,0,0,0,0
1775892568129935,1790683559.142800,14142,idle,1745.6,107.3,246.2,,,0,0,0,0
1775892707126755,1790683559.281797,14281,idle,1777.3,108.3,245.3,,,0,0,0,0
1775892847519498,1790683559.422189,14422,idle,1346.8,80.5,209.9,,,0,0,0,0
1775892986830229,1790683559.561500,14561,idle,1331.5,418.3,533.1,,,0,0,0,0
1775893127350460,1790683559.702020,14702,idle,922.2,81.9,166.1,,,0,0,0,0
1775893268471783,1790683559.843141,14843,idle,2057.1,152.2,375.4,,,0,0,0,0
1775893407736250,1790683559.982406,14982,idle,5718.0,478.3,662.3,,,0,0,0,0
1775893550025905,1790683560.124696,124,idle,1219.1,288.4,367.2,,,0,0,0,0
1775893696890976,1790683560.271561,271,idle,1207.5,433.1,506.8,,,0,0,0,0
1775893837454703,1790683560.412123,412,idle,2781.2,155.7,412.7,,,0,0,0,0
1775893977629244,1790683560.552299,552,idle,1365.8,112.8,227.4,,,0,0,0,0
1775894116495988,1790683560.691166,691,idle,1332.2,133.6,225.5,,,0,0,0,0
1775894257515912,1790683560.832186,832,idle,1317.6,137.3,252.9,,,0,0,0,0
1775894396869460,1790683560.971539,971,idle,1584.5,454.1,574.2,,,0,0,0,0
1775894536577037,1790683561.111247,1111,idle,1499.3,117.4,263.8,,,0,0,0,0
1775894678142426,1790683561.252812,1252,idle,1932.4,140.0,341.3,,,0,0,0,0
1775894818138376,1790683561.392808,1392,idle,1795.8,136.6,353.3,,,0,0,0,0
1775894957742970,1790683561.532413,1532,idle,1390.4,79.2,177.2,,,0,0,0,0
1775895098268627,1790683561.672938,1672,idle,2351.9,188.4,421.9,,,0,0,0,0
1775895237457870,1790683561.812127,1812,idle,1751.3,169.5,351.7,,,0,0,0,0
1775895378048338,1790683561.952717,1952,idle,2351.9,182.0,391.6,,,0,0,0,0
1775895518412289,1790683562.093082,2093,idle,3962.6,142.4,347.9,,,0,0,0,0
1775895656522110,1790683562.231192,2231,idle,1312.2,101.0,192.4,,,0,0,0,0
1775895797485483,1790683562.372155,2372,idle,2195.4,152.3,358.3,,,0,0,0,0
1775895937195341,1790683562.511863,2511,idle,2236.8,160.8,383.2,,,0,0,0,0
1775896077301901,1790683562.651972,2651,idle,989.7,133.4,229.1,,,0,0,0,0
1775896217130314,1790683562.791800,2791,idle,1254.4,172.3,298.8,,,0,0,0,0
1775896357281196,1790683562.931951,2931,idle,1000.8,140.3,229.2,,,0,0,0,0
1775896498242966,1790683563.072912,3072,idle,2493.3,182.1,396.5,,,0,0,0,0
1775896637194301,1790683563.211863,3211,idle,2301.4,158.8,393.1,,,0,0,0,0
1775896777428746,1790683563.352098,3352,idle,2023.8,153.6,347.9,,,0,0,0,0
1775896917429744,1790683563.492100,3492,idle,1439.4,85.0,198.0,,,0,0,0,0
1775897057467561,1790683563.632138,3632,idle,1224.7,104.8,198.2,,,0,0,0,0
1775897197573384,1790683563.772243,3772,idle,2182.4,156.9,375.5,,,0,0,0,0
1775897338108977,1790683563.912777,3912,idle,2205.8,151.7,418.0,,,0,0,0,0
1775897476704007,1790683564.051374,4051,idle,1103.4,109.1,232.4,,,0,0,0,0
1775897618135347,1790683564.192805,4192,idle,1133.2,139.9,264.5,,,0,0,0,0
1775897757336372,1790683564.332006,4332,idle,1544.4,149.4,286.7,,,0,0,0,0
1775897897573811,1790683564.472243,4472,idle,2160.6,152.7,384.1,,,0,0,0,0
1775898037927459,1790683564.612596,4612,idle,2477.9,209.5,500.7,,,0,0,0,0
1775898177439739,1790683564.752109,4752,idle,2095.4,176.7,370.4,,,0,0,0,0
1775898317136420,1790683564.891806,4891,idle,912.8,105.1,187.5,,,0,0,0,0
1775898458058314,1790683565.032727,5032,idle,2236.7,126.8,342.8,,,0,0,0,0
1775898598166059,1790683565.172835,5172,idle,2195.4,180.3,376.0,,,0,0,0,0
1775898736600383,1790683565.311270,5311,idle,1119.4,114.6,206.0,,,0,0,0,0
1775898877577737,1790683565.452248,5452,idle,1392.2,121.4,246.4,,,0,0,0,0
1775899017479719,1790683565.592149,5592,idle,2084.3,214.9,805.7,,,0,0,0,0
1775899158223190,1790683565.732893,5732,idle,2093.6,144.0,356.9,,,0,0,0,0
1775899297086128,1790683565.871756,5871,idle,1045.5,165.1,229.2,,,0,0,0,0
1775899438039687,1790683566.012709,6012,idle,2414.8,157.1,402.6,,,0,0,0,0
1775899577776398,1790683566.152447,6152,idle,1135.6,76.3,172.0,,,0,0,0,0
1775899716538611,1790683566.291209,6291,idle,1169.7,88.7,185.5,,,0,0,0,0
1775899858322426,1790683566.432992,6432,idle,2179.7,190.0,383.8,,,0,0,0,0
1775899998080826,1790683566.572750,6572,idle,2050.5,150.6,353.7,,,0,0,0,0
1775900137215782,1790683566.711885,6711,idle,2278.4,153.0,504.5,,,0,0,0,0
1775900276751343,1790683566.851421,6851,idle,1039.9,71.4,162.0,,,0,0,0,0
1775900417126019,1790683566.991796,6991,idle,985.1,104.6,218.9,,,0,0,0,0
1775900557224781,1790683567.131895,7131,idle,1194.5,92.7,191.1,,,0,0,0,0
1775900697502299,1790683567.272171,7272,idle,2034.6,162.8,342.6,,,0,0,0,0
1775900837565605,1790683567.412235,7412,idle,1310.9,110.0,184.2,,,0,0,0,0
1775900977189966,1790683567.551860,7551,idle,864.6,72.7,157.7,,,0,0,0,0
1775901117117081,1790683567.691787,7691,idle,2086.8,149.8,372.2,,,0,0,0,0
1775901256999811,1790683567.831670,7831,idle,1265.1,232.8,328.0,,,0,0,0,0
1775901398558670,1790683567.973228,7973,idle,1980.8,126.1,327.1,,,0,0,0,0
1775901540331463,1790683568.115001,8115,idle,2110.8,137.5,351.5,,,0,0,0,0
1775901677519579,1790683568.252189,8252,idle,802.8,69.8,145.7,,,0,0,0,0
1775901816641233,1790683568.391311,8391,idle,1194.1,104.2,223.2,,,0,0,0,0
1775901957817125,1790683568.532487,8532,idle,1478.7,174.4,335.2,,,0,0,0,0
1775902098250085,1790683568.672919,8672,idle,2126.6,155.6,361.1,,,0,0,0,0
1775902237727005,1790683568.812397,8812,idle,1686.0,119.0,269.1,,,0,0,0,0
1775902376446233,1790683568.951116,8951,idle,802.4,70.1,144.6,,,0,0,0,0
1775902518510159,1790683569.093179,9093,idle,1858.1,142.0,336.3,,,0,0,0,0
1775902657299814,1790683569.231969,9231,idle,2023.2,158.0,333.8,,,0,0,0,0
1775902798209124,1790683569.372878,9372,idle,2183.0,162.3,381.6,,,0,0,0,0
1775902940070319,1790683569.514740,9514,idle,979.6,133.2,242.9,,,0,0,0,0
1775903087123934,1790683569.661794,9661,idle,1229.6,93.1,203.5,,,0,0,0,0
1775903227428660,1790683569.802098,9802,idle,2002.5,155.8,374.4,,,0,0,0,0
1775903368110086,1790683569.942779,9942,idle,2274.6,190.4,411.0,,,0,0,0,0
1775903507610283,1790683570.082280,10082,idle,1136.8,142.4,238.4,,,0,0,0,0
1775903646732839,1790683570.221403,10221,idle,1071.5,73.4,180.3,,,0,0,0,0
1775903787686264,1790683570.362356,10362,idle,1987.2,93.7,275.6,,,0,0,0,0
1775903927105116,1790683570.501775,10501,idle,1449.7,103.3,230.3,,,0,0,0,0
1775904067080893,1790683570.641751,10641,idle,1554.5,117.1,276.9,,,0,0,0,0
1775904207800899,1790683570.782471,10782,idle,1662.8,120.3,275.1,,,0,0,0,0
1775904347030641,1790683570.921700,10921,idle,5350.7,276.2,3301.7,,,0,0,0,0
1775904487514101,1790683571.062184,11062,idle,1626.3,116.9,286.3,,,0,0,0,0
1775904627146121,1790683571.201816,11201,idle,1235.3,94.6,213.7,,,0,0,0,0
1775904767497605,1790683571.342167,11342,idle,1538.2,153.2,315.7,,,0,0,0,0
1775904907181745,1790683571.481851,11481,idle,1368.8,144.5,274.1,,,0,0,0,0
1775905048172215,1790683571.622842,11622,idle,1100.6,85.9,209.3,,,0,0,0,0
1775905186947236,1790683571.761617,11761,idle,1329.1,261.9,394.2,,,0,0,0,0
1775905326025824,1790683571.900696,11900,idle,1230.9,262.3,343.1,,,0,0,0,0
1775905467487542,1790683572.042157,12042,idle,1647.6,126.6,287.7,,,0,0,0,0
1775905608173211,1790683572.182842,12182,idle,1985.4,105.7,300.1,,,0,0,0,0
1775905746661657,1790683572.321332,12321,idle,1115.2,98.0,207.0,,,0,0,0,0
1775905887603263,1790683572.462272,12462,idle,2275.2,184.1,428.7,,,0,0,0,0
1775906027054916,1790683572.601725,12601,idle,1359.8,192.8,304.8,,,0,0,0,0
1775906167332320,1790683572.742002,12742,idle,995.7,95.5,193.0,,,0,0,0,0
1775906308038101,1790683572.882707,12882,idle,2117.6,180.8,379.5,,,0,0,0,0
1775906447427461,1790683573.022097,13022,idle,1038.5,106.7,172.2,,,0,0,0,0
1775906588188468,1790683573.162858,13162,idle,2450.3,166.7,400.5,,,0,0,0,0
1775906727508765,1790683573.302178,13302,idle,2330.7,161.2,374.1,,,0,0,0,0
1775906867740231,1790683573.442410,13442,idle,2354.4,171.9,405.0,,,0,0,0,0
1775907007417811,1790683573.582088,13582,idle,866.5,108.6,180.6,,,0,0,0,0
1775907146814250,1790683573.721484,13721,idle,1217.4,115.4,212.1,,,0,0,0,0
1775907287470746,1790683573.862140,13862,idle,2460.4,163.3,388.7,,,0,0,0,0
1775907427747709,1790683574.002416,14002,idle,2374.1,149.6,378.2,,,0,0,0,0
1775907567960474,1790683574.142630,14142,idle,2283.6,190.2,452.2,,,0,0,0,0
1775907707485408,1790683574.282155,14282,idle,1211.9,128.4,224.7,,,0,0,0,0
1775907847150418,1790683574.421820,14421,decode,1078.4,143.1,236.5,,,0,0,1,0
1775907987563486,1790683574.562232,14562,idle,2563.3,162.8,397.9,,,0,0,0,0
1775908127514070,1790683574.702183,14702,idle,2205.5,135.4,348.3,,,0,0,0,0
1775908268331749,1790683574.843002,14843,idle,2113.2,81.9,235.8,,,0,0,0,0
1775908406949184,1790683574.981619,14981,idle,1085.3,144.6,239.7,,,0,0,0,0
1775908608243639,1790683575.182914,182,tx,51434.3,132.4,205.6,,,1,0,0,1
1775908751420906,1790683575.326090,326,tx,53095.7,180.9,431.4,,,1,0,0,1
1775908896630820,1790683575.471300,471,tx,52840.9,146.1,354.1,,,1,0,0,1
1775909042468750,1790683575.617139,617,tx,51552.8,108.3,186.6,,,1,0,0,1
1775909185792652,1790683575.760462,760,tx,52671.5,183.7,443.6,,,1,0,0,1
1775909330395074,1790683575.905064,905,tx,52052.6,149.3,377.1,,,1,0,0,1
1775909473939450,1790683576.048609,1048,tx,53465.6,464.6,644.8,,,1,0,0,1
1775909619628419,1790683576.194298,1194,tx,52699.1,100.2,303.9,,,1,0,0,1
1775909764109850,1790683576.338780,1338,tx,51475.3,376.2,472.2,,,1,0,0,1
1775909907308291,1790683576.481978,1481,tx,52116.3,159.6,343.5,,,1,0,0,1
1775910050872956,1790683576.625542,1625,tx,52505.6,442.3,692.5,,,1,0,0,1
1775910194760920,1790683576.769431,1769,tx,52560.8,125.3,220.2,,,1,0,0,1
1775910338655430,1790683576.913325,1913,tx,53696.4,79.5,191.6,,,1,0,0,1
1775910483532443,1790683577.058202,2058,tx,52715.2,106.2,236.4,,,1,0,0,1
1775910627551654,1790683577.202221,2202,tx,52836.1,113.9,240.6,,,1,0,0,1
1775910771556207,1790683577.346226,2346,tx,51862.9,134.8,236.5,,,1,0,0,1
1775910915951977,1790683577.490621,2490,tx,53636.1,410.5,616.9,,,1,0,0,1
1775911060494501,1790683577.635165,2635,tx,51067.2,102.8,188.0,,,1,0,0,1
1775911203880232,1790683577.778548,2778,tx,59632.8,488.5,724.5,,,1,0,0,1
1775911345686365,1790683577.920356,2920,tx,52624.7,144.3,354.8,,,1,0,0,1
1775911490419001,1790683578.065088,3065,tx,52340.3,189.6,408.1,,,1,0,0,1
1775911634562464,1790683578.209232,3209,tx,52462.0,75.3,160.7,,,1,0,0,1
1775911778056665,1790683578.352726,3352,tx,52081.7,389.4,539.6,,,1,0,0,1
1775911921742632,1790683578.496412,3496,tx,64759.0,137.9,291.8,,,1,0,0,1
1775912066326603,1790683578.640996,3640,tx,52420.4,186.6,417.9,,,1,0,0,1
1775912209766428,1790683578.784436,3784,tx,54393.3,156.9,375.1,,,1,0,0,1
1775912355512403,1790683578.930182,3930,tx,51574.1,107.5,215.3,,,1,0,0,1
1775912497911590,1790683579.072581,4072,tx,52944.6,148.2,310.0,,,1,0,0,1
1775912641968099,1790683579.216638,4216,tx,53169.6,432.7,572.1,,,1,0,0,1
1775912786074728,1790683579.360744,4360,tx,53134.0,361.9,482.7,,,1,0,0,1
1775912930466748,1790683579.505136,4505,tx,52792.7,81.4,208.0,,,1,0,0,1
1775913074573006,1790683579.649243,4649,tx,52564.6,81.1,165.5,,,1,0,0,1
1775913218460395,1790683579.793130,4793,tx,53008.8,90.9,229.5,,,1,0,0,1
1775913362403079,1790683579.937073,4937,tx,52730.0,95.6,251.8,,,1,0,0,1
1775913506237767,1790683580.080908,5080,tx,57511.9,224.0,326.8,,,1,0,0,1
1775913644240662,1790683580.218911,5218,tx,52242.9,83.7,181.0,,,1,0,0,1
1775913787222473,1790683580.361892,5361,tx,52434.8,128.6,201.5,,,1,0,0,1
1775913931822354,1790683580.506491,5506,tx,52786.9,350.6,622.8,,,1,0,0,1
1775914076669525,1790683580.651339,5651,tx,53207.4,165.6,402.5,,,1,0,0,1
1775914221636230,1790683580.796305,5796,tx,53236.3,153.6,413.6,,,1,0,0,1
1775914366014479,1790683580.940685,5940,tx,51278.3,105.9,176.8,,,1,0,0,1
1775914508622048,1790683581.083291,6083,tx,58650.9,154.8,351.4,,,1,0,0,1
1775914648330920,1790683581.223001,6223,tx,52886.4,135.6,261.5,,,1,0,0,1
1775914792189772,1790683581.366860,6366,tx,51720.4,158.4,266.4,,,1,0,0,1
1775914938410456,1790683581.513080,6513,tx,52908.9,131.6,339.3,,,1,0,0,1
1775915082158574,1790683581.656829,6656,tx,51514.0,193.7,291.0,,,1,0,0,1
1775915225580349,1790683581.800250,6800,tx,52197.7,119.8,337.3,,,1,0,0,1
1775915369817369,1790683581.944486,6944,tx,52642.1,328.4,682.6,,,1,0,0,1
1775915513531560,1790683582.088201,7088,tx,66153.8,118.3,307.0,,,1,0,0,1
1775915660087236,1790683582.234757,7234,tx,52337.9,279.8,376.0,,,1,0,0,1
1775915803683627,1790683582.378353,7378,tx,56113.7,160.1,357.7,,,1,0,0,1
1775915941102138,1790683582.515771,7515,tx,52003.9,197.2,375.5,,,1,0,0,1
1775916084647799,1790683582.659317,7659,tx,52326.9,164.3,394.8,,,1,0,0,1
1775916228664161,1790683582.803333,7803,tx,53039.4,117.7,310.2,,,1,0,0,1
1775916372155172,1790683582.946825,7946,tx,51566.7,221.8,315.0,,,1,0,0,1
1775916515133490,1790683583.089803,8089,tx,52512.8,198.8,420.4,,,1,0,0,1
1775916659969860,1790683583.234639,8234,tx,53674.4,311.2,556.1,,,1,0,0,1
1775916805264782,1790683583.379934,8379,tx,54551.2,178.5,390.5,,,1,0,0,1
1775916950589027,1790683583.525259,8525,tx,52367.3,132.3,236.2,,,1,0,0,1
1775917094774994,1790683583.669445,8669,tx,51763.9,133.5,301.0,,,1,0,0,1
1775917238269185,1790683583.812938,8812,tx,53292.5,193.2,425.0,,,1,0,0,1
1775917383872068,1790683583.958541,8958,tx,52208.5,197.6,466.3,,,1,0,0,1
1775917527815609,1790683584.102485,9102,tx,53336.3,145.2,379.1,,,1,0,0,1
1775917672533957,1790683584.247204,9247,tx,51489.0,99.6,221.5,,,1,0,0,1
1775917816434750,1790683584.391104,9391,tx,52203.2,127.8,341.0,,,1,0,0,1
1775917960337687,1790683584.535007,9535,tx,53213.2,164.5,360.7,,,1,0,0,1
1775918105525630,1790683584.680195,9680,tx,54472.2,182.0,376.5,,,1,0,0,1
1775918250998421,1790683584.825668,9825,tx,53359.5,73.9,148.9,,,1,0,0,1
1775918394679478,1790683584.969349,9969,tx,51690.8,116.9,219.6,,,1,0,0,1
1775918538560821,1790683585.113230,10113,tx,51954.0,119.3,353.0,,,1,0,0,1
1775918681500685,1790683585.256170,10256,tx,52068.5,165.1,347.0,,,1,0,0,1
1775918825618957,1790683585.400288,10400,tx,53130.5,190.0,427.4,,,1,0,0,1
1775918970063049,1790683585.544733,10544,tx,51440.8,81.9,150.9,,,1,0,0,1
1775919113278649,1790683585.687948,10687,tx,66659.4,180.6,388.6,,,1,0,0,1
1775919258094502,1790683585.832763,10832,tx,51985.0,194.7,419.4,,,1,0,0,1
1775919401504348,1790683585.976174,10976,tx,58673.0,151.4,353.0,,,1,0,0,1
1775919541364389,1790683586.116034,11116,tx,52163.1,112.7,187.2,,,1,0,0,1
1775919685080270,1790683586.259750,11259,tx,52605.2,300.5,411.7,,,1,0,0,1
1775919828159362,1790683586.402829,11402,tx,52647.9,212.3,321.1,,,1,0,0,1
1775919971471357,1790683586.546141,11546,tx,52918.5,152.1,291.8,,,1,0,0,1
1775920115930153,1790683586.690600,11690,tx,52803.1,146.3,288.1,,,1,0,0,1
1775920261360797,1790683586.836031,11836,tx,52351.1,80.3,177.0,,,1,0,0,1
1775920404386613,1790683586.979056,11979,tx,51985.3,119.3,242.7,,,1,0,0,1
1775920547268612,1790683587.121938,12121,tx,52904.8,128.4,260.6,,,1,0,0,1
1775920691192447,1790683587.265862,12265,tx,51737.8,203.0,337.9,,,1,0,0,1
1775920834600844,1790683587.409271,12409,tx,52797.0,140.4,254.3,,,1,0,0,1
1775920978909021,1790683587.553579,12553,tx,52570.7,97.8,239.1,,,1,0,0,1
1775921122575494,1790683587.697245,12697,tx,51790.3,119.4,211.4,,,1,0,0,1
1775921265804285,1790683587.840474,12840,tx,52505.8,209.0,486.8,,,1,0,0,1
1775921410055960,1790683587.984725,12984,tx,53435.0,294.8,501.4,,,1,0,0,1
1775921555774790,1790683588.130444,13130,tx,52555.5,120.9,291.2,,,1,0,0,1
1775921699733927,1790683588.274404,13274,tx,52920.2,76.4,161.4,,,1,0,0,1
1775921844367621,1790683588.419037,13419,tx,52211.6,152.6,400.7,,,1,0,0,1
1775921988133940,1790683588.562803,13562,tx,52195.3,136.7,397.0,,123941.7,1,0,0,1
1775922130043060,1790683588.704712,13704,idle,52072.6,309.2,514.1,,,0,0,0,0
1775922272730635,1790683588.847401,13847,idle,52640.3,104.1,195.6,,,0,0,0,0
1775922439072017,1790683589.013741,14013,idle,3522.0,452.0,597.3,,,0,0,0,0
1775922581857065,1790683589.156526,14156,idle,2731.3,157.6,409.4,,,0,0,0,0
1775922722042303,1790683589.296711,14296,idle,2803.4,423.7,657.5,,,0,0,0,0
1775922862054739,1790683589.436723,14436,idle,2427.7,423.9,640.1,,,0,0,0,0
1775923000805691,1790683589.575476,14575,idle,2549.4,79.8,162.5,,,0,0,0,0
1775923141909332,1790683589.716578,14716,idle,2635.6,175.5,438.0,,,0,0,0,0
1775923281816961,1790683589.856486,14856,idle,2394.7,181.8,425.3,,,0,0,0,0
1775923422500034,1790683589.997169,14997,idle,2210.5,180.3,389.3,,,0,0,0,0
1775923561421488,1790683590.136091,136,idle,1406.9,109.7,240.0,,,0,0,0,0
1775923701582302,1790683590.276252,276,idle,2530.6,104.6,170.2,,,0,0,0,0
1775923841986655,1790683590.416656,416,idle,2693.2,459.0,699.9,,,0,0,0,0
1775923982133107,1790683590.556803,556,idle,1689.7,389.2,532.1,,,0,0,0,0
1775924121672705,1790683590.696342,696,idle,2099.2,179.1,438.6,,,0,0,0,0
1775924261387018,1790683590.836057,836,idle,979.9,204.6,286.1,,,0,0,0,0
1775924401262835,1790683590.975933,975,idle,1818.8,323.2,422.3,,,0,0,0,0
1775924540485564,1790683591.115155,1115,idle,2232.7,145.2,364.9,,,0,0,0,0
1775924682167158,1790683591.256837,1256,idle,2611.6,299.6,534.1,,,0,0,0,0
1775924821961552,1790683591.396631,1396,idle,2573.9,153.3,404.4,,,0,0,0,0
1775924960711375,1790683591.535381,1535,idle,940.1,91.9,174.5,,,0,0,0,0
1775925101248153,1790683591.675918,1675,idle,4015.0,327.8,458.4,,,0,0,0,0
1775925241911097,1790683591.816580,1816,idle,2633.4,178.6,422.8,,,0,0,0,0
1775925382516288,1790683591.957186,1957,idle,2516.5,150.6,371.2,,,0,0,0,0
1775925520842329,1790683592.095512,2095,idle,1585.1,149.8,295.4,,,0,0,0,0
1775925661751677,1790683592.236421,2236,idle,1194.9,96.7,172.3,,,0,0,0,0
1775925801738403,1790683592.376407,2376,idle,10880.8,115.8,286.4,,,0,0,0,0
1775925942355887,1790683592.517025,2517,idle,1377.0,189.2,326.6,,,0,0,0,0
1775926082385032,1790683592.657055,2657,idle,1909.6,149.5,305.5,,,0,0,0,0
1775926221890316,1790683592.796560,2796,idle,2855.8,152.4,392.2,,,0,0,0,0
1775926360882862,1790683592.935553,2935,idle,1268.3,97.7,170.0,,,0,0,0,0
1775926501361702,1790683593.076031,3076,idle,18910.3,172.9,362.6,,,0,0,0,0
1775926640561744,1790683593.215232,3215,idle,1063.2,111.4,242.1,,,0,0,0,0
1775926781444690,1790683593.356115,3356,idle,1254.0,173.3,301.9,,,0,0,0,0
1775926921436589,1790683593.496106,3496,idle,4003.7,3069.8,3177.8,,,0,0,0,0
1775927061956004,1790683593.636625,3636,idle,1940.7,111.1,298.0,,,0,0,0,0
1775927201286666,1790683593.775956,3775,idle,3099.4,158.6,292.3,,,0,0,0,0
1775927341049867,1790683593.915720,3915,idle,1481.9,122.5,292.0,,,0,0,0,0
1775927481093060,1790683594.055763,4055,idle,1545.2,326.1,481.0,,,0,0,0,0
1775927620968217,1790683594.195638,4195,idle,1425.5,88.3,313.8,,,0,0,0,0
1775927760981447,1790683594.335651,4335,idle,1423.5,116.6,262.9,,,0,0,0,0
1775927901298980,1790683594.475969,4475,idle,6304.7,110.1,278.2,,,0,0,0,0
1775928041881454,1790683594.616551,4616,idle,1240.1,83.9,231.1,,,0,0,0,0
1775928181157888,1790683594.755828,4755,idle,1517.1,302.6,437.7,,,0,0,0,0
1775928321528426,1790683594.896198,4896,idle,1072.2,103.6,241.6,,,0,0,0,0
1775928460824550,1790683595.035494,5035,idle,1255.4,115.5,237.0,,,0,0,0,0
1775928601503513,1790683595.176172,5176,idle,4679.6,118.1,246.7,,,0,0,0,0
1775928741548221,1790683595.316218,5316,idle,1200.4,150.9,272.7,,,0,0,0,0
1775928882392493,1790683595.457062,5457,idle,2289.6,192.0,406.8,,,0,0,0,0
1775929021559513,1790683595.596230,5596,idle,914.8,78.9,172.5,,,0,0,0,0
1775929161186891,1790683595.735857,5735,idle,1718.7,230.3,419.8,,,0,0,0,0
1775929302890166,1790683595.877559,5877,idle,11905.5,182.7,408.4,,,0,0,0,0
1775929441446659,1790683596.016116,6016,idle,2205.2,192.7,395.1,,,0,0,0,0
1775929581595795,1790683596.156265,6156,idle,1590.9,117.2,267.1,,,0,0,0,0
1775929720915447,1790683596.295585,6295,idle,1255.8,116.2,271.2,,,0,0,0,0
1775929861313334,1790683596.435983,6435,idle,2288.0,137.3,304.0,,,0,0,0,0
1775930002547110,1790683596.577217,6577,idle,9255.3,175.4,388.3,,,0,0,0,0
1775930141255328,1790683596.715924,6715,idle,2203.3,188.3,393.3,,,0,0,0,0
1775930282091938,1790683596.856761,6856,idle,2393.3,301.8,514.1,,,0,0,0,0
1775930421567773,1790683596.996238,6996,idle,949.0,105.2,213.8,,,0,0,0,0
1775930561624859,1790683597.136294,7136,idle,2096.9,153.0,335.2,,,0,0,0,0
1775930700926403,1790683597.275596,7275,idle,3519.7,115.1,246.1,,,0,0,0,0
1775930842276099,1790683597.416945,7416,idle,1869.9,157.0,349.8,,,0,0,0,0
1775930982225496,1790683597.556895,7556,idle,2446.7,204.1,411.4,,,0,0,0,0
1775931120762927,1790683597.695433,7695,idle,1557.3,523.5,642.2,,,0,0,0,0
1775931261305724,1790683597.835975,7835,idle,2290.6,125.8,341.7,,,0,0,0,0
1775931401788153,1790683597.976458,7976,idle,3315.5,100.3,232.3,,,0,0,0,0
1775931539179594,1790683598.113849,8113,idle,1857.6,271.7,453.6,,,0,0,0,0
1775931680968370,1790683598.255638,8255,idle,1117.4,106.0,194.1,,,0,0,0,0
1775931821817580,1790683598.396488,8396,idle,1251.7,121.9,232.0,,,0,0,0,0
1775931962314459,1790683598.536984,8536,idle,1585.9,181.2,313.8,,,0,0,0,0
1775932101165359,1790683598.675835,8675,idle,4207.9,283.5,477.6,,,0,0,0,0
1775932242473878,1790683598.817143,8817,idle,2184.8,190.9,417.5,,,0,0,0,0
1775932380968292,1790683598.955638,8955,idle,1551.0,103.2,272.4,,,0,0,0,0
1775932521620589,1790683599.096291,9096,idle,1162.5,106.1,188.0,,,0,0,0,0
1775932661660837,1790683599.236330,9236,idle,2239.0,170.2,364.6,,,0,0,0,0
1775932802311443,1790683599.376980,9376,idle,11839.1,146.7,369.6,,,0,0,0,0
1775932942310598,1790683599.516980,9516,idle,2359.9,156.0,355.5,,,0,0,0,0
1775933081759983,1790683599.656430,9656,idle,963.4,74.7,164.2,,,0,0,0,0
1775933221899383,1790683599.796569,9796,idle,1268.5,113.8,191.8,,,0,0,0,0
1775933361740404,1790683599.936410,9936,idle,1679.8,93.3,252.3,,,0,0,0,0
1775933502084428,1790683600.076753,10076,idle,26115.6,347.2,579.7,,,0,0,0,0
1775933641700583,1790683600.216370,10216,idle,1935.0,160.2,341.7,,,0,0,0,0
1775933781169905,1790683600.355840,10355,idle,1538.7,143.4,272.6,,,0,0,0,0
1775933921241581,1790683600.495911,10495,idle,2431.6,241.2,416.2,,,0,0,0,0
1775934062480276,1790683600.637150,10637,idle,1667.7,155.0,308.8,,,0,0,0,0
1775934202050466,1790683600.776720,10776,idle,2020.2,137.5,241.1,,,0,0,0,0
1775934341193410,1790683600.915862,10915,idle,2295.1,264.9,494.4,,,0,0,0,0
1775934481612150,1790683601.056282,11056,idle,917.5,97.0,196.0,,,0,0,0,0
1775934621655458,1790683601.196322,11196,idle,2044.9,140.6,383.3,,,0,0,0,0
1775934761574099,1790683601.336243,11336,idle,2240.5,167.9,405.1,,,0,0,0,0
1775934901932090,1790683601.476601,11476,idle,10746.3,157.4,374.1,,,0,0,0,0
1775935041460536,1790683601.616130,11616,idle,1380.4,150.2,294.2,,,0,0,0,0
1775935181072535,1790683601.755743,11755,idle,995.6,98.1,201.4,,,0,0,0,0
1775935321348535,1790683601.896018,11896,idle,2160.1,128.9,345.2,,,0,0,0,0
1775935461517428,1790683602.036187,12036,idle,1264.7,133.3,252.5,,,0,0,0,0
1775935601255013,1790683602.175925,12175,idle,4407.9,262.1,404.1,,,0,0,0,0
1775935742063605,1790683602.316733,12316,idle,1420.8,93.3,221.9,,,0,0,0,0
1775935880895518,1790683602.455565,12455,idle,1262.0,141.1,238.4,,,0,0,0,0
1775936021245260,1790683602.595915,12595,idle,1564.2,260.9,439.1,,,0,0,0,0
1775936161074449,1790683602.735744,12735,idle,1462.9,155.1,297.0,,,0,0,0,0
1775936301821554,1790683602.876491,12876,idle,3964.7,121.7,242.6,,,0,0,0,0
1775936440850536,1790683603.015520,13015,idle,1281.3,115.1,243.8,,,0,0,0,0
1775936580881468,1790683603.155551,13155,idle,1196.5,95.5,193.1,,,0,0,0,0
1775936721699903,1790683603.296370,13296,idle,1108.2,82.9,185.1,,,0,0,0,0
1775936861604354,1790683603.436274,13436,idle,1620.8,112.5,228.6,,,0,0,0,0
1775937001563229,1790683603.576233,13576,idle,9189.7,134.5,261.6,,,0,0,0,0
1775937142444662,1790683603.717114,13717,idle,1750.2,99.3,266.3,,,0,0,0,0
1775937281221814,1790683603.855892,13855,idle,1181.4,131.5,218.2,,,0,0,0,0
1775937422853260,1790683603.997522,13997,idle,2447.1,189.9,444.9,,,0,0,0,0
1775937561240757,1790683604.135911,14135,idle,1220.3,301.0,413.0,,,0,0,0,0
1775937701600213,1790683604.276270,14276,idle,8111.2,162.0,374.5,,,0,0,0,0
1775937840941806,1790683604.415612,14415,decode,1253.4,105.9,227.7,,,0,0,1,0
1775937981609051,1790683604.556279,14556,idle,1234.5,139.8,261.0,,,0,0,0,0
1775938121685468,1790683604.696355,14696,idle,2105.2,167.7,354.9,,,0,0,0,0
1775938262614497,1790683604.837283,14837,idle,2181.0,113.8,315.5,,,0,0,0,0
1775938401762638,1790683604.976432,14976,idle,9971.2,126.8,341.2,,,0,0,0,0
1775938615507952,1790683605.190178,190,tx,51342.3,142.2,211.8,,,1,0,0,1
1775938758761344,1790683605.333431,333,tx,53169.3,201.8,478.0,,,1,0,0,1
1775938903481219,1790683605.478150,478,tx,57459.5,136.5,376.2,,,1,0,0,1
1775939042080827,1790683605.616750,616,tx,52388.4,156.0,370.8,,,1,0,0,1
1775939187180357,1790683605.761850,761,tx,52492.1,81.9,159.1,,,1,0,0,1
1775939331124851,1790683605.905794,905,tx,53403.2,128.3,309.0,,,1,0,0,1
1775939476582789,1790683606.051252,1051,tx,52371.9,120.1,387.8,,,1,0,0,1
1775939621201117,1790683606.195870,1195,tx,52575.2,486.4,682.5,,,1,0,0,1
1775939765406931,1790683606.340075,1340,tx,53216.8,222.0,442.5,,,1,0,0,1
1775939909441726,1790683606.484112,1484,tx,52549.2,265.0,365.0,,,1,0,0,1
1775940053084278,1790683606.627754,1627,tx,51428.1,140.2,249.2,,,1,0,0,1
1775940195788462,1790683606.770458,1770,tx,52823.3,145.5,272.8,,,1,0,0,1
1775940340516697,1790683606.915186,1915,tx,71037.6,161.3,377.3,,,1,0,0,1
1775940484955656,1790683607.059626,2059,tx,52545.0,112.3,214.8,,,1,0,0,1
1775940629236341,1790683607.203906,2203,tx,53407.0,436.0,637.3,,,1,0,0,1
1775940773757113,1790683607.348427,2348,tx,51836.2,128.7,266.8,,,1,0,0,1
1775940916699371,1790683607.491369,2491,tx,51788.3,119.0,282.9,,,1,0,0,1
1775941060170793,1790683607.634841,2634,tx,52910.7,130.0,246.7,,,1,0,0,1
1775941206924966,1790683607.781595,2781,tx,52561.4,85.4,202.6,,,1,0,0,1
1775941350798899,1790683607.925468,2925,tx,53114.6,163.8,432.8,,,1,0,0,1
1775941495646565,1790683608.070316,3070,tx,53293.3,138.5,386.4,,,1,0,0,1
1775941640154684,1790683608.214824,3214,tx,52647.3,450.7,686.8,,,1,0,0,1
1775941784693896,1790683608.359363,3359,tx,53114.8,98.5,288.2,,,1,0,0,1
1775941928697387,1790683608.503367,3503,tx,51197.1,99.2,217.8,,,1,0,0,1
1775942071766658,1790683608.646435,3646,tx,53186.3,127.6,405.5,,,1,0,0,1
1775942216283417,1790683608.790952,3790,tx,53584.9,356.4,572.1,,,1,0,0,1
1775942361336422,1790683608.936006,3936,tx,53777.2,304.5,536.5,,,1,0,0,1
1775942507884793,1790683609.082555,4082,tx,52580.8,109.3,200.8,,,1,0,0,1
1775942651382809,1790683609.226053,4226,tx,52671.0,326.5,467.5,,,1,0,0,1
1775942795955472,1790683609.370625,4370,tx,53659.2,124.4,376.3,,,1,0,0,1
1775942941690900,1790683609.516360,4516,tx,52214.8,152.9,384.0,,,1,0,0,1
1775943085263421,1790683609.659933,4659,tx,53570.8,392.1,629.0,,,1,0,0,1
1775943230383741,1790683609.805054,4805,tx,52489.6,359.4,471.9,,,1,0,0,1
1775943373854612,1790683609.948524,4948,tx,51595.7,89.0,171.7,,,1,0,0,1
1775943517083413,1790683610.091753,5091,tx,51588.9,150.8,262.6,,,1,0,0,1
1775943660191647,1790683610.234861,5234,tx,52176.7,185.3,388.0,,,1,0,0,1
1775943804069760,1790683610.378738,5378,tx,55654.9,199.1,439.1,,,1,0,0,1
1775943941170210,1790683610.515840,5515,tx,73152.9,108.5,173.9,,,1,0,0,1
1775944084667063,1790683610.659337,5659,tx,52908.5,122.4,277.0,,,1,0,0,1
1775944228531990,1790683610.803202,5803,tx,52543.7,119.6,235.2,,,1,0,0,1
1775944372515523,1790683610.947186,5947,tx,51536.1,116.5,254.4,,,1,0,0,1
1775944514993969,1790683611.089664,6089,tx,51624.5,118.9,226.9,,,1,0,0,1
1775944657393850,1790683611.232064,6232,tx,51637.7,222.0,351.6,,,1,0,0,1
1775944799950080,1790683611.374620,6374,tx,54780.5,143.4,261.4,,,1,0,0,1
1775944946314070,1790683611.520983,6520,tx,53159.4,196.4,427.3,,,1,0,0,1
1775945091450650,1790683611.666120,6666,tx,53249.2,173.3,414.6,,,1,0,0,1
1775945235332112,1790683611.810002,6810,tx,51499.9,295.4,406.9,,,1,0,0,1
1775945379049481,1790683611.953718,6953,tx,52207.7,157.2,374.7,,,1,0,0,1
1775945523368742,1790683612.098038,7098,tx,52542.6,180.9,421.0,,,1,0,0,1
1775945668074259,1790683612.242743,7242,tx,53280.0,150.1,362.0,,,1,0,0,1
1775945812174034,1790683612.386844,7386,tx,53069.9,85.4,187.0,,,1,0,0,1
1775945956068564,1790683612.530739,7530,tx,51687.2,134.5,237.9,,,1,0,0,1
1775946099301789,1790683612.673971,7673,tx,59779.5,314.0,517.6,,,1,0,0,1
1775946239787677,1790683612.814458,7814,tx,51559.5,119.1,218.5,,,1,0,0,1
1775946383239451,1790683612.957909,7957,tx,53342.6,360.9,588.1,,,1,0,0,1
1775946527746130,1790683613.102416,8102,tx,51268.9,76.0,164.3,,,1,0,0,1
1775946670799355,1790683613.245469,8245,tx,52228.6,153.7,417.8,,,1,0,0,1
1775946815215171,1790683613.389884,8389,tx,52204.3,326.6,544.9,,,1,0,0,1
1775946959486344,1790683613.534156,8534,tx,52336.1,149.1,360.9,,,1,0,0,1
1775947104046207,1790683613.678715,8678,tx,55552.8,112.6,262.0,,,1,0,0,1
1775947251056099,1790683613.825726,8825,tx,52545.1,109.1,207.3,,,1,0,0,1
1775947395524698,1790683613.970194,8970,tx,52327.5,173.2,402.8,,,1,0,0,1
1775947539176393,1790683614.113846,9113,tx,65971.4,129.0,240.3,,,1,0,0,1
1775947683915887,1790683614.258585,9258,tx,52260.9,167.9,397.8,,,1,0,0,1
1775947826779679,1790683614.401450,9401,tx,51241.6,75.8,173.3,,,1,0,0,1
1775947969532771,1790683614.544202,9544,tx,52282.6,139.8,342.9,,,1,0,0,1
1775948113111862,1790683614.687781,9687,tx,52291.7,183.8,399.6,,,1,0,0,1
1775948257174601,1790683614.831844,9831,tx,53245.1,174.0,389.6,,,1,0,0,1
1775948401514369,1790683614.976184,9976,tx,53028.3,167.1,261.3,,,1,0,0,1
1775948545806447,1790683615.120476,10120,tx,52565.6,119.2,237.8,,,1,0,0,1
1775948689041249,1790683615.263711,10263,tx,51577.6,112.0,242.3,,,1,0,0,1
1775948833662125,1790683615.408332,10408,tx,51678.4,112.9,260.6,,,1,0,0,1
1775948976162624,1790683615.550832,10550,tx,53165.3,189.2,409.8,,,1,0,0,1
1775949120341339,1790683615.695011,10695,tx,52566.3,291.4,419.5,,,1,0,0,1
1775949264311959,1790683615.838981,10838,tx,52312.7,281.1,514.8,,,1,0,0,1
1775949408567217,1790683615.983237,10983,tx,52765.7,146.5,361.8,,,1,0,0,1
1775949552699593,1790683616.127369,11127,tx,53058.9,125.2,361.1,,,1,0,0,1
1775949698059202,1790683616.272728,11272,tx,53309.9,151.8,371.1,,,1,0,0,1
1775949842750421,1790683616.417421,11417,tx,52436.7,69.5,155.3,,,1,0,0,1
1775949986428549,1790683616.561098,11561,tx,53388.6,154.5,420.1,,,1,0,0,1
1775950130242979,1790683616.704913,11704,tx,52206.1,77.8,154.4,,,1,0,0,1
1775950273950908,1790683616.848620,11848,tx,53246.4,158.8,403.5,,,1,0,0,1
1775950417632997,1790683616.992303,11992,tx,52275.8,83.4,207.8,,,1,0,0,1
1775950561110811,1790683617.135781,12135,tx,52456.1,115.7,242.0,,,1,0,0,1
1775950704573817,1790683617.279244,12279,tx,51484.3,150.7,272.1,,,1,0,0,1
1775950847541227,1790683617.422211,12422,tx,53195.1,162.2,320.3,,,1,0,0,1
1775950991818862,1790683617.566488,12566,tx,53250.9,128.4,302.7,,,1,0,0,1
1775951135829194,1790683617.710499,12710,tx,77095.5,130.0,231.8,,,1,0,0,1
1775951280582633,1790683617.855253,12855,tx,52812.0,98.7,212.2,,,1,0,0,1
1775951424176116,1790683617.998846,12998,tx,52927.2,165.1,303.9,,,1,0,0,1
1775951568092779,1790683618.142763,13142,tx,51511.4,126.5,271.4,,,1,0,0,1
1775951710677541,1790683618.285347,13285,tx,52830.2,127.7,258.1,,,1,0,0,1
1775951854226050,1790683618.428896,13428,tx,51343.7,104.9,200.4,,,1,0,0,1
1775951996393437,1790683618.571063,13571,tx,52712.9,308.8,425.4,,109653.1,1,0,0,1
1775952141036005,1790683618.715706,13715,idle,53010.1,118.3,214.4,,,0,0,0,0
1775952285213249,1790683618.859883,13859,idle,52367.9,133.6,275.2,,,0,0,0,0
1775952445028190,1790683619.019698,14019,idle,2356.0,120.4,192.3,,,0,0,0,0
1775952592054135,1790683619.166724,14166,idle,2990.3,83.7,195.1,,,0,0,0,0
1775952734119725,1790683619.308790,14308,idle,1373.9,114.0,208.5,,,0,0,0,0
1775952873339273,1790683619.448008,14448,idle,2855.5,391.5,628.8,,,0,0,0,0
1775953012108242,1790683619.586778,14586,idle,1329.9,141.2,254.5,,,0,0,0,0
1775953152300618,1790683619.726970,14726,idle,1405.5,109.1,219.1,,,0,0,0,0
1775953292483343,1790683619.867153,14867,idle,1475.3,304.8,446.8,,,0,0,0,0
1775953430188292,1790683620.004857,4,idle,2384.0,145.9,389.9,,,0,0,0,0
1775953572888936,1790683620.147559,147,idle,1023.0,109.8,211.2,,,0,0,0,0
1775953713116801,1790683620.287786,287,idle,2711.0,145.1,331.8,,,0,0,0,0
1775953852964005,1790683620.427634,427,idle,2266.0,115.9,316.5,,,0,0,0,0
1775953991972189,1790683620.566642,566,idle,1331.4,102.8,214.4,,,0,0,0,0
1775954132506630,1790683620.707176,707,idle,2783.1,183.9,454.6,,,0,0,0,0
1775954272467869,1790683620.847138,847,idle,1169.7,357.2,472.6,,,0,0,0,0
1775954411721479,1790683620.986392,986,idle,1048.1,124.6,243.6,,,0,0,0,0
1775954552087518,1790683621.126757,1126,idle,1245.9,81.9,191.2,,,0,0,0,0
1775954692128658,1790683621.266798,1266,idle,1480.3,139.8,270.0,,,0,0,0,0
1775954832868605,1790683621.407538,1407,idle,2423.8,185.1,433.3,,,0,0,0,0
1775954972329352,1790683621.546999,1546,idle,1443.1,108.9,214.0,,,0,0,0,0
1775955113107661,1790683621.687777,1687,idle,2434.8,149.4,366.9,,,0,0,0,0
1775955252320922,1790683621.826991,1826,idle,1167.2,105.0,181.4,,,0,0,0,0
1775955392450633,1790683621.967120,1967,idle,2726.5,309.4,522.4,,,0,0,0,0
1775955539319033,1790683622.113989,2113,idle,1469.4,121.2,232.0,,,0,0,0,0
1775955683420412,1790683622.258089,2258,idle,2410.0,355.1,563.1,,,0,0,0,0
1775955829616442,1790683622.404286,2404,idle,2575.1,118.6,369.9,,,0,0,0,0
1775955972941182,1790683622.547611,2547,idle,1395.4,114.7,224.2,,,0,0,0,0
1775956113087462,1790683622.687757,2687,idle,2507.0,164.1,391.2,,,0,0,0,0
1775956252032662,1790683622.826703,2826,idle,1282.1,114.5,223.2,,,0,0,0,0
1775956392863860,1790683622.967533,2967,idle,2168.8,154.4,378.0,,,0,0,0,0
1775956531733345,1790683623.106403,3106,idle,1183.7,107.9,225.4,,,0,0,0,0
1775956671815843,1790683623.246486,3246,idle,964.9,79.9,197.6,,,0,0,0,0
1775956813117606,1790683623.387787,3387,idle,2323.5,157.3,367.8,,,0,0,0,0
1775956953185559,1790683623.527855,3527,idle,1423.0,118.8,239.1,,,0,0,0,0
1775957093106038,1790683623.667775,3667,idle,2712.6,167.1,411.7,,,0,0,0,0
1775957237443891,1790683623.812114,3812,idle,1361.8,271.5,369.6,,,0,0,0,0
1775957382200858,1790683623.956871,3956,idle,1080.6,131.2,229.0,,,0,0,0,0
1775957525790195,1790683624.100460,4100,idle,1243.0,112.5,234.1,,,0,0,0,0
1775957671891459,1790683624.246561,4246,idle,1143.6,85.6,216.0,,,0,0,0,0
1775957812703131,1790683624.387373,4387,idle,2141.0,145.3,336.1,,,0,0,0,0
1775957951919016,1790683624.526589,4526,idle,944.3,105.9,206.0,,,0,0,0,0
1775958092706642,1790683624.667377,4667,idle,1177.4,111.5,247.2,,,0,0,0,0
1775958236056355,1790683624.810725,4810,idle,1424.9,100.6,215.9,,,0,0,0,0
1775958382053956,1790683624.956724,4956,idle,1334.3,122.4,247.4,,,0,0,0,0
1775958526189675,1790683625.100859,5100,idle,2253.3,155.8,375.2,,,0,0,0,0
1775958672364639,1790683625.247035,5247,idle,1035.7,78.8,169.2,,,0,0,0,0
1775958813359361,1790683625.388029,5388,idle,2358.7,326.2,548.2,,,0,0,0,0
1775958953000007,1790683625.527669,5527,idle,1910.5,148.9,357.6,,,0,0,0,0
1775959093194218,1790683625.667864,5667,idle,2206.0,151.2,372.2,,,0,0,0,0
1775959232256387,1790683625.806925,5806,idle,1876.9,174.8,375.4,,,0,0,0,0
1775959372539656,1790683625.947210,5947,idle,1036.4,226.5,323.0,,,0,0,0,0
1775959513057226,1790683626.087725,6087,idle,7832.2,126.6,315.1,,,0,0,0,0
1775959652703053,1790683626.227372,6227,idle,2114.3,144.7,351.4,,,0,0,0,0
1775959792262410,1790683626.366932,6366,idle,1551.0,129.6,306.6,,,0,0,0,0
1775959936027005,1790683626.510696,6510,idle,1244.5,93.4,231.4,,,0,0,0,0
1775960082463286,1790683626.657133,6657,idle,1297.6,308.1,422.0,,,0,0,0,0
1775960226603579,1790683626.801273,6801,idle,1238.3,143.2,285.8,,,0,0,0,0
1775960372661935,1790683626.947332,6947,idle,1248.5,82.0,195.3,,,0,0,0,0
1775960512062425,1790683627.086732,7086,idle,1521.7,122.5,278.8,,,0,0,0,0
1775960652168131,1790683627.226838,7226,idle,1245.1,111.2,231.9,,,0,0,0,0
1775960792165133,1790683627.366835,7366,idle,1182.1,110.8,246.3,,,0,0,0,0
1775960936054236,1790683627.510724,7510,idle,1735.4,100.6,264.0,,,0,0,0,0
1775961082655241,1790683627.657325,7657,idle,1101.0,122.0,233.2,,,0,0,0,0
1775961224771781,1790683627.799442,7799,idle,1096.8,73.1,192.1,,,0,0,0,0
1775961362143241,1790683627.936813,7936,idle,1242.1,74.4,166.1,,,0,0,0,0
1775961502125791,1790683628.076796,8076,idle,4162.3,105.7,183.2,,,0,0,0,0
1775961643437261,1790683628.218107,8218,idle,2620.1,293.0,494.4,,,0,0,0,0
1775961782598791,1790683628.357269,8357,idle,1013.8,171.4,271.4,,,0,0,0,0
1775961926411032,1790683628.501081,8501,idle,1176.6,87.7,213.1,,,0,0,0,0
1775962072169789,1790683628.646840,8646,idle,1208.1,115.5,230.1,,,0,0,0,0
1775962212051942,1790683628.786721,8786,idle,1575.0,158.4,310.0,,,0,0,0,0
1775962351936735,1790683628.926607,8926,idle,1286.3,142.4,256.2,,,0,0,0,0
1775962492655053,1790683629.067324,9067,idle,2514.9,173.2,379.5,,,0,0,0,0
1775962639527234,1790683629.214196,9214,idle,2231.0,174.0,403.6,,,0,0,0,0
1775962781972986,1790683629.356643,9356,idle,958.4,80.4,160.3,,,0,0,0,0
1775962922427203,1790683629.497097,9497,idle,1909.2,332.0,514.0,,,0,0,0,0
1775963062841494,1790683629.637511,9637,idle,2082.0,176.9,412.0,,,0,0,0,0
1775963202906954,1790683629.777576,9777,idle,7668.1,141.5,342.1,,,0,0,0,0
1775963342537506,1790683629.917207,9917,idle,2215.1,158.0,367.9,,,0,0,0,0
1775963482135190,1790683630.056805,10056,idle,1104.6,104.0,200.1,,,0,0,0,0
1775963623389313,1790683630.198059,10198,idle,1354.6,92.4,218.3,,,0,0,0,0
1775963762976343,1790683630.337646,10337,idle,1738.0,139.6,289.6,,,0,0,0,0
1775963902966263,1790683630.477636,10477,idle,3549.9,89.7,196.7,,,0,0,0,0
1775964040270613,1790683630.614940,10614,idle,2173.7,116.6,312.2,,,0,0,0,0
1775964181849239,1790683630.756519,10756,idle,1022.8,73.2,132.9,,,0,0,0,0
1775964323155145,1790683630.897825,10897,idle,1288.7,99.6,241.8,,,0,0,0,0
1775964462555374,1790683631.037225,11037,idle,1935.4,176.2,367.6,,,0,0,0,0
1775964603109409,1790683631.177779,11177,idle,8294.9,127.5,293.5,,,0,0,0,0
1775964742641882,1790683631.317312,11317,idle,1194.5,159.0,276.5,,,0,0,0,0
1775964881817771,1790683631.456487,11456,idle,1997.1,127.9,360.6,,,0,0,0,0
1775965025887893,1790683631.600558,11600,idle,1132.2,107.5,204.0,,,0,0,0,0
1775965172869932,1790683631.747539,11747,idle,2168.7,189.0,416.1,,,0,0,0,0
1775965313136662,1790683631.887807,11887,decode,1139.4,103.4,217.4,,,0,0,1,0
1775965452038850,1790683632.026709,12026,idle,948.0,80.6,147.8,,,0,0,0,0
1775965592895437,1790683632.167565,12167,idle,2041.1,149.3,391.2,,,0,0,0,0
1775965739565893,1790683632.314235,12314,idle,2067.4,141.7,366.0,,,0,0,0,0
1775965882802811,1790683632.457473,12457,idle,1726.9,105.3,257.5,,,0,0,0,0
1775966029381730,1790683632.604051,12604,idle,2082.7,151.7,358.3,,,0,0,0,0
1775966172373463,1790683632.747044,12747,idle,1178.9,107.9,220.6,,,0,0,0,0
1775966312910244,1790683632.887579,12887,idle,2141.6,123.7,464.1,,,0,0,0,0
1775966452785937,1790683633.027456,13027,idle,1276.5,88.2,224.1,,,0,0,0,0
1775966592283572,1790683633.166954,13166,idle,1164.7,92.9,195.5,,,0,0,0,0
1775966735072895,1790683633.309743,13309,idle,1064.7,88.4,190.3,,,0,0,0,0
1775966872441228,1790683633.447111,13447,idle,1194.9,130.7,222.4,,,0,0,0,0
1775967012955064,1790683633.587625,13587,idle,1450.9,125.6,254.8,,,0,0,0,0
1775967152012827,1790683633.726683,13726,idle,1640.1,149.4,307.1,,,0,0,0,0
1775967292966126,1790683633.867636,13867,idle,1694.2,152.0,325.2,,,0,0,0,0
1775967436022788,1790683634.010692,14010,idle,1184.3,84.9,227.4,,,0,0,0,0
1775967582693053,1790683634.157363,14157,idle,1231.9,134.2,241.7,,,0,0,0,0
1775967725368587,1790683634.300038,14300,idle,1551.2,122.3,250.8,,,0,0,0,0
1775967872213300,1790683634.446882,14446,decode,1311.0,84.6,225.5,,,0,0,1,0
1775968012782931,1790683634.587453,14587,idle,1473.8,131.2,287.7,,,0,0,0,0
1775968153196424,1790683634.727866,14727,idle,1267.2,111.2,229.1,,,0,0,0,0
1775968291710724,1790683634.866380,14866,idle,1223.2,110.5,222.4,,,0,0,0,0
1775968434701723,1790683635.009372,9,idle,1278.9,90.6,284.5,,,0,0,0,0
1775968614895504,1790683635.189565,189,tx,52193.1,129.2,267.4,,,1,0,0,1
1775968758182610,1790683635.332852,332,tx,52609.7,121.4,257.4,,,1,0,0,1
1775968901710953,1790683635.476381,476,tx,78475.1,293.1,381.2,,,1,0,0,1
1775969045536098,1790683635.620206,620,tx,53687.6,416.4,587.7,,,1,0,0,1
1775969190924185,1790683635.765594,765,tx,53188.8,148.3,386.6,,,1,0,0,1
1775969335147790,1790683635.909818,909,tx,52649.6,105.7,215.0,,,1,0,0,1
1775969478979656,1790683636.053650,1053,tx,52549.6,105.0,195.5,,,1,0,0,1
1775969622763631,1790683636.197433,1197,tx,52830.9,175.7,337.4,,,1,0,0,1
1775969767043086,1790683636.341713,1341,tx,52825.3,81.1,194.8,,,1,0,0,1
1775969911927147,1790683636.486596,1486,tx,52207.1,205.1,554.2,,,1,0,0,1
1775970056253367,1790683636.630923,1630,tx,53784.6,156.6,359.3,,,1,0,0,1
1775970200949147,1790683636.775619,1775,tx,55145.1,74.8,167.1,,,1,0,0,1
1775970346939320,1790683636.921609,1921,tx,53103.1,104.5,271.5,,,1,0,0,1
1775970490968924,1790683637.065639,2065,tx,52653.0,82.0,173.2,,,1,0,0,1
1775970636654778,1790683637.211324,2211,tx,52629.0,269.8,501.7,,,1,0,0,1
1775970780601845,1790683637.355272,2355,tx,52659.1,401.5,494.2,,,1,0,0,1
1775970924100173,1790683637.498770,2498,tx,52465.3,108.9,208.2,,,1,0,0,1
1775971068471507,1790683637.643141,2643,tx,51706.3,117.7,233.9,,,1,0,0,1
1775971212513183,1790683637.787182,2787,tx,52593.9,435.7,661.9,,,1,0,0,1
1775971357085924,1790683637.931755,2931,tx,51967.5,163.7,375.1,,,1,0,0,1
1775971500032529,1790683638.074703,3074,tx,55858.9,99.9,196.1,,,1,0,0,1
1775971637120111,1790683638.211790,3211,tx,52869.0,157.9,317.8,,,1,0,0,1
1775971781956044,1790683638.356625,3356,tx,53125.0,154.1,357.9,,,1,0,0,1
1775971927423908,1790683638.502093,3502,tx,52503.7,145.6,373.3,,,1,0,0,1
1775972071433167,1790683638.646103,3646,tx,52479.6,87.1,181.3,,,1,0,0,1
1775972215075766,1790683638.789746,3789,tx,52142.2,106.4,179.4,,,1,0,0,1
1775972359578845,1790683638.934248,3934,tx,53641.1,342.1,582.7,,,1,0,0,1
1775972504485551,1790683639.079155,4079,tx,66842.5,116.1,212.1,,,1,0,0,1
1775972651442827,1790683639.226112,4226,tx,53590.9,483.2,702.7,,,1,0,0,1
1775972796032861,1790683639.370703,4370,tx,51154.6,115.7,208.6,,,1,0,0,1
1775972939453819,1790683639.514122,4514,tx,52760.2,527.3,729.7,,,1,0,0,1
1775973083888082,1790683639.658557,4658,tx,53178.0,190.6,424.2,,,1,0,0,1
1775973229373835,1790683639.804043,4804,tx,52720.9,195.5,434.6,,,1,0,0,1
1775973373463816,1790683639.948133,4948,tx,52853.8,157.6,304.6,,,1,0,0,1
1775973517075894,1790683640.091746,5091,tx,51248.1,107.2,173.5,,,1,0,0,1
1775973659351891,1790683640.234022,5234,tx,51447.7,107.3,246.3,,,1,0,0,1
1775973802043061,1790683640.376713,5376,tx,54041.9,112.1,231.4,,,1,0,0,1
1775973947405136,1790683640.522075,5522,tx,51470.3,138.9,261.6,,,1,0,0,1
1775974089995083,1790683640.664665,5664,tx,52507.2,102.4,194.2,,,1,0,0,1
1775974233828063,1790683640.808498,5808,tx,51534.3,139.7,248.1,,,1,0,0,1
1775974376392041,1790683640.951062,5951,tx,52208.2,173.5,339.6,,,1,0,0,1
1775974520255558,1790683641.094925,6094,tx,53310.5,186.1,379.6,,,1,0,0,1
1775974665182116,1790683641.239851,6239,tx,52805.3,126.1,323.1,,,1,0,0,1
1775974809100803,1790683641.383771,6383,tx,52167.4,80.8,166.9,,,1,0,0,1
1775974952501824,1790683641.527171,6527,tx,53456.0,281.5,483.1,,,1,0,0,1
1775975097709872,1790683641.672379,6672,tx,52346.8,199.3,420.9,,,1,0,0,1
1775975240714782,1790683641.815385,6815,tx,52371.7,168.8,282.2,,,1,0,0,1
1775975383748218,1790683641.958418,6958,tx,59034.5,102.6,3445.7,,,1,0,0,1
1775975526829935,1790683642.101500,7101,tx,52682.1,88.2,206.7,,,1,0,0,1
1775975669967275,1790683642.244637,7244,tx,52885.6,147.6,286.8,,,1,0,0,1
1775975813571463,1790683642.388241,7388,tx,53128.9,333.6,485.0,,,1,0,0,1
1775975957623201,1790683642.532293,7532,tx,53058.8,299.4,435.0,,,1,0,0,1
1775976101736197,1790683642.676406,7676,tx,77548.4,201.6,309.4,,,1,0,0,1
1775976238966822,1790683642.813637,7813,tx,52712.0,120.1,265.3,,,1,0,0,1
1775976383240516,1790683642.957910,7957,tx,52661.2,131.1,250.9,,,1,0,0,1
1775976526655062,1790683643.101325,8101,tx,52792.2,221.1,371.2,,,1,0,0,1
1775976670146818,1790683643.244817,8244,tx,52810.7,130.4,268.8,,,1,0,0,1
1775976813764474,1790683643.388434,8388,tx,52386.2,162.1,298.8,,,1,0,0,1
1775976957992806,1790683643.532663,8532,tx,51198.6,109.6,212.4,,,1,0,0,1
1775977101046423,1790683643.675715,8675,tx,58723.6,156.8,379.5,,,1,0,0,1
1775977241186710,1790683643.815856,8815,tx,52134.5,155.4,343.4,,,1,0,0,1
1775977385047909,1790683643.959717,8959,tx,53099.1,179.5,396.7,,,1,0,0,1
1775977528944829,1790683644.103615,9103,tx,51445.0,107.3,222.3,,,1,0,0,1
1775977672652451,1790683644.247322,9247,tx,52428.0,163.6,413.0,,,1,0,0,1
1775977817363950,1790683644.392033,9392,tx,53458.6,194.0,399.4,,,1,0,0,1
1775977962767189,1790683644.537437,9537,tx,51829.7,143.4,317.1,,,1,0,0,1
1775978106168419,1790683644.680838,9680,tx,52455.5,107.4,211.0,,,1,0,0,1
1775978250114825,1790683644.824785,9824,tx,52891.5,135.5,233.1,,,1,0,0,1
1775978394363612,1790683644.969033,9969,tx,53364.5,211.4,445.9,,,1,0,0,1
1775978536690489,1790683645.111360,10111,tx,53172.4,194.2,417.8,,,1,0,0,1
1775978681436071,1790683645.256105,10256,tx,53232.7,162.0,389.6,,,1,0,0,1
1775978825197007,1790683645.399867,10399,tx,52271.6,80.0,167.1,,,1,0,0,1
1775978968486876,1790683645.543156,10543,tx,52330.1,161.1,382.1,,,1,0,0,1
1775979112613943,1790683645.687283,10687,tx,52307.0,222.2,461.3,,,1,0,0,1
1775979256553922,1790683645.831223,10831,tx,53366.4,322.0,554.8,,,1,0,0,1
1775979401122172,1790683645.975791,10975,tx,61149.7,138.2,347.2,,,1,0,0,1
1775979542965825,1790683646.117635,11117,tx,52264.6,104.4,197.8,,,1,0,0,1
1775979686137917,1790683646.260808,11260,tx,70488.5,109.1,220.3,,,1,0,0,1
1775979830267024,1790683646.404937,11404,tx,52104.0,151.9,368.4,,,1,0,0,1
1775979973477393,1790683646.548147,11548,tx,52695.5,126.1,259.3,,,1,0,0,1
1775980117328170,1790683646.691998,11691,tx,53560.0,107.0,223.7,,,1,0,0,1
1775980261218969,1790683646.835889,11835,tx,52328.5,138.9,226.1,,,1,0,0,1
1775980405418692,1790683646.980088,11980,tx,54822.6,154.5,339.4,,,1,0,0,1
1775980551309334,1790683647.125979,12125,tx,52535.6,113.1,196.5,,,1,0,0,1
1775980696286523,1790683647.270956,12270,tx,53344.1,193.3,416.8,,,1,0,0,1
1775980840984752,1790683647.415655,12415,tx,51390.4,130.2,235.1,,,1,0,0,1
1775980983576008,1790683647.558245,12558,tx,52411.7,322.9,528.2,,,1,0,0,1
1775981127675737,1790683647.702345,12702,tx,52396.1,237.9,457.4,,,1,0,0,1
1775981271877292,1790683647.846546,12846,tx,52191.8,142.6,365.2,,,1,0,0,1
1775981415847271,1790683647.990516,12990,tx,52899.7,152.7,350.5,,,1,0,0,1
1775981559741397,1790683648.134411,13134,tx,52774.5,217.8,312.9,,,1,0,0,1
1775981703886291,1790683648.278556,13278,tx,56220.3,176.0,392.8,,,1,0,0,1
1775981841113412,1790683648.415783,13415,tx,51976.3,155.4,295.9,,,1,0,0,1
1775981984901523,1790683648.559571,13559,tx,52267.9,198.1,428.5,,120083.1,1,0,0,1
1775982125271938,1790683648.699942,13699,idle,52497.3,81.4,179.6,,,0,0,0,0
1775982268612094,1790683648.843282,13843,idle,51851.9,117.1,267.8,,,0,0,0,0
1775982442980202,1790683649.017650,14017,idle,3162.7,119.6,288.7,,,0,0,0,0
1775982585151401,1790683649.159821,14159,idle,1473.9,135.4,260.4,,,0,0,0,0
1775982726156895,1790683649.300826,14300,idle,2051.1,112.2,310.6,,,0,0,0,0
1775982865798537,1790683649.440468,14440,idle,1374.5,330.6,460.1,,,0,0,0,0
1775983005508452,1790683649.580178,14580,idle,1678.8,127.4,291.7,,,0,0,0,0
1775983145441422,1790683649.720111,14720,idle,1807.6,118.6,287.2,,,0,0,0,0
1775983285536146,1790683649.860206,14860,idle,1714.6,85.8,235.5,,,0,0,0,0
1775983425644268,1790683650.000314,0,idle,1702.1,461.9,605.4,,,0,0,0,0
1775983566294635,1790683650.140964,140,idle,1531.1,115.8,234.5,,,0,0,0,0
1775983705867498,1790683650.280537,280,idle,2940.2,190.0,365.4,,,0,0,0,0
1775983845976157,1790683650.420646,420,idle,1540.9,155.6,288.2,,,0,0,0,0
1775983985139785,1790683650.559809,559,idle,1892.1,124.9,283.4,,,0,0,0,0
1775984125549967,1790683650.700220,700,idle,1693.2,84.4,200.9,,,0,0,0,0
1775984265533038,1790683650.840203,840,idle,1194.8,78.8,191.9,,,0,0,0,0
1775984404851422,1790683650.979521,979,idle,1248.1,326.2,404.6,,,0,0,0,0
1775984547320333,1790683651.121990,1121,idle,2818.0,176.9,417.1,,,0,0,0,0
1775984686419605,1790683651.261089,1261,idle,2242.3,159.7,380.6,,,0,0,0,0
1775984825364223,1790683651.400034,1400,idle,1549.7,82.7,188.4,,,0,0,0,0
1775984965605783,1790683651.540276,1540,idle,1304.6,107.8,211.1,,,0,0,0,0
1775985106414057,1790683651.681083,1681,idle,3829.6,153.1,402.8,,,0,0,0,0
1775985246440004,1790683651.821109,1821,idle,2678.1,186.7,426.9,,,0,0,0,0
1775985386274188,1790683651.960943,1960,idle,1934.7,105.9,333.2,,,0,0,0,0
1775985525941059,1790683652.100611,2100,idle,1312.0,234.8,340.8,,,0,0,0,0
1775985665666506,1790683652.240337,2240,idle,1229.8,106.6,208.9,,,0,0,0,0
1775985806274898,1790683652.380944,2380,idle,2839.1,187.8,389.9,,,0,0,0,0
1775985946011869,1790683652.520682,2520,idle,1150.6,207.5,284.1,,,0,0,0,0
1775986086475375,1790683652.661145,2661,idle,2638.8,186.4,424.1,,,0,0,0,0
1775986225524536,1790683652.800195,2800,idle,1151.2,105.2,202.3,,,0,0,0,0
1775986366238337,1790683652.940908,2940,idle,2019.3,106.4,253.4,,,0,0,0,0
1775986506245389,1790683653.080914,3080,idle,19243.2,153.1,389.2,,,0,0,0,0
1775986645747984,1790683653.220417,3220,idle,2838.0,333.6,531.0,,,0,0,0,0
1775986786215062,1790683653.360884,3360,idle,2119.2,151.5,349.4,,,0,0,0,0
1775986925080258,1790683653.499750,3499,idle,963.9,107.8,200.2,,,0,0,0,0
1775987065245070,1790683653.639914,3639,idle,2127.3,142.5,376.8,,,0,0,0,0
1775987205308329,1790683653.779978,3779,idle,1545.9,101.6,238.0,,,0,0,0,0
1775987346088335,1790683653.920758,3920,idle,2279.5,193.3,440.9,,,0,0,0,0
1775987486396545,1790683654.061066,4061,idle,2141.0,147.1,353.1,,,0,0,0,0
1775987627113764,1790683654.201784,4201,idle,966.0,103.0,207.9,,,0,0,0,0
1775987765642388,1790683654.340312,4340,idle,1895.1,326.9,485.4,,,0,0,0,0
1775987905382646,1790683654.480052,4480,idle,1303.6,87.7,186.0,,,0,0,0,0
1775988045389012,1790683654.620059,4620,idle,1357.7,123.1,237.6,,,0,0,0,0
1775988185779195,1790683654.760449,4760,idle,1132.7,219.7,340.9,,,0,0,0,0
1775988325340767,1790683654.900011,4900,idle,1168.2,82.1,158.7,,,0,0,0,0
1775988465761223,1790683655.040431,5040,idle,1565.3,189.0,396.8,,,0,0,0,0
1775988605797495,1790683655.180467,5180,idle,1290.2,239.8,373.0,,,0,0,0,0
1775988745236361,1790683655.319906,5319,idle,1297.9,143.1,250.1,,,0,0,0,0
1775988885414967,1790683655.460085,5460,idle,1203.5,107.7,185.9,,,0,0,0,0
1775989025362453,1790683655.600033,5600,idle,1314.2,140.1,267.7,,,0,0,0,0
1775989165993171,1790683655.740662,5740,idle,2393.9,179.7,400.8,,,0,0,0,0
1775989306384244,1790683655.881054,5881,idle,4831.2,123.5,318.2,,,0,0,0,0
1775989445522780,1790683656.020191,6020,idle,2252.9,130.8,326.9,,,0,0,0,0
1775989585614700,1790683656.160285,6160,idle,976.2,82.7,171.8,,,0,0,0,0
1775989725921087,1790683656.300591,6300,idle,1146.4,136.2,254.1,,,0,0,0,0
1775989866549325,1790683656.441218,6441,idle,2497.1,127.2,371.0,,,0,0,0,0
1775990005218037,1790683656.579888,6579,idle,1085.6,106.9,219.4,,,0,0,0,0
1775990146109672,1790683656.720779,6720,idle,2094.1,177.9,388.8,,,0,0,0,0
1775990285604933,1790683656.860275,6860,idle,1007.9,78.2,158.7,,,0,0,0,0
1775990425594740,1790683657.000264,7000,idle,1732.3,135.0,279.1,,,0,0,0,0
1775990565804123,1790683657.140472,7140,idle,2420.3,156.0,407.1,,,0,0,0,0
1775990706183482,1790683657.280852,7280,idle,4508.1,150.3,378.8,,,0,0,0,0
1775990846078520,1790683657.420748,7420,idle,2276.5,136.6,337.6,,,0,0,0,0
1775990987088178,1790683657.561758,7561,idle,938.5,112.4,205.0,,,0,0,0,0
1775991125746821,1790683657.700416,7700,idle,2246.8,228.8,462.7,,,0,0,0,0
1775991265731400,1790683657.840401,7840,idle,1386.1,106.2,208.3,,,0,0,0,0
1775991405172338,1790683657.979842,7979,idle,1241.1,107.2,231.4,,,0,0,0,0
1775991545869059,1790683658.120539,8120,idle,1260.5,162.9,289.2,,,0,0,0,0
1775991685802419,1790683658.260472,8260,idle,1354.7,272.3,392.3,,,0,0,0,0
1775991825956342,1790683658.400626,8400,idle,1973.0,143.1,403.6,,,0,0,0,0
1775991965800250,1790683658.540470,8540,idle,1517.6,277.2,408.7,,,0,0,0,0
1775992106066709,1790683658.680736,8680,idle,6188.5,132.0,360.9,,,0,0,0,0
1775992245799693,1790683658.820469,8820,idle,1405.6,209.2,379.3,,,0,0,0,0
1775992385323218,1790683658.959993,8959,idle,1234.9,107.2,241.8,,,0,0,0,0
1775992525466013,1790683659.100136,9100,idle,1345.7,117.6,263.2,,,0,0,0,0
1775992665535413,1790683659.240205,9240,idle,1211.4,107.1,246.4,,,0,0,0,0
1775992805077498,1790683659.379747,9379,idle,3904.7,139.7,331.7,,,0,0,0,0
1775992945067077,1790683659.519737,9519,idle,1362.8,101.3,242.8,,,0,0,0,0
1775993084776272,1790683659.659446,9659,idle,1151.6,276.8,371.8,,,0,0,0,0
1775993225611776,1790683659.800282,9800,idle,1140.3,113.0,234.9,,,0,0,0,0
1775993365612676,1790683659.940283,9940,idle,1066.1,108.3,214.9,,,0,0,0,0
1775993505258022,1790683660.079928,10079,idle,1146.4,79.8,169.3,,,0,0,0,0
1775993645707600,1790683660.220377,10220,idle,1465.2,283.5,450.3,,,0,0,0,0
1775993785048125,1790683660.359718,10359,idle,1208.1,83.9,186.5,,,0,0,0,0
1775993926408776,1790683660.501078,10501,idle,2144.9,161.5,391.3,,,0,0,0,0
1775994065734332,1790683660.640404,10640,idle,2572.5,287.8,510.0,,,0,0,0,0
1775994206608303,1790683660.781277,10781,idle,3083.0,158.4,352.7,,,0,0,0,0
1775994345266530,1790683660.919936,10919,idle,1298.0,121.5,222.9,,,0,0,0,0
1775994485837208,1790683661.060507,11060,idle,1194.9,273.3,379.5,,,0,0,0,0
1775994625722346,1790683661.200392,11200,idle,2666.4,210.3,518.7,,,0,0,0,0
1775994765750313,1790683661.340420,11340,idle,1179.6,82.4,200.8,,,0,0,0,0
1775994905580961,1790683661.480251,11480,idle,1479.0,121.9,258.8,,,0,0,0,0
1775995045078897,1790683661.619749,11619,idle,978.4,76.1,155.1,,,0,0,0,0
1775995185612202,1790683661.760281,11760,idle,2355.3,159.1,370.3,,,0,0,0,0
1775995328953282,1790683661.903623,11903,idle,1112.2,124.4,234.0,,,0,0,0,0
1775995466437061,1790683662.041106,12041,idle,2147.2,160.5,386.8,,,0,0,0,0
1775995606060394,1790683662.180729,12180,idle,4121.3,154.7,347.6,,,0,0,0,0
1775995745632607,1790683662.320302,12320,idle,998.0,108.0,202.4,,,0,0,0,0
1775995885827218,1790683662.460497,12460,idle,2477.7,204.8,435.8,,,0,0,0,0
1775996025763591,1790683662.600433,12600,idle,1524.4,121.1,253.9,,,0,0,0,0
1775996165796424,1790683662.740466,12740,idle,1775.5,288.9,455.0,,,0,0,0,0
1775996306517065,1790683662.881186,12881,idle,7675.8,134.0,364.4,,,0,0,0,0
1775996445537666,1790683663.020208,13020,idle,1075.4,105.9,190.5,,,0,0,0,0
1775996585299562,1790683663.159968,13159,idle,2077.5,152.9,363.8,,,0,0,0,0
1775996725756613,1790683663.300426,13300,idle,1280.5,135.2,260.6,,,0,0,0,0
1775996865074683,1790683663.439744,13439,idle,1182.7,115.1,223.0,,,0,0,0,0
1775997005726200,1790683663.580395,13580,idle,4916.7,324.7,525.8,,,0,0,0,0
1775997145035763,1790683663.719706,13719,idle,913.5,118.2,218.8,,,0,0,0,0
1775997285846896,1790683663.860517,13860,idle,1510.3,268.3,372.3,,,0,0,0,0
1775997425802841,1790683664.000473,14000,idle,1553.6,296.3,419.2,,,0,0,0,0
1775997565815163,1790683664.140485,14140,idle,1241.2,80.0,172.5,,,0,0,0,0
1775997705488304,1790683664.280158,14280,idle,2601.3,97.7,275.6,,,0,0,0,0
1775997845503926,1790683664.420174,14420,decode,1228.7,100.1,207.9,,,0,0,1,0
1775997985698167,1790683664.560368,14560,idle,1358.6,104.0,216.9,,,0,0,0,0
1775998125869089,1790683664.700539,14700,idle,2480.0,177.7,405.6,,,0,0,0,0
1775998266462653,1790683664.841132,14841,idle,2356.9,148.8,373.8,,,0,0,0,0
1775998406459685,1790683664.981129,14981,idle,1322.0,134.0,256.6,,,0,0,0,0
1775998621754241,1790683665.196424,196,tx,52255.0,103.7,204.0,,,1,0,0,1
1775998765346103,1790683665.340016,340,tx,52705.1,102.0,280.5,,,1,0,0,1
1775998909353131,1790683665.484023,484,tx,51803.3,116.9,243.9,,,1,0,0,1
1775999052736561,1790683665.627406,627,tx,52655.8,433.6,627.1,,,1,0,0,1
1775999196193604,1790683665.770864,770,tx,51259.7,106.9,212.2,,,1,0,0,1
1775999339129593,1790683665.913799,913,tx,53433.9,148.2,386.7,,,1,0,0,1
1775999484100828,1790683666.058769,1058,tx,52352.4,194.7,425.4,,,1,0,0,1
1775999628436649,1790683666.203106,1203,tx,52220.5,147.4,379.9,,,1,0,0,1
1775999774150902,1790683666.348821,1348,tx,52783.1,140.7,254.1,,,1,0,0,1
1775999917714678,1790683666.492385,1492,tx,51816.3,81.7,216.8,,,1,0,0,1
1776000061567048,1790683666.636236,1636,tx,53623.6,110.4,342.8,,,1,0,0,1
1776000206899727,1790683666.781569,1781,tx,53543.7,333.6,534.2,,,1,0,0,1
1776000351732380,1790683666.926402,1926,tx,52452.8,79.2,202.7,,,1,0,0,1
1776000495061317,1790683667.069731,2069,tx,52466.8,266.1,348.9,,,1,0,0,1
1776000638819416,1790683667.213489,2213,tx,52677.1,388.3,598.7,,,1,0,0,1
1776000782680284,1790683667.357350,2357,tx,52201.3,117.7,264.7,,,1,0,0,1
1776000926129513,1790683667.500799,2500,tx,68596.5,133.1,282.3,,,1,0,0,1
1776001070018699,1790683667.644689,2644,tx,52989.9,322.9,409.0,,,1,0,0,1
1776001214114468,1790683667.788784,2788,tx,51597.3,225.4,329.6,,,1,0,0,1
1776001356692449,1790683667.931362,2931,tx,51859.2,97.9,251.9,,,1,0,0,1
1776001500328836,1790683668.074999,3074,tx,58064.4,102.9,210.4,,,1,0,0,1
1776001639900582,1790683668.214569,3214,tx,52462.5,288.8,561.7,,,1,0,0,1
1776001783197543,1790683668.357867,3357,tx,52451.4,114.6,227.1,,,1,0,0,1
1776001926670004,1790683668.501340,3501,tx,52704.9,119.7,229.2,,,1,0,0,1
1776002070618720,1790683668.645288,3645,tx,51703.3,122.1,275.8,,,1,0,0,1
1776002213483793,1790683668.788154,3788,tx,52800.1,85.5,198.9,,,1,0,0,1
1776002357496918,1790683668.932167,3932,tx,52897.7,86.8,216.5,,,1,0,0,1
1776002501306679,1790683669.075977,4075,tx,59012.5,106.8,211.1,,,1,0,0,1
1776002641026303,1790683669.215696,4215,tx,52468.8,304.2,411.9,,,1,0,0,1
1776002784530390,1790683669.359200,4359,tx,52898.5,157.6,318.5,,,1,0,0,1
1776002929408897,1790683669.504078,4504,tx,54068.7,186.1,412.1,,,1,0,0,1
1776003074130533,1790683669.648800,4648,tx,52341.7,157.7,274.6,,,1,0,0,1
1776003217413475,1790683669.792084,4792,tx,51478.3,80.0,163.8,,,1,0,0,1
1776003360151957,1790683669.934822,4934,tx,51327.8,149.5,292.1,,,1,0,0,1
1776003502542990,1790683670.077213,5077,tx,56523.9,109.8,214.4,,,1,0,0,1
1776003640212765,1790683670.214883,5214,tx,51770.7,142.9,234.1,,,1,0,0,1
1776003783157985,1790683670.357828,5357,tx,52391.3,112.3,208.8,,,1,0,0,1
1776003926971814,1790683670.501641,5501,tx,52267.2,196.7,445.8,,,1,0,0,1
1776004071289487,1790683670.645959,5645,tx,53324.4,201.2,434.7,,,1,0,0,1
1776004216617827,1790683670.791287,5791,tx,52326.6,125.9,325.0,,,1,0,0,1
1776004360089527,1790683670.934759,5934,tx,52418.9,136.4,240.8,,,1,0,0,1
1776004504059335,1790683671.078729,6078,tx,67845.7,133.2,280.3,,,1,0,0,1
1776004649927215,1790683671.224597,6224,tx,54033.3,235.4,454.2,,,1,0,0,1
1776004794747712,1790683671.369417,6369,tx,52476.0,351.5,585.5,,,1,0,0,1
1776004938597204,1790683671.513266,6513,tx,53297.0,148.2,318.2,,,1,0,0,1
1776005082527132,1790683671.657197,6657,tx,52728.1,106.6,242.5,,,1,0,0,1
1776005226311085,1790683671.800981,6800,tx,51943.0,90.8,222.6,,,1,0,0,1
1776005369955343,1790683671.944625,6944,tx,52382.1,173.5,424.5,,,1,0,0,1
1776005514457958,1790683672.089127,7089,tx,54475.0,133.3,318.7,,,1,0,0,1
1776005660639567,1790683672.235309,7235,tx,53276.5,171.5,405.7,,,1,0,0,1
1776005805306987,1790683672.379977,7379,tx,52373.0,110.3,178.6,,,1,0,0,1
1776005949138982,1790683672.523808,7523,tx,53469.5,155.1,374.3,,,1,0,0,1
1776006093842244,1790683672.668511,7668,tx,52528.2,275.7,538.8,,,1,0,0,1
1776006238118743,1790683672.812788,7812,tx,53194.7,170.1,411.3,,,1,0,0,1
1776006382631997,1790683672.957302,7957,tx,55761.1,119.3,219.5,,,1,0,0,1
1776006529049577,1790683673.103720,8103,tx,51465.0,164.2,276.8,,,1,0,0,1
1776006671622102,1790683673.246292,8246,tx,52602.2,126.7,259.4,,,1,0,0,1
1776006815996910,1790683673.390667,8390,tx,51409.2,202.6,336.4,,,1,0,0,1
1776006958934906,1790683673.533604,8533,tx,53141.6,187.7,406.8,,,1,0,0,1
1776007103216795,1790683673.677887,8677,tx,52166.1,75.2,153.2,,,1,0,0,1
1776007247366227,1790683673.822036,8822,tx,52309.4,164.7,396.4,,,1,0,0,1
1776007391560226,1790683673.966229,8966,tx,53248.0,162.2,383.9,,,1,0,0,1
1776007536351336,1790683674.111021,9111,tx,51782.2,155.9,304.8,,,1,0,0,1
1776007679089925,1790683674.253760,9253,tx,51369.1,117.9,254.8,,,1,0,0,1
1776007822211798,1790683674.396882,9396,tx,51736.3,142.5,246.3,,,1,0,0,1
1776007964833557,1790683674.539504,9539,tx,52588.6,110.9,233.3,,,1,0,0,1
1776008109474524,1790683674.684144,9684,tx,90581.4,145.0,382.8,,,1,0,0,1
1776008253317694,1790683674.827988,9827,tx,53265.2,601.9,765.4,,,1,0,0,1
1776008398095303,1790683674.972765,9972,tx,53041.5,158.9,270.8,,,1,0,0,1
1776008543784215,1790683675.118454,10118,tx,52842.2,234.9,564.9,,,1,0,0,1
1776008687598704,1790683675.262268,10262,tx,52274.6,96.2,259.2,,,1,0,0,1
1776008831568632,1790683675.406238,10406,tx,53687.3,146.4,376.7,,,1,0,0,1
1776008975700154,1790683675.550370,10550,tx,51810.1,130.6,281.2,,,1,0,0,1
1776009118768930,1790683675.693439,10693,tx,53355.4,111.1,229.4,,,1,0,0,1
1776009262513620,1790683675.837183,10837,tx,52609.8,84.2,193.1,,,1,0,0,1
1776009405864332,1790683675.980534,10980,tx,52689.1,100.6,221.4,,,1,0,0,1
1776009549716664,1790683676.124387,11124,tx,54069.3,153.6,303.5,,,1,0,0,1
1776009693637096,1790683676.268307,11268,tx,51982.2,159.0,321.1,,,1,0,0,1
1776009836393483,1790683676.411063,11411,tx,52544.7,116.6,232.3,,,1,0,0,1
1776009980353222,1790683676.555023,11555,tx,52585.3,136.2,251.1,,,1,0,0,1
1776010124527461,1790683676.699197,11699,tx,52748.3,154.0,290.3,,,1,0,0,1
1776010268681561,1790683676.843352,11843,tx,52467.5,106.4,196.0,,,1,0,0,1
1776010413084553,1790683676.987754,11987,tx,52326.6,209.6,441.1,,,1,0,0,1
1776010556358015,1790683677.131028,12131,tx,52197.5,81.5,189.9,,,1,0,0,1
1776010700439678,1790683677.275109,12275,tx,60623.2,148.1,364.4,,,1,0,0,1
1776010842405056,1790683677.417075,12417,tx,51690.6,83.6,182.0,,,1,0,0,1
1776010985697552,1790683677.560367,12560,tx,52994.9,165.7,322.1,,,1,0,0,1
1776011130977202,1790683677.705646,12705,tx,53264.0,257.1,459.8,,,1,0,0,1
1776011274692714,1790683677.849363,12849,tx,51512.6,105.4,199.6,,,1,0,0,1
1776011417621808,1790683677.992291,12992,tx,53466.0,121.8,346.1,,,1,0,0,1
1776011562858095,1790683678.137527,13137,tx,53493.9,324.2,547.2,,,1,0,0,1
1776011708763677,1790683678.283433,13283,tx,67165.4,132.2,353.2,,,1,0,0,1
1776011853068461,1790683678.427738,13427,tx,52202.9,179.4,271.9,,,1,0,0,1
1776011996362728,1790683678.571032,13571,tx,51751.8,106.4,248.8,,109036.2,1,0,0,1
1776012143339763,1790683678.718009,13718,idle,52898.4,137.8,309.9,,,0,0,0,0
1776012287430806,1790683678.862101,13862,idle,51392.8,106.3,179.8,,,0,0,0,0
1776012456828767,1790683679.031497,14031,idle,3775.3,145.0,308.0,,,0,0,0,0
1776012603576442,1790683679.178246,14178,idle,730.5,106.3,188.1,,,0,0,0,0
1776012744405678,1790683679.319075,14319,idle,2209.4,169.3,378.5,,,0,0,0,0
1776012884461729,1790683679.459131,14459,idle,2164.1,173.7,389.5,,,0,0,0,0
1776013028057865,1790683679.602727,14602,idle,2439.3,235.4,475.3,,,0,0,0,0
1776013174478842,1790683679.749149,14749,idle,909.4,111.8,225.1,,,0,0,0,0
1776013313212053,1790683679.887882,14887,idle,1043.7,255.2,345.6,,,0,0,0,0
1776013454060299,1790683680.028730,28,idle,1919.8,361.8,512.2,,,0,0,0,0
1776013594913825,1790683680.169583,169,idle,2753.2,390.5,640.9,,,0,0,0,0
1776013739388739,1790683680.314058,314,idle,2199.6,141.3,345.9,,,0,0,0,0
1776013883573162,1790683680.458243,458,idle,838.0,78.9,159.9,,,0,0,0,0
1776014024983200,1790683680.599653,599,idle,1380.9,449.2,556.4,,,0,0,0,0
1776014163640009,1790683680.738310,738,idle,1264.3,77.0,140.7,,,0,0,0,0
1776014303551053,1790683680.878221,878,idle,827.3,87.9,154.9,,,0,0,0,0
1776014443247044,1790683681.017917,1017,idle,1023.9,193.2,263.1,,,0,0,0,0
1776014583756356,1790683681.158426,1158,idle,1201.6,72.7,177.9,,,0,0,0,0
1776014729497253,1790683681.304166,1304,idle,2371.8,126.8,338.3,,,0,0,0,0
1776014875095354,1790683681.449764,1449,idle,2554.0,226.0,450.7,,,0,0,0,0
1776015013854965,1790683681.588525,1588,idle,1474.6,87.6,203.9,,,0,0,0,0
1776015153721028,1790683681.728391,1728,idle,1344.6,135.6,235.6,,,0,0,0,0
1776015293968628,1790683681.868639,1868,idle,1389.5,453.9,580.7,,,0,0,0,0
1776015435219106,1790683682.009889,2009,idle,1350.3,251.0,359.5,,,0,0,0,0
1776015574970353,1790683682.149640,2149,idle,2578.6,399.5,625.5,,,0,0,0,0
1776015714357471,1790683682.289027,2289,idle,1744.9,150.7,308.1,,,0,0,0,0
1776015855056680,1790683682.429726,2429,idle,2297.9,327.5,496.2,,,0,0,0,0
1776015993673519,1790683682.568344,2568,idle,1130.8,78.2,166.3,,,0,0,0,0
1776016139045502,1790683682.713715,2713,idle,2075.6,326.5,503.2,,,0,0,0,0
1776016285162566,1790683682.859831,2859,idle,2326.2,189.7,405.9,,,0,0,0,0
1776016429817607,1790683683.004487,3004,idle,1795.5,128.6,289.0,,,0,0,0,0
1776016574059753,1790683683.148730,3148,idle,1153.2,398.9,478.0,,,0,0,0,0
1776016714313541,1790683683.288984,3288,idle,1050.3,120.4,244.7,,,0,0,0,0
1776016854138920,1790683683.428809,3428,idle,1281.4,258.1,402.6,,,0,0,0,0
1776016994174014,1790683683.568843,3568,idle,2290.2,174.2,378.9,,,0,0,0,0
1776017137583625,1790683683.712253,3712,idle,1851.3,130.5,298.4,,,0,0,0,0
1776017283934987,1790683683.858605,3858,idle,1096.1,81.6,183.1,,,0,0,0,0
1776017424690464,1790683683.999361,3999,idle,1214.8,114.0,234.2,,,0,0,0,0
1776017563998341,1790683684.138668,4138,idle,1283.1,300.9,429.2,,,0,0,0,0
1776017703972732,1790683684.278641,4278,idle,5701.6,215.6,450.5,,,0,0,0,0
1776017844463515,1790683684.419133,4419,idle,1891.3,151.8,356.9,,,0,0,0,0
1776017983628695,1790683684.558299,4558,idle,791.2,81.0,145.6,,,0,0,0,0
1776018125099095,1790683684.699768,4699,idle,2157.6,150.3,421.7,,,0,0,0,0
1776018264432881,1790683684.839102,4839,idle,2327.9,170.5,401.6,,,0,0,0,0
1776018404096226,1790683684.978766,4978,idle,3171.5,187.1,314.3,,,0,0,0,0
1776018543904512,1790683685.118574,5118,idle,1529.5,121.0,285.5,,,0,0,0,0
1776018684251908,1790683685.258922,5258,idle,1001.4,80.6,175.2,,,0,0,0,0
1776018824885874,1790683685.399556,5399,idle,1749.4,99.4,237.9,,,0,0,0,0
1776018964435506,1790683685.539105,5539,idle,1726.5,100.1,279.4,,,0,0,0,0
1776019104370579,1790683685.679040,5679,idle,3019.2,88.6,208.0,,,0,0,0,0
1776019244140352,1790683685.818810,5818,idle,1433.7,163.7,282.3,,,0,0,0,0
1776019384756536,1790683685.959426,5959,idle,1313.4,114.6,271.7,,,0,0,0,0
1776019531322966,1790683686.105993,6105,idle,1042.6,111.6,223.2,,,0,0,0,0
1776019673991023,1790683686.248661,6248,idle,1060.9,86.3,179.5,,,0,0,0,0
1776019815195077,1790683686.389864,6389,idle,2550.9,152.3,430.1,,,0,0,0,0
1776019954856562,1790683686.529526,6529,idle,1603.3,117.0,254.5,,,0,0,0,0
1776020093725490,1790683686.668396,6668,idle,1136.5,96.7,188.3,,,0,0,0,0
1776020240459388,1790683686.815129,6815,idle,2054.6,158.0,372.9,,,0,0,0,0
1776020384763390,1790683686.959432,6959,idle,2274.3,158.5,430.3,,,0,0,0,0
1776020527756083,1790683687.102425,7102,idle,2099.4,156.4,369.9,,,0,0,0,0
1776020673547555,1790683687.248217,7248,idle,1036.0,78.1,202.8,,,0,0,0,0
1776020814033807,1790683687.388704,7388,idle,1405.6,312.0,469.4,,,0,0,0,0
1776020954695617,1790683687.529366,7529,idle,1503.3,105.8,220.7,,,0,0,0,0
1776021095270045,1790683687.669940,7669,idle,2506.1,179.2,427.2,,,0,0,0,0
1776021240668714,1790683687.815338,7815,idle,2019.3,176.1,378.3,,,0,0,0,0
1776021384068165,1790683687.958738,7958,idle,3343.2,289.8,379.7,,,0,0,0,0
1776021527522748,1790683688.102192,8102,idle,2094.2,152.3,357.7,,,0,0,0,0
1776021674327564,1790683688.248997,8248,idle,1974.8,154.6,343.6,,,0,0,0,0
1776021814689453,1790683688.389358,8389,idle,2122.5,158.3,403.1,,,0,0,0,0
1776021954879232,1790683688.529549,8529,idle,2035.3,108.8,291.2,,,0,0,0,0
1776022094032733,1790683688.668703,8668,idle,1163.5,289.1,387.2,,,0,0,0,0
1776022240877911,1790683688.815547,8815,idle,2072.8,151.3,381.9,,,0,0,0,0
1776022384596251,1790683688.959266,8959,idle,1266.8,77.9,190.8,,,0,0,0,0
1776022530979137,1790683689.105649,9105,idle,1269.9,150.7,275.6,,,0,0,0,0
1776022674186986,1790683689.248857,9248,idle,1252.8,186.4,313.4,,,0,0,0,0
1776022814491474,1790683689.389161,9389,idle,1875.5,126.7,321.8,,,0,0,0,0
1776022954615763,1790683689.529285,9529,idle,1965.7,105.2,297.0,,,0,0,0,0
1776023094269337,1790683689.668939,9668,idle,1687.4,121.4,294.4,,,0,0,0,0
1776023234992659,1790683689.809662,9809,idle,2307.7,255.2,504.7,,,0,0,0,0
1776023373824213,1790683689.948494,9948,idle,1262.5,84.7,190.0,,,0,0,0,0
1776023513993947,1790683690.088664,10088,idle,1394.5,148.8,310.2,,,0,0,0,0
1776023654401770,1790683690.229071,10229,idle,1567.9,124.9,290.2,,,0,0,0,0
1776023794035643,1790683690.368705,10368,idle,2127.1,257.0,475.6,,,0,0,0,0
1776023934555427,1790683690.509225,10509,idle,1069.1,80.6,180.4,,,0,0,0,0
1776024074077020,1790683690.648747,10648,idle,1242.1,300.7,394.9,,,0,0,0,0
1776024214572274,1790683690.789242,10789,idle,2501.5,222.4,457.0,,,0,0,0,0
1776024354870485,1790683690.929540,10929,idle,1865.8,154.0,345.7,,,0,0,0,0
1776024494666177,1790683691.069335,11069,idle,2252.6,164.5,386.0,,,0,0,0,0
1776024638063292,1790683691.212733,11212,idle,1101.9,108.5,194.8,,,0,0,0,0
1776024783995392,1790683691.358665,11358,idle,1259.3,105.9,222.4,,,0,0,0,0
1776024925198738,1790683691.499868,11499,idle,2149.9,196.2,359.8,,,0,0,0,0
1776025063751654,1790683691.638422,11638,idle,1555.0,128.0,274.9,,,0,0,0,0
1776025204470347,1790683691.779140,11779,idle,18947.7,169.7,361.0,,,0,0,0,0
1776025343738967,1790683691.918409,11918,idle,1228.3,106.3,209.0,,,0,0,0,0
1776025483582132,1790683692.058252,12058,idle,1307.3,141.5,244.6,,,0,0,0,0
1776025625377951,1790683692.200048,12200,idle,1223.4,119.4,273.7,,,0,0,0,0
1776025764402931,1790683692.339072,12339,idle,1838.8,145.3,377.3,,,0,0,0,0
1776025904217356,1790683692.478887,12478,idle,5664.2,150.2,357.5,,,0,0,0,0
1776026043357063,1790683692.618027,12618,idle,918.7,100.9,210.2,,,0,0,0,0
1776026183808608,1790683692.758478,12758,idle,2027.1,151.0,385.9,,,0,0,0,0
1776026325161730,1790683692.899832,12899,idle,1321.4,289.2,394.7,,,0,0,0,0
1776026463772371,1790683693.038442,13038,idle,1512.7,144.9,302.7,,,0,0,0,0
1776026603949130,1790683693.178619,13178,idle,1921.9,90.0,178.3,,,0,0,0,0
1776026743346578,1790683693.318017,13318,idle,859.9,97.7,184.1,,,0,0,0,0
1776026884348426,1790683693.459018,13459,idle,2287.1,185.5,434.1,,,0,0,0,0
1776027023298397,1790683693.597968,13597,idle,2270.4,185.2,384.7,,,0,0,0,0
1776027164666824,1790683693.739336,13739,idle,2179.8,160.1,369.3,,,0,0,0,0
1776027304335197,1790683693.879005,13879,idle,1037.3,134.7,264.0,,,0,0,0,0
1776027444045577,1790683694.018716,14018,idle,1141.9,130.3,217.7,,,0,0,0,0
1776027584185058,1790683694.158854,14158,idle,2183.0,190.2,399.3,,,0,0,0,0
1776027725417103,1790683694.300086,14300,idle,1655.0,149.0,308.9,,,0,0,0,0
1776027863722553,1790683694.438392,14438,idle,1405.7,117.2,244.0,,,0,0,0,0
1776028003879569,1790683694.578549,14578,idle,2095.4,100.1,195.2,,,0,0,0,0
1776028144080299,1790683694.718750,14718,idle,1247.6,105.5,198.8,,,0,0,0,0
1776028284580590,1790683694.859250,14859,idle,2143.3,167.7,364.2,,,0,0,0,0
1776028424281491,1790683694.998951,14998,idle,1052.5,176.5,249.2,,,0,0,0,0
1776028616715220,1790683695.191385,191,tx,53299.0,97.3,177.1,,,1,0,0,1
1776028761307723,1790683695.335978,335,tx,51214.0,126.5,195.0,,,1,0,0,1
1776028903840304,1790683695.478510,478,tx,52643.1,86.4,175.5,,,1,0,0,1
1776029048200750,1790683695.622870,622,tx,54521.6,273.7,492.8,,,1,0,0,1
1776029193477860,1790683695.768148,768,tx,52875.2,115.0,220.0,,,1,0,0,1
1776029337261085,1790683695.911931,911,tx,52374.5,320.4,428.3,,,1,0,0,1
1776029480798214,1790683696.055468,1055,tx,66884.5,147.6,256.4,,,1,0,0,1
1776029625425256,1790683696.200095,1200,tx,53017.5,152.1,287.9,,,1,0,0,1
1776029770057127,1790683696.344726,1344,tx,53621.5,388.1,627.3,,,1,0,0,1
1776029914984614,1790683696.489655,1489,tx,52355.9,76.9,151.9,,,1,0,0,1
1776030058049223,1790683696.632719,1632,tx,52630.5,101.7,185.2,,,1,0,0,1
1776030202442985,1790683696.777112,1777,tx,63145.8,160.1,390.6,,,1,0,0,1
1776030347920503,1790683696.922590,1922,tx,52672.6,145.8,367.2,,,1,0,0,1
1776030492648706,1790683697.067318,2067,tx,53087.9,159.3,375.2,,,1,0,0,1
1776030636643248,1790683697.211313,2211,tx,52565.2,76.0,160.2,,,1,0,0,1
1776030780596766,1790683697.355266,2355,tx,53290.5,153.0,378.9,,,1,0,0,1
1776030925745842,1790683697.500415,2500,tx,53282.5,177.3,399.0,,,1,0,0,1
1776031069738020,1790683697.644408,2644,tx,52492.1,76.6,180.5,,,1,0,0,1
1776031213076747,1790683697.787747,2787,tx,51639.4,115.7,227.2,,,1,0,0,1
1776031355636274,1790683697.930306,2930,tx,52531.6,98.3,187.4,,,1,0,0,1
1776031499193840,1790683698.073864,3073,tx,53163.4,356.2,532.5,,,1,0,0,1
1776031643931469,1790683698.218601,3218,tx,53758.5,180.8,442.4,,,1,0,0,1
1776031789818084,1790683698.364488,3364,tx,51648.5,107.2,238.8,,,1,0,0,1
1776031933455443,1790683698.508125,3508,tx,52409.2,126.2,240.1,,,1,0,0,1
1776032077636299,1790683698.652306,3652,tx,51839.1,91.5,238.9,,,1,0,0,1
1776032221356946,1790683698.796026,3796,tx,53392.1,159.8,367.9,,,1,0,0,1
1776032366936053,1790683698.941605,3941,tx,53737.8,157.4,391.6,,,1,0,0,1
1776032513080838,1790683699.087750,4087,tx,58765.2,420.5,642.6,,,1,0,0,1
1776032652462935,1790683699.227133,4227,tx,52138.8,131.1,210.1,,,1,0,0,1
1776032795990438,1790683699.370660,4370,tx,51743.8,107.1,224.3,,,1,0,0,1
1776032938903490,1790683699.513573,4513,tx,52768.1,89.2,177.6,,,1,0,0,1
1776033083871912,1790683699.658541,4658,tx,69347.4,152.4,391.8,,,1,0,0,1
1776033228556993,1790683699.803227,4803,tx,52806.1,133.8,245.8,,,1,0,0,1
1776033372754694,1790683699.947424,4947,tx,52808.9,110.7,225.9,,,1,0,0,1
1776033516565964,1790683700.091235,5091,tx,53486.6,183.9,397.6,,,1,0,0,1
1776033661104375,1790683700.235774,5235,tx,52880.1,276.1,523.6,,,1,0,0,1
1776033804832026,1790683700.379502,5379,tx,57986.4,91.2,207.2,,,1,0,0,1
1776033949843641,1790683700.524513,5524,tx,53596.8,108.9,241.4,,,1,0,0,1
1776034093627292,1790683700.668297,5668,tx,51971.2,132.6,272.7,,,1,0,0,1
1776034236809998,1790683700.811480,5811,tx,51823.0,79.1,188.3,,,1,0,0,1
1776034380937416,1790683700.955607,5955,tx,53315.1,148.4,365.3,,,1,0,0,1
1776034525166841,1790683701.099837,6099,tx,52558.8,277.1,383.3,,,1,0,0,1
1776034668170316,1790683701.242840,6242,tx,52463.7,73.5,137.4,,,1,0,0,1
1776034812096770,1790683701.386767,6386,tx,52698.2,110.1,247.9,,,1,0,0,1
1776034955353748,1790683701.530024,6530,tx,52459.1,117.7,215.4,,,1,0,0,1
1776035098891781,1790683701.673561,6673,tx,51582.4,119.4,286.4,,,1,0,0,1
1776035241110323,1790683701.815780,6815,tx,52946.5,97.4,199.5,,,1,0,0,1
1776035385308957,1790683701.959979,6959,tx,52490.1,160.5,263.6,,,1,0,0,1
1776035528931566,1790683702.103601,7103,tx,52611.3,123.1,274.7,,,1,0,0,1
1776035672528735,1790683702.247199,7247,tx,51603.5,139.1,285.4,,,1,0,0,1
1776035814971500,1790683702.389641,7389,tx,51707.2,128.2,287.4,,,1,0,0,1
1776035957274574,1790683702.531945,7531,tx,52468.2,198.8,323.5,,,1,0,0,1
1776036100999427,1790683702.675669,7675,tx,55549.3,144.5,296.7,,,1,0,0,1
1776036247292814,1790683702.821963,7821,tx,51763.9,200.4,318.1,,,1,0,0,1
1776036391366378,1790683702.966036,7966,tx,53297.3,168.8,396.1,,,1,0,0,1
1776036529120984,1790683703.103790,8103,tx,53315.4,297.1,529.4,,,1,0,0,1
1776036673950828,1790683703.248621,8248,tx,67255.9,79.7,206.4,,,1,0,0,1
1776036818168008,1790683703.392837,8392,tx,53413.1,281.5,484.0,,,1,0,0,1
1776036962897314,1790683703.537567,8537,tx,52628.5,122.9,285.3,,,1,0,0,1
1776037106226540,1790683703.680896,8680,tx,52589.0,274.7,359.0,,,1,0,0,1
1776037249707917,1790683703.824377,8824,tx,54343.4,91.3,233.4,,,1,0,0,1
1776037392827836,1790683703.967498,8967,tx,51609.7,104.5,170.0,,,1,0,0,1
1776037534137023,1790683704.108806,9108,tx,52254.2,337.6,546.7,,,1,0,0,1
1776037677256895,1790683704.251927,9251,tx,52071.1,270.0,393.0,,,1,0,0,1
1776037820708588,1790683704.395378,9395,tx,51963.6,165.3,389.3,,,1,0,0,1
1776037963642786,1790683704.538313,9538,tx,52390.0,94.1,192.5,,,1,0,0,1
1776038107137787,1790683704.681807,9681,tx,52481.0,348.7,547.6,,,1,0,0,1
1776038251092997,1790683704.825762,9825,tx,53421.4,370.2,605.1,,,1,0,0,1
1776038396492711,1790683704.971159,9971,tx,52346.8,183.0,419.7,,,1,0,0,1
1776038542285988,1790683705.116955,10116,tx,52123.9,174.8,379.5,,,1,0,0,1
1776038685936983,1790683705.260607,10260,tx,52362.4,98.5,178.4,,,1,0,0,1
1776038830180020,1790683705.404849,10404,tx,52337.3,266.6,496.3,,,1,0,0,1
1776038973473621,1790683705.548143,10548,tx,51843.2,111.5,251.8,,,1,0,0,1
1776039117679188,1790683705.692348,10692,tx,54082.6,188.2,423.6,,,1,0,0,1
1776039262180059,1790683705.836848,10836,tx,53174.3,187.3,474.1,,,1,0,0,1
1776039406030884,1790683705.980700,10980,tx,53490.9,139.1,264.5,,,1,0,0,1
1776039550639972,1790683706.125310,11125,tx,53831.8,116.8,265.0,,,1,0,0,1
1776039694193906,1790683706.268864,11268,tx,55908.7,130.6,3039.0,,,1,0,0,1
1776039841268713,1790683706.415939,11415,tx,52890.6,200.0,370.6,,,1,0,0,1
1776039985437108,1790683706.560106,11560,tx,52722.1,125.3,360.8,,,1,0,0,1
1776040129052613,1790683706.703722,11703,tx,52638.9,108.3,203.3,,,1,0,0,1
1776040272483946,1790683706.847154,11847,tx,69954.0,138.0,245.6,,,1,0,0,1
1776040416512939,1790683706.991183,11991,tx,52457.7,118.8,228.9,,,1,0,0,1
1776040561030979,1790683707.135699,12135,tx,52175.8,153.7,346.4,,,1,0,0,1
1776040705042231,1790683707.279712,12279,tx,53218.4,122.9,272.3,,,1,0,0,1
1776040849579566,1790683707.424250,12424,tx,53451.0,98.5,175.8,,,1,0,0,1
1776040993315644,1790683707.567985,12567,tx,52071.1,167.6,399.7,,,1,0,0,1
1776041136746725,1790683707.711416,12711,tx,51608.2,115.6,235.7,,,1,0,0,1
1776041280449066,1790683707.855118,12855,tx,52363.5,168.6,395.2,,,1,0,0,1
1776041423748937,1790683707.998419,12998,tx,52280.9,69.5,167.6,,,1,0,0,1
1776041566748080,1790683708.141418,13141,tx,51511.9,75.8,185.0,,,1,0,0,1
1776041709915242,1790683708.284585,13284,tx,51771.6,124.0,319.9,,,1,0,0,1
1776041852383122,1790683708.427053,13427,tx,52337.8,153.4,270.5,,,1,0,0,1
1776041996638607,1790683708.571308,13571,tx,53045.1,181.2,400.8,,106842.9,1,0,0,1
1776042140806719,1790683708.715477,13715,idle,51577.0,76.4,178.0,,,0,0,0,0
1776042283648538,1790683708.858319,13858,idle,51642.6,105.5,205.0,,,0,0,0,0
1776042454405810,1790683709.029075,14029,idle,3470.3,244.8,395.8,,,0,0,0,0
1776042597203089,1790683709.171873,14171,idle,2189.1,446.5,625.5,,,0,0,0,0
1776042739903984,1790683709.314574,14314,idle,1451.7,86.4,200.6,,,0,0,0,0
1776042886949400,1790683709.461619,14461,idle,1288.4,103.4,209.7,,,0,0,0,0
1776043027069858,1790683709.601740,14601,idle,1364.3,102.2,205.9,,,0,0,0,0
1776043166956600,1790683709.741627,14741,idle,1397.6,145.1,263.5,,,0,0,0,0
1776043307363615,1790683709.882033,14882,idle,1450.0,304.6,452.1,,,0,0,0,0
1776043446804118,1790683710.021474,21,idle,1499.1,72.8,157.7,,,0,0,0,0
1776043587210321,1790683710.161880,161,idle,1586.3,114.8,231.9,,,0,0,0,0
1776043729921432,1790683710.304591,304,idle,1507.0,116.9,263.7,,,0,0,0,0
1776043867445982,1790683710.442116,442,idle,1658.4,227.0,381.2,,,0,0,0,0
1776044006854992,1790683710.581525,581,idle,1504.4,119.9,249.8,,,0,0,0,0
1776044147168162,1790683710.721838,721,idle,4500.4,86.6,183.7,,,0,0,0,0
1776044286727981,1790683710.861397,861,idle,1192.4,84.7,222.7,,,0,0,0,0
1776044427668252,1790683711.002338,1002,idle,1661.2,109.1,242.0,,,0,0,0,0
1776044567293306,1790683711.141963,1141,idle,1554.8,399.0,544.9,,,0,0,0,0
1776044706979708,1790683711.281649,1281,idle,1428.3,100.9,239.4,,,0,0,0,0
1776044847276572,1790683711.421947,1421,idle,1287.4,421.3,507.4,,,0,0,0,0
1776044986691591,1790683711.561362,1561,idle,838.1,103.1,194.5,,,0,0,0,0
1776045130466522,1790683711.705135,1705,idle,2302.1,201.4,383.2,,,0,0,0,0
1776045277187712,1790683711.851857,1851,idle,2175.4,486.2,642.8,,,0,0,0,0
1776045417872371,1790683711.992542,1992,idle,1554.9,111.1,261.4,,,0,0,0,0
1776045556882304,1790683712.131552,2131,idle,1432.7,84.0,306.4,,,0,0,0,0
1776045697608406,1790683712.272278,2272,idle,2442.0,105.5,377.4,,,0,0,0,0
1776045836873701,1790683712.411544,2411,idle,1419.8,87.9,175.9,,,0,0,0,0
1776045977628478,1790683712.552299,2552,idle,1143.3,114.8,228.7,,,0,0,0,0
1776046117169108,1790683712.691839,2691,idle,1374.0,85.7,191.5,,,0,0,0,0
1776046256951601,1790683712.831622,2831,idle,1278.3,105.6,203.0,,,0,0,0,0
1776046397771782,1790683712.972441,2972,idle,2247.5,194.0,467.7,,,0,0,0,0
1776046537819284,1790683713.112488,3112,idle,2052.8,149.4,410.9,,,0,0,0,0
1776046678215153,1790683713.252884,3252,idle,2529.6,428.2,627.7,,,0,0,0,0
1776046816808178,1790683713.391478,3391,idle,917.4,74.7,169.6,,,0,0,0,0
1776046956968039,1790683713.531638,3531,idle,1264.4,129.3,251.9,,,0,0,0,0
1776047097721196,1790683713.672391,3672,idle,1684.6,118.6,257.5,,,0,0,0,0
1776047238318556,1790683713.812988,3812,idle,1300.9,226.8,394.9,,,0,0,0,0
1776047377677657,1790683713.952347,3952,idle,2006.7,164.1,396.4,,,0,0,0,0
1776047516917681,1790683714.091588,4091,idle,1162.7,82.0,212.6,,,0,0,0,0
1776047657678769,1790683714.232348,4232,idle,2137.3,122.9,355.5,,,0,0,0,0
1776047797144375,1790683714.371814,4371,idle,1480.3,110.8,235.3,,,0,0,0,0
1776047939469758,1790683714.514139,4514,idle,2412.1,106.9,334.9,,,0,0,0,0
1776048078188167,1790683714.652857,4652,idle,2363.2,343.7,561.9,,,0,0,0,0
1776048217070821,1790683714.791741,4791,idle,1083.1,78.2,155.8,,,0,0,0,0
1776048357765640,1790683714.932434,4932,idle,2050.6,118.3,331.5,,,0,0,0,0
1776048497489689,1790683715.072159,5072,idle,2023.1,153.3,368.3,,,0,0,0,0
1776048637325557,1790683715.211995,5211,idle,1251.5,259.3,384.2,,,0,0,0,0
1776048776934758,1790683715.351604,5351,idle,1340.4,95.3,217.9,,,0,0,0,0
1776048917168008,1790683715.491838,5491,idle,973.9,77.8,150.4,,,0,0,0,0
1776049058145452,1790683715.632815,5632,idle,3119.9,123.4,345.0,,,0,0,0,0
1776049197530841,1790683715.772200,5772,idle,2232.0,148.5,412.6,,,0,0,0,0
1776049340226982,1790683715.914896,5914,idle,2378.5,324.8,522.2,,,0,0,0,0
1776049477459028,1790683716.052129,6052,idle,1074.0,141.5,243.1,,,0,0,0,0
1776049617113908,1790683716.191784,6191,idle,1372.5,150.3,272.7,,,0,0,0,0
1776049757891241,1790683716.332561,6332,idle,1941.2,154.7,362.9,,,0,0,0,0
1776049898137541,1790683716.472807,6472,idle,1507.4,152.3,297.4,,,0,0,0,0
1776050041863195,1790683716.616533,6616,idle,2018.4,115.6,349.6,,,0,0,0,0
1776050187109483,1790683716.761780,6761,idle,1109.5,79.8,157.7,,,0,0,0,0
1776050326702231,1790683716.901372,6901,idle,957.2,97.6,214.2,,,0,0,0,0
1776050466670934,1790683717.041341,7041,idle,991.6,86.5,191.7,,,0,0,0,0
1776050607683721,1790683717.182353,7182,idle,1804.5,127.5,298.2,,,0,0,0,0
1776050748186237,1790683717.322855,7322,idle,2556.0,354.7,584.3,,,0,0,0,0
1776050886981274,1790683717.461651,7461,idle,1323.8,110.7,195.9,,,0,0,0,0
1776051030999919,1790683717.605669,7605,idle,1315.9,146.3,279.1,,,0,0,0,0
1776051177040808,1790683717.751711,7751,idle,1454.5,110.3,263.2,,,0,0,0,0
1776051317291476,1790683717.891961,7891,idle,1525.1,306.2,441.4,,,0,0,0,0
1776051456831412,1790683718.031501,8031,idle,1448.4,87.4,229.3,,,0,0,0,0
1776051596785935,1790683718.171456,8171,idle,1390.0,125.7,257.1,,,0,0,0,0
1776051737335780,1790683718.312005,8312,idle,1459.9,237.9,388.4,,,0,0,0,0
1776051877321038,1790683718.451991,8451,idle,1514.2,309.5,439.8,,,0,0,0,0
1776052016768241,1790683718.591438,8591,idle,1141.6,82.7,188.8,,,0,0,0,0
1776052157720693,1790683718.732390,8732,idle,2344.1,119.6,341.0,,,0,0,0,0
1776052297048121,1790683718.871718,8871,idle,1107.4,127.1,228.7,,,0,0,0,0
1776052439240922,1790683719.013910,9013,idle,2281.7,315.3,493.6,,,0,0,0,0
1776052578293344,1790683719.152962,9152,idle,2251.6,297.9,494.6,,,0,0,0,0
1776052718112163,1790683719.292781,9292,idle,2148.8,169.5,388.6,,,0,0,0,0
1776052857211301,1790683719.431881,9431,idle,1085.7,87.6,169.9,,,0,0,0,0
1776052996817601,1790683719.571488,9571,idle,953.2,68.0,166.8,,,0,0,0,0
1776053139695203,1790683719.714365,9714,idle,2407.3,128.2,338.6,,,0,0,0,0
1776053278397102,1790683719.853066,9853,idle,2463.0,189.0,407.1,,,0,0,0,0
1776053417439272,1790683719.992109,9992,idle,2259.3,179.3,418.2,,,0,0,0,0
1776053557134620,1790683720.131805,10131,idle,1001.2,109.8,208.8,,,0,0,0,0
1776053697127670,1790683720.271797,10271,idle,1214.1,123.4,247.9,,,0,0,0,0
1776053839692291,1790683720.414361,10414,idle,2122.8,170.9,397.0,,,0,0,0,0
1776053978057511,1790683720.552727,10552,idle,1558.9,124.5,306.7,,,0,0,0,0
1776054116856790,1790683720.691527,10691,idle,1204.6,102.5,190.4,,,0,0,0,0
1776054256772312,1790683720.831442,10831,idle,1174.7,116.2,236.7,,,0,0,0,0
1776054397270075,1790683720.971938,10971,idle,2591.2,278.8,516.6,,,0,0,0,0
1776054541340770,1790683721.116010,11116,idle,2568.0,231.0,438.2,,,0,0,0,0
1776054687046876,1790683721.261717,11261,idle,1372.4,99.8,200.8,,,0,0,0,0
1776054826780246,1790683721.401450,11401,idle,1485.1,140.0,248.9,,,0,0,0,0
1776054967052066,1790683721.541722,11541,idle,1100.6,108.7,235.9,,,0,0,0,0
1776055107212959,1790683721.681882,11681,idle,5083.2,132.9,327.7,,,0,0,0,0
1776055247874135,1790683721.822543,11822,decode,2154.1,148.6,379.4,,,0,0,1,0
1776055387806553,1790683721.962476,11962,idle,2019.5,121.4,343.5,,,0,0,0,0
1776055532195921,1790683722.106864,12106,idle,2208.3,157.3,383.8,,,0,0,0,0
1776055677247489,1790683722.251918,12251,idle,964.1,99.4,167.0,,,0,0,0,0
1776055818285909,1790683722.392955,12392,idle,2497.7,306.0,533.3,,,0,0,0,0
1776055957236632,1790683722.531907,12531,idle,1197.5,101.8,204.5,,,0,0,0,0
1776056097573845,1790683722.672243,12672,idle,2084.3,115.4,353.5,,,0,0,0,0
1776056237156523,1790683722.811826,12811,idle,1117.1,106.8,219.4,,,0,0,0,0
1776056376866974,1790683722.951537,12951,idle,1277.9,81.8,188.8,,,0,0,0,0
1776056517638817,1790683723.092308,13092,idle,2078.2,151.3,354.8,,,0,0,0,0
1776056657492420,1790683723.232162,13232,idle,2133.5,143.8,355.2,,,0,0,0,0
1776056797362265,1790683723.372032,13372,idle,1132.9,107.8,214.2,,,0,0,0,0
1776056941927344,1790683723.516598,13516,idle,850.8,80.3,162.5,,,0,0,0,0
1776057086972606,1790683723.661643,13661,idle,1445.9,99.8,216.7,,,0,0,0,0
1776057227811893,1790683723.802482,13802,idle,1527.9,122.3,249.4,,,0,0,0,0
1776057368073617,1790683723.942743,13942,idle,2272.5,153.7,366.0,,,0,0,0,0
1776057508016736,1790683724.082669,14082,idle,11210.8,178.6,384.5,,,0,0,0,0
1776057647088200,1790683724.221758,14221,idle,1053.6,103.0,204.0,,,0,0,0,0
1776057787634411,1790683724.362303,14362,idle,2205.1,122.3,324.1,,,0,0,0,0
1776057926713062,1790683724.501383,14501,idle,1252.1,142.4,254.1,,,0,0,0,0
1776058067516156,1790683724.642185,14642,idle,2292.0,174.9,406.1,,,0,0,0,0
1776058207373904,1790683724.782043,14782,idle,1664.7,292.2,449.7,,,0,0,0,0
1776058347169191,1790683724.921839,14921,idle,1076.4,131.5,220.8,,,0,0,0,0
1776058487764739,1790683725.062434,62,idle,2090.1,170.5,437.9,,,0,0,0,0
1776058633430429,1790683725.208100,208,tx,52304.8,240.3,416.9,,,1,0,0,1
1776058777760667,1790683725.352430,352,tx,53113.2,194.8,421.5,,,1,0,0,1
1776058922008492,1790683725.496678,496,tx,52507.5,109.3,201.0,,,1,0,0,1
1776059066244102,1790683725.640914,640,tx,51902.4,99.7,233.9,,,1,0,0,1
1776059209816455,1790683725.784486,784,tx,52904.8,93.8,230.8,,,1,0,0,1
1776059353734771,1790683725.928405,928,tx,52816.2,99.3,244.6,,,1,0,0,1
1776059497353753,1790683726.072024,1072,tx,52768.5,103.4,227.7,,,1,0,0,1
1776059641653670,1790683726.216324,1216,tx,52465.7,180.2,281.6,,,1,0,0,1
1776059785121629,1790683726.359791,1359,tx,52750.9,121.3,267.0,,,1,0,0,1
1776059928836198,1790683726.503506,1503,tx,52363.2,84.9,206.9,,,1,0,0,1
1776060072302466,1790683726.646972,1646,tx,52733.8,80.5,218.6,,,1,0,0,1
1776060216161734,1790683726.790832,1790,tx,52638.6,85.5,204.3,,,1,0,0,1
1776060359774201,1790683726.934444,1934,tx,52730.9,95.4,202.0,,,1,0,0,1
1776060504023016,1790683727.078693,2078,tx,54184.7,84.0,167.7,,,1,0,0,1
1776060650328823,1790683727.224998,2224,tx,53795.7,497.1,713.3,,,1,0,0,1
1776060796265044,1790683727.370934,2370,tx,53688.6,154.6,383.3,,,1,0,0,1
1776060940955117,1790683727.515625,2515,tx,52561.0,99.3,218.0,,,1,0,0,1
1776061085143895,1790683727.659814,2659,tx,51715.0,122.4,232.1,,,1,0,0,1
1776061228686758,1790683727.803356,2803,tx,52311.8,132.2,371.3,,,1,0,0,1
1776061372591370,1790683727.947261,2947,tx,52478.1,171.2,382.7,,,1,0,0,1
1776061517251872,1790683728.091921,3091,tx,73424.5,153.1,354.6,,,1,0,0,1
1776061661814445,1790683728.236485,3236,tx,51292.6,81.6,173.7,,,1,0,0,1
1776061805244647,1790683728.379914,3379,tx,54554.0,122.0,305.8,,,1,0,0,1
1776061951363552,1790683728.526033,3526,tx,53338.6,469.1,658.4,,,1,0,0,1
1776062097424833,1790683728.672094,3672,tx,52669.7,335.0,557.5,,,1,0,0,1
1776062240962662,1790683728.815633,3815,tx,52408.0,81.2,156.8,,,1,0,0,1
1776062384223212,1790683728.958893,3958,tx,52658.9,89.5,197.3,,,1,0,0,1
1776062528024790,1790683729.102695,4102,tx,51686.0,109.5,244.9,,,1,0,0,1
1776062671356442,1790683729.246026,4246,tx,52881.3,508.2,676.3,,,1,0,0,1
1776062816029734,1790683729.390698,4390,tx,52923.1,136.1,327.2,,,1,0,0,1
1776062959976651,1790683729.534647,4534,tx,51473.0,104.4,207.8,,,1,0,0,1
1776063103207859,1790683729.677876,4677,tx,57011.4,158.3,370.4,,,1,0,0,1
1776063241720028,1790683729.816389,4816,tx,53250.3,162.6,384.5,,,1,0,0,1
1776063385686972,1790683729.960357,4960,tx,52401.0,166.3,287.1,,,1,0,0,1
1776063529283585,1790683730.103953,5103,tx,53028.2,129.8,249.8,,,1,0,0,1
1776063673352744,1790683730.248023,5248,tx,52358.4,107.7,181.6,,,1,0,0,1
1776063817501186,1790683730.392170,5392,tx,52687.8,191.8,411.1,,,1,0,0,1
1776063961799153,1790683730.536469,5536,tx,52942.4,162.5,356.5,,,1,0,0,1
1776064106213792,1790683730.680883,5680,tx,57865.2,161.6,382.7,,,1,0,0,1
1776064244695649,1790683730.819366,5819,tx,52345.7,100.9,197.8,,,1,0,0,1
1776064388736837,1790683730.963406,5963,tx,53302.7,126.3,366.4,,,1,0,0,1
1776064526401691,1790683731.101071,6101,tx,52344.8,266.4,484.4,,,1,0,0,1
1776064670166322,1790683731.244836,6244,tx,52330.0,165.6,391.5,,,1,0,0,1
1776064814094859,1790683731.388764,6388,tx,53340.0,175.8,397.7,,,1,0,0,1
1776064960194209,1790683731.534864,6534,tx,52374.5,123.6,227.7,,,1,0,0,1
1776065103936538,1790683731.678606,6678,tx,70033.2,112.4,299.6,,,1,0,0,1
1776065250903364,1790683731.825573,6825,tx,52992.5,139.0,327.5,,,1,0,0,1
1776065395616452,1790683731.970286,6970,tx,53290.8,165.0,376.4,,,1,0,0,1
1776065540085401,1790683732.114755,7114,tx,52394.9,90.3,167.9,,,1,0,0,1
1776065683468616,1790683732.258138,7258,tx,52615.3,312.4,423.5,,,1,0,0,1
1776065827143113,1790683732.401813,7401,tx,52525.4,187.7,291.8,,,1,0,0,1
1776065971065771,1790683732.545735,7545,tx,52441.2,88.9,171.5,,,1,0,0,1
1776066115371597,1790683732.690041,7690,tx,53296.1,341.1,555.3,,,1,0,0,1
1776066260025753,1790683732.834696,7834,tx,51488.7,120.2,227.6,,,1,0,0,1
1776066403364991,1790683732.978034,7978,tx,60358.6,377.5,602.9,,,1,0,0,1
1776066545068588,1790683733.119738,8119,tx,51802.7,135.6,289.0,,,1,0,0,1
1776066688353416,1790683733.263022,8263,tx,53307.9,337.9,551.3,,,1,0,0,1
1776066834266258,1790683733.408936,8408,tx,52289.4,92.0,194.7,,,1,0,0,1
1776066977191105,1790683733.551861,8551,tx,51401.8,134.2,226.0,,,1,0,0,1
1776067120132958,1790683733.694802,8694,tx,53620.0,202.4,429.6,,,1,0,0,1
1776067265435393,1790683733.840104,8840,tx,52603.9,250.3,456.4,,,1,0,0,1
1776067409317452,1790683733.983987,8983,tx,51710.2,124.9,252.7,,,1,0,0,1
1776067552070999,1790683734.126741,9126,tx,52294.1,107.9,201.8,,,1,0,0,1
1776067695246126,1790683734.269916,9269,tx,51831.6,164.6,297.3,,,1,0,0,1
1776067838649401,1790683734.413319,9413,tx,53116.0,178.6,405.2,,,1,0,0,1
1776067983120914,1790683734.557790,9557,tx,52342.5,207.4,440.9,,,1,0,0,1
1776068127091183,1790683734.701760,9701,tx,53224.2,162.6,376.8,,,1,0,0,1
1776068271679971,1790683734.846350,9846,tx,52189.4,124.7,193.9,,,1,0,0,1
1776068415632646,1790683734.990302,9990,tx,53161.5,176.3,397.1,,,1,0,0,1
1776068560834667,1790683735.135504,10135,tx,52235.1,155.1,388.1,,,1,0,0,1
1776068705136329,1790683735.279805,10279,tx,69704.9,148.8,359.0,,,1,0,0,1
1776068851486466,1790683735.426156,10426,tx,52195.3,146.2,225.4,,,1,0,0,1
1776068995087705,1790683735.569757,10569,tx,52884.1,154.6,346.7,,,1,0,0,1
1776069139351792,1790683735.714021,10714,tx,52226.5,161.5,382.1,,,1,0,0,1
1776069283702125,1790683735.858371,10858,tx,52551.3,194.2,431.8,,,1,0,0,1
1776069428383033,1790683736.003052,11003,tx,53463.9,356.7,574.4,,,1,0,0,1
1776069572590006,1790683736.147260,11147,tx,52503.2,190.7,302.8,,,1,0,0,1
1776069715567128,1790683736.290237,11290,tx,52972.6,262.6,382.9,,,1,0,0,1
1776069860450133,1790683736.435119,11435,tx,52316.6,292.2,521.9,,,1,0,0,1
1776070004352984,1790683736.579023,11579,tx,51873.5,128.8,250.1,,,1,0,0,1
1776070147873160,1790683736.722543,11722,tx,52726.2,125.7,293.2,,,1,0,0,1
1776070291943043,1790683736.866613,11866,tx,51499.2,132.2,223.3,,,1,0,0,1
1776070438451279,1790683737.013120,12013,tx,53477.3,254.2,500.5,,,1,0,0,1
1776070583447372,1790683737.158117,12158,tx,53619.7,332.5,578.2,,,1,0,0,1
1776070729393035,1790683737.304062,12304,tx,53506.2,406.9,633.7,,,1,0,0,1
1776070873539832,1790683737.448210,12448,tx,51410.3,252.0,322.3,,,1,0,0,1
1776071017301025,1790683737.591970,12591,tx,52228.6,174.3,392.4,,,1,0,0,1
1776071161257109,1790683737.735926,12735,tx,52180.3,149.9,363.3,,,1,0,0,1
1776071305436697,1790683737.880106,12880,tx,56667.2,353.2,537.9,,,1,0,0,1
1776071443165363,1790683738.017835,13017,tx,52860.8,120.4,239.4,,,1,0,0,1
1776071587241430,1790683738.161911,13161,tx,52458.6,114.3,235.9,,,1,0,0,1
1776071731376930,1790683738.306046,13306,tx,53255.7,197.0,419.8,,,1,0,0,1
1776071876231434,1790683738.450901,13450,tx,52417.5,157.7,366.1,,,1,0,0,1
1776072019926951,1790683738.594597,13594,tx,53068.5,156.5,372.5,,83210.6,1,0,0,1
1776072164034299,1790683738.738704,13738,idle,52649.7,107.8,211.3,,,0,0,0,0
1776072308141119,1790683738.882811,13882,idle,78408.1,108.5,206.4,,,0,0,0,0
1776072474463341,1790683739.049132,14049,idle,3701.5,419.7,617.8,,,0,0,0,0
1776072616976305,1790683739.191645,14191,idle,1806.5,120.0,305.3,,,0,0,0,0
1776072757329385,1790683739.331999,14331,idle,1709.2,110.1,325.2,,,0,0,0,0
1776072897615014,1790683739.472285,14472,idle,1340.2,341.6,448.6,,,0,0,0,0
1776073037034169,1790683739.611703,14611,idle,1785.8,195.2,408.4,,,0,0,0,0
1776073176933377,1790683739.751603,14751,idle,2171.6,178.4,374.7,,,0,0,0,0
1776073317062892,1790683739.891733,14891,idle,1728.3,140.1,275.7,,,0,0,0,0
1776073457068727,1790683740.031737,31,idle,2077.5,154.3,377.5,,,0,0,0,0
1776073596557215,1790683740.171227,171,idle,1317.2,424.6,512.2,,,0,0,0,0
1776073734742032,1790683740.309411,309,idle,2256.5,112.3,346.0,,,0,0,0,0
1776073877258860,1790683740.451928,451,idle,2716.0,163.7,377.3,,,0,0,0,0
1776074016821737,1790683740.591491,591,idle,2312.9,187.5,427.5,,,0,0,0,0
1776074157266398,1790683740.731935,731,idle,2275.9,151.3,375.2,,,0,0,0,0
1776074295963394,1790683740.870633,870,idle,885.5,77.7,189.3,,,0,0,0,0
1776074435897487,1790683741.010567,1010,idle,990.3,92.2,177.1,,,0,0,0,0
1776074576425714,1790683741.151096,1151,idle,1374.1,108.7,219.2,,,0,0,0,0
1776074717069864,1790683741.291739,1291,idle,2408.2,191.5,424.4,,,0,0,0,0
1776074856073234,1790683741.430743,1430,idle,951.3,137.7,231.7,,,0,0,0,0
1776074996159901,1790683741.570830,1570,idle,1338.0,118.6,213.0,,,0,0,0,0
1776075139753805,1790683741.714423,1714,idle,2302.3,150.4,363.3,,,0,0,0,0
1776075277062325,1790683741.851732,1851,idle,1831.7,91.9,257.1,,,0,0,0,0
1776075416871971,1790683741.991542,1991,idle,1208.9,152.5,256.8,,,0,0,0,0
1776075556357340,1790683742.131027,2131,idle,1196.3,136.0,245.1,,,0,0,0,0
1776075696529359,1790683742.271199,2271,idle,1306.4,128.5,240.1,,,0,0,0,0
1776075840753138,1790683742.415423,2415,idle,1331.4,264.9,400.3,,,0,0,0,0
1776075987040160,1790683742.561708,2561,idle,2038.6,183.1,395.8,,,0,0,0,0
1776076126814809,1790683742.701484,2701,idle,2313.7,176.8,384.5,,,0,0,0,0
1776076266164018,1790683742.840834,2840,idle,1346.7,112.3,200.7,,,0,0,0,0
1776076406227675,1790683742.980897,2980,idle,1542.5,153.4,287.9,,,0,0,0,0
1776076548148291,1790683743.122818,3122,idle,2093.6,188.6,400.1,,,0,0,0,0
1776076686555053,1790683743.261225,3261,idle,1180.6,77.9,169.2,,,0,0,0,0
1776076826658141,1790683743.401328,3401,idle,1587.0,297.2,455.1,,,0,0,0,0
1776076966144381,1790683743.540814,3540,idle,1476.0,80.5,187.6,,,0,0,0,0
1776077105707155,1790683743.680376,3680,idle,1375.9,283.1,425.5,,,0,0,0,0
1776077246060715,1790683743.820730,3820,idle,1044.7,80.6,178.1,,,0,0,0,0
1776077385717928,1790683743.960387,3960,idle,1331.3,116.6,243.2,,,0,0,0,0
1776077526937709,1790683744.101608,4101,idle,1602.5,119.9,244.9,,,0,0,0,0
1776077665936186,1790683744.240606,4240,idle,1727.5,91.1,194.4,,,0,0,0,0
1776077806079180,1790683744.380749,4380,idle,1459.9,124.4,250.4,,,0,0,0,0
1776077946176176,1790683744.520846,4520,idle,1394.0,130.0,263.6,,,0,0,0,0
1776078086200127,1790683744.660870,4660,idle,1331.9,113.3,225.2,,,0,0,0,0
1776078228078834,1790683744.802748,4802,idle,2121.9,149.9,383.5,,,0,0,0,0
1776078366037790,1790683744.940708,4940,idle,1516.3,366.6,450.5,,,0,0,0,0
1776078506489113,1790683745.081158,5081,idle,11434.5,152.1,331.2,,,0,0,0,0
1776078647295848,1790683745.221965,5221,idle,2269.0,198.8,446.6,,,0,0,0,0
1776078787031560,1790683745.361701,5361,idle,1942.0,158.0,383.0,,,0,0,0,0
1776078926207292,1790683745.500877,5500,idle,1195.4,81.4,152.7,,,0,0,0,0
1776079066044906,1790683745.640715,5640,idle,891.4,79.3,152.3,,,0,0,0,0
1776079207361010,1790683745.782030,5782,idle,10849.1,159.9,426.1,,,0,0,0,0
1776079346445145,1790683745.921115,5921,idle,1308.0,112.0,221.2,,,0,0,0,0
1776079487135235,1790683746.061805,6061,idle,2177.9,185.9,418.9,,,0,0,0,0
1776079625921952,1790683746.200592,6200,idle,1008.1,97.1,189.7,,,0,0,0,0
1776079766284055,1790683746.340954,6340,idle,1089.0,109.1,197.3,,,0,0,0,0
1776079907279638,1790683746.481949,6481,idle,3182.4,144.5,338.2,,,0,0,0,0
1776080046847857,1790683746.621517,6621,idle,2282.8,147.8,397.2,,,0,0,0,0
1776080186906943,1790683746.761576,6761,idle,2270.7,144.2,403.0,,,0,0,0,0
1776080328377797,1790683746.903048,6903,idle,1378.4,79.7,201.5,,,0,0,0,0
1776080466126297,1790683747.040796,7040,idle,930.7,103.7,212.4,,,0,0,0,0
1776080606151053,1790683747.180821,7180,idle,1273.0,108.1,214.0,,,0,0,0,0
1776080746077769,1790683747.320748,7320,idle,1428.7,136.7,219.8,,,0,0,0,0
1776080886601735,1790683747.461272,7461,idle,1157.4,82.5,178.2,,,0,0,0,0
1776081030147412,1790683747.604817,7604,idle,1183.0,134.4,226.8,,,0,0,0,0
1776081176086354,1790683747.750756,7750,idle,1236.0,129.2,243.2,,,0,0,0,0
1776081316274023,1790683747.890944,7890,idle,1395.6,160.1,302.9,,,0,0,0,0
1776081456885608,1790683748.031556,8031,idle,988.2,114.9,220.5,,,0,0,0,0
1776081595847889,1790683748.170518,8170,idle,1646.6,145.3,332.1,,,0,0,0,0
1776081735909619,1790683748.310580,8310,idle,956.8,106.8,186.4,,,0,0,0,0
1776081875800102,1790683748.450470,8450,idle,1057.7,95.9,206.4,,,0,0,0,0
1776082016555707,1790683748.591225,8591,idle,1242.5,117.6,251.2,,,0,0,0,0
1776082156344747,1790683748.731015,8731,idle,1158.3,87.3,169.1,,,0,0,0,0
1776082296641733,1790683748.871311,8871,idle,2286.2,186.3,405.4,,,0,0,0,0
1776082436668192,1790683749.011338,9011,idle,1234.6,254.4,369.4,,,0,0,0,0
1776082576753518,1790683749.151423,9151,idle,1065.7,151.0,257.8,,,0,0,0,0
1776082716823743,1790683749.291493,9291,idle,2294.4,148.9,533.0,,,0,0,0,0
1776082857129514,1790683749.431798,9431,idle,2046.6,156.1,388.5,,,0,0,0,0
1776082996335934,1790683749.571006,9571,idle,1172.2,105.0,202.8,,,0,0,0,0
1776083135983490,1790683749.710654,9710,idle,955.7,102.2,193.2,,,0,0,0,0
1776083276609693,1790683749.851279,9851,idle,1438.9,295.5,455.6,,,0,0,0,0
1776083416542945,1790683749.991212,9991,idle,2326.0,306.9,533.7,,,0,0,0,0
1776083556875069,1790683750.131544,10131,idle,2364.1,156.9,398.5,,,0,0,0,0
1776083697268646,1790683750.271938,10271,idle,1469.6,100.0,239.9,,,0,0,0,0
1776083836052322,1790683750.410722,10410,idle,1010.5,105.0,171.5,,,0,0,0,0
1776083976251143,1790683750.550921,10550,idle,1707.2,160.6,337.9,,,0,0,0,0
1776084116646801,1790683750.691315,10691,idle,1704.3,186.9,402.0,,,0,0,0,0
1776084256427222,1790683750.831095,10831,idle,2293.1,137.1,375.9,,,0,0,0,0
1776084396839164,1790683750.971509,10971,idle,1031.7,115.5,219.9,,,0,0,0,0
1776084539135922,1790683751.113806,11113,idle,955.6,109.1,186.6,,,0,0,0,0
1776084677268050,1790683751.251937,11251,idle,2236.0,168.0,392.9,,,0,0,0,0
1776084816515155,1790683751.391184,11391,idle,2393.3,350.4,585.2,,,0,0,0,0
1776084956867079,1790683751.531537,11531,idle,1207.0,111.8,217.5,,,0,0,0,0
1776085096176457,1790683751.670846,11670,idle,1235.7,103.8,216.3,,,0,0,0,0
1776085241280948,1790683751.815950,11815,decode,1371.6,86.6,203.0,,,0,0,1,0
1776085386829015,1790683751.961499,11961,idle,1486.4,157.8,303.5,,,0,0,0,0
1776085532073671,1790683752.106744,12106,idle,1628.7,125.9,281.2,,,0,0,0,0
1776085676766120,1790683752.251436,12251,idle,1631.3,164.2,320.3,,,0,0,0,0
1776085816773600,1790683752.391443,12391,idle,1103.0,166.8,292.8,,,0,0,0,0
1776085956592913,1790683752.531263,12531,idle,1264.3,111.8,199.7,,,0,0,0,0
1776086096329443,1790683752.670999,12670,idle,1240.1,111.9,200.0,,,0,0,0,0
1776086235902532,1790683752.810573,12810,idle,1132.2,111.2,227.7,,,0,0,0,0
1776086376362246,1790683752.951032,12951,idle,1531.8,122.0,265.6,,,0,0,0,0
1776086516394765,1790683753.091065,13091,idle,1193.5,127.6,248.9,,,0,0,0,0
1776086656130257,1790683753.230800,13230,idle,1495.6,140.8,279.0,,,0,0,0,0
1776086797327461,1790683753.371997,13371,idle,2553.1,161.0,406.9,,,0,0,0,0
1776086943629727,1790683753.518300,13518,idle,1105.2,87.0,192.6,,,0,0,0,0
1776087086319595,1790683753.660990,13660,idle,1177.1,109.1,198.7,,,0,0,0,0
1776087225872007,1790683753.800542,13800,idle,1976.3,137.9,347.0,,,0,0,0,0
1776087366595544,1790683753.941265,13941,idle,1882.5,301.0,462.9,,,0,0,0,0
1776087506719968,1790683754.081390,14081,idle,2698.2,236.6,345.9,,,0,0,0,0
1776087646845378,1790683754.221514,14221,idle,2000.1,154.3,395.4,,,0,0,0,0
1776087785638908,1790683754.360309,14360,idle,1391.8,91.0,194.5,,,0,0,0,0
1776087926310233,1790683754.500980,14500,idle,1441.8,93.9,286.3,,,0,0,0,0
1776088066559271,1790683754.641228,14641,idle,2389.7,307.4,541.5,,,0,0,0,0
1776088206080181,1790683754.780750,14780,idle,1147.0,85.3,206.1,,,0,0,0,0
1776088346875734,1790683754.921545,14921,idle,1482.4,116.9,302.2,,,0,0,0,0
1776088485884267,1790683755.060554,60,idle,889.7,102.5,183.5,,,0,0,0,0
1776088626869737,1790683755.201539,201,tx,52866.9,134.3,333.2,,,1,0,0,1
1776088771213939,1790683755.345883,345,tx,53010.5,154.8,399.2,,,1,0,0,1
1776088916137234,1790683755.490807,490,tx,51884.1,127.8,257.1,,,1,0,0,1
1776089059349692,1790683755.634020,634,tx,53064.3,130.4,246.3,,,1,0,0,1
1776089203067442,1790683755.777737,777,tx,52295.3,75.0,157.3,,,1,0,0,1
1776089347191081,1790683755.921860,921,tx,53224.8,178.4,396.4,,,1,0,0,1
1776089492102582,1790683756.066772,1066,tx,53069.7,179.0,399.5,,,1,0,0,1
1776089637185960,1790683756.211855,1211,tx,52299.7,156.9,378.0,,,1,0,0,1
1776089780844715,1790683756.355515,1355,tx,52508.6,283.2,368.8,,,1,0,0,1
1776089924721307,1790683756.499390,1499,tx,72541.9,361.9,543.9,,,1,0,0,1
1776090068657850,1790683756.643327,1643,tx,53428.3,442.6,627.5,,,1,0,0,1
1776090213734494,1790683756.788404,1788,tx,52355.5,367.1,529.7,,,1,0,0,1
1776090357795421,1790683756.932465,1932,tx,53247.7,287.9,481.0,,,1,0,0,1
1776090502052854,1790683757.076723,2076,tx,53922.7,89.0,193.4,,,1,0,0,1
1776090647659863,1790683757.222329,2222,tx,53725.2,350.9,607.4,,,1,0,0,1
1776090792462185,1790683757.367132,2367,tx,52620.6,80.3,174.3,,,1,0,0,1
1776090936083143,1790683757.510753,2510,tx,51873.2,144.2,268.3,,,1,0,0,1
1776091079230155,1790683757.653900,2653,tx,52662.1,83.5,183.5,,,1,0,0,1
1776091223070827,1790683757.797740,2797,tx,52835.0,111.1,226.9,,,1,0,0,1
1776091367876286,1790683757.942545,2942,tx,53492.6,196.3,430.4,,,1,0,0,1
1776091512994014,1790683758.087663,3087,tx,55549.4,135.5,366.0,,,1,0,0,1
1776091660098861,1790683758.234768,3234,tx,53120.8,147.2,381.4,,,1,0,0,1
1776091804237487,1790683758.378908,3378,tx,51566.1,99.4,189.8,,,1,0,0,1
1776091947457089,1790683758.522127,3522,tx,52445.2,129.9,332.5,,,1,0,0,1
1776092091611688,1790683758.666281,3666,tx,52449.6,476.7,686.8,,,1,0,0,1
1776092236474778,1790683758.811144,3811,tx,53817.7,189.7,409.9,,,1,0,0,1
1776092374066555,1790683758.948736,3948,tx,52421.8,119.0,250.2,,,1,0,0,1
1776092517290727,1790683759.091960,4091,tx,52780.7,110.9,218.7,,,1,0,0,1
1776092661220332,1790683759.235889,4235,tx,53026.7,102.1,299.3,,,1,0,0,1
1776092805446846,1790683759.380117,4380,tx,52857.9,119.8,225.3,,,1,0,0,1
1776092949394940,1790683759.524065,4524,tx,51776.3,125.1,251.7,,,1,0,0,1
1776093092035146,1790683759.666705,4666,tx,51864.7,141.6,258.7,,,1,0,0,1
1776093234980956,1790683759.809651,4809,tx,51926.6,165.0,298.3,,,1,0,0,1
1776093378133538,1790683759.952803,4952,tx,52117.4,153.1,309.1,,,1,0,0,1
1776093521589061,1790683760.096259,5096,tx,80035.5,123.9,257.1,,,1,0,0,1
1776093665044527,1790683760.239714,5239,tx,51360.5,81.6,152.3,,,1,0,0,1
1776093807141215,1790683760.381811,5381,tx,52234.9,78.6,177.3,,,1,0,0,1
1776093950497373,1790683760.525167,5525,tx,52891.5,114.2,203.0,,,1,0,0,1
1776094094210912,1790683760.668881,5668,tx,52716.9,113.4,232.5,,,1,0,0,1
1776094238937011,1790683760.813607,5813,tx,53391.5,206.1,457.9,,,1,0,0,1
1776094383826436,1790683760.958485,5958,tx,53336.4,203.0,428.5,,,1,0,0,1
1776094527782885,1790683761.102453,6102,tx,52485.4,300.7,397.3,,,1,0,0,1
1776094671298119,1790683761.245967,6245,tx,51977.3,165.1,392.2,,,1,0,0,1
1776094815779358,1790683761.390449,6390,tx,52315.6,121.7,382.4,,,1,0,0,1
1776094959967108,1790683761.534636,6534,tx,53028.2,130.2,314.4,,,1,0,0,1
1776095103825292,1790683761.678495,6678,tx,51814.2,238.0,332.2,,,1,0,0,1
1776095249222322,1790683761.823892,6823,tx,55934.1,91.5,212.0,,,1,0,0,1
1776095392469332,1790683761.967139,6967,tx,52502.4,95.3,189.0,,,1,0,0,1
1776095536849918,1790683762.111519,7111,tx,53395.0,126.6,314.0,,,1,0,0,1
1776095680914803,1790683762.255584,7255,tx,52320.5,152.4,403.2,,,1,0,0,1
1776095823583588,1790683762.398253,7398,tx,52539.1,130.9,251.8,,,1,0,0,1
1776095966996012,1790683762.541666,7541,tx,51529.7,134.8,214.9,,,1,0,0,1
1776096110487466,1790683762.685157,7685,tx,52066.1,147.9,330.3,,,1,0,0,1
1776096253809751,1790683762.828479,7828,tx,53107.2,170.5,428.5,,,1,0,0,1
1776096398720398,1790683762.973390,7973,tx,52986.0,342.4,464.9,,,1,0,0,1
1776096542338832,1790683763.117009,8117,tx,52364.9,82.3,155.6,,,1,0,0,1
1776096685853695,1790683763.260524,8260,tx,51729.6,244.6,345.2,,,1,0,0,1
1776096829245027,1790683763.403914,8403,tx,51897.3,135.5,340.2,,,1,0,0,1
1776096972774855,1790683763.547445,8547,tx,53021.1,235.3,435.8,,,1,0,0,1
1776097117443023,1790683763.692113,8692,tx,80372.6,85.1,194.9,,,1,0,0,1
1776097260358791,1790683763.835029,8835,tx,52558.1,104.2,205.3,,,1,0,0,1
1776097405189499,1790683763.979859,8979,tx,54235.9,153.8,359.9,,,1,0,0,1
1776097551468112,1790683764.126137,9126,tx,53342.8,160.2,390.5,,,1,0,0,1
1776097696727676,1790683764.271397,9271,tx,52245.8,267.5,500.5,,,1,0,0,1
1776097840195852,1790683764.414866,9414,tx,52243.6,88.9,189.0,,,1,0,0,1
1776097983138993,1790683764.557809,9557,tx,51513.9,110.3,219.0,,,1,0,0,1
1776098126167847,1790683764.700837,9700,tx,52059.1,150.7,364.4,,,1,0,0,1
1776098269735063,1790683764.844404,9844,tx,53322.5,312.4,497.1,,,1,0,0,1
1776098414265241,1790683764.988935,9988,tx,53240.4,176.0,434.8,,,1,0,0,1
1776098558433506,1790683765.133103,10133,tx,55816.9,102.3,3728.8,,,1,0,0,1
1776098705045121,1790683765.279715,10279,tx,52775.8,114.7,230.9,,,1,0,0,1
1776098849999032,1790683765.424668,10424,tx,53561.9,167.6,378.2,,,1,0,0,1
1776098994777918,1790683765.569447,10569,tx,52301.6,211.9,465.6,,,1,0,0,1
1776099138435607,1790683765.713105,10713,tx,53336.6,153.0,369.4,,,1,0,0,1
1776099282394105,1790683765.857064,10857,tx,51522.2,72.8,175.7,,,1,0,0,1
1776099425810144,1790683766.000479,11000,tx,53301.4,153.6,389.0,,,1,0,0,1
1776099571336186,1790683766.146005,11146,tx,52028.7,158.4,375.5,,,1,0,0,1
1776099714140108,1790683766.288810,11288,tx,52393.8,78.4,155.9,,,1,0,0,1
1776099857217316,1790683766.431887,11431,tx,52757.8,98.5,243.2,,,1,0,0,1
1776100000556376,1790683766.575226,11575,tx,55164.1,108.7,228.1,,,1,0,0,1
1776100146428517,1790683766.721098,11721,tx,51836.7,143.9,273.5,,,1,0,0,1
1776100289902419,1790683766.864572,11864,tx,53233.7,134.0,337.1,,,1,0,0,1
1776100434439700,1790683767.009109,12009,tx,52495.3,101.5,196.9,,,1,0,0,1
1776100577482603,1790683767.152152,12152,tx,56406.4,127.9,3770.7,,,1,0,0,1
1776100724358302,1790683767.299028,12299,tx,69280.6,111.0,205.9,,,1,0,0,1
1776100868963664,1790683767.443633,12443,tx,52514.6,196.2,458.1,,,1,0,0,1
1776101012655520,1790683767.587325,12587,tx,51849.4,141.2,277.4,,,1,0,0,1
1776101156041319,1790683767.730711,12730,tx,52651.7,122.6,265.1,,,1,0,0,1
1776101299272923,1790683767.873943,12873,tx,51595.7,109.2,269.0,,,1,0,0,1
1776101443072397,1790683768.017741,13017,tx,52176.5,147.7,355.9,,,1,0,0,1
1776101586822888,1790683768.161492,13161,tx,53087.0,189.7,405.1,,,1,0,0,1
1776101724253756,1790683768.298922,13298,tx,53046.5,160.4,403.1,,,1,0,0,1
1776101868091193,1790683768.442761,13442,tx,53349.3,298.1,1155.5,,,1,0,0,1
1776102012915668,1790683768.587586,13587,tx,52553.9,246.8,307.9,,92041.3,1,0,0,1
1776102156288106,1790683768.730958,13730,idle,55073.4,87.4,191.5,,,0,0,0,0
1776102302640721,1790683768.877311,13877,idle,53490.0,140.7,243.3,,,0,0,0,0
1776102468649135,1790683769.043319,14043,idle,3708.8,120.0,273.7,,,0,0,0,0
1776102611604001,1790683769.186274,14186,idle,1173.2,96.0,206.8,,,0,0,0,0
1776102751614786,1790683769.326285,14326,idle,1336.2,139.3,266.2,,,0,0,0,0
1776102891161055,1790683769.465831,14465,idle,1710.2,93.7,246.9,,,0,0,0,0
1776103035448381,1790683769.610118,14610,idle,1522.4,126.4,293.8,,,0,0,0,0
1776103181260823,1790683769.755931,14755,idle,1813.8,122.0,257.4,,,0,0,0,0
1776103324055359,1790683769.898725,14898,idle,1282.1,183.6,298.4,,,0,0,0,0
1776103461595846,1790683770.036266,36,idle,1456.7,96.1,202.5,,,0,0,0,0
1776103601360324,1790683770.176030,176,idle,4697.9,125.3,272.0,,,0,0,0,0
1776103740933210,1790683770.315603,315,idle,1474.9,293.1,432.8,,,0,0,0,0
1776103881498218,1790683770.456168,456,idle,1496.8,116.7,270.5,,,0,0,0,0
1776104026259911,1790683770.600930,600,idle,994.8,97.1,197.8,,,0,0,0,0
1776104171457173,1790683770.746127,746,idle,1494.2,112.7,246.7,,,0,0,0,0
1776104310943592,1790683770.885614,885,idle,1236.1,336.6,449.4,,,0,0,0,0
1776104451506692,1790683771.026176,1026,idle,1367.1,114.1,230.4,,,0,0,0,0
1776104592445711,1790683771.167115,1167,idle,2261.7,153.0,364.7,,,0,0,0,0
1776104731491241,1790683771.306161,1306,idle,1390.4,100.4,215.6,,,0,0,0,0
1776104871145321,1790683771.445815,1445,idle,2289.4,156.8,335.6,,,0,0,0,0
1776105011835938,1790683771.586505,1586,idle,2758.6,340.8,577.1,,,0,0,0,0
1776105151559627,1790683771.726229,1726,idle,1709.5,115.0,236.9,,,0,0,0,0
1776105292583465,1790683771.867253,1867,idle,2451.7,150.1,345.2,,,0,0,0,0
1776105431383388,1790683772.006053,2006,idle,1298.4,126.9,241.9,,,0,0,0,0
1776105572700083,1790683772.147369,2147,idle,2792.2,505.5,729.9,,,0,0,0,0
1776105712534765,1790683772.287204,2287,idle,2354.5,171.6,390.5,,,0,0,0,0
1776105852612581,1790683772.427282,2427,idle,2211.4,164.6,379.3,,,0,0,0,0
1776105992078063,1790683772.566748,2566,idle,1505.6,173.9,313.2,,,0,0,0,0
1776106131794506,1790683772.706465,2706,idle,1242.5,108.7,198.4,,,0,0,0,0
1776106272506919,1790683772.847176,2847,idle,2983.7,150.1,411.2,,,0,0,0,0
1776106412606189,1790683772.987276,2987,idle,2220.1,109.0,306.7,,,0,0,0,0
1776106552163106,1790683773.126832,3126,idle,2356.8,153.4,399.0,,,0,0,0,0
1776106691657179,1790683773.266327,3266,idle,1167.1,103.7,196.3,,,0,0,0,0
1776106833709845,1790683773.408380,3408,idle,1479.5,103.1,226.5,,,0,0,0,0
1776106971902583,1790683773.546572,3546,idle,1365.0,371.3,510.0,,,0,0,0,0
1776107111554237,1790683773.686224,3686,idle,1353.6,81.5,179.2,,,0,0,0,0
1776107251311238,1790683773.825981,3825,idle,1323.9,113.5,234.2,,,0,0,0,0
1776107391445720,1790683773.966115,3966,idle,1498.8,95.7,306.5,,,0,0,0,0
1776107535575169,1790683774.110245,4110,idle,1604.1,129.2,272.7,,,0,0,0,0
1776107681075552,1790683774.255745,4255,idle,1262.4,123.9,257.7,,,0,0,0,0
1776107821420782,1790683774.396091,4396,idle,1572.8,87.8,233.9,,,0,0,0,0
1776107962449433,1790683774.537118,4537,idle,1732.5,107.7,294.5,,,0,0,0,0
1776108101053377,1790683774.675723,4675,idle,2601.1,127.2,196.5,,,0,0,0,0
1776108242539937,1790683774.817209,4817,idle,2353.5,119.3,335.1,,,0,0,0,0
1776108382173017,1790683774.956842,4956,idle,2469.0,189.2,416.9,,,0,0,0,0
1776108521586062,1790683775.096256,5096,idle,1264.6,131.6,238.8,,,0,0,0,0
1776108661708231,1790683775.236378,5236,idle,1026.3,84.2,171.8,,,0,0,0,0
1776108801033645,1790683775.375703,5375,idle,4809.9,151.2,254.8,,,0,0,0,0
1776108942105318,1790683775.516775,5516,idle,1583.0,112.3,260.8,,,0,0,0,0
1776109082259521,1790683775.656929,5656,idle,2088.0,154.3,362.5,,,0,0,0,0
1776109221046276,1790683775.795716,5795,idle,1305.3,126.1,258.1,,,0,0,0,0
1776109360810148,1790683775.935480,5935,idle,1204.1,76.8,178.4,,,0,0,0,0
1776109501136935,1790683776.075807,6075,idle,9031.9,81.3,187.7,,,0,0,0,0
1776109640883544,1790683776.215553,6215,idle,1369.6,294.5,395.7,,,0,0,0,0
1776109782030217,1790683776.356700,6356,idle,1450.1,123.6,342.6,,,0,0,0,0
1776109928094024,1790683776.502764,6502,idle,1163.9,96.1,180.3,,,0,0,0,0
1776110071530350,1790683776.646200,6646,idle,1202.2,110.1,223.0,,,0,0,0,0
1776110211126044,1790683776.785796,6785,idle,1299.0,136.5,259.5,,,0,0,0,0
1776110351790431,1790683776.926460,6926,idle,1289.3,112.9,234.2,,,0,0,0,0
1776110491403461,1790683777.066073,7066,idle,1327.8,96.6,200.1,,,0,0,0,0
1776110631849101,1790683777.206519,7206,idle,2494.1,259.8,444.2,,,0,0,0,0
1776110771160329,1790683777.345830,7345,idle,1055.6,106.9,223.2,,,0,0,0,0
1776110911233915,1790683777.485903,7485,idle,2406.3,163.0,415.6,,,0,0,0,0
1776111052290944,1790683777.626960,7626,idle,2301.5,177.0,399.3,,,0,0,0,0
1776111192511450,1790683777.767180,7767,idle,2203.7,142.4,364.8,,,0,0,0,0
1776111336368793,1790683777.911039,7911,idle,1420.2,116.0,258.3,,,0,0,0,0
1776111481351194,1790683778.056021,8056,idle,1130.6,112.8,198.8,,,0,0,0,0
1776111621102094,1790683778.195772,8195,idle,1157.1,113.8,216.8,,,0,0,0,0
1776111761948539,1790683778.336618,8336,idle,1531.2,178.5,341.2,,,0,0,0,0
1776111901861260,1790683778.476531,8476,idle,6455.7,274.3,437.6,,,0,0,0,0
1776112040816326,1790683778.615486,8615,idle,1225.1,87.8,196.9,,,0,0,0,0
1776112181328356,1790683778.755998,8755,idle,1057.6,130.3,225.8,,,0,0,0,0
1776112321554796,1790683778.896224,8896,idle,2236.9,149.5,376.7,,,0,0,0,0
1776112461563269,1790683779.036233,9036,idle,1907.5,130.3,343.8,,,0,0,0,0
1776112601621431,1790683779.176291,9176,idle,8512.9,114.5,324.7,,,0,0,0,0
1776112742356662,1790683779.317026,9317,idle,1720.4,120.9,266.9,,,0,0,0,0
1776112881046102,1790683779.455716,9455,idle,928.6,171.6,248.6,,,0,0,0,0
1776113023416498,1790683779.598086,9598,idle,1287.9,87.0,196.3,,,0,0,0,0
1776113161185593,1790683779.735855,9735,idle,2177.9,169.6,392.7,,,0,0,0,0
1776113301555640,1790683779.876225,9876,idle,2467.2,117.6,245.0,,,0,0,0,0
1776113441676065,1790683780.016346,10016,idle,1172.2,141.0,258.9,,,0,0,0,0
1776113582034735,1790683780.156705,10156,idle,1201.0,223.5,324.6,,,0,0,0,0
1776113721620473,1790683780.296290,10296,idle,2230.4,155.9,345.6,,,0,0,0,0
1776113860837331,1790683780.435507,10435,idle,1429.6,149.0,274.3,,,0,0,0,0
1776114001273759,1790683780.575942,10575,idle,10287.5,132.0,333.5,,,0,0,0,0
1776114141654476,1790683780.716324,10716,idle,9166.9,2064.3,5464.0,,,0,0,0,0
1776114281294477,1790683780.855964,10855,idle,1296.4,116.7,225.5,,,0,0,0,0
1776114427755870,1790683781.002425,11002,idle,2055.6,159.3,369.1,,,0,0,0,0
1776114572955885,1790683781.147625,11147,idle,2301.7,175.4,423.0,,,0,0,0,0
1776114711822089,1790683781.286491,11286,idle,2356.2,279.3,565.0,,,0,0,0,0
1776114850845990,1790683781.425516,11425,idle,1009.0,75.5,139.2,,,0,0,0,0
1776114991195576,1790683781.565866,11565,idle,963.4,137.3,207.4,,,0,0,0,0
1776115132510544,1790683781.707180,11707,idle,2117.4,186.3,421.8,,,0,0,0,0
1776115278541741,1790683781.853211,11853,decode,1576.6,122.6,281.5,,,0,0,1,0
1776115422155764,1790683781.996826,11996,idle,1467.4,108.9,253.2,,,0,0,0,0
1776115560928701,1790683782.135599,12135,idle,1272.7,313.4,422.7,,,0,0,0,0
1776115702262823,1790683782.276932,12276,idle,6939.7,193.9,415.0,,,0,0,0,0
1776115841347674,1790683782.416017,12416,idle,1220.5,133.9,246.0,,,0,0,0,0
1776115981055034,1790683782.555725,12555,idle,1163.3,181.7,287.1,,,0,0,0,0
1776116121522449,1790683782.696192,12696,idle,1838.5,102.2,301.0,,,0,0,0,0
1776116261150230,1790683782.835820,12835,idle,1078.6,146.8,232.3,,,0,0,0,0
1776116401601869,1790683782.976272,12976,idle,3053.1,108.1,220.3,,,0,0,0,0
1776116541677032,1790683783.116346,13116,idle,2244.7,160.8,441.4,,,0,0,0,0
1776116682500949,1790683783.257170,13257,idle,2319.9,160.0,344.8,,,0,0,0,0
1776116823226266,1790683783.397896,13397,idle,1066.4,99.4,196.8,,,0,0,0,0
1776116961240112,1790683783.535910,13535,idle,1014.5,136.8,208.2,,,0,0,0,0
1776117101590623,1790683783.676261,13676,idle,2345.7,107.6,203.5,,,0,0,0,0
1776117241208696,1790683783.815879,13815,idle,1129.6,88.4,201.2,,,0,0,0,0
1776117381416151,1790683783.956086,13956,idle,1614.2,144.4,269.0,,,0,0,0,0
1776117521409154,1790683784.096079,14096,idle,775.7,82.5,156.0,,,0,0,0,0
1776117662094072,1790683784.236764,14236,idle,1208.5,152.5,281.6,,,0,0,0,0
1776117801606689,1790683784.376277,14376,idle,10320.6,109.8,222.7,,,0,0,0,0
1776117941512115,1790683784.516181,14516,idle,2066.2,131.8,327.8,,,0,0,0,0
1776118082033712,1790683784.656701,14656,idle,2373.3,124.1,343.9,,,0,0,0,0
1776118224238191,1790683784.798908,14798,idle,1015.7,133.7,224.5,,,0,0,0,0
1776118361628113,1790683784.936298,14936,idle,1299.1,125.8,267.7,,,0,0,0,0
1776118501887130,1790683785.076557,76,idle,163765.0,93.3,230.7,,,0,0,0,1
1776118726780438,1790683785.301450,301,tx,52913.7,124.9,273.0,,,1,0,0,1
1776118871077367,1790683785.445747,445,tx,52371.6,356.1,452.8,,,1,0,0,1
1776119015255054,1790683785.589925,589,tx,51321.0,170.6,280.7,,,1,0,0,1
1776119159116108,1790683785.733785,733,tx,52526.9,197.6,457.9,,,1,0,0,1
1776119302963516,1790683785.877633,877,tx,52687.3,446.6,584.1,,,1,0,0,1
1776119447928577,1790683786.022598,1022,tx,57084.9,410.2,635.9,,,1,0,0,1
1776119592623821,1790683786.167294,1167,tx,53590.6,90.2,188.8,,,1,0,0,1
1776119737669135,1790683786.312339,1312,tx,53009.0,142.2,310.2,,,1,0,0,1
1776119882342852,1790683786.457012,1457,tx,51814.8,138.1,286.1,,,1,0,0,1
1776120025647940,1790683786.600317,1600,tx,51938.5,100.6,259.7,,,1,0,0,1
1776120168887187,1790683786.743557,1743,tx,52646.2,130.3,241.0,,,1,0,0,1
1776120312460326,1790683786.887130,1887,tx,51885.3,136.7,245.2,,,1,0,0,1
1776120455295388,1790683787.029965,2029,tx,56124.9,140.5,258.3,,,1,0,0,1
1776120599209414,1790683787.173879,2173,tx,52414.5,151.7,299.7,,,1,0,0,1
1776120742908253,1790683787.317578,2317,tx,53697.7,457.2,662.9,,,1,0,0,1
1776120887576610,1790683787.462247,2462,tx,52843.6,78.2,169.3,,,1,0,0,1
1776121031447050,1790683787.606117,2606,tx,53100.8,120.9,238.6,,,1,0,0,1
1776121175765895,1790683787.750436,2750,tx,51582.6,123.2,250.1,,,1,0,0,1
1776121318773353,1790683787.893443,2893,tx,52500.8,100.5,265.1,,,1,0,0,1
1776121462504107,1790683788.037174,3037,tx,52638.3,104.9,216.2,,,1,0,0,1
1776121606899647,1790683788.181570,3181,tx,51700.3,114.2,261.8,,,1,0,0,1
1776121749573904,1790683788.324244,3324,tx,53401.2,108.4,235.8,,,1,0,0,1
1776121893716850,1790683788.468387,3468,tx,52939.7,110.9,225.2,,,1,0,0,1
1776122037838487,1790683788.612508,3612,tx,69647.4,494.9,753.3,,,1,0,0,1
1776122182041336,1790683788.756711,3756,tx,52426.1,385.6,479.4,,,1,0,0,1
1776122325710441,1790683788.900380,3900,tx,51778.3,143.9,247.2,,,1,0,0,1
1776122469659701,1790683789.044329,4044,tx,52741.4,164.1,387.2,,,1,0,0,1
1776122613858558,1790683789.188528,4188,tx,52665.8,476.9,732.9,,,1,0,0,1
1776122758874138,1790683789.333543,4333,tx,53636.8,456.2,729.5,,,1,0,0,1
1776122903365152,1790683789.478035,4478,tx,53267.0,87.7,170.5,,,1,0,0,1
1776123048631453,1790683789.623300,4623,tx,55356.4,166.9,394.3,,,1,0,0,1
1776123194337746,1790683789.769006,4769,tx,53781.1,129.1,363.5,,,1,0,0,1
1776123339682130,1790683789.914351,4914,tx,53730.6,129.5,343.9,,,1,0,0,1
1776123484224916,1790683790.058895,5058,tx,52373.3,247.2,350.8,,,1,0,0,1
1776123627498938,1790683790.202169,5202,tx,51666.4,95.5,238.0,,,1,0,0,1
1776123771054226,1790683790.345723,5345,tx,52182.7,191.2,393.3,,,1,0,0,1
1776123914583974,1790683790.489253,5489,tx,51889.7,129.4,317.2,,,1,0,0,1
1776124057823355,1790683790.632492,5632,tx,53248.7,132.0,389.1,,,1,0,0,1
1776124202366637,1790683790.777036,5777,tx,51292.7,131.4,237.1,,,1,0,0,1
1776124345393593,1790683790.920063,5920,tx,52091.5,148.4,367.8,,,1,0,0,1
1776124490047168,1790683791.064716,6064,tx,53602.1,240.4,472.7,,,1,0,0,1
1776124629267587,1790683791.203937,6203,tx,53369.2,184.4,384.6,,,1,0,0,1
1776124774679435,1790683791.349349,6349,tx,52756.5,100.3,241.8,,,1,0,0,1
1776124918148572,1790683791.492818,6492,tx,52355.5,170.9,264.3,,,1,0,0,1
1776125062271000,1790683791.636940,6636,tx,53355.7,178.6,410.7,,,1,0,0,1
1776125206994467,1790683791.781664,6781,tx,51591.4,281.9,457.9,,,1,0,0,1
1776125349853060,1790683791.924523,6924,tx,53526.9,140.3,322.5,,,1,0,0,1
1776125493256232,1790683792.067926,7067,tx,52805.3,126.8,297.3,,,1,0,0,1
1776125637044864,1790683792.211715,7211,tx,69819.5,337.2,430.4,,,1,0,0,1
1776125780505131,1790683792.355175,7355,tx,51686.5,123.8,265.3,,,1,0,0,1
1776125923156971,1790683792.497827,7497,tx,51887.0,217.1,331.5,,,1,0,0,1
1776126066545813,1790683792.641216,7641,tx,52493.3,106.8,181.8,,,1,0,0,1
1776126212819765,1790683792.787490,7787,tx,54469.8,2011.6,2122.7,,,1,0,0,1
1776126358152882,1790683792.932823,7932,tx,52451.5,176.4,296.2,,,1,0,0,1
1776126501631600,1790683793.076302,8076,tx,56933.5,124.3,221.4,,,1,0,0,1
1776126640219662,1790683793.214889,8214,tx,53331.9,207.2,429.4,,,1,0,0,1
1776126784713009,1790683793.359383,8359,tx,53030.8,106.8,271.5,,,1,0,0,1
1776126928563737,1790683793.503234,8503,tx,51406.5,83.1,160.8,,,1,0,0,1
1776127071788143,1790683793.646457,8646,tx,52269.3,163.1,429.2,,,1,0,0,1
1776127215780713,1790683793.790450,8790,tx,52389.1,182.6,459.8,,,1,0,0,1
1776127360063124,1790683793.934732,8934,tx,52381.0,224.6,417.5,,,1,0,0,1
1776127504106903,1790683794.078776,9078,tx,64704.2,197.2,368.7,,,1,0,0,1
1776127649327293,1790683794.223997,9223,tx,54395.8,118.5,205.0,,,1,0,0,1
1776127792785858,1790683794.367455,9367,tx,52936.9,174.0,328.8,,,1,0,0,1
1776127936904491,1790683794.511574,9511,tx,52839.8,128.1,261.3,,,1,0,0,1
1776128080987167,1790683794.655657,9655,tx,51660.3,115.6,268.4,,,1,0,0,1
1776128223639984,1790683794.798310,9798,tx,51622.4,124.4,232.8,,,1,0,0,1
1776128365929334,1790683794.940599,9940,tx,51541.2,82.3,196.2,,,1,0,0,1
1776128508209180,1790683795.082879,10082,tx,51885.2,120.4,245.7,,,1,0,0,1
1776128650867755,1790683795.225537,10225,tx,53763.4,160.5,339.6,,,1,0,0,1
1776128794901893,1790683795.369572,10369,tx,52825.4,169.2,316.5,,,1,0,0,1
1776128938665726,1790683795.513335,10513,tx,52536.5,91.4,226.0,,,1,0,0,1
1776129082549482,1790683795.657219,10657,tx,51578.3,113.9,216.4,,,1,0,0,1
1776129226175455,1790683795.800844,10800,tx,71292.0,174.9,398.6,,,1,0,0,1
1776129371098616,1790683795.945768,10945,tx,51637.3,231.9,394.0,,,1,0,0,1
1776129514034204,1790683796.088704,11088,tx,52186.8,353.0,495.6,,,1,0,0,1
1776129657288421,1790683796.231959,11231,tx,52131.0,86.1,192.1,,,1,0,0,1
1776129800572953,1790683796.375243,11375,tx,54646.5,144.4,249.0,,,1,0,0,1
1776129946445156,1790683796.521115,11521,tx,51757.1,149.7,269.0,,,1,0,0,1
1776130089800126,1790683796.664469,11664,tx,53277.9,187.5,436.3,,,1,0,0,1
1776130227978712,1790683796.802648,11802,tx,53577.8,304.9,551.9,,,1,0,0,1
1776130372121638,1790683796.946792,11946,tx,52395.9,238.0,343.3,,,1,0,0,1
1776130515490195,1790683797.090160,12090,tx,52902.0,113.9,242.4,,,1,0,0,1
1776130659058063,1790683797.233728,12233,tx,51577.4,257.2,375.3,,,1,0,0,1
1776130801563696,1790683797.376234,12376,tx,54759.6,146.1,258.9,,,1,0,0,1
1776130947744111,1790683797.522414,12522,tx,52654.2,92.8,408.4,,,1,0,0,1
1776131091693737,1790683797.666364,12666,tx,52448.9,101.7,220.9,,,1,0,0,1
1776131235376290,1790683797.810046,12810,tx,51669.0,152.2,281.6,,,1,0,0,1
1776131378803393,1790683797.953473,12953,tx,53258.7,124.2,352.4,,,1,0,0,1
1776131523847444,1790683798.098517,13098,tx,51429.7,111.7,237.3,,,1,0,0,1
1776131667174100,1790683798.241844,13241,tx,52443.7,174.6,321.8,,,1,0,0,1
1776131810663719,1790683798.385334,13385,tx,51669.3,136.2,253.2,,,1,0,0,1
1776131953358800,1790683798.528029,13528,tx,51467.6,141.8,244.2,,160223.7,1,0,0,1
1776132097081444,1790683798.671751,13671,tx,53491.1,257.6,500.0,,,0,0,0,0
1776132242714299,1790683798.817384,13817,idle,52767.1,93.3,267.3,,,0,0,0,0
1776132419584167,1790683798.994254,13994,idle,1488.0,83.7,127.7,,,0,0,0,0
1776132556631461,1790683799.131301,14131,idle,2152.5,116.0,292.9,,,0,0,0,0
1776132695737612,1790683799.270408,14270,idle,1382.0,87.6,192.7,,,0,0,0,0
1776132835835586,1790683799.410505,14410,idle,2284.8,137.8,394.0,,,0,0,0,0
1776132975996436,1790683799.550665,14550,idle,2503.7,478.5,682.1,,,0,0,0,0
1776133115715429,1790683799.690385,14690,idle,1275.8,99.9,198.2,,,0,0,0,0
1776133256286391,1790683799.830955,14830,idle,2133.9,176.3,415.8,,,0,0,0,0
1776133396737104,1790683799.971406,14971,idle,2021.3,154.6,334.4,,,0,0,0,0
1776133538116136,1790683800.112785,112,idle,2585.7,351.0,554.0,,,0,0,0,0
1776133676370426,1790683800.251040,251,idle,1376.5,163.6,299.1,,,0,0,0,0
1776133816291146,1790683800.390961,390,idle,1387.4,219.5,348.9,,,0,0,0,0
1776133956456125,1790683800.531126,531,idle,1788.1,129.8,295.2,,,0,0,0,0
1776134097197499,1790683800.671867,671,idle,2549.5,261.5,506.7,,,0,0,0,0
1776134236597537,1790683800.811267,811,idle,2151.8,154.0,380.5,,,0,0,0,0
1776134375495626,1790683800.950165,950,idle,1000.2,78.5,173.3,,,0,0,0,0
1776134515724282,1790683801.090394,1090,idle,794.6,79.2,145.0,,,0,0,0,0
1776134656110244,1790683801.230780,1230,idle,1093.7,74.0,139.2,,,0,0,0,0
1776134796651462,1790683801.371320,1371,idle,1986.8,117.5,298.7,,,0,0,0,0
1776134936047383,1790683801.510717,1510,idle,1371.9,76.5,157.0,,,0,0,0,0
1776135075938374,1790683801.650608,1650,idle,1178.1,80.9,212.9,,,0,0,0,0
1776135216059906,1790683801.790730,1790,idle,1513.9,126.6,243.2,,,0,0,0,0
1776135356280383,1790683801.930950,1930,idle,2398.0,232.7,441.2,,,0,0,0,0
1776135495920307,1790683802.070590,2070,idle,1263.0,110.3,225.9,,,0,0,0,0
1776135636293707,1790683802.210963,2210,idle,2186.5,213.2,393.0,,,0,0,0,0
1776135775696570,1790683802.350366,2350,idle,1319.7,114.8,216.9,,,0,0,0,0
1776135916304488,1790683802.490974,2490,idle,2440.1,192.3,414.1,,,0,0,0,0
1776136056527448,1790683802.631197,2631,idle,2213.8,180.4,399.5,,,0,0,0,0
1776136196316515,1790683802.770986,2770,idle,1523.3,243.0,396.4,,,0,0,0,0
1776136335577389,1790683802.910247,2910,idle,1592.8,114.9,266.4,,,0,0,0,0
1776136476016074,1790683803.050685,3050,idle,3135.3,95.2,277.4,,,0,0,0,0
1776136615707724,1790683803.190377,3190,idle,1630.3,133.8,264.0,,,0,0,0,0
1776136755947264,1790683803.330617,3330,idle,1745.3,126.0,252.3,,,0,0,0,0
1776136895789119,1790683803.470459,3470,idle,1543.2,87.9,194.1,,,0,0,0,0
1776137036269585,1790683803.610940,3610,idle,1549.0,289.2,414.1,,,0,0,0,0
1776137175740726,1790683803.750411,3750,idle,1241.1,81.1,191.0,,,0,0,0,0
1776137315604256,1790683803.890274,3890,idle,1703.9,126.2,319.3,,,0,0,0,0
1776137456046895,1790683804.030716,4030,idle,1499.0,135.4,308.0,,,0,0,0,0
1776137595583438,1790683804.170253,4170,idle,1430.8,139.9,257.6,,,0,0,0,0
1776137735753038,1790683804.310423,4310,idle,1455.1,145.3,276.0,,,0,0,0,0
1776137876945431,1790683804.451616,4451,idle,1108.9,107.4,204.8,,,0,0,0,0
1776138016365029,1790683804.591034,4591,idle,2301.0,157.1,396.0,,,0,0,0,0
1776138156709099,1790683804.731378,4731,idle,2118.7,127.6,314.4,,,0,0,0,0
1776138296572339,1790683804.871242,4871,idle,1597.1,117.5,294.3,,,0,0,0,0
1776138436012376,1790683805.010682,5010,idle,959.4,83.2,169.3,,,0,0,0,0
1776138575768483,1790683805.150439,5150,idle,1140.8,106.3,217.0,,,0,0,0,0
1776138716571148,1790683805.291240,5291,idle,2203.5,200.4,411.7,,,0,0,0,0
1776138856148683,1790683805.430818,5430,idle,2694.4,244.6,464.7,,,0,0,0,0
1776138996125313,1790683805.570795,5570,idle,2258.2,310.3,485.7,,,0,0,0,0
1776139135100135,1790683805.709770,5709,idle,1162.5,106.2,195.1,,,0,0,0,0
1776139276467332,1790683805.851136,5851,idle,2377.4,153.2,337.7,,,0,0,0,0
1776139416310167,1790683805.990980,5990,idle,1475.0,114.6,287.4,,,0,0,0,0
1776139555823798,1790683806.130494,6130,idle,1332.5,121.1,208.8,,,0,0,0,0
1776139695558762,1790683806.270229,6270,idle,1140.1,125.8,201.0,,,0,0,0,0
1776139836079298,1790683806.410749,6410,idle,1146.1,106.1,196.4,,,0,0,0,0
1776139976059982,1790683806.550730,6550,idle,1534.9,119.2,253.4,,,0,0,0,0
1776140116635287,1790683806.691305,6691,idle,2131.3,160.5,406.5,,,0,0,0,0
1776140256477825,1790683806.831147,6831,idle,2235.7,149.2,364.3,,,0,0,0,0
1776140396770713,1790683806.971440,6971,idle,2010.5,110.1,321.8,,,0,0,0,0
1776140535431345,1790683807.110101,7110,idle,947.8,99.9,221.5,,,0,0,0,0
1776140676310521,1790683807.250980,7250,idle,1223.8,206.8,312.5,,,0,0,0,0
1776140816453900,1790683807.391124,7391,idle,2698.5,134.8,283.9,,,0,0,0,0
1776140955131834,1790683807.529802,7529,idle,1315.3,133.9,248.9,,,0,0,0,0
1776141095927285,1790683807.670597,7670,idle,2137.3,148.9,350.1,,,0,0,0,0
1776141235991726,1790683807.810662,7810,idle,1155.6,105.4,200.3,,,0,0,0,0
1776141376089847,1790683807.950759,7950,idle,2069.7,180.8,352.8,,,0,0,0,0
1776141515843772,1790683808.090514,8090,idle,1300.9,119.6,214.9,,,0,0,0,0
1776141655734404,1790683808.230404,8230,idle,2526.4,122.8,221.7,,,0,0,0,0
1776141796721434,1790683808.371390,8371,idle,4984.8,142.6,388.1,,,0,0,0,0
1776141935052646,1790683808.509723,8509,idle,1070.9,75.2,182.5,,,0,0,0,0
1776142078209696,1790683808.652879,8652,idle,1875.0,240.7,402.0,,,0,0,0,0
1776142216743961,1790683808.791413,8791,idle,2064.8,128.1,363.1,,,0,0,0,0
1776142356775960,1790683808.931445,8931,idle,2194.5,134.8,325.6,,,0,0,0,0
1776142496213900,1790683809.070884,9070,idle,1405.0,302.6,432.8,,,0,0,0,0
1776142635257685,1790683809.209928,9209,idle,1147.7,283.6,377.3,,,0,0,0,0
1776142775866554,1790683809.350535,9350,idle,2355.8,166.4,412.9,,,0,0,0,0
1776142916586885,1790683809.491256,9491,idle,2147.9,121.6,305.7,,,0,0,0,0
1776143056060358,1790683809.630729,9630,idle,2088.7,131.2,325.0,,,0,0,0,0
1776143195448136,1790683809.770118,9770,idle,982.7,110.1,202.7,,,0,0,0,0
1776143336099178,1790683809.910769,9910,idle,1840.0,112.3,266.1,,,0,0,0,0
1776143476158881,1790683810.050828,10050,idle,2530.6,279.8,491.4,,,0,0,0,0
1776143616238612,1790683810.190908,10190,idle,1956.0,201.4,408.8,,,0,0,0,0
1776143755240261,1790683810.329910,10329,idle,1355.3,291.3,394.7,,,0,0,0,0
1776143895733504,1790683810.470404,10470,idle,1032.1,111.2,179.2,,,0,0,0,0
1776144035654880,1790683810.610325,10610,idle,1100.5,144.0,249.6,,,0,0,0,0
1776144175612818,1790683810.750283,10750,idle,1329.6,115.4,284.1,,,0,0,0,0
1776144315827413,1790683810.890497,10890,idle,1398.7,110.2,226.6,,,0,0,0,0
1776144456385817,1790683811.031056,11031,idle,1363.2,162.6,286.4,,,0,0,0,0
1776144595820206,1790683811.170490,11170,idle,1203.3,105.5,172.6,,,0,0,0,0
1776144735718397,1790683811.310388,11310,idle,1448.5,88.5,187.1,,,0,0,0,0
1776144875846863,1790683811.450516,11450,idle,1817.3,129.3,339.3,,,0,0,0,0
1776145016069291,1790683811.590739,11590,idle,1661.8,129.0,315.1,,,0,0,0,0
1776145156601399,1790683811.731271,11731,idle,1429.9,113.3,261.2,,,0,0,0,0
1776145296073877,1790683811.870744,11870,decode,1312.6,137.8,272.5,,,0,0,1,0
1776145436838645,1790683812.011508,12011,idle,2416.4,205.2,471.2,,,0,0,0,0
1776145576244902,1790683812.150913,12150,idle,2280.1,221.9,458.7,,,0,0,0,0
1776145716646625,1790683812.291316,12291,idle,2098.2,195.4,423.9,,,0,0,0,0
1776145856924005,1790683812.431593,12431,idle,1890.6,138.3,356.7,,,0,0,0,0
1776145995736909,1790683812.570407,12570,idle,990.8,75.4,162.9,,,0,0,0,0
1776146136772662,1790683812.711442,12711,idle,2206.3,126.1,334.3,,,0,0,0,0
1776146276065809,1790683812.850735,12850,idle,2131.6,146.9,356.3,,,0,0,0,0
1776146416490884,1790683812.991161,12991,idle,1459.3,116.6,255.7,,,0,0,0,0
1776146555754136,1790683813.130424,13130,idle,1089.8,86.6,198.4,,,0,0,0,0
1776146695162916,1790683813.269833,13269,idle,1082.1,104.1,177.1,,,0,0,0,0
1776146836058485,1790683813.410728,13410,idle,1348.4,120.5,225.6,,,0,0,0,0
1776146982759296,1790683813.557429,13557,idle,1047.5,74.8,201.1,,,0,0,0,0
1776147126447775,1790683813.701117,13701,idle,2278.3,155.9,367.9,,,0,0,0,0
1776147266133378,1790683813.840803,13840,idle,960.1,80.2,178.6,,,0,0,0,0
1776147406087757,1790683813.980757,13980,idle,1597.5,161.4,306.1,,,0,0,0,0
1776147545844844,1790683814.120515,14120,idle,1239.6,120.7,206.1,,,0,0,0,0
1776147686109479,1790683814.260779,14260,idle,2252.9,165.7,381.5,,,0,0,0,0
1776147823141294,1790683814.397811,14397,decode,1677.5,132.5,272.8,,,0,0,1,0
1776147965181509,1790683814.539851,14539,idle,1075.4,99.4,196.3,,,0,0,0,0
1776148106243720,1790683814.680913,14680,idle,4938.5,265.0,460.7,,,0,0,0,0
1776148246645668,1790683814.821315,14821,idle,2119.7,165.7,381.7,,,0,0,0,0
1776148386402859,1790683814.961073,14961,idle,1299.7,141.9,282.6,,,0,0,0,0
1776148528885413,1790683815.103555,103,tx,126381.0,113.7,258.0,,,1,0,0,1
1776148716581698,1790683815.291251,291,tx,53076.1,136.8,311.9,,,1,0,0,1
1776148860073232,1790683815.434743,434,tx,52552.1,126.6,259.9,,,1,0,0,1
1776149004044843,1790683815.578713,578,tx,59375.1,180.7,400.4,,,1,0,0,1
1776149145094586,1790683815.719764,719,tx,53470.5,183.8,393.3,,,1,0,0,1
1776149289387342,1790683815.864057,864,tx,52490.4,388.2,482.1,,,1,0,0,1
1776149434594079,1790683816.009264,1009,tx,53007.6,132.2,320.4,,,1,0,0,1
1776149579528440,1790683816.154197,1154,tx,53510.5,126.3,337.4,,,1,0,0,1
1776149724771741,1790683816.299440,1299,tx,52125.1,112.5,316.7,,,1,0,0,1
1776149868074022,1790683816.442744,1442,tx,52632.9,454.2,594.7,,,1,0,0,1
1776150011666425,1790683816.586337,1586,tx,51276.9,111.1,194.8,,,1,0,0,1
1776150155066386,1790683816.729736,1729,tx,52627.8,154.6,381.5,,,1,0,0,1
1776150298780819,1790683816.873451,1873,tx,52652.1,122.2,260.7,,,1,0,0,1
1776150443553916,1790683817.018223,2018,tx,71983.6,136.5,345.1,,,1,0,0,1
1776150587814506,1790683817.162484,2162,tx,52524.3,74.6,145.4,,,1,0,0,1
1776150727674947,1790683817.302344,2302,tx,52180.1,112.3,315.5,,,1,0,0,1
1776150871819939,1790683817.446489,2446,tx,52143.0,153.4,420.1,,,1,0,0,1
1776151016106999,1790683817.590776,2590,tx,53709.3,147.8,366.1,,,1,0,0,1
1776151161345129,1790683817.736015,2736,tx,53083.0,374.7,517.5,,,1,0,0,1
1776151305160731,1790683817.879831,2879,tx,52383.6,133.7,221.0,,,1,0,0,1
1776151449827569,1790683818.024497,3024,tx,55607.2,191.8,456.5,,,1,0,0,1
1776151594827888,1790683818.169497,3169,tx,52169.5,149.3,391.0,,,1,0,0,1
1776151738635761,1790683818.313305,3313,tx,53279.0,153.7,354.4,,,1,0,0,1
1776151882458796,1790683818.457129,3457,tx,51391.1,306.8,400.3,,,1,0,0,1
1776152021259120,1790683818.595929,3595,tx,51992.8,111.3,222.0,,,1,0,0,1
1776152164560565,1790683818.739230,3739,tx,52431.4,226.6,322.0,,,1,0,0,1
1776152308058054,1790683818.882728,3882,tx,52575.1,115.0,221.1,,,1,0,0,1
1776152452591684,1790683819.027262,4027,tx,56096.0,175.5,278.8,,,1,0,0,1
1776152596539228,1790683819.171209,4171,tx,52923.0,267.3,378.9,,,1,0,0,1
1776152740928658,1790683819.315597,4315,tx,51918.7,106.8,309.6,,,1,0,0,1
1776152884095255,1790683819.458765,4458,tx,52971.2,146.0,335.3,,,1,0,0,1
1776153028135509,1790683819.602805,4602,tx,53060.2,120.9,272.5,,,1,0,0,1
1776153171895553,1790683819.746565,4746,tx,52558.4,113.5,193.5,,,1,0,0,1
1776153315134597,1790683819.889805,4889,tx,52396.9,90.5,190.2,,,1,0,0,1
1776153458571671,1790683820.033242,5033,tx,51313.3,236.1,329.3,,,1,0,0,1
1776153602060341,1790683820.176730,5176,tx,52718.8,100.7,191.6,,,1,0,0,1
1776153746336256,1790683820.321006,5321,tx,53288.6,256.4,498.7,,,1,0,0,1
1776153890040939,1790683820.464711,5464,tx,52047.9,134.1,233.1,,,1,0,0,1
1776154034671070,1790683820.609341,5609,tx,81787.7,153.0,299.9,,,1,0,0,1
1776154178210224,1790683820.752880,5752,tx,52780.3,116.2,275.9,,,1,0,0,1
1776154322048518,1790683820.896718,5896,tx,52609.9,173.3,320.7,,,1,0,0,1
1776154465544205,1790683821.040214,6040,tx,52655.4,110.1,287.8,,,1,0,0,1
1776154608974558,1790683821.183644,6183,tx,52468.2,138.8,262.7,,,1,0,0,1
1776154752131675,1790683821.326802,6326,tx,52823.2,124.2,310.0,,,1,0,0,1
1776154896050861,1790683821.470721,6470,tx,51545.6,151.9,281.6,,,1,0,0,1
1776155038650116,1790683821.613320,6613,tx,52395.2,81.9,196.2,,,1,0,0,1
1776155181928172,1790683821.756598,6756,tx,52870.4,96.8,224.9,,,1,0,0,1
1776155325434117,1790683821.900104,6900,tx,53171.2,266.4,377.9,,,1,0,0,1
1776155469085164,1790683822.043755,7043,tx,52617.9,131.7,255.3,,,1,0,0,1
1776155612904849,1790683822.187575,7187,tx,52516.5,92.4,215.9,,,1,0,0,1
1776155756295934,1790683822.330966,7330,tx,52526.8,118.6,237.2,,,1,0,0,1
1776155900856562,1790683822.475526,7475,tx,61448.3,146.5,363.2,,,1,0,0,1
1776156043770472,1790683822.618440,7618,tx,52380.2,71.6,159.7,,,1,0,0,1
1776156188041977,1790683822.762711,7762,tx,53054.6,127.1,365.5,,,1,0,0,1
1776156325203370,1790683822.899873,7899,tx,53250.0,160.7,373.1,,,1,0,0,1
1776156470678014,1790683823.045347,8045,tx,53423.9,168.9,382.2,,,1,0,0,1
1776156615168225,1790683823.189838,8189,tx,52576.7,69.4,140.8,,,1,0,0,1
1776156758148871,1790683823.332819,8332,tx,51349.4,122.3,236.6,,,1,0,0,1
1776156901923091,1790683823.476592,8476,tx,62409.9,161.6,396.4,,,1,0,0,1
1776157045807859,1790683823.620477,8620,tx,53066.5,158.7,391.1,,,1,0,0,1
1776157190835913,1790683823.765506,8765,tx,52609.4,126.2,257.2,,,1,0,0,1
1776157334103404,1790683823.908773,8908,tx,52363.3,110.3,209.3,,,1,0,0,1
1776157478290170,1790683824.052959,9052,tx,51805.6,118.8,302.8,,,1,0,0,1
1776157621142891,1790683824.195813,9195,tx,69974.7,126.7,248.0,,,1,0,0,1
1776157764670309,1790683824.339340,9339,tx,52032.3,152.6,352.9,,,1,0,0,1
1776157907634232,1790683824.482304,9482,tx,52266.8,111.1,215.2,,,1,0,0,1
1776158051298651,1790683824.625969,9625,tx,52993.3,133.0,273.7,,,1,0,0,1
1776158193585680,1790683824.768256,9768,tx,52314.4,145.9,234.0,,,1,0,0,1
1776158336963271,1790683824.911633,9911,tx,51490.9,109.7,229.9,,,1,0,0,1
1776158480105405,1790683825.054775,10054,tx,53318.0,162.0,365.9,,,1,0,0,1
1776158624074982,1790683825.198745,10198,tx,51465.3,104.8,206.5,,,1,0,0,1
1776158767691426,1790683825.342360,10342,tx,53069.3,163.9,396.2,,,1,0,0,1
1776158912487775,1790683825.487157,10487,tx,53201.3,198.6,406.8,,,1,0,0,1
1776159057774899,1790683825.632444,10632,tx,53139.2,156.1,418.9,,,1,0,0,1
1776159202118550,1790683825.776788,10776,tx,54941.4,108.2,265.0,,,1,0,0,1
1776159348775767,1790683825.923446,10923,tx,51598.6,134.9,235.1,,,1,0,0,1
1776159491785776,1790683826.066455,11066,tx,52250.1,190.0,448.7,,,1,0,0,1
1776159630551355,1790683826.205221,11205,tx,53084.1,132.0,323.4,,,1,0,0,1
1776159775408316,1790683826.350078,11350,tx,53325.9,259.1,475.1,,,1,0,0,1
1776159919113836,1790683826.493784,11493,tx,51481.9,105.3,207.2,,,1,0,0,1
1776160062369285,1790683826.637039,11637,tx,53315.0,314.1,538.4,,,1,0,0,1
1776160207057897,1790683826.781726,11781,tx,52987.8,144.3,376.4,,,1,0,0,1
1776160351106620,1790683826.925777,11925,tx,52490.5,155.4,266.0,,,1,0,0,1
1776160495295496,1790683827.069965,12069,tx,52703.2,114.9,252.7,,,1,0,0,1
1776160638868620,1790683827.213539,12213,tx,51501.5,95.6,181.2,,,1,0,0,1
1776160780976508,1790683827.355646,12355,tx,51716.5,131.3,237.5,,,1,0,0,1
1776160924527540,1790683827.499197,12499,tx,52169.1,200.6,432.8,,,1,0,0,1
1776161068680285,1790683827.643349,12643,tx,53189.2,172.6,417.9,,,1,0,0,1
1776161212434133,1790683827.787104,12787,tx,71518.4,107.6,191.0,,,1,0,0,1
1776161356963591,1790683827.931633,12931,tx,52119.0,156.5,375.3,,,1,0,0,1
1776161501385681,1790683828.076054,13076,tx,77739.8,333.2,571.2,,,1,0,0,1
1776161639610375,1790683828.214280,13214,tx,52312.5,199.8,262.0,,,1,0,0,1
1776161782678691,1790683828.357349,13357,tx,52211.6,78.8,190.0,,,1,0,0,1
1776161926620826,1790683828.501291,13501,tx,51407.8,200.1,294.8,,179370.1,1,0,0,1
1776162070116074,1790683828.644785,13644,tx,53169.0,157.2,358.3,,,0,0,0,0
1776162214540350,1790683828.789210,13789,idle,53090.2,385.2,518.5,,,0,0,0,0
1776162419046649,1790683828.993716,13993,idle,1413.0,86.9,152.5,,,0,0,0,0
1776162558070914,1790683829.132740,14132,idle,1986.8,146.4,342.8,,,0,0,0,0
1776162697869232,1790683829.272539,14272,idle,1644.7,125.8,294.2,,,0,0,0,0
1776162838035660,1790683829.412705,14412,idle,1497.0,92.1,214.1,,,0,0,0,0
1776162978265359,1790683829.552934,14552,idle,2326.2,146.8,355.9,,,0,0,0,0
1776163117849787,1790683829.692520,14692,idle,1058.5,106.5,222.6,,,0,0,0,0
1776163258201743,1790683829.832872,14832,idle,1349.4,125.6,240.9,,,0,0,0,0
1776163398139533,1790683829.972809,14972,idle,2392.0,151.8,362.7,,,0,0,0,0
1776163538625237,1790683830.113295,113,idle,2763.9,188.6,418.6,,,0,0,0,0
1776163678109892,1790683830.252779,252,idle,2076.1,125.1,337.8,,,0,0,0,0
1776163817599584,1790683830.392270,392,idle,1250.3,330.7,420.5,,,0,0,0,0
1776163957247114,1790683830.531917,531,idle,1333.5,114.5,230.1,,,0,0,0,0
1776164098660580,1790683830.673329,673,idle,2264.8,128.4,388.9,,,0,0,0,0
1776164238105887,1790683830.812775,812,idle,1922.4,119.0,332.8,,,0,0,0,0
1776164378101876,1790683830.952771,952,idle,1976.4,124.8,302.5,,,0,0,0,0
1776164518029403,1790683831.092699,1092,idle,806.1,77.4,141.7,,,0,0,0,0
1776164658225746,1790683831.232895,1232,idle,2349.7,131.9,321.7,,,0,0,0,0
1776164798138553,1790683831.372808,1372,idle,2180.7,135.8,353.6,,,0,0,0,0
1776164938012186,1790683831.512670,1512,idle,1513.2,93.8,198.5,,,0,0,0,0
1776165077789388,1790683831.652459,1652,idle,1317.1,146.7,288.5,,,0,0,0,0
1776165217983659,1790683831.792654,1792,idle,1487.3,83.4,218.8,,,0,0,0,0
1776165357797707,1790683831.932467,1932,idle,1368.6,113.4,248.0,,,0,0,0,0
1776165497487301,1790683832.072157,2072,idle,1739.6,438.3,595.2,,,0,0,0,0
1776165637638239,1790683832.212308,2212,idle,1388.6,267.4,421.7,,,0,0,0,0
1776165777181710,1790683832.351851,2351,idle,1562.4,110.3,197.6,,,0,0,0,0
1776165917302667,1790683832.491972,2491,idle,1239.0,75.5,196.6,,,0,0,0,0
1776166058197928,1790683832.632868,2632,idle,1457.7,90.4,251.6,,,0,0,0,0
1776166197566946,1790683832.772237,2772,idle,1567.1,431.4,546.8,,,0,0,0,0
1776166338596641,1790683832.913266,2913,idle,2539.0,291.0,538.1,,,0,0,0,0
1776166478444416,1790683833.053113,3053,idle,2509.5,429.6,642.3,,,0,0,0,0
1776166618029301,1790683833.192699,3192,idle,1119.1,107.5,213.2,,,0,0,0,0
1776166757442624,1790683833.332112,3332,idle,1771.2,152.0,292.1,,,0,0,0,0
1776166898233055,1790683833.472902,3472,idle,2548.3,178.4,413.2,,,0,0,0,0
1776167038679158,1790683833.613348,3613,idle,2530.8,234.7,451.4,,,0,0,0,0
1776167177097433,1790683833.751767,3751,idle,1248.6,103.4,200.6,,,0,0,0,0
1776167317430793,1790683833.892100,3892,idle,1137.0,75.4,168.6,,,0,0,0,0
1776167458633254,1790683834.033303,4033,idle,2170.2,126.5,320.9,,,0,0,0,0
1776167597904135,1790683834.172573,4172,idle,2047.9,158.0,349.7,,,0,0,0,0
1776167738888526,1790683834.313558,4313,idle,2156.1,164.2,386.8,,,0,0,0,0
1776167878461110,1790683834.453130,4453,idle,2336.5,306.4,537.1,,,0,0,0,0
1776168017742382,1790683834.592412,4592,idle,983.5,98.5,188.3,,,0,0,0,0
1776168157528746,1790683834.732198,4732,idle,2039.4,271.8,448.6,,,0,0,0,0
1776168297583308,1790683834.872253,4872,idle,1242.0,297.4,388.0,,,0,0,0,0
1776168438096091,1790683835.012765,5012,idle,1987.5,156.9,354.3,,,0,0,0,0
1776168578129478,1790683835.152798,5152,idle,2286.1,111.0,342.4,,,0,0,0,0
1776168717811052,1790683835.292481,5292,idle,823.8,71.6,143.8,,,0,0,0,0
1776168858495818,1790683835.433165,5433,idle,2583.4,306.2,533.9,,,0,0,0,0
1776168998295987,1790683835.572965,5572,idle,2054.8,108.8,302.6,,,0,0,0,0
1776169138587400,1790683835.713257,5713,idle,1847.5,221.7,406.4,,,0,0,0,0
1776169278083997,1790683835.852753,5852,idle,1308.3,101.2,226.8,,,0,0,0,0
1776169417696742,1790683835.992367,5992,idle,1011.0,161.4,252.8,,,0,0,0,0
1776169557977602,1790683836.132647,6132,idle,1938.5,135.1,314.8,,,0,0,0,0
1776169697900092,1790683836.272569,6272,idle,2085.1,179.6,378.4,,,0,0,0,0
1776169838138644,1790683836.412808,6412,idle,1404.3,88.2,227.5,,,0,0,0,0
1776169977275485,1790683836.551945,6551,idle,1133.5,131.5,222.6,,,0,0,0,0
1776170118185358,1790683836.692855,6692,idle,1265.9,108.1,201.4,,,0,0,0,0
1776170258850160,1790683836.833520,6833,idle,2182.2,144.6,366.2,,,0,0,0,0
1776170398764659,1790683836.973434,6973,idle,2204.4,143.7,441.4,,,0,0,0,0
1776170538379885,1790683837.113049,7113,idle,1951.3,123.2,309.1,,,0,0,0,0
1776170677833922,1790683837.252504,7252,idle,894.3,80.1,173.8,,,0,0,0,0
1776170817769361,1790683837.392438,7392,idle,2020.3,145.7,352.2,,,0,0,0,0
1776170957973156,1790683837.532643,7532,idle,1220.4,141.4,260.6,,,0,0,0,0
1776171097981819,1790683837.672651,7672,idle,2009.2,177.8,404.7,,,0,0,0,0
1776171238139135,1790683837.812809,7812,idle,2270.6,120.2,358.2,,,0,0,0,0
1776171376937907,1790683837.951608,7951,idle,1005.0,73.1,162.1,,,0,0,0,0
1776171518128424,1790683838.092798,8092,idle,1983.2,179.7,385.1,,,0,0,0,0
1776171657953219,1790683838.232622,8232,idle,2120.7,176.4,366.6,,,0,0,0,0
1776171797776691,1790683838.372446,8372,idle,2220.5,173.2,391.3,,,0,0,0,0
1776171937858887,1790683838.512528,8512,idle,2337.9,155.5,402.3,,,0,0,0,0
1776172077174885,1790683838.651845,8651,idle,1135.8,103.7,206.6,,,0,0,0,0
1776172218087476,1790683838.792757,8792,idle,2234.7,152.1,365.6,,,0,0,0,0
1776172358165355,1790683838.932835,8932,idle,1498.3,130.8,270.0,,,0,0,0,0
1776172498259613,1790683839.072929,9072,idle,2199.0,128.4,340.1,,,0,0,0,0
1776172638498581,1790683839.213168,9213,idle,1437.0,149.7,285.2,,,0,0,0,0
1776172777175021,1790683839.351845,9351,idle,1137.2,105.9,206.2,,,0,0,0,0
1776172917993009,1790683839.492662,9492,idle,2199.7,186.6,429.8,,,0,0,0,0
1776173058250844,1790683839.632920,9632,idle,2339.2,148.4,398.9,,,0,0,0,0
1776173198050183,1790683839.772719,9772,idle,1982.3,152.2,362.3,,,0,0,0,0
1776173338150975,1790683839.912821,9912,idle,1064.0,77.2,151.9,,,0,0,0,0
1776173477450833,1790683840.052121,10052,idle,1209.8,139.7,238.0,,,0,0,0,0
1776173617997890,1790683840.192667,10192,idle,2612.4,187.8,425.3,,,0,0,0,0
1776173758267610,1790683840.332937,10332,idle,2474.6,185.9,423.6,,,0,0,0,0
1776173898832467,1790683840.473502,10473,idle,2276.4,194.3,444.8,,,0,0,0,0
1776174037163965,1790683840.611834,10611,idle,1128.2,114.1,212.5,,,0,0,0,0
1776174178198199,1790683840.752868,10752,idle,1537.1,162.7,302.4,,,0,0,0,0
1776174318208558,1790683840.892878,10892,idle,1622.9,126.9,282.8,,,0,0,0,0
1776174458340945,1790683841.033010,11033,idle,2109.8,160.7,376.3,,,0,0,0,0
1776174598266799,1790683841.172936,11172,idle,2393.2,180.2,383.6,,,0,0,0,0
1776174737715550,1790683841.312386,11312,idle,1107.1,239.6,335.5,,,0,0,0,0
1776174878073704,1790683841.452743,11452,idle,1987.2,187.7,399.4,,,0,0,0,0
1776175018029664,1790683841.592699,11592,idle,1129.2,115.0,223.2,,,0,0,0,0
1776175158732192,1790683841.733402,11733,idle,1992.6,113.8,322.8,,,0,0,0,0
1776175297196807,1790683841.871866,11871,idle,1639.8,110.1,305.3,,,0,0,0,0
1776175438274072,1790683842.012944,12012,idle,1631.0,91.3,207.9,,,0,0,0,0
1776175578098785,1790683842.152769,12152,idle,1446.0,112.7,244.3,,,0,0,0,0
1776175717329575,1790683842.292000,12291,idle,1391.8,146.6,285.1,,,0,0,0,0
1776175857687157,1790683842.432357,12432,idle,1420.6,253.6,356.0,,,0,0,0,0
1776175997682240,1790683842.572352,12572,idle,1403.1,236.9,358.8,,,0,0,0,0
1776176137468849,1790683842.712138,12712,idle,1498.5,118.7,224.2,,,0,0,0,0
1776176277474985,1790683842.852145,12852,idle,1195.2,127.5,216.1,,,0,0,0,0
1776176417693975,1790683842.992364,12992,idle,1449.3,239.1,368.3,,,0,0,0,0
1776176557782265,1790683843.132452,13132,idle,1470.6,144.8,269.6,,,0,0,0,0
1776176697968727,1790683843.272639,13272,idle,1119.6,83.5,226.2,,,0,0,0,0
1776176837119044,1790683843.411789,13411,idle,12763.3,1101.5,4112.4,,,0,0,0,0
1776176990074952,1790683843.564745,13564,idle,14055.1,94.0,5754.6,,,0,0,0,0
1776177128955001,1790683843.703625,13703,idle,1248.3,140.6,244.7,,,0,0,0,0
1776177269265310,1790683843.843934,13843,idle,2121.5,155.8,382.1,,,0,0,0,0
1776177409482592,1790683843.984153,13984,idle,1098.3,113.6,228.3,,,0,0,0,0
1776177548982705,1790683844.123653,14123,idle,973.0,132.6,215.5,,,0,0,0,0
1776177688925585,1790683844.263596,14263,idle,1088.4,131.5,232.6,,,0,0,0,0
1776177831252674,1790683844.405923,14405,decode,842.1,77.7,148.2,,,0,0,1,0
1776177968660614,1790683844.543331,14543,idle,907.4,107.7,182.6,,,0,0,0,0
1776178108163198,1790683844.682833,14682,idle,850.0,79.6,170.9,,,0,0,0,0
1776178248820384,1790683844.823491,14823,idle,1015.3,182.8,270.7,,,0,0,0,0
1776178388412014,1790683844.963082,14963,idle,1100.0,102.9,197.8,,,0,0,0,0
1776178530256279,1790683845.104926,104,idle,138692.2,1970.0,9771.3,,,0,0,0,1
1776178729459453,1790683845.304129,304,tx,51440.2,105.5,190.7,,,1,0,0,1
1776178872224431,1790683845.446894,446,tx,90046.6,154.0,345.9,,,1,0,0,1
1776179016241845,1790683845.590912,590,tx,51993.0,76.3,167.9,,,1,0,0,1
1776179160316336,1790683845.734986,734,tx,51972.3,163.0,372.0,,,1,0,0,1
1776179304610416,1790683845.879280,879,tx,54434.1,468.6,685.5,,,1,0,0,1
1776179451196914,1790683846.025866,1025,tx,53264.9,145.0,354.5,,,1,0,0,1
1776179596092151,1790683846.170762,1170,tx,52810.6,122.0,253.7,,,1,0,0,1
1776179739483963,1790683846.314154,1314,tx,51569.0,128.0,205.4,,,1,0,0,1
1776179882711124,1790683846.457380,1457,tx,53528.4,370.0,584.6,,,1,0,0,1
1776180028047675,1790683846.602716,1602,tx,53312.0,177.9,395.9,,,1,0,0,1
1776180173179057,1790683846.747847,1747,tx,53310.5,199.7,439.8,,,1,0,0,1
1776180317166148,1790683846.891836,1891,tx,52625.9,101.6,187.1,,,1,0,0,1
1776180461655858,1790683847.036325,2036,tx,52603.6,448.2,651.9,,,1,0,0,1
1776180605832494,1790683847.180501,2180,tx,56551.5,234.7,477.0,,,1,0,0,1
1776180744036449,1790683847.318706,2318,tx,52240.1,189.8,395.8,,,1,0,0,1
1776180887847850,1790683847.462517,2462,tx,53103.0,234.3,444.0,,,1,0,0,1
1776181032899105,1790683847.607569,2607,tx,51350.6,285.7,378.8,,,1,0,0,1
1776181175880709,1790683847.750551,2750,tx,51614.7,317.2,395.7,,,1,0,0,1
1776181319787771,1790683847.894457,2894,tx,52530.8,266.7,531.8,,,1,0,0,1
1776181463864088,1790683848.038533,3038,tx,53482.4,213.8,469.2,,,1,0,0,1
1776181608208731,1790683848.182879,3182,tx,52752.4,130.6,219.0,,,1,0,0,1
1776181751905021,1790683848.326575,3326,tx,52560.7,241.2,376.2,,,1,0,0,1
1776181895995780,1790683848.470665,3470,tx,52363.1,131.4,412.2,,,1,0,0,1
1776182040145153,1790683848.614813,3614,tx,52263.9,166.1,370.5,,,1,0,0,1
1776182184549978,1790683848.759218,3759,tx,53524.5,156.4,390.2,,,1,0,0,1
1776182328926677,1790683848.903597,3903,tx,52340.2,264.1,362.8,,,1,0,0,1
1776182472797481,1790683849.047467,4047,tx,72909.1,373.0,548.4,,,1,0,0,1
1776182617263311,1790683849.191932,4191,tx,52177.1,189.9,414.9,,,1,0,0,1
1776182761064916,1790683849.335734,4335,tx,52243.8,188.0,489.7,,,1,0,0,1
1776182905219782,1790683849.479890,4479,tx,52229.7,97.8,159.8,,,1,0,0,1
1776183049698951,1790683849.624368,4624,tx,54152.7,415.1,644.4,,,1,0,0,1
1776183196036465,1790683849.770705,4770,tx,52586.6,172.3,394.2,,,1,0,0,1
1776183336392867,1790683849.911063,4911,tx,51746.3,106.9,230.5,,,1,0,0,1
1776183479737762,1790683850.054407,5054,tx,53617.5,352.6,564.2,,,1,0,0,1
1776183624403144,1790683850.199073,5199,tx,51551.8,129.7,242.2,,,1,0,0,1
1776183766818685,1790683850.341489,5341,tx,51854.7,221.7,364.8,,,1,0,0,1
1776183909535722,1790683850.484206,5484,tx,52369.5,109.4,168.5,,,1,0,0,1
1776184052896761,1790683850.627566,5627,tx,52464.8,130.7,284.3,,,1,0,0,1
1776184196043584,1790683850.770714,5770,tx,52373.7,134.0,231.6,,,1,0,0,1
1776184340038348,1790683850.914708,5914,tx,51759.7,147.2,270.0,,,1,0,0,1
1776184482308539,1790683851.056978,6056,tx,52668.3,137.9,247.2,,,1,0,0,1
1776184627177969,1790683851.201847,6201,tx,52170.8,168.1,380.5,,,1,0,0,1
1776184770551966,1790683851.345222,6345,tx,52821.0,139.8,279.0,,,1,0,0,1
1776184914747491,1790683851.489418,6489,tx,52490.0,303.3,394.5,,,1,0,0,1
1776185059332497,1790683851.634002,6634,tx,52224.0,170.6,395.2,,,1,0,0,1
1776185203480625,1790683851.778150,6778,tx,55987.3,163.9,368.4,,,1,0,0,1
1776185340927882,1790683851.915597,6915,tx,52350.0,159.8,381.5,,,1,0,0,1
1776185485314866,1790683852.059984,7059,tx,52814.8,130.3,319.2,,,1,0,0,1
1776185628998324,1790683852.203669,7203,tx,52476.9,133.2,228.5,,,1,0,0,1
1776185772222889,1790683852.346893,7346,tx,52718.6,111.4,213.1,,,1,0,0,1
1776185915712282,1790683852.490382,7490,tx,52759.2,303.0,471.1,,,1,0,0,1
1776186059744285,1790683852.634414,7634,tx,80691.4,345.2,496.7,,,1,0,0,1
1776186204298774,1790683852.778969,7778,tx,52717.6,93.6,197.9,,,1,0,0,1
1776186347721673,1790683852.922392,7922,tx,51734.7,83.5,215.2,,,1,0,0,1
1776186490734296,1790683853.065404,8065,tx,52882.1,287.3,430.0,,,1,0,0,1
1776186635252353,1790683853.209922,8209,tx,51675.1,88.0,203.5,,,1,0,0,1
1776186778071506,1790683853.352741,8352,tx,52728.9,135.0,282.2,,,1,0,0,1
1776186922276317,1790683853.496946,8496,tx,52771.4,113.2,248.1,,,1,0,0,1
1776187065940474,1790683853.640610,8640,tx,51874.9,161.8,313.0,,,1,0,0,1
1776187208645512,1790683853.783315,8783,tx,52784.2,124.2,257.4,,,1,0,0,1
1776187353146131,1790683853.927816,8927,tx,52895.1,174.4,300.8,,,1,0,0,1
1776187497632845,1790683854.072302,9072,tx,53229.6,211.7,446.6,,,1,0,0,1
1776187641717107,1790683854.216387,9216,tx,51580.8,103.0,172.4,,,1,0,0,1
1776187784822120,1790683854.359492,9359,tx,52359.7,191.1,439.5,,,1,0,0,1
1776187928908544,1790683854.503578,9503,tx,53056.0,157.1,381.9,,,1,0,0,1
1776188072959144,1790683854.647629,9647,tx,52780.5,155.7,290.7,,,1,0,0,1
1776188216924620,1790683854.791595,9791,tx,52410.7,188.1,295.2,,,1,0,0,1
1776188360146046,1790683854.934816,9934,tx,52599.4,105.3,209.9,,,1,0,0,1
1776188504143118,1790683855.078812,10078,tx,63571.1,158.3,351.8,,,1,0,0,1
1776188648667769,1790683855.223337,10223,tx,54900.9,141.1,314.4,,,1,0,0,1
1776188792395718,1790683855.367066,10367,tx,52518.4,121.4,250.3,,,1,0,0,1
1776188936184769,1790683855.510855,10510,tx,52362.2,89.1,205.1,,,1,0,0,1
1776189080358621,1790683855.655028,10655,tx,52238.3,129.2,331.0,,,1,0,0,1
1776189223263559,1790683855.797933,10797,tx,51872.0,154.1,290.8,,,1,0,0,1
1776189366261220,1790683855.940931,10940,tx,52802.4,156.1,288.7,,,1,0,0,1
1776189509979208,1790683856.084649,11084,tx,52851.0,165.6,265.8,,,1,0,0,1
1776189654231305,1790683856.228901,11228,tx,72737.1,138.5,261.9,,,1,0,0,1
1776189798397193,1790683856.373066,11373,tx,53018.3,149.8,358.1,,,1,0,0,1
1776189942106988,1790683856.516776,11516,tx,52605.1,125.4,276.6,,,1,0,0,1
1776190086265694,1790683856.660935,11660,tx,51794.1,102.2,257.5,,,1,0,0,1
1776190228940973,1790683856.803611,11803,tx,52884.1,209.9,316.0,,,1,0,0,1
1776190372637922,1790683856.947308,11947,tx,55449.8,147.8,281.8,,,1,0,0,1
1776190517999368,1790683857.092669,12092,tx,51995.8,154.7,299.4,,,1,0,0,1
1776190662526083,1790683857.237195,12237,tx,53525.7,201.8,436.5,,,1,0,0,1
1776190807591461,1790683857.382261,12382,tx,53315.8,144.4,359.9,,,1,0,0,1
1776190952178485,1790683857.526849,12526,tx,51455.9,136.2,255.4,,,1,0,0,1
1776191095891412,1790683857.670561,12670,tx,52501.6,229.9,444.5,,,1,0,0,1
1776191240098714,1790683857.814768,12814,tx,52340.2,167.0,408.5,,,1,0,0,1
1776191383974959,1790683857.958644,12958,tx,53540.2,183.5,413.8,,,1,0,0,1
1776191527898464,1790683858.102568,13102,tx,52526.2,270.4,355.8,,,1,0,0,1
1776191671700937,1790683858.246371,13246,tx,51778.5,118.0,232.8,,,1,0,0,1
1776191815426034,1790683858.390095,13390,tx,52432.1,166.0,401.3,,,1,0,0,1
1776191959294747,1790683858.533965,13533,tx,53023.9,159.9,333.6,,147926.7,1,0,0,1
1776192104249959,1790683858.678920,13678,tx,59147.2,127.3,3002.5,,,0,0,0,0
1776192244457339,1790683858.819127,13819,idle,52582.8,107.1,187.7,,,0,0,0,0
1776192427041411,1790683859.001710,14001,idle,3692.4,231.6,400.8,,,0,0,0,0
1776192568454491,1790683859.143124,14143,idle,1590.9,104.8,263.6,,,0,0,0,0
1776192709332704,1790683859.284002,14284,idle,2200.6,112.6,300.8,,,0,0,0,0
1776192849068232,1790683859.423738,14423,idle,1285.5,207.5,362.1,,,0,0,0,0
1776192987916233,1790683859.562586,14562,idle,1288.7,409.2,504.4,,,0,0,0,0
1776193129281052,1790683859.703950,14703,idle,2169.9,121.1,365.0,,,0,0,0,0
1776193268479280,1790683859.843149,14843,idle,1836.1,102.1,286.9,,,0,0,0,0
1776193408131118,1790683859.982801,14982,idle,3238.8,133.9,345.6,,,0,0,0,0
1776193548168851,1790683860.122839,122,idle,3342.1,180.4,271.1,,,0,0,0,0
1776193688609050,1790683860.263279,263,idle,1358.3,116.3,207.4,,,0,0,0,0
1776193828665187,1790683860.403335,403,idle,2560.5,157.1,379.0,,,0,0,0,0
1776193968320496,1790683860.542990,542,idle,2167.9,153.6,397.4,,,0,0,0,0
1776194108449850,1790683860.683118,683,idle,3103.1,151.0,372.2,,,0,0,0,0
1776194247908848,1790683860.822579,822,idle,1517.7,408.7,534.4,,,0,0,0,0
1776194388637606,1790683860.963307,963,idle,1460.4,115.6,227.4,,,0,0,0,0
1776194528208689,1790683861.102879,1102,idle,1310.9,132.8,255.9,,,0,0,0,0
1776194668783047,1790683861.243453,1243,idle,1624.0,149.1,293.1,,,0,0,0,0
1776194808342023,1790683861.383012,1383,idle,1043.6,107.8,235.1,,,0,0,0,0
1776194949048734,1790683861.523719,1523,idle,9256.9,2969.7,5967.1,,,0,0,0,0
1776195088691313,1790683861.663361,1663,idle,2285.6,83.4,187.6,,,0,0,0,0
1776195228543440,1790683861.803213,1803,idle,1380.1,82.3,207.9,,,0,0,0,0
1776195368518142,1790683861.943188,1943,idle,1593.1,118.2,224.2,,,0,0,0,0
1776195508427343,1790683862.083097,2083,idle,1639.0,130.7,245.2,,,0,0,0,0
1776195651599231,1790683862.226269,2226,idle,7388.0,960.2,4419.6,,,0,0,0,0
1776195789189935,1790683862.363860,2363,idle,4183.1,380.6,3251.1,,,0,0,0,0
1776195929095875,1790683862.503766,2503,idle,1731.8,224.8,340.4,,,0,0,0,0
1776196067645582,1790683862.642315,2642,idle,1420.3,115.7,242.0,,,0,0,0,0
1776196208494240,1790683862.783163,2783,idle,1915.2,152.8,318.4,,,0,0,0,0
1776196349199782,1790683862.923869,2923,idle,2311.4,155.9,397.7,,,0,0,0,0
1776196488614161,1790683863.063284,3063,idle,1453.6,121.0,246.0,,,0,0,0,0
1776196627955746,1790683863.202626,3202,idle,1351.2,385.7,489.9,,,0,0,0,0
1776196768744086,1790683863.343412,3343,idle,2105.4,140.4,375.4,,,0,0,0,0
1776196908318659,1790683863.482988,3482,idle,4167.5,91.2,259.4,,,0,0,0,0
1776197048510416,1790683863.623180,3623,idle,1949.0,129.4,399.1,,,0,0,0,0
1776197187717597,1790683863.762388,3762,idle,1265.6,117.0,253.0,,,0,0,0,0
1776197328119424,1790683863.902789,3902,idle,1149.9,160.9,266.4,,,0,0,0,0
1776197468767697,1790683864.043437,4043,idle,1230.1,116.6,199.7,,,0,0,0,0
1776197609375650,1790683864.184045,4184,idle,1743.3,148.9,338.7,,,0,0,0,0
1776197749590380,1790683864.324260,4324,idle,2129.9,155.4,385.6,,,0,0,0,0
1776197889066044,1790683864.463736,4463,idle,1076.8,130.9,249.6,,,0,0,0,0
1776198028590067,1790683864.603260,4603,idle,1475.2,92.6,257.1,,,0,0,0,0
1776198168465824,1790683864.743135,4743,idle,2155.7,190.4,430.9,,,0,0,0,0
1776198309419307,1790683864.884089,4884,idle,2146.8,183.9,420.0,,,0,0,0,0
1776198448792746,1790683865.023462,5023,idle,2348.6,324.9,593.2,,,0,0,0,0
1776198589802749,1790683865.164473,5164,idle,918.8,80.5,170.0,,,0,0,0,0
1776198728522948,1790683865.303193,5303,idle,1347.7,118.2,255.2,,,0,0,0,0
1776198869430648,1790683865.444101,5444,idle,1422.4,139.4,258.7,,,0,0,0,0
1776199008514282,1790683865.583184,5583,idle,1447.7,155.2,299.5,,,0,0,0,0
1776199149296577,1790683865.723966,5723,idle,2157.8,139.2,352.1,,,0,0,0,0
1776199290281199,1790683865.864951,5864,idle,976.7,104.3,202.3,,,0,0,0,0
1776199428227445,1790683866.002898,6002,idle,1033.1,107.0,234.2,,,0,0,0,0
1776199567955075,1790683866.142625,6142,idle,1388.1,276.9,430.1,,,0,0,0,0
1776199708111924,1790683866.282782,6282,idle,1204.5,157.5,258.7,,,0,0,0,0
1776199848123871,1790683866.422794,6422,idle,1232.1,201.0,271.4,,,0,0,0,0
1776199988135060,1790683866.562805,6562,idle,908.5,136.0,231.8,,,0,0,0,0
1776200129091453,1790683866.703761,6703,idle,2287.7,143.5,352.6,,,0,0,0,0
1776200269326050,1790683866.843995,6843,idle,2072.2,145.3,349.7,,,0,0,0,0
1776200409069019,1790683866.983738,6983,idle,2095.0,139.7,338.1,,,0,0,0,0
1776200548675866,1790683867.123345,7123,idle,2421.9,152.1,357.6,,,0,0,0,0
1776200688223127,1790683867.262893,7262,idle,955.8,96.5,189.0,,,0,0,0,0
1776200829645876,1790683867.404315,7404,idle,2315.4,159.1,396.7,,,0,0,0,0
1776200968817754,1790683867.543480,7543,idle,1630.2,134.4,283.2,,,0,0,0,0
1776201108714169,1790683867.683383,7683,idle,2068.5,173.9,388.2,,,0,0,0,0
1776201247803320,1790683867.822473,7822,idle,1083.0,115.2,220.9,,,0,0,0,0
1776201388529303,1790683867.963199,7963,idle,1430.7,140.0,275.5,,,0,0,0,0
1776201528850854,1790683868.103520,8103,idle,2548.1,351.3,595.4,,,0,0,0,0
1776201668604526,1790683868.243274,8243,idle,2219.9,192.9,434.1,,,0,0,0,0
1776201808695758,1790683868.383365,8383,idle,3069.7,186.2,390.4,,,0,0,0,0
1776201948391039,1790683868.523061,8523,idle,1049.6,126.7,234.0,,,0,0,0,0
1776202088641332,1790683868.663311,8663,idle,1642.3,162.9,329.3,,,0,0,0,0
1776202229212434,1790683868.803882,8803,idle,2322.3,180.7,412.4,,,0,0,0,0
1776202368512567,1790683868.943182,8943,idle,2184.0,161.1,383.9,,,0,0,0,0
1776202509578696,1790683869.084248,9084,idle,8603.3,159.1,368.2,,,0,0,0,0
1776202647844279,1790683869.222514,9222,idle,1103.7,81.5,198.8,,,0,0,0,0
1776202788572452,1790683869.363242,9363,idle,1775.9,131.6,305.4,,,0,0,0,0
1776202928191580,1790683869.502861,9502,idle,6484.7,164.1,1649.5,,,0,0,0,0
1776203068926608,1790683869.643597,9643,idle,2200.5,96.5,218.9,,,0,0,0,0
1776203207835856,1790683869.782506,9782,idle,3937.5,80.4,192.6,,,0,0,0,0
1776203347956808,1790683869.922626,9922,idle,1080.0,82.1,202.1,,,0,0,0,0
1776203489036171,1790683870.063705,10063,idle,2009.7,188.7,412.0,,,0,0,0,0
1776203629377278,1790683870.204046,10204,idle,2247.9,182.6,420.4,,,0,0,0,0
1776203768614341,1790683870.343284,10343,idle,2340.2,193.4,419.2,,,0,0,0,0
1776203908241783,1790683870.482912,10482,idle,1014.9,117.0,220.8,,,0,0,0,0
1776204048429189,1790683870.623099,10623,idle,850.6,104.5,205.6,,,0,0,0,0
1776204189088516,1790683870.763758,10763,idle,2161.4,142.1,417.1,,,0,0,0,0
1776204328117507,1790683870.902787,10902,idle,1329.2,230.2,342.5,,,0,0,0,0
1776204467818588,1790683871.042489,11042,idle,1372.4,124.0,267.2,,,0,0,0,0
1776204608876313,1790683871.183546,11183,idle,2205.1,85.4,198.6,,,0,0,0,0
1776204748673664,1790683871.323344,11323,idle,1202.0,104.1,214.8,,,0,0,0,0
1776204888506273,1790683871.463176,11463,idle,2026.8,157.2,368.4,,,0,0,0,0
1776205028632467,1790683871.603302,11603,idle,1090.2,83.5,156.3,,,0,0,0,0
1776205169259641,1790683871.743929,11743,idle,1963.7,131.5,305.4,,,0,0,0,0
1776205312738101,1790683871.887408,11887,idle,1046.7,99.9,185.2,,,0,0,0,0
1776205459233690,1790683872.033903,12033,idle,2243.4,204.6,442.2,,,0,0,0,0
1776205598620024,1790683872.173290,12173,idle,1146.1,105.0,194.1,,,0,0,0,0
1776205738971831,1790683872.313641,12313,idle,2540.3,307.7,509.6,,,0,0,0,0
1776205878444781,1790683872.453114,12453,idle,2302.0,118.3,320.2,,,0,0,0,0
1776206017582907,1790683872.592253,12592,idle,1228.5,102.7,222.3,,,0,0,0,0
1776206157789186,1790683872.732459,12732,idle,1208.9,160.8,267.9,,,0,0,0,0
1776206299068359,1790683872.873738,12873,idle,1385.5,250.5,390.9,,,0,0,0,0
1776206438528970,1790683873.013198,13013,idle,2315.6,177.7,380.7,,,0,0,0,0
1776206578389590,1790683873.153059,13153,idle,2148.1,176.6,384.5,,,0,0,0,0
1776206717524344,1790683873.292194,13292,idle,1048.8,109.6,202.8,,,0,0,0,0
1776206859282609,1790683873.433952,13433,idle,2252.0,156.6,371.3,,,0,0,0,0
1776206998609561,1790683873.573279,13573,idle,1608.7,156.7,297.6,,,0,0,0,0
1776207138652448,1790683873.713322,13713,idle,2322.1,191.7,410.7,,,0,0,0,0
1776207278351744,1790683873.853021,13853,idle,1376.4,120.3,253.3,,,0,0,0,0
1776207418253125,1790683873.992923,13992,idle,1010.3,152.1,237.2,,,0,0,0,0
1776207558422403,1790683874.133092,14133,idle,2142.9,125.0,317.5,,,0,0,0,0
1776207697833689,1790683874.272503,14272,idle,1943.7,136.6,337.1,,,0,0,0,0
1776207844729045,1790683874.419399,14419,decode,1621.2,96.1,250.9,,,0,0,1,0
1776207989570751,1790683874.564241,14564,idle,3094.0,179.3,287.7,,,0,0,0,0
1776208127859089,1790683874.702529,14702,idle,1090.6,119.3,226.3,,,0,0,0,0
1776208268673435,1790683874.843343,14843,idle,1322.2,83.8,239.1,,,0,0,0,0
1776208408280820,1790683874.982951,14982,idle,1760.4,149.1,327.9,,,0,0,0,0
1776208626867406,1790683875.201535,201,tx,54413.7,156.2,351.8,,,1,0,0,1
1776208772490861,1790683875.347161,347,tx,52195.1,77.8,155.2,,,1,0,0,1
1776208916999086,1790683875.491668,491,tx,52856.4,440.7,674.3,,,1,0,0,1
1776209061854168,1790683875.636523,636,tx,52778.0,170.8,425.6,,,1,0,0,1
1776209206057583,1790683875.780726,780,tx,53577.4,382.7,571.8,,,1,0,0,1
1776209351371984,1790683875.926042,926,tx,53709.4,153.2,228.1,,,1,0,0,1
1776209494661602,1790683876.069331,1069,tx,52690.7,84.6,194.6,,,1,0,0,1
1776209639090422,1790683876.213760,1213,tx,52216.6,380.4,535.6,,,1,0,0,1
1776209783198629,1790683876.357868,1357,tx,53151.2,228.0,441.0,,,1,0,0,1
1776209928108790,1790683876.502778,1502,tx,53363.1,351.6,579.7,,,1,0,0,1
1776210072577767,1790683876.647248,1647,tx,51522.5,132.7,227.9,,,1,0,0,1
1776210216202836,1790683876.790872,1790,tx,52537.9,267.7,478.5,,,1,0,0,1
1776210359963722,1790683876.934633,1934,tx,51893.1,122.5,264.1,,,1,0,0,1
1776210502938483,1790683877.077608,2077,tx,56987.1,124.2,258.9,,,1,0,0,1
1776210640579203,1790683877.215249,2215,tx,54550.7,87.6,232.1,,,1,0,0,1
1776210785755616,1790683877.360425,2360,tx,52762.2,80.1,187.9,,,1,0,0,1
1776210929526072,1790683877.504196,2504,tx,83691.4,131.4,289.9,,,1,0,0,1
1776211073467845,1790683877.648138,2648,tx,52007.2,139.9,274.0,,,1,0,0,1
1776211216546898,1790683877.791217,2791,tx,52921.0,125.1,280.2,,,1,0,0,1
1776211360376531,1790683877.935046,2935,tx,51481.8,150.1,268.0,,,1,0,0,1
1776211502756684,1790683878.077427,3077,tx,55775.1,80.1,205.5,,,1,0,0,1
1776211649526260,1790683878.224196,3224,tx,53830.6,123.8,236.6,,,1,0,0,1
1776211793561440,1790683878.368232,3368,tx,52846.3,118.1,245.4,,,1,0,0,1
1776211937726127,1790683878.512394,3512,tx,52985.1,140.4,377.7,,,1,0,0,1
1776212081880673,1790683878.656551,3656,tx,52684.7,128.7,191.9,,,1,0,0,1
1776212225811420,1790683878.800481,3800,tx,51770.9,108.3,265.4,,,1,0,0,1
1776212368938039,1790683878.943607,3943,tx,52540.1,141.6,377.1,,,1,0,0,1
1776212512755144,1790683879.087425,4087,tx,56908.2,147.4,361.9,,,1,0,0,1
1776212651816530,1790683879.226486,4226,tx,53295.3,127.7,352.8,,,1,0,0,1
1776212796546580,1790683879.371217,4371,tx,51594.5,102.6,176.2,,,1,0,0,1
1776212939649230,1790683879.514319,4514,tx,52075.5,141.2,291.5,,,1,0,0,1
1776213083985794,1790683879.658655,4658,tx,53764.3,473.1,683.5,,,1,0,0,1
1776213229960915,1790683879.804630,4804,tx,53741.3,502.0,753.8,,,1,0,0,1
1776213374889134,1790683879.949559,4949,tx,52495.7,105.5,196.7,,,1,0,0,1
1776213518425165,1790683880.093095,5093,tx,51405.9,142.2,264.6,,,1,0,0,1
1776213661054607,1790683880.235724,5235,tx,51418.9,121.1,256.5,,,1,0,0,1
1776213805286546,1790683880.379956,5379,tx,55196.1,127.0,311.8,,,1,0,0,1
1776213942302871,1790683880.516972,5516,tx,53087.7,172.6,368.7,,,1,0,0,1
1776214086545032,1790683880.661215,5661,tx,52376.5,118.4,187.4,,,1,0,0,1
1776214230452411,1790683880.805122,5805,tx,53158.6,174.6,403.1,,,1,0,0,1
1776214375784870,1790683880.950454,5950,tx,53368.5,163.2,432.9,,,1,0,0,1
1776214520497319,1790683881.095167,6095,tx,72871.6,164.9,379.8,,,1,0,0,1
1776214664633088,1790683881.239303,6239,tx,52391.5,95.9,200.1,,,1,0,0,1
1776214808065911,1790683881.382736,6382,tx,51464.5,118.1,237.6,,,1,0,0,1
1776214952034271,1790683881.526702,6526,tx,52572.4,327.1,576.1,,,1,0,0,1
1776215096773386,1790683881.671443,6671,tx,53830.9,169.6,439.3,,,1,0,0,1
1776215242519498,1790683881.817189,6817,tx,53081.4,151.3,357.1,,,1,0,0,1
1776215386144192,1790683881.960814,6960,tx,51370.0,99.2,191.9,,,1,0,0,1
1776215529465136,1790683882.104135,7104,tx,51787.4,92.2,248.4,,,1,0,0,1
1776215672831718,1790683882.247502,7247,tx,52914.0,126.1,256.5,,,1,0,0,1
1776215816695837,1790683882.391365,7391,tx,52341.4,193.9,430.2,,,1,0,0,1
1776215960173910,1790683882.534844,7534,tx,51464.9,262.4,390.9,,,1,0,0,1
1776216102575731,1790683882.677246,7677,tx,51409.5,106.7,192.0,,,1,0,0,1
1776216246168594,1790683882.820838,7820,tx,52377.2,209.7,425.2,,,1,0,0,1
1776216390847650,1790683882.965517,7965,tx,52439.3,187.1,439.7,,,1,0,0,1
1776216537209199,1790683883.111878,8111,tx,52205.0,164.6,399.9,,,1,0,0,1
1776216680851163,1790683883.255521,8255,tx,52546.6,152.6,242.1,,,1,0,0,1
1776216825343541,1790683883.400013,8400,tx,53179.9,178.0,421.4,,,1,0,0,1
1776216970172074,1790683883.544842,8544,tx,51808.8,257.3,421.7,,,1,0,0,1
1776217113672650,1790683883.688342,8688,tx,52985.6,142.4,362.0,,,1,0,0,1
1776217258744084,1790683883.833414,8833,tx,52735.2,105.0,234.0,,,1,0,0,1
1776217403051051,1790683883.977721,8977,tx,51675.5,130.7,208.5,,,1,0,0,1
1776217546063901,1790683884.120733,9120,tx,52450.7,373.8,599.0,,,1,0,0,1
1776217690232414,1790683884.264902,9264,tx,52595.5,201.1,434.2,,,1,0,0,1
1776217836578624,1790683884.411248,9411,tx,53144.8,228.0,461.0,,,1,0,0,1
1776217981239190,1790683884.555909,9555,tx,52595.9,227.2,341.2,,,1,0,0,1
1776218125376896,1790683884.700047,9700,tx,90053.8,143.1,284.9,,,1,0,0,1
1776218269144113,1790683884.843814,9843,tx,52781.0,327.4,472.4,,,1,0,0,1
1776218412782953,1790683884.987453,9987,tx,51760.5,153.4,311.4,,,1,0,0,1
1776218555897830,1790683885.130567,10130,tx,52788.6,156.8,319.9,,,1,0,0,1
1776218699253173,1790683885.273923,10273,tx,52550.9,272.2,361.7,,,1,0,0,1
1776218843387826,1790683885.418058,10418,tx,51547.8,132.7,226.6,,,1,0,0,1
1776218986544585,1790683885.561214,10561,tx,52363.2,175.9,396.5,,,1,0,0,1
1776219131206576,1790683885.705876,10705,tx,52332.2,219.8,445.4,,,1,0,0,1
1776219275482242,1790683885.850152,10850,tx,53655.1,183.9,391.2,,,1,0,0,1
1776219419134877,1790683885.993805,10993,tx,51411.4,110.0,176.7,,,1,0,0,1
1776219562096775,1790683886.136766,11136,tx,53330.0,294.3,484.0,,,1,0,0,1
1776219707462543,1790683886.282132,11282,tx,52526.5,150.2,333.5,,,1,0,0,1
1776219852088664,1790683886.426757,11426,tx,52723.4,382.7,606.9,,,1,0,0,1
1776219996192549,1790683886.570862,11570,tx,52397.5,265.7,373.6,,,1,0,0,1
1776220140038016,1790683886.714708,11714,tx,51412.5,99.3,183.2,,,1,0,0,1
1776220283352950,1790683886.858022,11858,tx,53301.3,182.8,392.8,,,1,0,0,1
1776220428823305,1790683887.003493,12003,tx,52546.1,202.6,480.5,,,1,0,0,1
1776220573088653,1790683887.147757,12147,tx,53087.5,157.4,362.0,,,1,0,0,1
1776220717569135,1790683887.292239,12292,tx,51361.7,131.0,222.3,,,1,0,0,1
1776220860618578,1790683887.435287,12435,tx,53517.4,158.7,688.8,,,1,0,0,1
1776221004768508,1790683887.579438,12579,tx,52679.8,118.5,207.0,,,1,0,0,1
1776221149122116,1790683887.723790,12723,tx,54096.2,372.0,585.6,,,1,0,0,1
1776221294078301,1790683887.868748,12868,tx,52414.6,114.9,201.0,,,1,0,0,1
1776221437395221,1790683888.012065,13012,tx,51936.9,128.4,277.1,,,1,0,0,1
1776221581041505,1790683888.155710,13155,tx,52149.7,184.1,416.7,,,1,0,0,1
1776221725092811,1790683888.299762,13299,tx,73368.5,131.1,322.0,,,1,0,0,1
1776221869035881,1790683888.443705,13443,tx,53222.3,156.0,358.8,,,1,0,0,1
1776222013768443,1790683888.588439,13588,tx,52363.4,75.4,164.9,,89562.6,1,0,0,1
1776222158096570,1790683888.732767,13732,idle,51812.8,109.9,215.1,,,0,0,0,0
1776222301832316,1790683888.876501,13876,idle,59198.4,156.3,374.7,,,0,0,0,0
1776222474362063,1790683889.049031,14049,idle,3600.6,297.9,469.4,,,0,0,0,0
1776222616138212,1790683889.190808,14190,idle,1290.0,105.7,198.7,,,0,0,0,0
1776222756871964,1790683889.331542,14331,idle,1799.6,137.9,324.9,,,0,0,0,0
1776222896886593,1790683889.471556,14471,idle,1868.8,174.2,368.9,,,0,0,0,0
1776223038828949,1790683889.613498,14613,idle,2286.1,183.7,444.4,,,0,0,0,0
1776223176156060,1790683889.750826,14750,idle,1452.2,111.8,239.8,,,0,0,0,0
1776223316045113,1790683889.890715,14890,idle,1141.6,118.0,211.0,,,0,0,0,0
1776223457108422,1790683890.031778,31,idle,2694.9,481.2,713.3,,,0,0,0,0
1776223597519337,1790683890.172189,172,idle,2402.2,144.8,370.8,,,0,0,0,0
1776223744053725,1790683890.318723,318,idle,2544.2,151.2,362.5,,,0,0,0,0
1776223887220015,1790683890.461889,461,idle,2467.1,388.6,595.6,,,0,0,0,0
1776224029049979,1790683890.603720,603,idle,1146.8,107.4,209.7,,,0,0,0,0
1776224167445602,1790683890.742115,742,idle,2238.3,182.2,408.5,,,0,0,0,0
1776224306757576,1790683890.881427,881,idle,5842.5,122.8,303.1,,,0,0,0,0
1776224447422782,1790683891.022092,1022,idle,2462.4,178.2,416.1,,,0,0,0,0
1776224587286746,1790683891.161956,1161,idle,1808.0,387.4,531.5,,,0,0,0,0
1776224726576077,1790683891.301246,1301,idle,951.1,171.5,272.7,,,0,0,0,0
1776224867504075,1790683891.442173,1442,idle,2332.7,125.0,335.6,,,0,0,0,0
1776225005782920,1790683891.580453,1580,idle,1270.5,112.7,186.3,,,0,0,0,0
1776225147490801,1790683891.722160,1722,idle,2584.1,159.4,370.9,,,0,0,0,0
1776225286188597,1790683891.860859,1860,idle,1222.0,83.3,158.9,,,0,0,0,0
1776225426082757,1790683892.000753,2000,idle,1260.5,115.8,218.6,,,0,0,0,0
1776225567335434,1790683892.142005,2142,idle,1374.6,291.8,487.0,,,0,0,0,0
1776225705880601,1790683892.280550,2280,idle,1833.1,97.9,301.8,,,0,0,0,0
1776225846795556,1790683892.421465,2421,idle,1607.7,104.1,251.1,,,0,0,0,0
1776225985843444,1790683892.560513,2560,idle,1379.1,94.3,182.5,,,0,0,0,0
1776226126216036,1790683892.700886,2700,idle,1480.7,84.7,180.5,,,0,0,0,0
1776226266085154,1790683892.840755,2840,idle,1410.3,121.8,246.7,,,0,0,0,0
1776226406503914,1790683892.981174,2981,idle,1404.7,225.3,328.3,,,0,0,0,0
1776226546261342,1790683893.120931,3120,idle,1640.9,438.6,592.0,,,0,0,0,0
1776226685759711,1790683893.260430,3260,idle,1095.3,84.7,183.9,,,0,0,0,0
1776226826200966,1790683893.400871,3400,idle,1451.6,75.5,196.7,,,0,0,0,0
1776226966388408,1790683893.541058,3541,idle,1524.7,342.7,476.9,,,0,0,0,0
1776227105889566,1790683893.680559,3680,idle,1368.4,114.9,234.6,,,0,0,0,0
1776227246784296,1790683893.821454,3821,idle,1399.0,116.9,230.2,,,0,0,0,0
1776227386622288,1790683893.961292,3961,idle,1101.7,104.2,239.9,,,0,0,0,0
1776227530802862,1790683894.105473,4105,idle,1915.4,158.7,352.4,,,0,0,0,0
1776227676943745,1790683894.251613,4251,idle,2335.5,196.9,428.7,,,0,0,0,0
1776227817465218,1790683894.392134,4392,idle,2330.7,187.5,407.7,,,0,0,0,0
1776227957137155,1790683894.531807,4531,idle,1629.2,155.5,297.9,,,0,0,0,0
1776228096596411,1790683894.671266,4671,idle,852.5,100.0,190.4,,,0,0,0,0
1776228239314515,1790683894.813983,4813,idle,2349.2,117.2,498.1,,,0,0,0,0
1776228376419218,1790683894.951089,4951,idle,1102.0,214.3,297.1,,,0,0,0,0
1776228516469107,1790683895.091139,5091,idle,1200.0,170.1,270.4,,,0,0,0,0
1776228656444922,1790683895.231115,5231,idle,1061.1,163.0,267.3,,,0,0,0,0
1776228796227089,1790683895.370897,5370,idle,1336.6,118.8,257.2,,,0,0,0,0
1776228942493806,1790683895.517164,5517,idle,1169.6,113.8,215.7,,,0,0,0,0
1776229087606529,1790683895.662276,5662,idle,1786.1,153.6,352.2,,,0,0,0,0
1776229225926796,1790683895.800597,5800,idle,1380.1,147.4,281.7,,,0,0,0,0
1776229366184658,1790683895.940854,5940,idle,957.5,80.2,156.9,,,0,0,0,0
1776229507302387,1790683896.081972,6081,idle,10562.6,240.4,437.1,,,0,0,0,0
1776229646666134,1790683896.221335,6221,idle,2312.6,132.0,538.8,,,0,0,0,0
1776229786764277,1790683896.361434,6361,idle,1781.7,137.7,318.2,,,0,0,0,0
1776229930767013,1790683896.505436,6505,idle,2017.7,166.4,388.4,,,0,0,0,0
1776230076618350,1790683896.651288,6651,idle,823.4,82.5,148.5,,,0,0,0,0
1776230216549365,1790683896.791219,6791,idle,1589.8,128.9,291.9,,,0,0,0,0
1776230356058223,1790683896.930727,6930,idle,1700.5,144.2,310.9,,,0,0,0,0
1776230496811865,1790683897.071482,7071,idle,1327.9,131.5,242.8,,,0,0,0,0
1776230636152640,1790683897.210822,7210,idle,1128.3,109.9,227.7,,,0,0,0,0
1776230776834977,1790683897.351505,7351,idle,993.3,137.4,243.0,,,0,0,0,0
1776230916840420,1790683897.491510,7491,idle,2087.9,185.1,433.7,,,0,0,0,0
1776231057642030,1790683897.632311,7632,idle,2088.9,186.3,414.9,,,0,0,0,0
1776231196992136,1790683897.771662,7771,idle,2359.1,151.9,417.3,,,0,0,0,0
1776231340089255,1790683897.914758,7914,idle,1457.8,155.7,307.8,,,0,0,0,0
1776231486831144,1790683898.061501,8061,idle,1054.1,133.4,227.5,,,0,0,0,0
1776231629515533,1790683898.204185,8204,idle,2293.8,144.8,334.8,,,0,0,0,0
1776231767322761,1790683898.341992,8341,idle,2557.1,248.0,451.1,,,0,0,0,0
1776231906940568,1790683898.481610,8481,idle,1536.7,138.6,299.8,,,0,0,0,0
1776232052151835,1790683898.626822,8626,idle,982.3,83.3,195.0,,,0,0,0,0
1776232196902721,1790683898.771572,8771,idle,1604.3,103.5,269.1,,,0,0,0,0
1776232340212796,1790683898.914882,8914,idle,2149.4,316.4,535.4,,,0,0,0,0
1776232487091360,1790683899.061761,9061,idle,1721.0,126.5,270.3,,,0,0,0,0
1776232632291553,1790683899.206961,9206,idle,2341.1,305.7,514.9,,,0,0,0,0
1776232776772252,1790683899.351442,9351,idle,852.8,69.2,158.8,,,0,0,0,0
1776232916673856,1790683899.491343,9491,idle,2008.8,168.7,354.6,,,0,0,0,0
1776233057365497,1790683899.632035,9632,idle,2291.8,184.3,419.9,,,0,0,0,0
1776233197776323,1790683899.772446,9772,idle,2351.6,179.7,436.9,,,0,0,0,0
1776233340103860,1790683899.914773,9914,idle,1368.9,96.2,211.6,,,0,0,0,0
1776233486922094,1790683900.061592,10061,idle,1171.8,128.7,229.1,,,0,0,0,0
1776233629442329,1790683900.204110,10204,idle,2414.4,153.1,370.6,,,0,0,0,0
1776233767255913,1790683900.341925,10341,idle,2627.1,366.3,576.4,,,0,0,0,0
1776233907335344,1790683900.482004,10482,idle,2638.6,285.4,501.1,,,0,0,0,0
1776234045749105,1790683900.620419,10620,idle,950.4,99.4,169.7,,,0,0,0,0
1776234186940259,1790683900.761610,10761,idle,1297.5,108.5,203.3,,,0,0,0,0
1776234332265238,1790683900.906934,10906,idle,2526.0,338.3,555.0,,,0,0,0,0
1776234476948072,1790683901.051617,11051,idle,1931.9,117.8,331.3,,,0,0,0,0
1776234616335508,1790683901.191005,11191,idle,1385.4,127.2,223.1,,,0,0,0,0
1776234755990592,1790683901.330660,11330,idle,1288.0,84.4,241.5,,,0,0,0,0
1776234896240734,1790683901.470911,11470,idle,1610.0,111.6,246.5,,,0,0,0,0
1776235040082747,1790683901.614753,11614,idle,1374.9,139.9,256.2,,,0,0,0,0
1776235177386832,1790683901.752057,11752,idle,1733.8,255.5,437.3,,,0,0,0,0
1776235316710691,1790683901.891381,11891,idle,1021.2,107.5,183.1,,,0,0,0,0
1776235456846100,1790683902.031516,12031,idle,894.6,102.2,199.9,,,0,0,0,0
1776235596282215,1790683902.170952,12170,idle,1448.1,148.9,270.4,,,0,0,0,0
1776235736609184,1790683902.311279,12311,idle,954.5,101.8,228.5,,,0,0,0,0
1776235876230810,1790683902.450901,12450,idle,1462.2,132.1,275.6,,,0,0,0,0
1776236016785737,1790683902.591455,12591,idle,1616.4,90.2,231.5,,,0,0,0,0
1776236155943651,1790683902.730614,12730,idle,974.1,77.4,155.4,,,0,0,0,0
1776236296635506,1790683902.871305,12871,idle,2111.2,113.2,295.1,,,0,0,0,0
1776236436051312,1790683903.010721,13010,idle,1307.4,123.8,281.9,,,0,0,0,0
1776236577433734,1790683903.152102,13152,idle,2250.4,155.5,398.7,,,0,0,0,0
1776236716173922,1790683903.290844,13290,idle,1068.9,84.6,204.9,,,0,0,0,0
1776236855908435,1790683903.430578,13430,idle,1004.5,84.0,195.4,,,0,0,0,0
1776236996319883,1790683903.570990,13570,idle,1453.8,94.4,228.9,,,0,0,0,0
1776237136121990,1790683903.710792,13710,idle,1415.6,123.6,266.2,,,0,0,0,0
1776237276166259,1790683903.850836,13850,idle,1256.0,106.6,219.0,,,0,0,0,0
1776237415963747,1790683903.990634,13990,idle,1278.0,117.2,219.4,,,0,0,0,0
1776237556216989,1790683904.130887,14130,idle,1150.2,79.3,186.3,,,0,0,0,0
1776237697239049,1790683904.271909,14271,idle,1192.3,108.9,213.6,,,0,0,0,0
1776237841392741,1790683904.416062,14416,decode,1325.5,321.3,437.8,,,0,0,1,0
1776237986465867,1790683904.561136,14561,idle,1441.2,241.7,372.5,,,0,0,0,0
1776238126364851,1790683904.701035,14701,idle,1299.1,106.2,221.2,,,0,0,0,0
1776238267188897,1790683904.841858,14841,idle,2162.8,158.7,387.4,,,0,0,0,0
1776238405828740,1790683904.980499,14980,idle,785.0,83.2,180.5,,,0,0,0,0
1776238609198872,1790683905.183869,183,tx,52847.7,96.9,173.2,,,1,0,0,1
1776238753303021,1790683905.327973,327,tx,52689.4,105.3,241.8,,,1,0,0,1
1776238896648120,1790683905.471318,471,tx,52540.5,193.7,338.3,,,1,0,0,1
1776239041524254,1790683905.616194,616,tx,53053.4,326.4,459.2,,,1,0,0,1
1776239185315338,1790683905.759985,759,tx,52778.9,120.3,277.0,,,1,0,0,1
1776239329133662,1790683905.903803,903,tx,52712.0,92.0,234.3,,,1,0,0,1
1776239475372931,1790683906.050043,1050,tx,86425.9,93.9,211.3,,,1,0,0,1
1776239619745475,1790683906.194415,1194,tx,52931.9,105.7,245.4,,,1,0,0,1
1776239764259230,1790683906.338929,1338,tx,53460.0,139.5,362.6,,,1,0,0,1
1776239908872358,1790683906.483542,1483,tx,52911.5,121.1,297.8,,,1,0,0,1
1776240053140061,1790683906.627810,1627,tx,52856.6,140.1,268.6,,,1,0,0,1
1776240196784046,1790683906.771454,1771,tx,58901.1,81.6,3350.2,,,1,0,0,1
1776240336921063,1790683906.911591,1911,tx,52059.3,153.6,284.2,,,1,0,0,1
1776240480217623,1790683907.054888,2054,tx,52683.5,134.8,254.3,,,1,0,0,1
1776240624195456,1790683907.198865,2198,tx,52369.7,155.9,312.4,,,1,0,0,1
1776240768149766,1790683907.342819,2342,tx,53719.9,163.6,356.3,,,1,0,0,1
1776240912695075,1790683907.487365,2487,tx,52576.9,252.7,344.0,,,1,0,0,1
1776241057084813,1790683907.631754,2631,tx,52148.9,157.7,352.1,,,1,0,0,1
1776241200246581,1790683907.774916,2774,tx,56124.2,154.4,296.4,,,1,0,0,1
1776241338114657,1790683907.912783,2912,tx,52885.4,137.8,371.8,,,1,0,0,1
1776241481948946,1790683908.056619,3056,tx,52896.8,111.2,215.0,,,1,0,0,1
1776241625677017,1790683908.200347,3200,tx,52511.6,250.8,345.2,,,1,0,0,1
1776241769247686,1790683908.343918,3343,tx,52619.5,147.0,263.2,,,1,0,0,1
1776241913273978,1790683908.487943,3487,tx,53643.9,195.7,425.8,,,1,0,0,1
1776242058488078,1790683908.633158,3633,tx,53371.6,382.7,547.3,,,1,0,0,1
1776242202756639,1790683908.777426,3777,tx,51474.1,190.7,296.1,,,1,0,0,1
1776242345971939,1790683908.920641,3920,tx,52407.9,201.5,464.0,,,1,0,0,1
1776242490398079,1790683909.065067,4065,tx,52718.8,469.8,702.2,,,1,0,0,1
1776242629441764,1790683909.204111,4204,tx,52586.6,387.9,619.0,,,1,0,0,1
1776242774397663,1790683909.349067,4349,tx,53571.0,492.7,693.3,,,1,0,0,1
1776242918717350,1790683909.493387,4493,tx,52436.2,246.1,313.8,,,1,0,0,1
1776243063213493,1790683909.637883,4637,tx,72616.3,123.6,322.3,,,1,0,0,1
1776243208458904,1790683909.783128,4783,tx,52430.6,441.9,611.8,,,1,0,0,1
1776243352637814,1790683909.927307,4927,tx,52347.1,231.8,435.9,,,1,0,0,1
1776243495897653,1790683910.070568,5070,tx,52189.2,110.6,179.2,,,1,0,0,1
1776243640225983,1790683910.214895,5214,tx,52353.0,151.7,395.1,,,1,0,0,1
1776243784096526,1790683910.358766,5358,tx,52533.6,135.1,254.4,,,1,0,0,1
1776243928445417,1790683910.503114,5503,tx,53353.9,330.8,551.7,,,1,0,0,1
1776244073593348,1790683910.648263,5648,tx,52894.6,115.8,325.0,,,1,0,0,1
1776244217759656,1790683910.792430,5792,tx,51202.6,106.1,187.9,,,1,0,0,1
1776244361114516,1790683910.935784,5935,tx,52362.2,183.8,407.8,,,1,0,0,1
1776244504956113,1790683911.079625,6079,tx,63146.9,125.6,339.3,,,1,0,0,1
1776244649360983,1790683911.224028,6224,tx,53895.1,406.5,664.6,,,1,0,0,1
1776244793496750,1790683911.368167,6368,tx,52457.2,132.6,243.7,,,1,0,0,1
1776244937169459,1790683911.511839,6511,tx,51458.2,121.7,211.2,,,1,0,0,1
1776245079607358,1790683911.654276,6654,tx,53205.3,177.4,427.3,,,1,0,0,1
1776245224215777,1790683911.798885,6798,tx,51835.2,133.5,303.2,,,1,0,0,1
1776245367597941,1790683911.942267,6942,tx,53145.2,154.5,390.1,,,1,0,0,1
1776245511259804,1790683912.085930,7085,tx,51358.1,106.0,224.6,,,1,0,0,1
1776245654365000,1790683912.229034,7229,tx,53754.0,439.0,672.5,,,1,0,0,1
1776245799397281,1790683912.374067,7374,tx,52588.8,118.0,249.6,,,1,0,0,1
1776245942929413,1790683912.517599,7517,tx,52347.4,82.0,190.4,,,1,0,0,1
1776246086225313,1790683912.660895,7660,tx,52926.4,108.3,214.4,,,1,0,0,1
1776246230461261,1790683912.805131,7805,tx,51395.2,90.8,186.5,,,1,0,0,1
1776246373614921,1790683912.948284,7948,tx,52345.1,128.5,365.6,,,1,0,0,1
1776246518135940,1790683913.092805,8092,tx,51969.6,157.9,359.7,,,1,0,0,1
1776246662264883,1790683913.236934,8236,tx,75655.0,139.5,350.1,,,1,0,0,1
1776246806933440,1790683913.381603,8381,tx,52459.9,129.0,221.8,,,1,0,0,1
1776246950563876,1790683913.525233,8525,tx,52900.3,210.9,394.1,,,1,0,0,1
1776247094982543,1790683913.669652,8669,tx,51744.6,88.2,236.1,,,1,0,0,1
1776247237526891,1790683913.812197,8812,tx,52661.3,271.5,385.9,,,1,0,0,1
1776247381659305,1790683913.956329,8956,tx,54679.4,142.8,285.8,,,1,0,0,1
1776247526748034,1790683914.101418,9101,tx,52426.1,83.3,211.7,,,1,0,0,1
1776247670140623,1790683914.244811,9244,tx,51648.2,127.2,268.9,,,1,0,0,1
1776247813094807,1790683914.387765,9387,tx,52758.7,111.1,249.1,,,1,0,0,1
1776247956433098,1790683914.531103,9531,tx,51797.7,95.4,223.8,,,1,0,0,1
1776248099200052,1790683914.673870,9673,tx,51617.9,97.8,230.2,,,1,0,0,1
1776248242754631,1790683914.817424,9817,tx,52325.5,94.7,192.2,,,1,0,0,1
1776248385823382,1790683914.960493,9960,tx,52641.9,120.2,270.4,,,1,0,0,1
1776248529027233,1790683915.103697,10103,tx,54077.5,94.5,231.0,,,1,0,0,1
1776248674643469,1790683915.249313,10249,tx,52402.6,216.7,317.7,,,1,0,0,1
1776248817790508,1790683915.392460,10392,tx,52562.4,128.6,310.8,,,1,0,0,1
1776248961023660,1790683915.535694,10535,tx,52146.7,78.1,139.4,,,1,0,0,1
1776249105417147,1790683915.680087,10680,tx,54879.0,121.9,299.6,,,1,0,0,1
1776249251622766,1790683915.826292,10826,tx,52215.6,176.6,412.4,,,1,0,0,1
1776249395729644,1790683915.970399,10970,tx,53302.1,209.2,452.7,,,1,0,0,1
1776249539634357,1790683916.114304,11114,tx,52332.0,240.9,328.8,,,1,0,0,1
1776249683406586,1790683916.258076,11258,tx,52693.2,145.3,285.4,,,1,0,0,1
1776249828026120,1790683916.402695,11402,tx,52257.7,188.6,390.2,,,1,0,0,1
1776249971966531,1790683916.546636,11546,tx,52118.1,203.2,435.4,,,1,0,0,1
1776250115764638,1790683916.690434,11690,tx,52970.0,158.6,376.3,,,1,0,0,1
1776250260054092,1790683916.834724,11834,tx,72362.7,113.6,237.2,,,1,0,0,1
1776250403376717,1790683916.978047,11978,tx,53225.1,101.4,198.2,,,1,0,0,1
1776250548518652,1790683917.123188,12123,tx,52046.3,317.2,506.0,,,1,0,0,1
1776250692591807,1790683917.267261,12267,tx,52483.7,249.5,465.1,,,1,0,0,1
1776250836900003,1790683917.411570,12411,tx,52383.4,90.6,205.8,,,1,0,0,1
1776250980769079,1790683917.555439,12555,tx,52375.5,116.2,208.8,,,1,0,0,1
1776251125379022,1790683917.700048,12700,tx,52362.1,173.0,398.7,,,1,0,0,1
1776251269090774,1790683917.843761,12843,tx,52515.8,94.5,218.0,,,1,0,0,1
1776251413034070,1790683917.987704,12987,tx,52740.2,130.7,272.4,,,1,0,0,1
1776251556674394,1790683918.131344,13131,tx,52394.6,196.8,314.0,,,1,0,0,1
1776251699858552,1790683918.274529,13274,tx,53759.5,108.5,213.3,,,1,0,0,1
1776251844931181,1790683918.419601,13419,tx,52629.8,142.5,263.6,,,1,0,0,1
1776251988972173,1790683918.563642,13563,tx,52104.9,185.9,406.2,,121066.7,1,0,0,1
1776252134979920,1790683918.709649,13709,idle,52666.5,174.9,331.4,,,0,0,0,0
1776252278173148,1790683918.852843,13852,idle,52478.0,102.3,195.2,,,0,0,0,0
1776252446288207,1790683919.020957,14020,idle,5136.6,157.0,345.0,,,0,0,0,0
1776252586603043,1790683919.161273,14161,idle,1549.0,483.9,595.6,,,0,0,0,0
1776252727315962,1790683919.301985,14301,idle,3895.1,156.7,2302.5,,,0,0,0,0
1776252866170390,1790683919.440840,14440,idle,1321.5,106.0,217.4,,,0,0,0,0
1776253006490937,1790683919.581161,14581,idle,1463.0,112.7,223.9,,,0,0,0,0
1776253146879432,1790683919.721549,14721,idle,1288.0,122.7,273.0,,,0,0,0,0
1776253287601658,1790683919.862271,14862,idle,2348.0,362.6,575.8,,,0,0,0,0
1776253427175059,1790683920.001844,1,idle,1989.9,127.9,340.9,,,0,0,0,0
1776253566701765,1790683920.141372,141,idle,1257.5,348.6,450.5,,,0,0,0,0
1776253707198730,1790683920.281868,281,idle,1621.0,150.7,278.7,,,0,0,0,0
1776253847147240,1790683920.421817,421,idle,2377.6,155.8,356.0,,,0,0,0,0
1776253986567104,1790683920.561237,561,idle,1505.9,100.9,224.8,,,0,0,0,0
1776254127311528,1790683920.701981,701,idle,2499.5,152.9,368.4,,,0,0,0,0
1776254266525898,1790683920.841196,841,idle,1018.2,78.2,152.5,,,0,0,0,0
1776254407117035,1790683920.981786,981,idle,2879.6,125.4,325.5,,,0,0,0,0
1776254548847650,1790683921.123517,1123,idle,2415.0,153.7,391.0,,,0,0,0,0
1776254686911778,1790683921.261581,1261,idle,2419.2,185.0,399.3,,,0,0,0,0
1776254827280737,1790683921.401951,1401,idle,1265.3,107.5,189.9,,,0,0,0,0
1776254966620693,1790683921.541291,1541,idle,1438.5,423.4,527.7,,,0,0,0,0
1776255106442049,1790683921.681112,1681,idle,1223.8,78.3,156.4,,,0,0,0,0
1776255246333613,1790683921.821003,1821,idle,1313.2,80.7,160.3,,,0,0,0,0
1776255386275506,1790683921.960946,1960,idle,1210.7,77.8,161.5,,,0,0,0,0
1776255527187990,1790683922.101858,2101,idle,4774.6,82.4,3565.8,,,0,0,0,0
1776255666505549,1790683922.241176,2241,idle,1575.5,109.3,232.1,,,0,0,0,0
1776255807589683,1790683922.382260,2382,idle,1554.3,112.8,255.6,,,0,0,0,0
1776255947855388,1790683922.522525,2522,idle,1360.2,175.1,341.6,,,0,0,0,0
1776256087109502,1790683922.661779,2661,idle,2178.5,147.5,357.4,,,0,0,0,0
1776256226099698,1790683922.800770,2800,idle,827.3,83.6,160.7,,,0,0,0,0
1776256366497809,1790683922.941167,2941,idle,2197.9,138.3,359.0,,,0,0,0,0
1776256507489147,1790683923.082158,3082,idle,12853.5,123.5,325.0,,,0,0,0,0
1776256646808704,1790683923.221478,3221,idle,2395.4,184.5,426.9,,,0,0,0,0
1776256787313200,1790683923.361983,3361,idle,1523.5,113.8,218.5,,,0,0,0,0
1776256926449641,1790683923.501120,3501,idle,1153.4,111.9,207.1,,,0,0,0,0
1776257067156201,1790683923.641825,3641,idle,2365.0,161.2,383.0,,,0,0,0,0
1776257207341246,1790683923.782010,3782,idle,3751.7,111.7,296.5,,,0,0,0,0
1776257347418486,1790683923.922088,3922,idle,2463.9,193.4,421.9,,,0,0,0,0
1776257486239288,1790683924.060909,4060,idle,1231.1,106.5,219.6,,,0,0,0,0
1776257626270290,1790683924.200940,4200,idle,1337.4,109.0,234.6,,,0,0,0,0
1776257767173798,1790683924.341843,4341,idle,2301.6,162.3,354.8,,,0,0,0,0
1776257906574354,1790683924.481244,4481,idle,1352.9,128.1,277.3,,,0,0,0,0
1776258047052036,1790683924.621722,4621,idle,1233.4,123.5,275.6,,,0,0,0,0
1776258186952872,1790683924.761622,4761,idle,1206.0,119.2,270.5,,,0,0,0,0
1776258326655737,1790683924.901325,4901,idle,1381.0,273.2,425.3,,,0,0,0,0
1776258466831137,1790683925.041501,5041,idle,1414.6,147.0,289.7,,,0,0,0,0
1776258606325478,1790683925.180995,5180,idle,1275.1,111.0,186.0,,,0,0,0,0
1776258746353497,1790683925.321023,5321,idle,1335.5,139.8,255.3,,,0,0,0,0
1776258886628275,1790683925.461298,5461,idle,1159.9,108.0,214.7,,,0,0,0,0
1776259027128885,1790683925.601799,5601,idle,1418.2,117.9,258.1,,,0,0,0,0
1776259167568446,1790683925.742238,5742,idle,2455.5,326.3,546.1,,,0,0,0,0
1776259306788009,1790683925.881457,5881,idle,3198.7,133.8,329.8,,,0,0,0,0
1776259446988359,1790683926.021658,6021,idle,2166.9,150.7,377.6,,,0,0,0,0
1776259586062154,1790683926.160732,6160,idle,885.6,78.9,167.7,,,0,0,0,0
1776259726860099,1790683926.301530,6301,idle,1189.9,130.2,262.1,,,0,0,0,0
1776259866915834,1790683926.441585,6441,idle,2384.8,150.6,380.4,,,0,0,0,0
1776260007660850,1790683926.582330,6582,idle,4701.4,270.9,478.3,,,0,0,0,0
1776260147736333,1790683926.722406,6722,idle,2450.1,232.9,425.7,,,0,0,0,0
1776260286308754,1790683926.860979,6860,idle,1148.9,109.1,186.9,,,0,0,0,0
1776260427347932,1790683927.002017,7002,idle,2339.6,160.9,374.1,,,0,0,0,0
1776260567503343,1790683927.142173,7142,idle,2157.4,154.5,374.1,,,0,0,0,0
1776260707450204,1790683927.282120,7282,idle,2099.8,142.7,331.0,,,0,0,0,0
1776260847342330,1790683927.422012,7422,idle,1323.1,135.4,285.7,,,0,0,0,0
1776260985978424,1790683927.560648,7560,idle,901.2,110.0,243.5,,,0,0,0,0
1776261127597977,1790683927.702267,7702,idle,2424.7,318.4,554.0,,,0,0,0,0
1776261267249635,1790683927.841919,7841,idle,2167.0,121.0,323.4,,,0,0,0,0
1776261406061087,1790683927.980731,7980,idle,963.0,108.4,203.3,,,0,0,0,0
1776261547875841,1790683928.122546,8122,idle,1934.1,134.1,236.8,,,0,0,0,0
1776261686420537,1790683928.261091,8261,idle,1261.2,110.3,216.6,,,0,0,0,0
1776261827406456,1790683928.402075,8402,idle,2352.5,130.4,386.4,,,0,0,0,0
1776261967285024,1790683928.541954,8541,idle,2052.7,159.6,374.9,,,0,0,0,0
1776262107388632,1790683928.682057,8682,idle,4698.9,158.1,364.8,,,0,0,0,0
1776262246067921,1790683928.820738,8820,idle,1027.3,103.9,210.3,,,0,0,0,0
1776262386146774,1790683928.960817,8960,idle,1176.3,115.7,235.2,,,0,0,0,0
1776262527346460,1790683929.102016,9102,idle,2233.3,167.9,413.4,,,0,0,0,0
1776262667436231,1790683929.242105,9242,idle,2329.9,112.9,330.3,,,0,0,0,0
1776262807559661,1790683929.382229,9382,idle,2913.1,160.6,365.2,,,0,0,0,0
1776262946069763,1790683929.520740,9520,idle,848.9,102.9,196.9,,,0,0,0,0
1776263087020610,1790683929.661690,9661,idle,1974.9,141.0,311.4,,,0,0,0,0
1776263226897993,1790683929.801567,9801,idle,2200.1,126.0,358.3,,,0,0,0,0
1776263367364803,1790683929.942034,9942,idle,2336.8,153.0,370.4,,,0,0,0,0
1776263506433165,1790683930.081103,10081,idle,1119.2,97.2,193.7,,,0,0,0,0
1776263646255954,1790683930.220926,10220,idle,946.6,104.6,191.9,,,0,0,0,0
1776263786799971,1790683930.361469,10361,idle,2228.0,183.4,410.3,,,0,0,0,0
1776263926981252,1790683930.501651,10501,idle,1104.4,117.3,243.6,,,0,0,0,0
1776264066793619,1790683930.641463,10641,idle,1719.7,210.2,381.0,,,0,0,0,0
1776264206688301,1790683930.781358,10781,idle,1187.3,124.2,242.6,,,0,0,0,0
1776264346448163,1790683930.921118,10921,idle,1143.7,105.8,227.7,,,0,0,0,0
1776264486227755,1790683931.060898,11060,idle,1529.6,118.5,255.9,,,0,0,0,0
1776264627142697,1790683931.201813,11201,idle,1784.5,86.6,224.4,,,0,0,0,0
1776264767524279,1790683931.342193,11342,idle,2105.1,116.5,334.7,,,0,0,0,0
1776264906219963,1790683931.480890,11480,idle,937.5,108.0,202.9,,,0,0,0,0
1776265046903193,1790683931.621573,11621,idle,1125.6,182.2,277.0,,,0,0,0,0
1776265186505239,1790683931.761175,11761,idle,1324.9,123.1,259.1,,,0,0,0,0
1776265326411764,1790683931.901082,11901,idle,1385.6,107.2,230.2,,,0,0,0,0
1776265467594440,1790683932.042264,12042,idle,2245.2,118.4,351.2,,,0,0,0,0
1776265606191249,1790683932.180861,12180,idle,866.3,109.5,198.3,,,0,0,0,0
1776265746168941,1790683932.320839,12320,idle,1593.2,124.8,260.3,,,0,0,0,0
1776265887143463,1790683932.461813,12461,idle,1188.7,115.6,224.9,,,0,0,0,0
1776266026155791,1790683932.600826,12600,idle,1589.2,136.2,294.3,,,0,0,0,0
1776266167534299,1790683932.742204,12742,idle,2292.1,156.9,374.4,,,0,0,0,0
1776266306507926,1790683932.881178,12881,idle,1101.1,105.9,199.8,,,0,0,0,0
1776266446809834,1790683933.021480,13021,idle,1322.0,283.6,400.0,,,0,0,0,0
1776266587435203,1790683933.162105,13162,idle,1955.6,154.7,365.6,,,0,0,0,0
1776266727239159,1790683933.301909,13301,idle,1371.6,116.9,258.8,,,0,0,0,0
1776266866412107,1790683933.441082,13441,idle,1580.6,118.3,279.8,,,0,0,0,0
1776267006643874,1790683933.581314,13581,idle,3557.6,100.8,192.1,,,0,0,0,0
1776267146208951,1790683933.720879,13720,idle,1535.2,132.0,234.7,,,0,0,0,0
1776267287098970,1790683933.861768,13861,idle,2121.3,127.1,350.8,,,0,0,0,0
1776267426559982,1790683934.001230,14001,idle,1299.1,137.2,293.5,,,0,0,0,0
1776267567610679,1790683934.142280,14142,idle,2364.9,108.3,369.4,,,0,0,0,0
1776267706773010,1790683934.281443,14281,idle,1119.5,290.8,394.3,,,0,0,0,0
1776267847209958,1790683934.421880,14421,idle,1427.3,123.2,255.8,,,0,0,0,0
1776267986869171,1790683934.561539,14561,idle,1406.2,221.3,323.6,,,0,0,0,0
1776268126567593,1790683934.701237,14701,idle,1279.0,128.2,290.1,,,0,0,0,0
1776268266885667,1790683934.841555,14841,idle,5025.6,103.7,2335.6,,,0,0,0,0
1776268407058454,1790683934.981729,14981,idle,1209.2,111.3,263.2,,,0,0,0,0
1776268618693662,1790683935.193363,193,tx,53145.1,94.2,168.5,,,1,0,0,1
1776268763162822,1790683935.337833,337,tx,51748.9,150.6,297.7,,,1,0,0,1
1776268906143075,1790683935.480813,480,tx,52932.0,151.0,256.8,,,1,0,0,1
1776269050275750,1790683935.624945,624,tx,53931.0,77.7,211.1,,,1,0,0,1
1776269194094062,1790683935.768764,768,tx,52848.7,125.6,257.3,,,1,0,0,1
1776269337697021,1790683935.912367,912,tx,52675.7,91.3,221.4,,,1,0,0,1
1776269481503013,1790683936.056173,1056,tx,52719.1,101.3,242.3,,,1,0,0,1
1776269625596871,1790683936.200267,1200,tx,52959.0,134.7,333.7,,,1,0,0,1
1776269769189981,1790683936.343860,1343,tx,52260.3,102.3,190.5,,,1,0,0,1
1776269912497555,1790683936.487168,1487,tx,52980.9,117.1,293.2,,,1,0,0,1
1776270056541826,1790683936.631212,1631,tx,52653.0,139.3,246.8,,,1,0,0,1
1776270200102277,1790683936.774772,1774,tx,56128.6,144.1,271.4,,,1,0,0,1
1776270338945972,1790683936.913616,1913,tx,52608.4,317.0,420.3,,,1,0,0,1
1776270482315644,1790683937.056986,2056,tx,51505.3,87.1,203.7,,,1,0,0,1
1776270625077149,1790683937.199747,2199,tx,52807.3,241.0,327.9,,,1,0,0,1
1776270769235703,1790683937.343905,2343,tx,52015.0,103.2,279.2,,,1,0,0,1
1776270912789893,1790683937.487460,2487,tx,52716.0,148.3,269.8,,,1,0,0,1
1776271056598499,1790683937.631269,2631,tx,52488.9,96.6,213.1,,,1,0,0,1
1776271200633042,1790683937.775303,2775,tx,54684.9,84.8,183.8,,,1,0,0,1
1776271347335475,1790683937.922005,2922,tx,51997.1,112.3,279.5,,,1,0,0,1
1776271490497553,1790683938.065167,3065,tx,73699.7,163.9,366.8,,,1,0,0,1
1776271635989799,1790683938.210660,3210,tx,52451.7,315.8,392.0,,,1,0,0,1
1776271780163122,1790683938.354833,3354,tx,54386.1,319.1,3222.1,,,1,0,0,1
1776271926208205,1790683938.500878,3500,tx,52366.0,192.7,390.0,,,1,0,0,1
1776272069947431,1790683938.644616,3644,tx,52701.7,260.5,493.3,,,1,0,0,1
1776272213724829,1790683938.788395,3788,tx,53205.4,99.7,262.0,,,1,0,0,1
1776272359704239,1790683938.934374,3934,tx,51439.4,89.5,193.3,,,1,0,0,1
1776272502822570,1790683939.077492,4077,tx,65143.5,409.9,611.7,,,1,0,0,1
1776272649826658,1790683939.224496,4224,tx,54323.5,456.9,595.7,,,1,0,0,1
1776272794466885,1790683939.369137,4369,tx,51980.0,116.4,253.8,,,1,0,0,1
1776272938216161,1790683939.512886,4512,tx,52192.3,93.3,191.5,,,1,0,0,1
1776273082337972,1790683939.657008,4657,tx,51811.3,141.5,252.7,,,1,0,0,1
1776273225688750,1790683939.800358,4800,tx,52342.2,111.6,307.0,,,1,0,0,1
1776273369246504,1790683939.943917,4943,tx,51220.2,104.4,200.3,,,1,0,0,1
1776273512206580,1790683940.086875,5086,tx,60026.8,149.0,378.6,,,1,0,0,1
1776273654303145,1790683940.228973,5228,tx,52158.5,104.3,192.4,,,1,0,0,1
1776273798490791,1790683940.373160,5373,tx,52495.6,163.2,409.8,,,1,0,0,1
1776273943339005,1790683940.518008,5518,tx,55980.4,1019.9,2793.0,,,1,0,0,1
1776274080804634,1790683940.655474,5655,tx,53569.0,304.6,536.7,,,1,0,0,1
1776274226099057,1790683940.800769,5800,tx,52492.8,125.5,232.0,,,1,0,0,1
1776274369978577,1790683940.944649,5944,tx,51377.9,209.3,296.5,,,1,0,0,1
1776274512119968,1790683941.086790,6086,tx,51256.9,108.9,208.1,,,1,0,0,1
1776274654029500,1790683941.228699,6228,tx,52346.3,147.3,250.6,,,1,0,0,1
1776274798176703,1790683941.372846,6372,tx,52063.3,145.5,366.7,,,1,0,0,1
1776274941556984,1790683941.516227,6516,tx,52463.9,108.7,224.2,,,1,0,0,1
1776275085261107,1790683941.659931,6659,tx,73607.1,146.8,341.3,,,1,0,0,1
1776275229375745,1790683941.804045,6804,tx,52320.2,196.4,425.1,,,1,0,0,1
1776275372807602,1790683941.947477,6947,tx,52545.6,299.9,546.2,,,1,0,0,1
1776275516525040,1790683942.091194,7091,tx,52030.3,165.2,381.5,,,1,0,0,1
1776275659141310,1790683942.233811,7233,tx,51187.4,101.9,198.6,,,1,0,0,1
1776275802418498,1790683942.377088,7377,tx,57211.7,160.7,350.7,,,1,0,0,1
1776275940635917,1790683942.515306,7515,tx,51639.8,136.5,262.0,,,1,0,0,1
1776276083455441,1790683942.658124,7658,tx,52181.7,192.3,443.7,,,1,0,0,1
1776276227556214,1790683942.802226,7802,tx,52690.9,122.6,284.9,,,1,0,0,1
1776276371603109,1790683942.946273,7946,tx,52603.0,125.3,243.8,,,1,0,0,1
1776276515159851,1790683943.089829,8089,tx,52794.8,128.8,308.2,,,1,0,0,1
1776276658775572,1790683943.233445,8233,tx,52857.4,99.5,254.0,,,1,0,0,1
1776276802651741,1790683943.377321,8377,tx,54466.2,99.7,264.9,,,1,0,0,1
1776276948069094,1790683943.522739,8522,tx,52361.6,147.8,266.4,,,1,0,0,1
1776277091956170,1790683943.666626,8666,tx,52791.0,268.8,411.4,,,1,0,0,1
1776277235410531,1790683943.810081,8810,tx,52615.3,111.7,210.4,,,1,0,0,1
1776277379400578,1790683943.954071,8954,tx,51803.2,155.7,286.9,,,1,0,0,1
1776277522799086,1790683944.097468,9097,tx,52386.9,327.8,587.6,,,1,0,0,1
1776277665672200,1790683944.240342,9240,tx,52364.4,94.8,242.8,,,1,0,0,1
1776277809746424,1790683944.384416,9384,tx,52290.8,183.5,382.0,,,1,0,0,1
1776277953119679,1790683944.527789,9527,tx,53466.8,1982.8,2122.4,,,1,0,0,1
1776278098734895,1790683944.673404,9673,tx,53379.4,125.3,336.4,,,1,0,0,1
1776278242644442,1790683944.817314,9817,tx,52591.8,79.0,195.2,,,1,0,0,1
1776278385588487,1790683944.960258,9960,tx,52678.8,109.1,210.6,,,1,0,0,1
1776278529854992,1790683945.104524,10104,tx,52607.1,259.0,547.9,,,1,0,0,1
1776278673933089,1790683945.248602,10248,tx,79475.2,265.8,484.5,,,1,0,0,1
1776278818961550,1790683945.393631,10393,tx,52684.9,309.7,435.8,,,1,0,0,1
1776278962156644,1790683945.536826,10536,tx,52146.4,74.8,166.3,,,1,0,0,1
1776279105307737,1790683945.679978,10679,tx,51654.0,111.1,199.1,,,1,0,0,1
1776279248278982,1790683945.822949,10822,tx,51349.7,114.9,234.0,,,1,0,0,1
1776279391628711,1790683945.966298,10966,tx,52912.6,121.0,310.0,,,1,0,0,1
1776279535888686,1790683946.110558,11110,tx,53508.0,277.7,482.5,,,1,0,0,1
1776279680630755,1790683946.255301,11255,tx,52699.5,75.4,148.6,,,1,0,0,1
1776279824544477,1790683946.399214,11399,tx,52295.9,164.4,392.2,,,1,0,0,1
1776279967757912,1790683946.542428,11542,tx,51919.3,153.4,268.0,,,1,0,0,1
1776280111576348,1790683946.686246,11686,tx,53608.2,134.8,368.9,,,1,0,0,1
1776280256763293,1790683946.831433,11831,tx,53472.7,126.0,326.6,,,1,0,0,1
1776280401763254,1790683946.976434,11976,tx,51550.3,86.9,173.6,,,1,0,0,1
1776280544106785,1790683947.118777,12118,tx,51366.6,130.2,252.4,,,1,0,0,1
1776280687253146,1790683947.261922,12261,tx,52137.1,167.6,369.3,,,1,0,0,1
1776280831530629,1790683947.406200,12406,tx,52955.1,174.6,345.0,,,1,0,0,1
1776280975529525,1790683947.550199,12550,tx,54921.8,243.2,1219.9,,,1,0,0,1
1776281121634044,1790683947.696304,12696,tx,51745.3,109.4,278.9,,,1,0,0,1
1776281265115271,1790683947.839785,12839,tx,52981.6,103.6,263.8,,,1,0,0,1
1776281409831794,1790683947.984501,12984,tx,53478.9,321.1,552.9,,,1,0,0,1
1776281554567503,1790683948.129237,13129,tx,51464.4,82.3,184.4,,,1,0,0,1
1776281696660898,1790683948.271331,13271,tx,52530.2,94.2,254.1,,,1,0,0,1
1776281840128376,1790683948.414798,13414,tx,51453.7,195.2,293.8,,,1,0,0,1
1776281982930303,1790683948.557600,13557,tx,52241.0,311.3,522.1,,126007.8,1,0,0,1
1776282129278637,1790683948.703948,13703,idle,52102.4,156.1,361.3,,,0,0,0,0
1776282272735415,1790683948.847405,13847,idle,78511.6,82.1,195.0,,,0,0,0,0
1776282431041005,1790683949.005711,14005,idle,1291.9,398.4,471.9,,,0,0,0,0
1776282570179887,1790683949.144849,14144,idle,2263.5,162.5,393.2,,,0,0,0,0
1776282709754671,1790683949.284424,14284,idle,2189.5,125.4,336.5,,,0,0,0,0
1776282850073317,1790683949.424742,14424,idle,3278.6,262.5,496.1,,,0,0,0,0
1776282990729883,1790683949.565398,14565,idle,2233.0,128.7,323.0,,,0,0,0,0
1776283129647244,1790683949.704317,14704,idle,1166.9,79.7,152.2,,,0,0,0,0
1776283269572692,1790683949.844243,14844,idle,947.5,84.7,164.7,,,0,0,0,0
1776283410097939,1790683949.984768,14984,idle,1549.9,325.0,433.2,,,0,0,0,0
1776283551963935,1790683950.126634,126,idle,1651.4,430.9,593.5,,,0,0,0,0
1776283690038721,1790683950.264707,264,idle,1691.7,527.9,659.3,,,0,0,0,0
1776283830020653,1790683950.404690,404,idle,1362.3,414.5,503.8,,,0,0,0,0
1776283969551530,1790683950.544221,544,idle,1734.0,95.5,237.8,,,0,0,0,0
1776284109658570,1790683950.684329,684,idle,1612.2,120.6,236.6,,,0,0,0,0
1776284250051808,1790683950.824722,824,idle,1552.4,390.1,485.4,,,0,0,0,0
1776284389801598,1790683950.964472,964,idle,1390.9,117.8,224.1,,,0,0,0,0
1776284529737287,1790683951.104407,1104,idle,1356.8,75.7,203.7,,,0,0,0,0
1776284669790198,1790683951.244460,1244,idle,1495.4,93.7,201.2,,,0,0,0,0
1776284809783466,1790683951.384453,1384,idle,1679.7,123.6,273.6,,,0,0,0,0
1776284949605689,1790683951.524276,1524,idle,1541.0,91.6,211.2,,,0,0,0,0
1776285090804357,1790683951.665473,1665,idle,2162.3,124.8,358.6,,,0,0,0,0
1776285229328592,1790683951.803999,1803,idle,937.2,136.0,232.4,,,0,0,0,0
1776285370814666,1790683951.945485,1945,idle,1517.3,136.9,264.9,,,0,0,0,0
1776285510138572,1790683952.084808,2084,idle,8540.8,219.5,431.9,,,0,0,0,0
1776285649806416,1790683952.224476,2224,idle,1214.4,88.5,181.6,,,0,0,0,0
1776285789966765,1790683952.364636,2364,idle,4326.8,84.4,3171.8,,,0,0,0,0
1776285929295964,1790683952.503966,2503,idle,937.2,197.5,284.9,,,0,0,0,0
1776286070587985,1790683952.645258,2645,idle,1502.5,142.1,278.2,,,0,0,0,0
1776286210079052,1790683952.784749,2784,idle,2121.1,346.7,519.1,,,0,0,0,0
1776286350389409,1790683952.925059,2925,idle,2198.0,178.6,363.5,,,0,0,0,0
1776286489455234,1790683953.064125,3064,idle,1089.8,105.1,210.8,,,0,0,0,0
1776286629851560,1790683953.204521,3204,idle,1506.7,149.2,251.4,,,0,0,0,0
1776286770461222,1790683953.345130,3345,idle,2295.6,153.7,337.4,,,0,0,0,0
1776286910512709,1790683953.485182,3485,idle,2023.5,156.3,363.3,,,0,0,0,0
1776287050243055,1790683953.624913,3624,idle,1941.5,209.1,367.3,,,0,0,0,0
1776287189540005,1790683953.764210,3764,idle,955.2,79.9,179.0,,,0,0,0,0
1776287329932858,1790683953.904602,3904,idle,1526.4,123.9,273.9,,,0,0,0,0
1776287471161561,1790683954.045831,4045,idle,2073.8,181.9,396.6,,,0,0,0,0
1776287610091874,1790683954.184762,4184,idle,1221.4,269.1,373.5,,,0,0,0,0
1776287750092964,1790683954.324763,4324,idle,1379.0,226.2,366.9,,,0,0,0,0
1776287889695727,1790683954.464366,4464,idle,1159.1,80.3,146.3,,,0,0,0,0
1776288032523910,1790683954.607193,4607,idle,2048.0,168.1,398.2,,,0,0,0,0
1776288170578868,1790683954.745248,4745,idle,2099.4,119.1,315.4,,,0,0,0,0
1776288310020949,1790683954.884670,4884,idle,1959.1,287.8,477.2,,,0,0,0,0
1776288449915468,1790683955.024585,5024,idle,1480.3,123.6,235.9,,,0,0,0,0
1776288589609109,1790683955.164279,5164,idle,815.7,78.7,141.7,,,0,0,0,0
1776288729976474,1790683955.304646,5304,idle,2389.8,275.2,498.2,,,0,0,0,0
1776288870126947,1790683955.444796,5444,idle,4275.3,274.2,2353.4,,,0,0,0,0
1776289009831089,1790683955.584501,5584,idle,2230.1,134.6,389.7,,,0,0,0,0
1776289149349374,1790683955.724020,5724,idle,870.2,73.4,149.4,,,0,0,0,0
1776289289426165,1790683955.864096,5864,idle,1112.0,103.5,214.9,,,0,0,0,0
1776289431531537,1790683956.006201,6006,idle,2028.1,128.6,375.2,,,0,0,0,0
1776289570755788,1790683956.145425,6145,idle,2014.3,121.2,327.6,,,0,0,0,0
1776289710110054,1790683956.284779,6284,idle,2693.4,194.5,373.4,,,0,0,0,0
1776289849800180,1790683956.424470,6424,idle,1096.5,68.5,163.9,,,0,0,0,0
1776289989909781,1790683956.564580,6564,idle,1359.4,143.9,265.7,,,0,0,0,0
1776290130205427,1790683956.704875,6704,idle,2365.7,189.7,415.7,,,0,0,0,0
1776290270524300,1790683956.845194,6845,idle,2298.9,147.3,360.4,,,0,0,0,0
1776290410664633,1790683956.985334,6985,idle,2025.0,158.3,394.5,,,0,0,0,0
1776290549307317,1790683957.123977,7123,idle,1032.3,77.6,202.7,,,0,0,0,0
1776290689847569,1790683957.264517,7264,idle,2380.4,158.3,384.2,,,0,0,0,0
1776290830976398,1790683957.405646,7405,idle,2484.4,278.2,529.9,,,0,0,0,0
1776290970867739,1790683957.545537,7545,idle,1288.6,97.9,197.5,,,0,0,0,0
1776291110088591,1790683957.684758,7684,idle,2867.6,226.0,410.1,,,0,0,0,0
1776291249642079,1790683957.824312,7824,idle,1214.7,111.8,215.1,,,0,0,0,0
1776291390298597,1790683957.964968,7964,idle,2196.9,187.6,396.7,,,0,0,0,0
1776291528860095,1790683958.103530,8103,idle,1586.8,148.0,275.4,,,0,0,0,0
1776291670630410,1790683958.245300,8245,idle,2138.4,196.0,391.2,,,0,0,0,0
1776291810519215,1790683958.385189,8385,idle,1696.9,108.7,222.0,,,0,0,0,0
1776291949504821,1790683958.524175,8524,idle,1062.1,91.7,185.2,,,0,0,0,0
1776292089745276,1790683958.664415,8664,idle,1363.7,94.5,207.0,,,0,0,0,0
1776292229982516,1790683958.804652,8804,idle,1371.7,92.2,228.6,,,0,0,0,0
1776292369576948,1790683958.944247,8944,idle,1468.7,99.2,221.7,,,0,0,0,0
1776292509779078,1790683959.084449,9084,idle,2303.3,86.1,1365.2,,,0,0,0,0
1776292649582893,1790683959.224253,9224,idle,1101.9,93.8,190.2,,,0,0,0,0
1776292789605216,1790683959.364275,9364,idle,1646.3,113.9,249.8,,,0,0,0,0
1776292929615078,1790683959.504285,9504,idle,1612.6,121.1,256.6,,,0,0,0,0
1776293070164149,1790683959.644834,9644,idle,1406.1,191.3,343.6,,,0,0,0,0
1776293209197769,1790683959.783867,9783,idle,1144.9,212.9,316.2,,,0,0,0,0
1776293349785544,1790683959.924455,9924,idle,1160.9,82.4,179.1,,,0,0,0,0
1776293489713024,1790683960.064383,10064,idle,1425.5,77.2,204.4,,,0,0,0,0
1776293629883011,1790683960.204552,10204,idle,2296.6,120.6,364.8,,,0,0,0,0
1776293769615432,1790683960.344285,10344,idle,1887.6,133.1,311.3,,,0,0,0,0
1776293909714919,1790683960.484385,10484,idle,1316.0,133.2,238.2,,,0,0,0,0
1776294049669802,1790683960.624339,10624,idle,945.2,81.2,212.6,,,0,0,0,0
1776294190109473,1790683960.764779,10764,idle,2283.4,261.2,465.3,,,0,0,0,0
1776294333066114,1790683960.907735,10907,idle,2396.0,271.8,489.1,,,0,0,0,0
1776294470920569,1790683961.045588,11045,idle,2044.5,152.6,412.1,,,0,0,0,0
1776294610046297,1790683961.184716,11184,idle,1122.1,78.6,173.0,,,0,0,0,0
1776294749569082,1790683961.324239,11324,idle,1500.5,163.0,276.6,,,0,0,0,0
1776294890189390,1790683961.464859,11464,idle,2212.2,177.5,392.9,,,0,0,0,0
1776295029720060,1790683961.604390,11604,idle,1187.5,130.8,222.1,,,0,0,0,0
1776295170883589,1790683961.745553,11745,idle,2181.4,152.5,376.6,,,0,0,0,0
1776295309536372,1790683961.884206,11884,idle,921.6,132.2,231.6,,,0,0,0,0
1776295449911625,1790683962.024581,12024,idle,1969.1,147.8,376.2,,,0,0,0,0
1776295590066772,1790683962.164736,12164,idle,2342.0,292.8,527.3,,,0,0,0,0
1776295730319204,1790683962.304988,12304,idle,2284.4,185.6,425.4,,,0,0,0,0
1776295870315894,1790683962.444985,12444,idle,2373.7,170.4,384.3,,,0,0,0,0
1776296008969814,1790683962.583640,12583,idle,1186.1,81.8,197.7,,,0,0,0,0
1776296149937449,1790683962.724607,12724,idle,2462.2,183.3,425.7,,,0,0,0,0
1776296290623412,1790683962.865293,12865,idle,2334.4,210.9,411.2,,,0,0,0,0
1776296429296841,1790683963.003967,13003,idle,1221.7,204.1,302.8,,,0,0,0,0
1776296570056645,1790683963.144727,13144,idle,1260.4,119.0,254.5,,,0,0,0,0
1776296709465127,1790683963.284135,13284,idle,897.0,104.9,166.9,,,0,0,0,0
1776296850048026,1790683963.424717,13424,idle,2512.2,374.7,597.6,,,0,0,0,0
1776296990515351,1790683963.565185,13565,idle,2152.5,159.7,371.2,,,0,0,0,0
1776297130307030,1790683963.704977,13704,idle,1417.4,138.1,275.3,,,0,0,0,0
1776297269968104,1790683963.844638,13844,idle,1063.0,78.5,176.2,,,0,0,0,0
1776297409386479,1790683963.984056,13984,idle,860.3,106.7,177.3,,,0,0,0,0
1776297550409495,1790683964.125078,14125,idle,2191.8,189.5,458.3,,,0,0,0,0
1776297690157330,1790683964.264827,14264,idle,1401.6,305.5,415.4,,,0,0,0,0
1776297829576219,1790683964.404246,14404,decode,1048.3,109.4,199.6,,,0,0,1,0
1776297969660343,1790683964.544331,14544,idle,912.7,99.5,183.4,,,0,0,0,0
1776298109829970,1790683964.684500,14684,idle,1574.8,144.5,275.9,,,0,0,0,0
1776298250077677,1790683964.824745,14824,idle,2526.4,284.8,533.9,,,0,0,0,0
1776298390098281,1790683964.964767,14964,idle,2393.0,276.9,506.7,,,0,0,0,0
1776298619511175,1790683965.194181,194,tx,54791.8,79.4,2628.9,,,1,0,0,1
1776298765606464,1790683965.340276,340,tx,52868.4,153.4,302.9,,,1,0,0,1
1776298910305146,1790683965.484974,484,tx,52349.9,280.1,481.8,,,1,0,0,1
1776299054124242,1790683965.628794,628,tx,53310.7,419.0,619.1,,,1,0,0,1
1776299198940063,1790683965.773609,773,tx,53717.5,175.8,397.8,,,1,0,0,1
1776299343281581,1790683965.917952,917,tx,52529.2,379.0,474.4,,,1,0,0,1
1776299487448901,1790683966.062118,1062,tx,52298.6,208.9,422.3,,,1,0,0,1
1776299631139729,1790683966.205810,1205,tx,52755.5,143.3,248.1,,,1,0,0,1
1776299775610644,1790683966.350280,1350,tx,53134.6,200.7,442.2,,,1,0,0,1
1776299920485445,1790683966.495156,1495,tx,76251.9,125.5,229.6,,,1,0,0,1
1776300063919258,1790683966.638589,1638,tx,51671.7,123.4,261.7,,,1,0,0,1
1776300207141616,1790683966.781811,1781,tx,53370.1,461.9,640.8,,,1,0,0,1
1776300352174134,1790683966.926843,1926,tx,53310.2,365.2,578.8,,,1,0,0,1
1776300496604882,1790683967.071275,2071,tx,55131.5,77.3,194.8,,,1,0,0,1
1776300643368617,1790683967.218039,2218,tx,52501.1,306.9,394.8,,,1,0,0,1
1776300787199651,1790683967.361869,2361,tx,53238.3,420.0,552.5,,,1,0,0,1
1776300926673580,1790683967.501343,2501,tx,52083.8,153.6,368.1,,,1,0,0,1
1776301070188845,1790683967.644859,2644,tx,53108.7,471.1,602.9,,,1,0,0,1
1776301214060282,1790683967.788730,2788,tx,52308.0,78.1,146.9,,,1,0,0,1
1776301357473877,1790683967.932144,2932,tx,52441.5,191.3,293.8,,,1,0,0,1
1776301501086370,1790683968.075756,3075,tx,57447.0,110.2,183.3,,,1,0,0,1
1776301640457483,1790683968.215127,3215,tx,52200.1,137.1,327.2,,,1,0,0,1
1776301784742359,1790683968.359411,3359,tx,53058.5,152.1,375.6,,,1,0,0,1
1776301928689532,1790683968.503359,3503,tx,52238.8,67.3,137.0,,,1,0,0,1
1776302072149741,1790683968.646820,3646,tx,52701.2,107.7,219.7,,,1,0,0,1
1776302215935782,1790683968.790606,3790,tx,52553.8,113.5,238.5,,,1,0,0,1
1776302359435108,1790683968.934105,3934,tx,52589.3,204.4,321.4,,,1,0,0,1
1776302502887777,1790683969.077558,4077,tx,53989.6,80.4,152.1,,,1,0,0,1
1776302647693338,1790683969.222363,4222,tx,52727.3,80.9,190.8,,,1,0,0,1
1776302791453780,1790683969.366123,4366,tx,52570.3,115.8,305.7,,,1,0,0,1
1776302934763987,1790683969.509433,4509,tx,52964.3,132.2,305.7,,,1,0,0,1
1776303079040411,1790683969.653710,4653,tx,52325.5,137.3,340.0,,,1,0,0,1
1776303222746601,1790683969.797416,4797,tx,52634.6,92.4,209.5,,,1,0,0,1
1776303366457464,1790683969.941128,4941,tx,51840.1,204.7,353.7,,,1,0,0,1
1776303509918990,1790683970.084589,5084,tx,76829.8,126.4,261.7,,,1,0,0,1
1776303653089545,1790683970.227760,5227,tx,51582.7,108.8,206.9,,,1,0,0,1
1776303796904758,1790683970.371574,5371,tx,52982.6,172.7,408.1,,,1,0,0,1
1776303940447755,1790683970.515118,5515,tx,52262.2,130.0,210.4,,,1,0,0,1
1776304085222677,1790683970.659892,5659,tx,52430.9,280.8,531.3,,,1,0,0,1
1776304229612762,1790683970.804282,5804,tx,52307.1,176.3,414.1,,,1,0,0,1
1776304374504444,1790683970.949174,5949,tx,53210.9,199.4,437.1,,,1,0,0,1
1776304519504098,1790683971.094173,6094,tx,53200.5,146.7,346.1,,,1,0,0,1
1776304663223413,1790683971.237893,6237,tx,52337.8,129.5,212.1,,,1,0,0,1
1776304807346147,1790683971.382015,6382,tx,52519.7,157.6,352.5,,,1,0,0,1
1776304952023452,1790683971.526693,6526,tx,52192.9,149.8,343.3,,,1,0,0,1
1776305096498304,1790683971.671167,6671,tx,52248.0,211.2,448.6,,,1,0,0,1
1776305239258017,1790683971.813928,6813,tx,52328.1,298.1,392.0,,,1,0,0,1
1776305383605437,1790683971.958275,6958,tx,52321.9,157.0,392.9,,,1,0,0,1
1776305527732222,1790683972.102401,7102,tx,52436.3,192.0,425.2,,,1,0,0,1
1776305671736102,1790683972.246405,7246,tx,53072.9,164.9,387.9,,,1,0,0,1
1776305815599334,1790683972.390270,7390,tx,52399.7,132.8,246.5,,,1,0,0,1
1776305959238739,1790683972.533909,7533,tx,51597.9,82.6,158.1,,,1,0,0,1
1776306102314805,1790683972.676984,7676,tx,63626.2,198.9,417.2,,,1,0,0,1
1776306247426544,1790683972.822096,7822,tx,52761.8,194.8,429.7,,,1,0,0,1
1776306392356287,1790683972.967026,7967,tx,53130.4,142.6,388.4,,,1,0,0,1
1776306536288911,1790683973.110959,8110,tx,52567.1,283.0,398.5,,,1,0,0,1
1776306680851850,1790683973.255521,8255,tx,52132.1,173.9,431.0,,,1,0,0,1
1776306824582835,1790683973.399252,8399,tx,52224.1,121.3,218.4,,,1,0,0,1
1776306968847348,1790683973.543517,8543,tx,52151.3,196.0,449.2,,,1,0,0,1
1776307111835459,1790683973.686506,8686,tx,76669.8,79.1,170.3,,,1,0,0,1
1776307249567191,1790683973.824237,8824,tx,53886.7,148.0,370.6,,,1,0,0,1
1776307394356212,1790683973.969026,8969,tx,52175.5,165.0,413.9,,,1,0,0,1
1776307535758471,1790683974.110428,9110,tx,52378.5,234.5,466.9,,,1,0,0,1
1776307680097267,1790683974.254767,9254,tx,53362.5,209.1,440.1,,,1,0,0,1
1776307823795933,1790683974.398466,9398,tx,51561.5,101.9,189.2,,,1,0,0,1
1776307966568920,1790683974.541238,9541,tx,52208.1,225.1,466.9,,,1,0,0,1
1776308110119324,1790683974.684788,9684,tx,52223.0,152.6,351.1,,,1,0,0,1
1776308253303031,1790683974.827973,9827,tx,53238.0,283.7,447.4,,,1,0,0,1
1776308397413142,1790683974.972082,9972,tx,52196.0,181.2,296.1,,,1,0,0,1
1776308540939265,1790683975.115609,10115,tx,51535.5,103.4,203.7,,,1,0,0,1
1776308683741751,1790683975.258411,10258,tx,52840.6,160.3,349.6,,,1,0,0,1
1776308828177319,1790683975.402847,10402,tx,52280.9,353.5,585.7,,,1,0,0,1
1776308971642911,1790683975.546312,10546,tx,52698.8,137.8,319.2,,,1,0,0,1
1776309115057178,1790683975.689727,10689,tx,51337.2,104.1,203.5,,,1,0,0,1
1776309257923366,1790683975.832593,10832,tx,52051.4,125.1,341.3,,,1,0,0,1
1776309402301965,1790683975.976971,10976,tx,57050.2,267.5,458.9,,,1,0,0,1
1776309541023315,1790683976.115669,11115,tx,53293.2,150.1,374.0,,,1,0,0,1
1776309685171102,1790683976.259841,11259,tx,53376.0,122.0,241.0,,,1,0,0,1
1776309828478101,1790683976.403148,11403,tx,51462.1,135.2,259.9,,,1,0,0,1
1776309970869084,1790683976.545539,11545,tx,52811.1,118.7,272.5,,,1,0,0,1
1776310115097216,1790683976.689767,11689,tx,51923.2,123.5,289.6,,,1,0,0,1
1776310258056645,1790683976.832726,11832,tx,52968.2,164.5,317.5,,,1,0,0,1
1776310401701528,1790683976.976372,11976,tx,56750.1,101.0,205.9,,,1,0,0,1
1776310539334751,1790683977.114005,12114,tx,52788.6,309.2,431.5,,,1,0,0,1
1776310683207935,1790683977.257878,12257,tx,93922.4,131.1,252.9,,,1,0,0,1
1776310825765351,1790683977.400435,12400,tx,52754.1,133.3,243.5,,,1,0,0,1
1776310969622616,1790683977.544292,12544,tx,51713.6,128.1,281.4,,,1,0,0,1
1776311112054805,1790683977.686725,12686,tx,52419.5,83.9,190.3,,,1,0,0,1
1776311256026126,1790683977.830696,12830,tx,51555.0,109.2,209.0,,,1,0,0,1
1776311399519145,1790683977.974189,12974,tx,59084.1,159.2,391.3,,,1,0,0,1
1776311540076180,1790683978.114745,13114,tx,52341.5,190.3,385.8,,,1,0,0,1
1776311684462328,1790683978.259131,13259,tx,53077.7,146.1,356.2,,,1,0,0,1
1776311828281180,1790683978.402951,13402,tx,52329.7,128.5,215.3,,,1,0,0,1
1776311971686384,1790683978.546356,13546,tx,52801.5,91.9,215.9,,134099.5,1,0,0,1
1776312115924099,1790683978.690594,13690,idle,52604.4,84.0,238.1,,,0,0,0,0
1776312260481593,1790683978.835151,13835,idle,52566.8,184.5,433.7,,,0,0,0,0
1776312418940340,1790683978.993610,13993,idle,1267.4,82.4,133.5,,,0,0,0,0
1776312558052760,1790683979.132723,14132,idle,1213.1,136.9,231.0,,,0,0,0,0
1776312698059564,1790683979.272729,14272,idle,1749.2,129.3,285.8,,,0,0,0,0
1776312838778568,1790683979.413448,14413,idle,1773.7,113.9,262.0,,,0,0,0,0
1776312977921804,1790683979.552591,14552,idle,2027.4,175.3,393.5,,,0,0,0,0
1776313117862904,1790683979.692533,14692,idle,1437.1,150.1,251.8,,,0,0,0,0
1776313257988241,1790683979.832658,14832,idle,1740.8,103.9,255.5,,,0,0,0,0
1776313398511079,1790683979.973181,14973,idle,2700.3,223.0,432.5,,,0,0,0,0
1776313536421231,1790683980.111090,111,idle,2081.2,295.1,499.7,,,0,0,0,0
1776313678587879,1790683980.253257,253,idle,2327.6,148.0,375.0,,,0,0,0,0
1776313817720546,1790683980.392391,392,idle,899.1,69.6,170.8,,,0,0,0,0
1776313958352716,1790683980.533022,533,idle,1746.6,429.9,578.5,,,0,0,0,0
1776314098119116,1790683980.672788,672,idle,1301.5,118.6,236.7,,,0,0,0,0
1776314238094866,1790683980.812764,812,idle,2640.7,114.3,304.4,,,0,0,0,0
1776314378419060,1790683980.953089,953,idle,2379.4,325.3,525.1,,,0,0,0,0
1776314517041500,1790683981.091712,1091,idle,1158.9,81.9,144.0,,,0,0,0,0
1776314658740741,1790683981.233410,1233,idle,2298.9,136.0,349.0,,,0,0,0,0
1776314798387081,1790683981.373056,1373,idle,2572.8,312.9,543.8,,,0,0,0,0
1776314938160291,1790683981.512830,1512,idle,1177.4,106.0,206.9,,,0,0,0,0
1776315078874552,1790683981.653544,1653,idle,944.2,81.1,155.2,,,0,0,0,0
1776315217203612,1790683981.791873,1791,idle,1447.4,122.4,274.5,,,0,0,0,0
1776315357573359,1790683981.932243,1932,idle,1687.2,188.3,361.2,,,0,0,0,0
1776315497455947,1790683982.072126,2072,idle,1488.7,347.8,486.7,,,0,0,0,0
1776315638022737,1790683982.212692,2212,idle,1874.3,120.0,321.8,,,0,0,0,0
1776315777885885,1790683982.352556,2352,idle,2481.6,80.0,156.5,,,0,0,0,0
1776315918131762,1790683982.492801,2492,idle,1584.0,110.7,242.0,,,0,0,0,0
1776316058140898,1790683982.632811,2632,idle,1465.9,119.3,268.1,,,0,0,0,0
1776316197794089,1790683982.772464,2772,idle,1912.8,160.7,316.8,,,0,0,0,0
1776316337753429,1790683982.912423,2912,idle,2149.3,115.2,308.5,,,0,0,0,0
1776316477246558,1790683983.051917,3051,idle,1027.9,108.2,190.0,,,0,0,0,0
1776316617921583,1790683983.192591,3192,idle,1804.9,144.5,332.6,,,0,0,0,0
1776316758122676,1790683983.332792,3332,idle,2250.0,158.4,345.1,,,0,0,0,0
1776316898247426,1790683983.472917,3472,idle,2359.1,132.5,357.3,,,0,0,0,0
1776317037590835,1790683983.612261,3612,idle,1999.9,103.1,346.8,,,0,0,0,0
1776317177841076,1790683983.752511,3752,idle,1086.5,99.4,156.6,,,0,0,0,0
1776317318542190,1790683983.893212,3893,idle,2163.8,130.9,360.3,,,0,0,0,0
1776317458857320,1790683984.033526,4033,idle,1894.7,143.3,367.7,,,0,0,0,0
1776317598195237,1790683984.172864,4172,idle,2301.8,198.0,416.0,,,0,0,0,0
1776317738087535,1790683984.312757,4312,idle,1378.8,111.0,235.5,,,0,0,0,0
1776317877826521,1790683984.452497,4452,idle,1008.0,134.8,236.4,,,0,0,0,0
1776318018739497,1790683984.593409,4593,idle,2453.7,188.7,416.6,,,0,0,0,0
1776318157495307,1790683984.732165,4732,idle,1297.8,205.0,320.7,,,0,0,0,0
1776318297990776,1790683984.872660,4872,idle,1486.6,112.5,263.7,,,0,0,0,0
1776318437247445,1790683985.011917,5011,idle,1181.3,113.3,240.7,,,0,0,0,0
1776318577312159,1790683985.151982,5151,idle,1294.2,128.3,240.5,,,0,0,0,0
1776318717832349,1790683985.292502,5292,idle,1254.7,95.3,211.0,,,0,0,0,0
1776318857904996,1790683985.432575,5432,idle,1461.8,124.0,250.6,,,0,0,0,0
1776318997357430,1790683985.572027,5572,idle,1440.3,123.8,240.5,,,0,0,0,0
1776319139832894,1790683985.714503,5714,idle,1004.0,86.3,200.1,,,0,0,0,0
1776319277770231,1790683985.852440,5852,idle,1169.5,112.6,214.1,,,0,0,0,0
1776319418099101,1790683985.992769,5992,idle,1372.7,125.8,240.7,,,0,0,0,0
1776319557671716,1790683986.132342,6132,idle,955.9,85.0,188.0,,,0,0,0,0
1776319698131722,1790683986.272801,6272,idle,2377.4,125.3,326.8,,,0,0,0,0
1776319837247838,1790683986.411918,6411,idle,1032.5,113.3,202.1,,,0,0,0,0
1776319977825849,1790683986.552496,6552,idle,939.7,116.1,182.1,,,0,0,0,0
1776320117941109,1790683986.692611,6692,idle,2436.6,180.4,413.2,,,0,0,0,0
1776320258553635,1790683986.833223,6833,idle,2112.0,148.6,352.9,,,0,0,0,0
1776320398815407,1790683986.973485,6973,idle,2271.6,190.4,449.6,,,0,0,0,0
1776320537529473,1790683987.112199,7112,idle,1043.0,265.7,337.3,,,0,0,0,0
1776320678267794,1790683987.252938,7252,idle,1472.8,144.3,269.8,,,0,0,0,0
1776320818470540,1790683987.393139,7393,idle,2109.2,192.0,422.7,,,0,0,0,0
1776320958270236,1790683987.532940,7532,idle,1849.5,168.2,344.9,,,0,0,0,0
1776321097686152,1790683987.672356,7672,idle,1773.8,105.0,267.3,,,0,0,0,0
1776321237607262,1790683987.812277,7812,idle,1030.8,170.7,254.9,,,0,0,0,0
1776321378167484,1790683987.952837,7952,idle,2241.2,162.9,397.5,,,0,0,0,0
1776321517847868,1790683988.092517,8092,idle,2138.3,156.4,390.4,,,0,0,0,0
1776321657902418,1790683988.232572,8232,idle,2363.4,161.8,406.5,,,0,0,0,0
1776321798267454,1790683988.372936,8372,idle,2197.1,148.7,371.4,,,0,0,0,0
1776321937295608,1790683988.511966,8511,idle,974.3,82.8,147.4,,,0,0,0,0
1776322078206584,1790683988.652876,8652,idle,2212.9,147.9,366.1,,,0,0,0,0
1776322218500552,1790683988.793170,8793,idle,2177.2,185.1,408.7,,,0,0,0,0
1776322358477796,1790683988.933147,8933,idle,1655.8,244.0,389.2,,,0,0,0,0
1776322498165892,1790683989.072836,9072,idle,1195.6,120.3,236.6,,,0,0,0,0
1776322637036919,1790683989.211707,9211,idle,1236.4,138.8,225.4,,,0,0,0,0
1776322777869057,1790683989.352538,9352,idle,2004.2,161.1,395.2,,,0,0,0,0
1776322919944817,1790683989.494615,9494,idle,946.7,77.3,172.0,,,0,0,0,0
1776323057962267,1790683989.632632,9632,idle,1303.9,133.5,233.9,,,0,0,0,0
1776323197556115,1790683989.772226,9772,idle,1080.7,237.3,328.1,,,0,0,0,0
1776323337351196,1790683989.912021,9912,idle,1372.3,135.0,254.0,,,0,0,0,0
1776323477905747,1790683990.052575,10052,idle,2088.9,180.8,395.9,,,0,0,0,0
1776323618737595,1790683990.193407,10193,idle,2201.3,173.9,391.9,,,0,0,0,0
1776323757888572,1790683990.332558,10332,idle,1392.5,141.4,280.8,,,0,0,0,0
1776323897454739,1790683990.472125,10472,idle,2980.7,89.3,167.8,,,0,0,0,0
1776324037898703,1790683990.612569,10612,idle,1123.8,116.5,234.2,,,0,0,0,0
1776324177351474,1790683990.752021,10752,idle,963.1,75.7,175.8,,,0,0,0,0
1776324318532289,1790683990.893201,10893,idle,2342.6,209.0,405.8,,,0,0,0,0
1776324457493538,1790683991.032164,11032,idle,1194.2,280.7,370.9,,,0,0,0,0
1776324597056697,1790683991.171727,11171,idle,913.6,77.9,178.5,,,0,0,0,0
1776324737800102,1790683991.312469,11312,idle,2132.6,157.3,377.5,,,0,0,0,0
1776324877832713,1790683991.452503,11452,idle,1078.1,111.7,218.0,,,0,0,0,0
1776325017294004,1790683991.591964,11591,idle,1052.7,107.8,209.1,,,0,0,0,0
1776325157942308,1790683991.732612,11732,idle,1095.1,90.3,203.7,,,0,0,0,0
1776325297191938,1790683991.871862,11871,decode,1096.0,116.0,205.0,,,0,0,1,0
1776325437817114,1790683992.012486,12012,idle,2364.8,154.6,382.8,,,0,0,0,0
1776325578379965,1790683992.153049,12153,idle,2874.6,353.2,590.7,,,0,0,0,0
1776325718485431,1790683992.293155,12293,idle,2289.1,239.0,447.3,,,0,0,0,0
1776325857492023,1790683992.432162,12432,idle,1239.9,296.6,391.7,,,0,0,0,0
1776325997199410,1790683992.571869,12571,idle,1079.6,99.2,188.8,,,0,0,0,0
1776326137390199,1790683992.712060,12712,idle,1332.5,109.3,211.3,,,0,0,0,0
1776326278637711,1790683992.853307,12853,idle,2082.5,191.7,401.5,,,0,0,0,0
1776326418480693,1790683992.993150,12993,idle,2514.8,256.6,460.6,,,0,0,0,0
1776326557099913,1790683993.131770,13131,idle,899.4,82.9,157.3,,,0,0,0,0
1776326698024484,1790683993.272695,13272,idle,1288.7,111.3,218.9,,,0,0,0,0
1776326838062550,1790683993.412733,13412,idle,1358.7,151.6,265.1,,,0,0,0,0
1776326975802411,1790683993.550472,13550,idle,1892.2,131.7,271.2,,,0,0,0,0
1776327118960210,1790683993.693630,13693,idle,2061.7,132.4,370.0,,,0,0,0,0
1776327257904278,1790683993.832574,13832,idle,890.7,108.1,181.4,,,0,0,0,0
1776327397450920,1790683993.972121,13972,idle,1431.5,125.4,264.2,,,0,0,0,0
1776327538915939,1790683994.113585,14113,idle,2239.5,157.0,381.2,,,0,0,0,0
1776327678575087,1790683994.253244,14253,idle,2360.7,174.4,377.4,,,0,0,0,0
1776327819286894,1790683994.393957,14393,decode,1164.0,115.5,228.7,,,0,0,1,0
1776327959056671,1790683994.533726,14533,idle,1536.8,103.9,218.6,,,0,0,0,0
1776328097737097,1790683994.672407,14672,idle,1339.0,84.5,222.3,,,0,0,0,0
1776328238177992,1790683994.812847,14812,idle,2129.4,160.7,391.9,,,0,0,0,0
1776328377317654,1790683994.951988,14951,idle,1162.3,136.5,246.8,,,0,0,0,0
1776328518356791,1790683995.093025,93,idle,138733.0,158.1,382.8,,,0,0,0,1
1776328717712391,1790683995.292382,292,tx,51423.7,152.5,246.6,,,1,0,0,1
1776328860284735,1790683995.434955,434,tx,51560.2,155.4,272.7,,,1,0,0,1
1776329003474232,1790683995.578144,578,tx,56825.9,407.8,633.8,,,1,0,0,1
1776329141858550,1790683995.716528,716,tx,53293.2,124.0,347.7,,,1,0,0,1
1776329286120898,1790683995.860791,860,tx,51863.5,127.9,230.5,,,1,0,0,1
1776329429215315,1790683996.003885,1003,tx,52846.1,109.2,232.2,,,1,0,0,1
1776329574315747,1790683996.148985,1148,tx,53273.3,125.1,328.1,,,1,0,0,1
1776329719072692,1790683996.293742,1293,tx,52979.9,130.2,310.7,,,1,0,0,1
1776329863523219,1790683996.438193,1438,tx,53054.6,433.6,594.6,,,1,0,0,1
1776330007322630,1790683996.581993,1581,tx,52867.6,106.0,190.6,,,1,0,0,1
1776330152300359,1790683996.726970,1726,tx,52452.0,164.6,371.6,,,1,0,0,1
1776330296535136,1790683996.871204,1871,tx,52840.7,409.4,630.4,,,1,0,0,1
1776330441391114,1790683997.016060,2016,tx,53219.6,176.2,371.4,,,1,0,0,1
1776330585702827,1790683997.160373,2160,tx,52511.9,340.0,429.3,,,1,0,0,1
1776330729642477,1790683997.304312,2304,tx,52463.0,388.2,525.2,,,1,0,0,1
1776330873112746,1790683997.447783,2447,tx,53019.3,120.5,264.2,,,1,0,0,1
1776331017214690,1790683997.591885,2591,tx,52832.3,84.9,211.8,,,1,0,0,1
1776331161168180,1790683997.735838,2735,tx,51738.1,116.7,269.4,,,1,0,0,1
1776331305950871,1790683997.880620,2880,tx,52781.3,124.1,251.6,,,1,0,0,1
1776331449977754,1790683998.024648,3024,tx,56815.8,127.3,299.9,,,1,0,0,1
1776331594034078,1790683998.168704,3168,tx,51860.1,119.1,287.7,,,1,0,0,1
1776331737159056,1790683998.311829,3311,tx,51864.9,116.7,273.3,,,1,0,0,1
1776331880376311,1790683998.455046,3455,tx,88942.1,116.6,237.7,,,1,0,0,1
1776332021406212,1790683998.596075,3596,tx,51756.4,137.0,348.8,,,1,0,0,1
1776332164316945,1790683998.738987,3738,tx,51678.3,111.9,229.7,,,1,0,0,1
1776332307968196,1790683998.882638,3882,tx,52277.1,185.9,409.7,,,1,0,0,1
1776332452278455,1790683999.026948,4026,tx,53750.5,186.9,425.9,,,1,0,0,1
1776332597401730,1790683999.172071,4172,tx,53271.0,144.9,358.3,,,1,0,0,1
1776332741374643,1790683999.316045,4316,tx,51495.4,133.9,222.2,,,1,0,0,1
1776332885504581,1790683999.460174,4460,tx,52852.2,484.5,693.1,,,1,0,0,1
1776333029464391,1790683999.604134,4604,tx,52770.9,479.2,696.1,,,1,0,0,1
1776333173471644,1790683999.748141,4748,tx,53517.8,150.7,285.1,,,1,0,0,1
1776333317843938,1790683999.892514,4892,tx,52980.9,173.7,297.9,,,1,0,0,1
1776333463102361,1790684000.037771,5037,tx,52330.0,190.4,411.7,,,1,0,0,1
1776333606943676,1790684000.181613,5181,tx,52583.4,91.2,245.7,,,1,0,0,1
1776333750143913,1790684000.324814,5324,tx,55771.7,112.1,227.5,,,1,0,0,1
1776333893694034,1790684000.468364,5468,tx,52785.3,139.0,368.9,,,1,0,0,1
1776334037175703,1790684000.611845,5611,tx,52820.2,111.2,238.6,,,1,0,0,1
1776334180461297,1790684000.755131,5755,tx,52692.1,128.6,259.4,,,1,0,0,1
1776334324604198,1790684000.899274,5899,tx,51931.8,287.0,439.1,,,1,0,0,1
1776334468081703,1790684001.042751,6042,tx,52962.6,137.4,345.2,,,1,0,0,1
1776334612245825,1790684001.186916,6186,tx,52410.5,103.8,218.2,,,1,0,0,1
1776334755890879,1790684001.330561,6330,tx,51754.1,144.3,301.9,,,1,0,0,1
1776334899175086,1790684001.473844,6473,tx,53101.1,159.4,366.8,,,1,0,0,1
1776335043350710,1790684001.618021,6618,tx,52842.0,132.1,290.6,,,1,0,0,1
1776335187835970,1790684001.762505,6762,tx,53514.9,169.1,441.3,,,1,0,0,1
1776335333376719,1790684001.908047,6908,tx,52471.4,74.7,155.4,,,1,0,0,1
1776335477444407,1790684002.052114,7052,tx,75608.6,127.2,344.2,,,1,0,0,1
1776335621653741,1790684002.196323,7196,tx,52811.0,249.4,413.2,,,1,0,0,1
1776335766071405,1790684002.340741,7340,tx,52957.1,122.8,328.6,,,1,0,0,1
1776335912079493,1790684002.486749,7486,tx,52448.0,97.5,245.0,,,1,0,0,1
1776336055155591,1790684002.629825,7629,tx,52479.3,83.7,214.7,,,1,0,0,1
1776336198900298,1790684002.773570,7773,tx,52161.4,150.4,361.6,,,1,0,0,1
1776336342157109,1790684002.916827,7916,tx,52506.6,117.3,257.0,,,1,0,0,1
1776336485999564,1790684003.060669,8060,tx,52132.2,139.5,372.5,,,1,0,0,1
1776336629010581,1790684003.203680,8203,tx,52246.0,104.8,199.3,,,1,0,0,1
1776336772224255,1790684003.346894,8346,tx,52821.2,131.4,300.8,,,1,0,0,1
1776336916670621,1790684003.491340,8491,tx,52188.4,260.0,463.2,,,1,0,0,1
1776337060345639,1790684003.635016,8635,tx,52530.3,112.6,225.4,,,1,0,0,1
1776337203483588,1790684003.778154,8778,tx,52610.0,138.4,228.8,,,1,0,0,1
1776337346749580,1790684003.921420,8921,tx,51622.0,221.6,317.0,,,1,0,0,1
1776337489617330,1790684004.064286,9064,tx,53300.5,241.2,468.0,,,1,0,0,1
1776337634401404,1790684004.209071,9209,tx,52551.1,117.9,243.5,,,1,0,0,1
1776337779105866,1790684004.353774,9353,tx,52155.7,201.2,401.3,,,1,0,0,1
1776337921907613,1790684004.496577,9496,tx,51379.8,111.8,237.3,,,1,0,0,1
1776338064330501,1790684004.639001,9639,tx,52565.7,114.4,196.1,,,1,0,0,1
1776338207916694,1790684004.782587,9782,tx,51326.3,93.1,200.0,,,1,0,0,1
1776338351149302,1790684004.925818,9925,tx,53064.8,154.1,400.0,,,1,0,0,1
1776338496257157,1790684005.070927,10070,tx,53083.9,163.7,378.6,,,1,0,0,1
1776338643122103,1790684005.217792,10217,tx,52504.3,91.3,202.1,,,1,0,0,1
1776338786480648,1790684005.361150,10361,tx,52518.6,121.9,257.5,,,1,0,0,1
1776338929709745,1790684005.504380,10504,tx,52909.9,234.9,403.1,,,1,0,0,1
1776339074356374,1790684005.649025,10649,tx,82561.4,169.0,407.2,,,1,0,0,1
1776339218168640,1790684005.792839,10792,tx,52548.9,93.3,199.9,,,1,0,0,1
1776339362162452,1790684005.936832,10936,tx,52513.7,99.5,219.5,,,1,0,0,1
1776339506362346,1790684006.081032,11081,tx,54865.8,98.1,219.0,,,1,0,0,1
1776339652373145,1790684006.227043,11227,tx,52309.0,119.7,258.2,,,1,0,0,1
1776339794841437,1790684006.369511,11369,tx,52699.9,118.3,241.0,,,1,0,0,1
1776339938250004,1790684006.512920,11512,tx,52652.6,88.5,205.1,,,1,0,0,1
1776340082189145,1790684006.656859,11656,tx,51700.1,123.0,265.6,,,1,0,0,1
1776340225013183,1790684006.799683,11799,tx,52951.0,154.7,296.7,,,1,0,0,1
1776340368510941,1790684006.943181,11943,tx,51672.8,102.4,248.2,,,1,0,0,1
1776340510761992,1790684007.085432,12085,tx,52571.9,225.5,320.0,,,1,0,0,1
1776340653945626,1790684007.228616,12228,tx,51206.7,101.0,203.2,,,1,0,0,1
1776340796479986,1790684007.371150,12371,tx,51376.2,132.3,248.2,,,1,0,0,1
1776340938744979,1790684007.513415,12513,tx,51656.5,282.3,371.2,,,1,0,0,1
1776341081716532,1790684007.656386,12656,tx,52487.1,291.2,462.0,,,1,0,0,1
1776341225416205,1790684007.800086,12800,tx,52435.9,79.5,151.5,,,1,0,0,1
1776341369263634,1790684007.943934,12943,tx,51667.4,136.1,227.3,,,1,0,0,1
1776341512324040,1790684008.086993,13086,tx,57772.7,142.5,315.0,,,1,0,0,1
1776341650724445,1790684008.225394,13225,tx,52499.5,269.4,404.9,,,1,0,0,1
1776341795176540,1790684008.369846,13369,tx,52442.7,166.2,366.7,,,1,0,0,1
1776341938116836,1790684008.512787,13512,tx,52160.8,103.3,207.4,,172252.9,1,0,0,1
1776342081757540,1790684008.656427,13656,tx,53483.2,205.4,432.5,,,0,0,0,0
1776342226445578,1790684008.801115,13801,idle,53453.3,145.2,336.7,,,0,0,0,0
1776342422737939,1790684008.997408,13997,idle,1292.5,419.2,510.0,,,0,0,0,0
1776342561164363,1790684009.135834,14135,idle,1058.9,82.4,169.4,,,0,0,0,0
1776342701665002,1790684009.276335,14276,idle,6448.6,460.6,619.7,,,0,0,0,0
1776342840929863,1790684009.415600,14415,idle,1426.9,222.6,346.5,,,0,0,0,0
1776342981031261,1790684009.555701,14555,idle,1804.5,172.1,332.2,,,0,0,0,0
1776343119125385,1790684009.693794,14693,idle,2102.7,130.6,349.2,,,0,0,0,0
1776343260728269,1790684009.835398,14835,idle,1351.4,476.7,573.1,,,0,0,0,0
1776343400789997,1790684009.975459,14975,idle,10201.3,346.9,480.3,,,0,0,0,0
1776343541174905,1790684010.115845,115,idle,1021.7,137.1,229.7,,,0,0,0,0
1776343682070747,1790684010.256740,256,idle,2191.6,182.8,398.4,,,0,0,0,0
1776343821902946,1790684010.396572,396,idle,2047.7,240.9,381.1,,,0,0,0,0
1776343961171616,1790684010.535841,535,idle,840.0,72.1,156.6,,,0,0,0,0
1776344101143326,1790684010.675813,675,idle,2793.9,75.6,188.8,,,0,0,0,0
1776344241094347,1790684010.815764,815,idle,1058.5,85.5,211.2,,,0,0,0,0
1776344381512184,1790684010.956182,956,idle,2285.9,130.3,333.4,,,0,0,0,0
1776344521145442,1790684011.095815,1095,idle,1441.9,95.9,226.1,,,0,0,0,0
1776344661199328,1790684011.235869,1235,idle,1126.6,84.5,229.6,,,0,0,0,0
1776344801344774,1790684011.376013,1376,idle,9740.0,157.4,398.6,,,0,0,0,0
1776344941511219,1790684011.516180,1516,idle,3009.1,119.0,785.8,,,0,0,0,0
1776345081472127,1790684011.656141,1656,idle,2254.0,140.2,328.0,,,0,0,0,0
1776345221155858,1790684011.795826,1795,idle,977.3,105.2,208.4,,,0,0,0,0
1776345361306572,1790684011.935976,1935,idle,2039.6,204.0,411.9,,,0,0,0,0
1776345500650834,1790684012.075320,2075,idle,27164.1,181.2,668.1,,,0,0,0,0
1776345641550825,1790684012.216220,2216,idle,2040.4,110.6,244.5,,,0,0,0,0
1776345782193003,1790684012.356863,2356,idle,1733.3,98.1,255.8,,,0,0,0,0
1776345920500302,1790684012.495170,2495,idle,1314.3,106.0,220.0,,,0,0,0,0
1776346061812941,1790684012.636483,2636,idle,1637.7,381.8,507.6,,,0,0,0,0
1776346201766116,1790684012.776435,2776,idle,8309.1,358.7,574.9,,,0,0,0,0
1776346340632370,1790684012.915302,2915,idle,1655.1,94.9,197.0,,,0,0,0,0
1776346482157764,1790684013.056827,3056,idle,2406.6,148.5,389.6,,,0,0,0,0
1776346623086350,1790684013.197756,3197,idle,1001.4,159.8,224.3,,,0,0,0,0
1776346760733603,1790684013.335403,3335,idle,1404.7,459.2,566.4,,,0,0,0,0
1776346900745850,1790684013.475416,3475,idle,4952.5,461.0,557.2,,,0,0,0,0
1776347041148157,1790684013.615818,3615,idle,1112.0,106.3,224.0,,,0,0,0,0
1776347181753200,1790684013.756423,3756,idle,1992.4,225.5,428.9,,,0,0,0,0
1776347320608628,1790684013.895279,3895,idle,975.1,98.8,200.9,,,0,0,0,0
1776347462457925,1790684014.037127,4037,idle,2275.7,161.7,396.3,,,0,0,0,0
1776347601262572,1790684014.175932,4175,idle,3820.2,93.8,185.1,,,0,0,0,0
1776347742244073,1790684014.316875,4316,idle,1949.8,182.3,402.8,,,0,0,0,0
1776347881401860,1790684014.456072,4456,idle,1246.1,100.2,205.6,,,0,0,0,0
1776348021619330,1790684014.596289,4596,idle,2359.0,208.5,413.7,,,0,0,0,0
1776348162293477,1790684014.736963,4736,idle,2381.4,161.1,429.1,,,0,0,0,0
1776348302100392,1790684014.876769,4876,idle,14767.2,184.7,416.1,,,0,0,0,0
1776348440712910,1790684015.015383,5015,idle,1259.9,125.6,246.0,,,0,0,0,0
1776348582705729,1790684015.157376,5157,idle,1155.4,98.9,193.2,,,0,0,0,0
1776348721276107,1790684015.295946,5295,idle,1429.1,98.1,223.3,,,0,0,0,0
1776348861930144,1790684015.436599,5436,idle,2179.6,150.5,376.5,,,0,0,0,0
1776349001066547,1790684015.575736,5575,idle,5828.8,130.7,277.5,,,0,0,0,0
1776349141963020,1790684015.716632,5716,idle,2099.5,112.4,327.8,,,0,0,0,0
1776349281255643,1790684015.855926,5855,idle,1518.0,443.4,608.4,,,0,0,0,0
1776349421457323,1790684015.996127,5996,idle,2143.9,129.0,332.0,,,0,0,0,0
1776349561570238,1790684016.136240,6136,idle,2145.6,150.4,330.8,,,0,0,0,0
1776349702435670,1790684016.277105,6277,idle,7530.2,148.7,362.3,,,0,0,0,0
1776349841295794,1790684016.415963,6415,idle,2172.8,297.5,493.4,,,0,0,0,0
1776349980524531,1790684016.555194,6555,idle,1040.3,82.2,162.1,,,0,0,0,0
1776350122206793,1790684016.696876,6696,idle,2365.3,159.4,368.5,,,0,0,0,0
1776350261537077,1790684016.836206,6836,idle,1408.8,99.4,219.8,,,0,0,0,0
1776350400660225,1790684016.975330,6975,idle,3997.0,96.6,197.7,,,0,0,0,0
1776350541044614,1790684017.115715,7115,idle,985.4,116.1,204.9,,,0,0,0,0
1776350680407180,1790684017.255077,7255,idle,1325.7,134.3,238.8,,,0,0,0,0
1776350822498042,1790684017.397167,7397,idle,2368.8,147.4,358.1,,,0,0,0,0
1776350962049833,1790684017.536719,7536,idle,2172.5,156.0,341.0,,,0,0,0,0
1776351102238831,1790684017.676908,7676,idle,9260.7,119.7,315.4,,,0,0,0,0
1776351241070576,1790684017.815740,7815,idle,1112.3,84.5,195.2,,,0,0,0,0
1776351380782775,1790684017.955453,7955,idle,1119.7,83.0,161.6,,,0,0,0,0
1776351521630893,1790684018.096300,8096,idle,1762.0,98.4,289.2,,,0,0,0,0
1776351661173727,1790684018.235844,8235,idle,1074.0,81.1,163.1,,,0,0,0,0
1776351801594089,1790684018.376264,8376,idle,6339.6,95.2,208.2,,,0,0,0,0
1776351940681760,1790684018.515352,8515,idle,1192.5,81.5,183.7,,,0,0,0,0
1776352081247620,1790684018.655917,8655,idle,1571.5,133.4,258.9,,,0,0,0,0
1776352221779986,1790684018.796450,8796,idle,1544.1,318.1,473.5,,,0,0,0,0
1776352361434595,1790684018.936105,8936,idle,1457.6,129.0,272.5,,,0,0,0,0
1776352501063679,1790684019.075733,9075,idle,11037.2,125.9,263.4,,,0,0,0,0
1776352640562442,1790684019.215232,9215,idle,1208.3,114.3,240.3,,,0,0,0,0
1776352781304720,1790684019.355974,9355,idle,1454.8,148.2,302.6,,,0,0,0,0
1776352921504064,1790684019.496174,9496,idle,1380.0,123.6,272.9,,,0,0,0,0
1776353061219001,1790684019.635888,9635,idle,1550.6,150.3,305.6,,,0,0,0,0
1776353201240794,1790684019.775911,9775,idle,3998.4,142.9,265.7,,,0,0,0,0
1776353340695066,1790684019.915365,9915,idle,935.1,76.4,176.5,,,0,0,0,0
1776353482351187,1790684020.057020,10057,idle,2215.7,190.4,439.5,,,0,0,0,0
1776353621474238,1790684020.196144,10196,idle,2200.0,121.1,354.3,,,0,0,0,0
1776353760959847,1790684020.335629,10335,idle,1776.5,117.3,287.4,,,0,0,0,0
1776353901847484,1790684020.476517,10476,idle,7551.2,192.8,409.0,,,0,0,0,0
1776354041286362,1790684020.615957,10615,idle,884.2,131.1,217.9,,,0,0,0,0
1776354182265543,1790684020.756935,10756,idle,2329.8,187.6,417.6,,,0,0,0,0
1776354321671707,1790684020.896341,10896,idle,2092.8,151.3,358.2,,,0,0,0,0
1776354462155922,1790684021.036825,11036,idle,2219.1,180.8,382.2,,,0,0,0,0
1776354601626844,1790684021.176297,11176,idle,2367.2,83.5,156.1,,,0,0,0,0
1776354740921389,1790684021.315591,11315,idle,1281.4,218.5,325.5,,,0,0,0,0
1776354882153856,1790684021.456823,11456,idle,2100.0,185.2,392.7,,,0,0,0,0
1776355020996602,1790684021.595667,11595,idle,1365.9,162.6,284.2,,,0,0,0,0
1776355162109198,1790684021.736778,11736,idle,2453.3,175.0,380.4,,,0,0,0,0
1776355301415977,1790684021.876086,11876,decode,2081.4,107.0,203.2,,,0,0,1,0
1776355441217958,1790684022.015888,12015,idle,1094.1,100.7,214.3,,,0,0,0,0
1776355581865812,1790684022.156535,12156,idle,2274.0,206.7,433.6,,,0,0,0,0
1776355728607522,1790684022.303277,12303,idle,2097.8,149.4,351.8,,,0,0,0,0
1776355872434218,1790684022.447104,12447,idle,2297.1,170.8,417.3,,,0,0,0,0
1776356011148866,1790684022.585819,12585,idle,814.7,86.3,171.2,,,0,0,0,0
1776356151594456,1790684022.726264,12726,idle,1184.6,142.3,241.1,,,0,0,0,0
1776356291448216,1790684022.866118,12866,idle,1443.0,112.4,238.3,,,0,0,0,0
1776356431936252,1790684023.006606,13006,idle,2641.3,196.6,484.1,,,0,0,0,0
1776356572344611,1790684023.147014,13147,idle,2395.8,161.1,380.8,,,0,0,0,0
1776356710689356,1790684023.285359,13285,idle,929.9,77.5,141.7,,,0,0,0,0
1776356852303210,1790684023.426972,13426,idle,2033.6,162.4,377.1,,,0,0,0,0
1776356993398857,1790684023.568068,13568,idle,2298.3,112.5,335.2,,,0,0,0,0
1776357131224495,1790684023.705894,13705,idle,1189.2,110.5,234.5,,,0,0,0,0
1776357272287879,1790684023.846957,13846,idle,2026.0,123.8,316.1,,,0,0,0,0
1776357410602956,1790684023.985273,13985,idle,1084.5,97.7,182.9,,,0,0,0,0
1776357551928662,1790684024.126598,14126,idle,2842.4,155.2,365.2,,,0,0,0,0
1776357691567397,1790684024.266236,14266,idle,2497.0,176.2,399.6,,,0,0,0,0
1776357834350054,1790684024.409019,14409,decode,2172.4,139.9,388.3,,,0,0,1,0
1776357981010818,1790684024.555681,14555,idle,1109.8,229.4,291.4,,,0,0,0,0
1776358121280076,1790684024.695950,14695,idle,1302.9,116.6,222.3,,,0,0,0,0
1776358261244553,1790684024.835914,14835,idle,2099.1,155.2,361.6,,,0,0,0,0
1776358401703989,1790684024.976373,14976,idle,11932.9,164.9,392.8,,,0,0,0,0
1776358615073905,1790684025.189744,189,tx,52820.6,165.6,230.7,,,1,0,0,1
1776358759686139,1790684025.334356,334,tx,52565.1,84.8,185.3,,,1,0,0,1
1776358904039210,1790684025.478708,478,tx,56423.6,235.0,426.0,,,1,0,0,1
1776359042350099,1790684025.617019,617,tx,53179.9,116.7,339.0,,,1,0,0,1
1776359187665276,1790684025.762334,762,tx,53365.8,123.7,329.2,,,1,0,0,1
1776359333928400,1790684025.908598,908,tx,51439.3,414.2,518.5,,,1,0,0,1
1776359477669860,1790684026.052338,1052,tx,52500.3,144.3,387.8,,,1,0,0,1
1776359621139033,1790684026.195808,1195,tx,52328.6,144.4,351.0,,,1,0,0,1
1776359765685169,1790684026.340354,1340,tx,52723.7,144.8,370.6,,,1,0,0,1
1776359909711562,1790684026.484382,1484,tx,51362.0,94.7,187.0,,,1,0,0,1
1776360052310462,1790684026.626980,1626,tx,51753.4,123.9,231.9,,,1,0,0,1
1776360194995575,1790684026.769665,1769,tx,52335.5,299.6,463.1,,,1,0,0,1
1776360339335043,1790684026.914004,1914,tx,75401.9,155.3,346.2,,,1,0,0,1
1776360484517910,1790684027.059187,2059,tx,52949.2,124.9,391.1,,,1,0,0,1
1776360628505032,1790684027.203175,2203,tx,51547.6,102.2,187.4,,,1,0,0,1
1776360771690938,1790684027.346360,2346,tx,53505.3,115.8,306.0,,,1,0,0,1
1776360916632375,1790684027.491302,2491,tx,52723.7,197.7,414.5,,,1,0,0,1
1776361060830036,1790684027.635499,2635,tx,52785.9,484.7,701.7,,,1,0,0,1
1776361204708907,1790684027.779379,2779,tx,53433.7,114.9,213.6,,,1,0,0,1
1776361348830569,1790684027.923501,2923,tx,51687.1,126.5,243.8,,,1,0,0,1
1776361492227874,1790684028.066897,3066,tx,52245.1,111.4,330.5,,,1,0,0,1
1776361636723291,1790684028.211392,3211,tx,52682.7,166.3,380.8,,,1,0,0,1
1776361781902001,1790684028.356571,3356,tx,53444.8,360.2,606.0,,,1,0,0,1
1776361926613031,1790684028.501283,3501,tx,52508.8,79.5,146.8,,,1,0,0,1
1776362069993447,1790684028.644663,3644,tx,52610.6,292.3,542.1,,,1,0,0,1
1776362214269566,1790684028.788939,3788,tx,53261.3,116.9,305.6,,,1,0,0,1
1776362358747455,1790684028.933417,3933,tx,51818.2,96.8,234.4,,,1,0,0,1
1776362501675114,1790684029.076345,4076,tx,60700.1,86.6,204.2,,,1,0,0,1
1776362643280673,1790684029.217951,4217,tx,52305.8,89.2,190.3,,,1,0,0,1
1776362786911928,1790684029.361582,4361,tx,52196.4,403.7,549.0,,,1,0,0,1
1776362930357582,1790684029.505027,4505,tx,52726.9,91.3,241.7,,,1,0,0,1
1776363074267018,1790684029.648937,4648,tx,52436.5,109.3,231.0,,,1,0,0,1
1776363217659659,1790684029.792329,4792,tx,52711.9,121.0,254.0,,,1,0,0,1
1776363361162229,1790684029.935832,4935,tx,51360.5,203.8,326.4,,,1,0,0,1
1776363503685649,1790684030.078355,5078,tx,55582.1,140.7,250.4,,,1,0,0,1
1776363640731975,1790684030.215402,5215,tx,53453.7,162.5,335.7,,,1,0,0,1
1776363785734390,1790684030.360404,5360,tx,52511.7,200.5,422.8,,,1,0,0,1
1776363928868601,1790684030.503538,5503,tx,74416.1,101.0,209.3,,,1,0,0,1
1776364072947331,1790684030.647617,5647,tx,52309.9,256.8,485.4,,,1,0,0,1
1776364216647487,1790684030.791317,5791,tx,52426.3,183.5,395.0,,,1,0,0,1
1776364361383921,1790684030.936053,5936,tx,52067.8,132.0,356.7,,,1,0,0,1
1776364505747529,1790684031.080416,6080,tx,70662.3,165.5,372.7,,,1,0,0,1
1776364647785952,1790684031.222456,6222,tx,52466.4,77.9,168.6,,,1,0,0,1
1776364792312714,1790684031.366981,6366,tx,52174.8,182.7,459.2,,,1,0,0,1
1776364938074377,1790684031.512743,6512,tx,53225.4,143.6,349.5,,,1,0,0,1
1776365082853392,1790684031.657523,6657,tx,53544.5,359.0,621.3,,,1,0,0,1
1776365227086121,1790684031.801756,6801,tx,52283.3,205.4,276.9,,,1,0,0,1
1776365370642534,1790684031.945312,6945,tx,51884.1,142.3,302.2,,,1,0,0,1
1776365514737308,1790684032.089406,7089,tx,53062.2,155.7,336.1,,,1,0,0,1
1776365659367631,1790684032.234037,7234,tx,52221.8,168.0,403.3,,,1,0,0,1
1776365803476230,1790684032.378145,7378,tx,61744.3,189.0,434.7,,,1,0,0,1
1776365945609683,1790684032.520280,7520,tx,51469.7,131.2,227.5,,,1,0,0,1
1776366088344349,1790684032.663014,7663,tx,53067.3,176.1,369.0,,,1,0,0,1
1776366227645417,1790684032.802315,7802,tx,52582.0,190.6,410.5,,,1,0,0,1
1776366372514972,1790684032.947184,7947,tx,52538.1,193.4,421.8,,,1,0,0,1
1776366516305602,1790684033.090974,8090,tx,53057.3,155.4,363.6,,,1,0,0,1
1776366660091377,1790684033.234761,8234,tx,51220.1,229.2,287.7,,,1,0,0,1
1776366803134782,1790684033.377803,8377,tx,61319.0,171.2,398.5,,,1,0,0,1
1776366946102110,1790684033.520771,8520,tx,53279.1,184.4,384.3,,,1,0,0,1
1776367091184337,1790684033.665854,8665,tx,53270.1,205.7,429.3,,,1,0,0,1
1776367234994313,1790684033.809664,8809,tx,52547.2,328.3,448.6,,,1,0,0,1
1776367379622942,1790684033.954292,8954,tx,52578.4,198.7,429.0,,,1,0,0,1
1776367524069888,1790684034.098739,9098,tx,75974.9,196.3,443.4,,,1,0,0,1
1776367668487860,1790684034.243157,9243,tx,51978.4,189.0,429.5,,,1,0,0,1
1776367812283570,1790684034.386953,9386,tx,52910.5,120.8,319.7,,,1,0,0,1
1776367955983197,1790684034.530653,9530,tx,51329.8,104.8,201.4,,,1,0,0,1
1776368099940763,1790684034.674610,9674,tx,60643.1,285.1,535.2,,,1,0,0,1
1776368242733043,1790684034.817402,9817,tx,53323.3,173.0,391.3,,,1,0,0,1
1776368387098677,1790684034.961768,9961,tx,52111.1,237.4,396.0,,,1,0,0,1
1776368529808927,1790684035.104479,10104,tx,52436.5,78.3,179.3,,,1,0,0,1
1776368673346307,1790684035.248016,10248,tx,52162.5,141.4,356.0,,,1,0,0,1
1776368817758634,1790684035.392427,10392,tx,53467.2,149.5,344.6,,,1,0,0,1
1776368962989732,1790684035.537659,10537,tx,53227.2,207.3,463.2,,,1,0,0,1
1776369108086108,1790684035.682755,10682,tx,53951.4,191.5,393.4,,,1,0,0,1
1776369252716950,1790684035.827387,10827,tx,51464.7,88.9,190.7,,,1,0,0,1
1776369395346936,1790684035.970017,10970,tx,52367.6,92.6,215.2,,,1,0,0,1
1776369537038877,1790684036.111708,11111,tx,52417.9,225.4,444.8,,,1,0,0,1
1776369681299837,1790684036.255969,11255,tx,52316.4,151.3,375.4,,,1,0,0,1
1776369824581031,1790684036.399251,11399,tx,52794.7,126.2,284.1,,,1,0,0,1
1776369968380649,1790684036.543051,11543,tx,51227.8,101.9,190.4,,,1,0,0,1
1776370111680821,1790684036.686350,11686,tx,51975.4,152.3,355.1,,,1,0,0,1
1776370255075744,1790684036.829745,11829,tx,52007.8,223.8,390.4,,,1,0,0,1
1776370399337003,1790684036.974006,11974,tx,64521.0,183.5,399.1,,,1,0,0,1
1776370544642203,1790684037.119312,12119,tx,52553.3,129.7,241.2,,,1,0,0,1
1776370688879211,1790684037.263548,12263,tx,52171.8,171.6,404.7,,,1,0,0,1
1776370826448221,1790684037.401117,12401,tx,52324.1,152.5,372.4,,,1,0,0,1
1776370970507959,1790684037.545177,12545,tx,51868.9,155.1,365.9,,,1,0,0,1
1776371114353039,1790684037.689021,12689,tx,77473.0,156.3,382.2,,,1,0,0,1
1776371258125898,1790684037.832796,12832,tx,52377.9,280.8,346.4,,,1,0,0,1
1776371402204444,1790684037.976874,12976,tx,57389.5,172.2,362.6,,,1,0,0,1
1776371540920184,1790684038.115589,13115,tx,52183.8,120.1,332.7,,,1,0,0,1
1776371684705947,1790684038.259375,13259,tx,52354.8,155.6,397.4,,,1,0,0,1
1776371828250781,1790684038.402921,13402,tx,52304.9,143.4,223.7,,,1,0,0,1
1776371971775022,1790684038.546445,13546,tx,51770.6,147.1,259.9,,139885.7,1,0,0,1
1776372111738365,1790684038.686407,13686,idle,59813.5,190.2,370.2,,,0,0,0,0
1776372254123517,1790684038.828792,13828,idle,53529.8,321.6,538.2,,,0,0,0,0
1776372429884348,1790684039.004554,14004,idle,3069.0,152.2,350.4,,,0,0,0,0
1776372572907578,1790684039.147578,14147,idle,1491.9,109.6,288.0,,,0,0,0,0
1776372712811625,1790684039.287481,14287,idle,1444.7,120.2,257.1,,,0,0,0,0
1776372852358820,1790684039.427028,14427,idle,1776.0,138.3,284.7,,,0,0,0,0
1776372993100636,1790684039.567770,14567,idle,2200.9,394.5,516.7,,,0,0,0,0
1776373136034774,1790684039.710705,14710,idle,1867.9,448.1,580.7,,,0,0,0,0
1776373273109953,1790684039.847780,14847,idle,4435.5,188.0,3498.4,,,0,0,0,0
1776373412870287,1790684039.987540,14987,idle,1392.6,101.5,217.7,,,0,0,0,0
1776373553032040,1790684040.127702,127,idle,1571.5,96.6,213.0,,,0,0,0,0
1776373693071485,1790684040.267741,267,idle,2055.0,414.7,543.6,,,0,0,0,0
1776373835808155,1790684040.410478,410,idle,1422.8,106.2,235.8,,,0,0,0,0
1776373982224217,1790684040.556894,556,idle,1218.0,297.8,385.1,,,0,0,0,0
1776374124674385,1790684040.699344,699,idle,1411.5,111.3,219.9,,,0,0,0,0
1776374263499567,1790684040.838169,838,idle,2145.0,181.4,381.1,,,0,0,0,0
1776374402758863,1790684040.977428,977,idle,6920.1,164.5,339.3,,,0,0,0,0
1776374543554490,1790684041.118223,1118,idle,2286.1,126.8,329.2,,,0,0,0,0
1776374682345463,1790684041.257015,1257,idle,1080.0,215.3,304.3,,,0,0,0,0
1776374822364255,1790684041.397034,1397,idle,2333.6,182.6,388.4,,,0,0,0,0
1776374962241666,1790684041.536912,1536,idle,1366.4,314.8,416.8,,,0,0,0,0
1776375102966701,1790684041.677637,1677,idle,2625.5,109.8,214.6,,,0,0,0,0
1776375242516704,1790684041.817187,1817,idle,1302.7,106.7,235.0,,,0,0,0,0
1776375381809176,1790684041.956479,1956,idle,1308.7,76.6,167.9,,,0,0,0,0
1776375523076742,1790684042.097747,2097,idle,1570.4,448.1,569.4,,,0,0,0,0
1776375663571908,1790684042.238240,2238,idle,2582.8,161.4,420.7,,,0,0,0,0
1776375803316811,1790684042.377985,2377,idle,7442.3,149.8,400.5,,,0,0,0,0
1776375942587539,1790684042.517257,2517,idle,948.3,98.0,193.9,,,0,0,0,0
1776376082732239,1790684042.657402,2657,idle,1239.0,112.5,230.5,,,0,0,0,0
1776376228901216,1790684042.803571,2803,idle,2571.1,175.2,377.7,,,0,0,0,0
1776376373141066,1790684042.947809,2947,idle,2550.2,369.7,591.6,,,0,0,0,0
1776376513378239,1790684043.088048,3088,idle,5487.5,155.3,308.7,,,0,0,0,0
1776376652779974,1790684043.227450,3227,idle,1175.1,68.0,156.0,,,0,0,0,0
1776376793305985,1790684043.367974,3367,idle,2399.5,163.5,373.2,,,0,0,0,0
1776376939212205,1790684043.513882,3513,idle,2532.2,263.5,473.3,,,0,0,0,0
1776377083641183,1790684043.658310,3658,idle,2172.0,181.4,405.9,,,0,0,0,0
1776377228723309,1790684043.803392,3803,idle,1938.6,143.9,338.1,,,0,0,0,0
1776377372849446,1790684043.947520,3947,idle,1092.6,108.4,222.3,,,0,0,0,0
1776377512892479,1790684044.087562,4087,idle,6845.3,154.1,370.5,,,0,0,0,0
1776377653275887,1790684044.227945,4227,idle,2272.4,164.3,373.9,,,0,0,0,0
1776377793140135,1790684044.367810,4367,idle,2317.1,211.4,442.8,,,0,0,0,0
1776377939991265,1790684044.514661,4514,idle,1410.4,120.0,266.4,,,0,0,0,0
1776378082597299,1790684044.657267,4657,idle,946.3,104.9,208.4,,,0,0,0,0
1776378229029324,1790684044.803699,4803,idle,2377.6,334.9,560.5,,,0,0,0,0
1776378372253627,1790684044.946923,4946,idle,1454.4,169.8,316.5,,,0,0,0,0
1776378512196638,1790684045.086867,5086,idle,1110.3,263.6,352.7,,,0,0,0,0
1776378652927380,1790684045.227597,5227,idle,1226.3,109.0,260.2,,,0,0,0,0
1776378792774566,1790684045.367444,5367,idle,2560.2,161.7,417.7,,,0,0,0,0
1776378938880286,1790684045.513550,5513,idle,2378.8,153.4,405.1,,,0,0,0,0
1776379083288424,1790684045.657959,5657,idle,1148.6,194.9,272.9,,,0,0,0,0
1776379230340539,1790684045.805010,5805,idle,1519.0,140.3,292.4,,,0,0,0,0
1776379372338951,1790684045.947009,5947,idle,1049.9,113.7,221.3,,,0,0,0,0
1776379513258507,1790684046.087928,6087,idle,5166.5,115.9,308.4,,,0,0,0,0
1776379653586652,1790684046.228256,6228,idle,2194.2,206.1,453.1,,,0,0,0,0
1776379793516305,1790684046.368186,6368,idle,2166.3,150.7,361.7,,,0,0,0,0
1776379939101129,1790684046.513771,6513,idle,1572.2,332.9,471.8,,,0,0,0,0
1776380082077091,1790684046.656747,6656,idle,1100.9,133.7,216.7,,,0,0,0,0
1776380228791386,1790684046.803461,6803,idle,2296.9,159.4,361.8,,,0,0,0,0
1776380373440825,1790684046.948110,6948,idle,2239.7,159.2,376.9,,,0,0,0,0
1776380512725206,1790684047.087395,7087,idle,893.8,81.3,192.1,,,0,0,0,0
1776380652150403,1790684047.226820,7226,idle,1049.0,122.8,223.4,,,0,0,0,0
1776380792697016,1790684047.367367,7367,idle,1176.2,136.5,232.0,,,0,0,0,0
1776380938690990,1790684047.513360,7513,idle,1915.0,102.1,283.7,,,0,0,0,0
1776381083638960,1790684047.658308,7658,idle,1503.2,115.8,284.6,,,0,0,0,0
1776381225291024,1790684047.799961,7799,idle,1461.3,141.3,302.5,,,0,0,0,0
1776381362393785,1790684047.937064,7937,idle,1074.9,120.5,214.5,,,0,0,0,0
1776381502802591,1790684048.077472,8077,idle,6428.3,96.0,192.8,,,0,0,0,0
1776381642276539,1790684048.216946,8216,idle,1363.4,189.5,340.4,,,0,0,0,0
1776381782572420,1790684048.357242,8357,idle,1477.1,151.1,301.6,,,0,0,0,0
1776381924999008,1790684048.499669,8499,idle,1438.9,119.6,279.4,,,0,0,0,0
1776382063271117,1790684048.637941,8637,idle,1255.9,194.5,323.5,,,0,0,0,0
1776382202021052,1790684048.776691,8776,idle,6615.0,156.0,361.8,,,0,0,0,0
1776382342326127,1790684048.916995,8916,idle,1288.3,86.0,238.4,,,0,0,0,0
1776382482634146,1790684049.057304,9057,idle,1523.0,94.5,235.0,,,0,0,0,0
1776382624046990,1790684049.198717,9198,idle,1250.2,107.2,238.0,,,0,0,0,0
1776382762843855,1790684049.337514,9337,idle,1023.0,80.8,167.6,,,0,0,0,0
1776382902522726,1790684049.477193,9477,idle,2532.1,83.8,166.5,,,0,0,0,0
1776383042164685,1790684049.616835,9616,idle,1616.9,373.4,490.9,,,0,0,0,0
1776383182726662,1790684049.757396,9757,idle,1477.0,121.9,265.8,,,0,0,0,0
1776383324512417,1790684049.899182,9899,idle,1200.4,123.1,228.4,,,0,0,0,0
1776383463101885,1790684050.037772,10037,idle,1039.4,103.3,209.0,,,0,0,0,0
1776383602561633,1790684050.177231,10177,idle,8506.0,160.3,356.3,,,0,0,0,0
1776383742756603,1790684050.317426,10317,idle,1420.3,120.8,242.3,,,0,0,0,0
1776383883213541,1790684050.457882,10457,idle,2600.2,174.5,435.8,,,0,0,0,0
1776384022422987,1790684050.597092,10597,idle,2081.6,174.3,395.1,,,0,0,0,0
1776384162244022,1790684050.736914,10736,idle,1151.4,305.4,407.4,,,0,0,0,0
1776384303223441,1790684050.877892,10877,idle,7895.1,215.6,397.9,,,0,0,0,0
1776384442562526,1790684051.017232,11017,idle,2357.9,163.7,394.8,,,0,0,0,0
1776384582260706,1790684051.156930,11156,idle,1213.6,256.1,336.7,,,0,0,0,0
1776384724147032,1790684051.298817,11298,idle,1079.6,132.0,224.5,,,0,0,0,0
1776384862830848,1790684051.437501,11437,idle,1270.7,127.7,217.1,,,0,0,0,0
1776385002177342,1790684051.576847,11576,idle,2264.9,313.8,440.3,,,0,0,0,0
1776385143092351,1790684051.717762,11717,idle,1535.3,86.0,224.2,,,0,0,0,0
1776385282445628,1790684051.857116,11857,decode,896.9,107.4,188.1,,,0,0,1,0
1776385427176666,1790684052.001846,12001,idle,1854.3,749.5,851.2,,,0,0,0,0
1776385572780162,1790684052.147450,12147,idle,1422.1,142.1,256.1,,,0,0,0,0
1776385712251525,1790684052.286922,12286,idle,1424.4,295.8,420.6,,,0,0,0,0
1776385853521416,1790684052.428191,12428,idle,2243.7,175.9,388.7,,,0,0,0,0
1776385992970306,1790684052.567639,12567,idle,2152.3,146.4,387.3,,,0,0,0,0
1776386133573280,1790684052.708243,12708,idle,980.3,97.7,213.6,,,0,0,0,0
1776386272389268,1790684052.847059,12847,idle,1927.3,137.0,328.8,,,0,0,0,0
1776386413233503,1790684052.987903,12987,idle,2235.3,229.7,416.3,,,0,0,0,0
1776386553551732,1790684053.128221,13128,idle,2273.4,160.3,374.1,,,0,0,0,0
1776386693133089,1790684053.267802,13267,idle,2410.2,365.0,575.0,,,0,0,0,0
1776386834055330,1790684053.408725,13408,idle,1047.1,107.6,206.3,,,0,0,0,0
1776386972600079,1790684053.547269,13547,idle,2082.0,204.5,448.5,,,0,0,0,0
1776387113240319,1790684053.687910,13687,idle,2262.1,191.4,443.6,,,0,0,0,0
1776387253055523,1790684053.827725,13827,idle,2177.1,185.9,414.2,,,0,0,0,0
1776387393691952,1790684053.968361,13968,idle,1939.7,144.6,354.3,,,0,0,0,0
1776387538375177,1790684054.113045,14113,idle,1070.3,209.1,312.8,,,0,0,0,0
1776387684032145,1790684054.258701,14258,idle,2210.0,144.3,356.2,,,0,0,0,0
1776387826922086,1790684054.401592,14401,decode,1061.5,81.8,186.1,,,0,0,1,0
1776387973397338,1790684054.548067,14548,idle,2378.1,154.2,350.4,,,0,0,0,0
1776388113740164,1790684054.688410,14688,idle,3969.6,103.5,243.1,,,0,0,0,0
1776388252905108,1790684054.827575,14827,idle,1200.4,104.1,170.6,,,0,0,0,0
1776388393666930,1790684054.968335,14968,idle,2127.6,139.4,366.8,,,0,0,0,0
1776388616798422,1790684055.191468,191,tx,52941.1,100.9,223.0,,,1,0,0,1
1776388761123825,1790684055.335793,335,tx,53251.4,127.4,319.0,,,1,0,0,1
1776388904814880,1790684055.479485,479,tx,77329.5,125.8,290.9,,,1,0,0,1
1776389049112490,1790684055.623782,623,tx,54097.4,146.0,282.3,,,1,0,0,1
1776389193906020,1790684055.768576,768,tx,53046.3,121.1,260.4,,,1,0,0,1
1776389338216630,1790684055.912886,912,tx,53350.6,440.9,609.9,,,1,0,0,1
1776389482622253,1790684056.057292,1057,tx,52316.7,112.6,216.1,,,1,0,0,1
1776389626439258,1790684056.201109,1201,tx,52967.0,264.8,406.2,,,1,0,0,1
1776389770062337,1790684056.344732,1344,tx,52459.6,108.4,208.3,,,1,0,0,1
1776389913589343,1790684056.488259,1488,tx,52753.3,174.3,282.0,,,1,0,0,1
1776390057753038,1790684056.632422,1632,tx,52985.5,161.8,388.5,,,1,0,0,1
1776390202418780,1790684056.777088,1777,tx,52477.2,297.1,411.7,,,1,0,0,1
1776390346837474,1790684056.921507,1921,tx,52267.5,147.1,406.2,,,1,0,0,1
1776390490067954,1790684057.064737,2064,tx,52734.2,131.7,342.2,,,1,0,0,1
1776390634251554,1790684057.208922,2208,tx,52837.5,454.4,569.1,,,1,0,0,1
1776390778781449,1790684057.353451,2353,tx,53123.8,198.0,391.3,,,1,0,0,1
1776390923397505,1790684057.498067,2498,tx,52572.1,349.8,422.1,,,1,0,0,1
1776391068415103,1790684057.643084,2643,tx,53409.3,267.8,485.6,,,1,0,0,1
1776391214272935,1790684057.788942,2788,tx,52633.0,375.8,618.1,,,1,0,0,1
1776391358510171,1790684057.933179,2933,tx,53142.2,108.3,324.4,,,1,0,0,1
1776391502503408,1790684058.077173,3077,tx,55919.3,246.5,343.3,,,1,0,0,1
1776391639705313,1790684058.214374,3214,tx,52491.9,187.7,429.8,,,1,0,0,1
1776391782915540,1790684058.357585,3357,tx,52804.4,164.1,314.3,,,1,0,0,1
1776391926726111,1790684058.501396,3501,tx,52908.2,133.3,293.1,,,1,0,0,1
1776392070991762,1790684058.645661,3645,tx,52670.5,124.5,265.4,,,1,0,0,1
1776392215066595,1790684058.789737,3789,tx,52739.7,123.7,250.3,,,1,0,0,1
1776392358618929,1790684058.933288,3933,tx,52841.6,103.6,289.2,,,1,0,0,1
1776392502725587,1790684059.077395,4077,tx,88713.4,121.2,255.3,,,1,0,0,1
1776392644107723,1790684059.218778,4218,tx,52811.1,118.3,240.6,,,1,0,0,1
1776392788092239,1790684059.362762,4362,tx,52714.8,114.4,234.5,,,1,0,0,1
1776392934740504,1790684059.509411,4509,tx,51658.9,71.7,161.2,,,1,0,0,1
1776393077738173,1790684059.652408,4652,tx,52725.2,78.1,202.2,,,1,0,0,1
1776393221012783,1790684059.795683,4795,tx,51728.9,115.5,235.0,,,1,0,0,1
1776393363712700,1790684059.938383,4938,tx,52979.8,116.1,305.0,,,1,0,0,1
1776393508472161,1790684060.083140,5083,tx,70370.7,974.3,1650.6,,,1,0,0,1
1776393650129091,1790684060.224799,5224,tx,56037.6,132.6,245.1,,,1,0,0,1
1776393792974887,1790684060.367645,5367,tx,53045.0,127.2,285.4,,,1,0,0,1
1776393936696608,1790684060.511367,5511,tx,51762.3,112.9,218.5,,,1,0,0,1
1776394079356675,1790684060.654027,5654,tx,52561.1,308.6,412.8,,,1,0,0,1
1776394222959049,1790684060.797629,5797,tx,52537.8,104.7,203.7,,,1,0,0,1
1776394367074703,1790684060.941745,5941,tx,51692.9,157.7,264.4,,,1,0,0,1
1776394509981093,1790684061.084651,6084,tx,51504.2,175.6,342.4,,,1,0,0,1
1776394653221881,1790684061.227890,6227,tx,53484.7,313.0,561.5,,,1,0,0,1
1776394798164658,1790684061.372834,6372,tx,52402.9,153.3,343.7,,,1,0,0,1
1776394941572826,1790684061.516243,6516,tx,52164.9,77.5,156.6,,,1,0,0,1
1776395085321425,1790684061.659990,6659,tx,54049.4,167.9,2063.6,,,1,0,0,1
1776395231068343,1790684061.805738,6805,tx,53300.3,117.8,318.0,,,1,0,0,1
1776395375575466,1790684061.950245,6950,tx,51611.2,115.3,258.2,,,1,0,0,1
1776395518608381,1790684062.093278,7093,tx,52685.7,118.2,301.7,,,1,0,0,1
1776395662698425,1790684062.237368,7237,tx,51349.7,107.0,205.0,,,1,0,0,1
1776395805439124,1790684062.380109,7380,tx,52423.8,181.2,322.6,,,1,0,0,1
1776395949212598,1790684062.523882,7523,tx,51812.7,108.5,263.6,,,1,0,0,1
1776396092151696,1790684062.666822,7666,tx,75357.1,137.8,260.6,,,1,0,0,1
1776396236285484,1790684062.810956,7810,tx,52449.0,110.2,216.8,,,1,0,0,1
1776396379995414,1790684062.954665,7954,tx,52681.3,156.4,323.4,,,1,0,0,1
1776396524583572,1790684063.099253,8099,tx,51561.5,124.7,292.6,,,1,0,0,1
1776396667165257,1790684063.241835,8241,tx,52952.4,171.6,342.8,,,1,0,0,1
1776396810736589,1790684063.385406,8385,tx,52559.3,106.1,197.0,,,1,0,0,1
1776396954337740,1790684063.529008,8529,tx,51365.5,140.1,213.1,,,1,0,0,1
1776397097540771,1790684063.672210,8672,tx,52951.8,158.2,384.0,,,1,0,0,1
1776397241899602,1790684063.816570,8816,tx,51769.3,110.2,237.8,,,1,0,0,1
1776397384691153,1790684063.959361,8959,tx,52786.4,160.1,303.3,,,1,0,0,1
1776397529616674,1790684064.104286,9104,tx,53111.6,153.8,360.7,,,1,0,0,1
1776397673695108,1790684064.248365,9248,tx,52404.6,105.7,202.2,,,1,0,0,1
1776397817518112,1790684064.392188,9392,tx,51979.2,165.4,333.7,,,1,0,0,1
1776397961240895,1790684064.535910,9535,tx,51804.8,156.6,346.5,,,1,0,0,1
1776398104702304,1790684064.679372,9679,tx,54295.2,135.0,328.5,,,1,0,0,1
1776398250454222,1790684064.825124,9825,tx,52351.7,226.5,342.7,,,1,0,0,1
1776398394135066,1790684064.968805,9968,tx,51459.1,88.2,208.8,,,1,0,0,1
1776398538086850,1790684065.112756,10112,tx,52567.0,173.2,410.4,,,1,0,0,1
1776398681890154,1790684065.256560,10256,tx,52687.0,119.8,257.3,,,1,0,0,1
1776398825820767,1790684065.400491,10400,tx,52569.8,113.0,189.3,,,1,0,0,1
1776398969765343,1790684065.544436,10544,tx,51907.1,107.5,214.1,,,1,0,0,1
1776399112927558,1790684065.687597,10687,tx,53098.8,191.6,416.0,,,1,0,0,1
1776399257301327,1790684065.831971,10831,tx,53664.0,98.6,215.6,,,1,0,0,1
1776399402404892,1790684065.977074,10977,tx,59476.5,214.5,452.2,,,1,0,0,1
1776399542811306,1790684066.117481,11117,tx,52447.1,69.1,159.0,,,1,0,0,1
1776399685950468,1790684066.260621,11260,tx,75176.3,140.0,271.8,,,1,0,0,1
1776399829887238,1790684066.404557,11404,tx,53205.9,182.0,396.0,,,1,0,0,1
1776399974763876,1790684066.549433,11549,tx,52429.9,204.4,484.7,,,1,0,0,1
1776400118971629,1790684066.693641,11693,tx,53516.4,207.7,465.9,,,1,0,0,1
1776400263892601,1790684066.838562,11838,tx,51472.8,111.7,232.7,,,1,0,0,1
1776400407148115,1790684066.981818,11981,tx,52444.4,111.8,215.2,,,1,0,0,1
1776400550845049,1790684067.125515,12125,tx,52565.5,139.2,291.3,,,1,0,0,1
1776400695554574,1790684067.270224,12270,tx,51999.0,162.2,379.2,,,1,0,0,1
1776400839459036,1790684067.414128,12414,tx,53014.0,171.2,371.6,,,1,0,0,1
1776400982959567,1790684067.557630,12557,tx,51321.9,98.2,186.9,,,1,0,0,1
1776401126086981,1790684067.700756,12700,tx,53510.7,196.6,432.0,,,1,0,0,1
1776401270569504,1790684067.845239,12845,tx,51639.3,170.7,292.8,,,1,0,0,1
1776401414491781,1790684067.989161,12989,tx,52449.8,190.9,435.8,,,1,0,0,1
1776401558138769,1790684068.132808,13132,tx,52306.4,137.7,253.9,,,1,0,0,1
1776401702292698,1790684068.276962,13276,tx,59202.1,329.0,569.8,,,1,0,0,1
1776401843033332,1790684068.417702,13417,tx,53117.9,160.0,357.9,,,1,0,0,1
1776401987099224,1790684068.561769,13561,tx,51497.9,81.6,155.7,,117250.0,1,0,0,1
1776402124589560,1790684068.699259,13699,idle,52423.2,149.7,242.8,,,0,0,0,0
1776402268504945,1790684068.843175,13843,idle,52609.9,348.2,462.4,,,0,0,0,0
1776402431739973,1790684069.006410,14006,idle,1775.7,152.6,233.7,,,0,0,0,0
1776402570317636,1790684069.144987,14144,idle,2521.4,445.9,630.7,,,0,0,0,0
1776402710594783,1790684069.285264,14285,idle,2330.5,228.9,439.6,,,0,0,0,0
1776402850045758,1790684069.424716,14424,idle,1443.2,126.5,234.8,,,0,0,0,0
1776402989113388,1790684069.563783,14563,idle,1272.0,103.2,188.2,,,0,0,0,0
1776403131926674,1790684069.706596,14706,idle,2036.1,147.7,381.6,,,0,0,0,0
1776403269479282,1790684069.844149,14844,idle,1246.3,399.4,475.9,,,0,0,0,0
1776403410221574,1790684069.984892,14984,idle,1207.8,109.0,213.9,,,0,0,0,0
1776403549132648,1790684070.123803,123,idle,1211.3,80.9,177.4,,,0,0,0,0
1776403689976596,1790684070.264647,264,idle,1347.6,104.5,193.7,,,0,0,0,0
1776403829664771,1790684070.404335,404,idle,1446.8,131.2,303.8,,,0,0,0,0
1776403970553579,1790684070.545223,545,idle,2547.9,268.3,490.9,,,0,0,0,0
1776404110763994,1790684070.685433,685,idle,3600.0,156.3,358.7,,,0,0,0,0
1776404249460696,1790684070.824131,824,idle,1368.6,436.2,531.9,,,0,0,0,0
1776404389224687,1790684070.963894,963,idle,1282.3,141.0,267.5,,,0,0,0,0
1776404530104674,1790684071.104774,1104,idle,1510.1,121.7,275.2,,,0,0,0,0
1776404670155252,1790684071.244825,1244,idle,1640.0,129.8,278.0,,,0,0,0,0
1776404809996913,1790684071.384667,1384,idle,1689.3,121.0,260.8,,,0,0,0,0
1776404949373556,1790684071.524044,1524,idle,1418.9,86.4,199.1,,,0,0,0,0
1776405089287002,1790684071.663957,1663,idle,1583.9,88.0,227.9,,,0,0,0,0
1776405229662781,1790684071.804332,1804,idle,1486.9,232.0,350.7,,,0,0,0,0
1776405370170364,1790684071.944840,1944,idle,1478.1,88.5,196.3,,,0,0,0,0
1776405509737631,1790684072.084408,2084,idle,1273.3,98.8,245.6,,,0,0,0,0
1776405649983206,1790684072.224653,2224,idle,1371.4,107.5,245.5,,,0,0,0,0
1776405789226993,1790684072.363897,2363,idle,1248.2,136.2,235.0,,,0,0,0,0
1776405931176302,1790684072.505846,2505,idle,2909.8,186.0,392.3,,,0,0,0,0
1776406069974703,1790684072.644644,2644,idle,2195.9,182.5,436.6,,,0,0,0,0
1776406209264996,1790684072.783935,2783,idle,1547.1,152.4,269.2,,,0,0,0,0
1776406349198114,1790684072.923868,2923,idle,1276.1,105.6,193.3,,,0,0,0,0
1776406490248067,1790684073.064916,3064,idle,2868.8,167.8,419.5,,,0,0,0,0
1776406632565889,1790684073.207235,3207,idle,2361.8,250.5,462.2,,,0,0,0,0
1776406770882764,1790684073.345552,3345,idle,2193.6,147.5,354.9,,,0,0,0,0
1776406910569210,1790684073.485239,3485,idle,2326.9,227.2,462.5,,,0,0,0,0
1776407049990973,1790684073.624660,3624,idle,1034.2,75.0,209.8,,,0,0,0,0
1776407190550085,1790684073.765220,3765,idle,2582.3,165.6,408.9,,,0,0,0,0
1776407330105217,1790684073.904775,3904,idle,1469.3,135.5,290.7,,,0,0,0,0
1776407470229549,1790684074.044899,4044,idle,2239.2,155.0,371.5,,,0,0,0,0
1776407610277795,1790684074.184948,4184,idle,1132.1,112.1,210.8,,,0,0,0,0
1776407749733821,1790684074.324404,4324,idle,2411.6,74.8,176.6,,,0,0,0,0
1776407889536955,1790684074.464207,4464,idle,1409.9,253.7,348.7,,,0,0,0,0
1776408030838695,1790684074.605509,4605,idle,1239.3,118.0,236.6,,,0,0,0,0
1776408170270937,1790684074.744941,4744,idle,1162.6,107.5,218.1,,,0,0,0,0
1776408309867651,1790684074.884538,4884,idle,897.8,80.9,144.4,,,0,0,0,0
1776408450342818,1790684075.025013,5025,idle,1471.0,122.1,242.3,,,0,0,0,0
1776408590185615,1790684075.164855,5164,idle,2231.8,171.2,395.4,,,0,0,0,0
1776408730311534,1790684075.304981,5304,idle,2064.7,160.6,380.0,,,0,0,0,0
1776408870165432,1790684075.444835,5444,idle,2202.1,174.6,398.1,,,0,0,0,0
1776409009685816,1790684075.584356,5584,idle,778.1,132.1,191.5,,,0,0,0,0
1776409150095371,1790684075.724765,5724,idle,1900.9,144.4,336.1,,,0,0,0,0
1776409290123964,1790684075.864793,5864,idle,2385.7,158.8,393.8,,,0,0,0,0
1776409432125452,1790684076.006795,6006,idle,1988.6,163.2,398.1,,,0,0,0,0
1776409570056906,1790684076.144726,6144,idle,1986.9,146.8,347.3,,,0,0,0,0
1776409709997984,1790684076.284668,6284,idle,791.1,74.3,143.0,,,0,0,0,0
1776409850580225,1790684076.425250,6425,idle,2153.3,125.3,339.6,,,0,0,0,0
1776409990592217,1790684076.565261,6565,idle,2203.6,105.4,379.4,,,0,0,0,0
1776410130593810,1790684076.705263,6705,idle,1630.1,135.8,325.9,,,0,0,0,0
1776410270806914,1790684076.845476,6845,idle,2344.5,172.4,355.2,,,0,0,0,0
1776410409651504,1790684076.984322,6984,idle,867.8,184.2,245.8,,,0,0,0,0
1776410550868001,1790684077.125537,7125,idle,4444.9,157.3,362.4,,,0,0,0,0
1776410690802275,1790684077.265471,7265,idle,2394.3,166.5,417.4,,,0,0,0,0
1776410829999611,1790684077.404670,7404,idle,851.5,100.3,207.9,,,0,0,0,0
1776410970078269,1790684077.544748,7544,idle,1390.1,124.1,272.5,,,0,0,0,0
1776411109266932,1790684077.683937,7683,idle,1043.9,105.9,189.6,,,0,0,0,0
1776411250080044,1790684077.824749,7824,idle,1634.8,123.7,297.9,,,0,0,0,0
1776411389875294,1790684077.964545,7964,idle,2155.1,147.9,354.2,,,0,0,0,0
1776411527319110,1790684078.101988,8101,idle,2187.9,152.1,329.4,,,0,0,0,0
1776411670776903,1790684078.245447,8245,idle,1087.4,73.6,201.4,,,0,0,0,0
1776411809231199,1790684078.383901,8383,idle,1162.0,107.2,205.6,,,0,0,0,0
1776411950191616,1790684078.524861,8524,idle,1320.9,95.4,261.2,,,0,0,0,0
1776412089755835,1790684078.664426,8664,idle,924.5,77.7,163.6,,,0,0,0,0
1776412230119456,1790684078.804789,8804,idle,2005.2,163.8,369.0,,,0,0,0,0
1776412369647314,1790684078.944317,8944,idle,1143.4,190.3,272.7,,,0,0,0,0
1776412510424986,1790684079.085094,9085,idle,13454.7,329.6,552.4,,,0,0,0,0
1776412650675019,1790684079.225344,9225,idle,2137.5,105.7,299.8,,,0,0,0,0
1776412790267903,1790684079.364938,9364,idle,1306.6,121.4,263.8,,,0,0,0,0
1776412929577376,1790684079.504247,9504,idle,1389.9,246.8,350.6,,,0,0,0,0
1776413069300635,1790684079.643970,9643,idle,4149.7,109.9,2909.3,,,0,0,0,0
1776413209998920,1790684079.784669,9784,idle,1494.3,118.1,248.5,,,0,0,0,0
1776413349941107,1790684079.924611,9924,idle,1172.2,116.7,238.7,,,0,0,0,0
1776413489984745,1790684080.064655,10064,idle,1469.1,126.1,264.9,,,0,0,0,0
1776413629431589,1790684080.204101,10204,idle,1196.2,117.9,205.5,,,0,0,0,0
1776413771436972,1790684080.346107,10346,idle,1134.9,126.6,217.5,,,0,0,0,0
1776413910522914,1790684080.485192,10485,idle,2468.7,291.3,475.2,,,0,0,0,0
1776414053236944,1790684080.627906,10627,idle,4566.9,192.1,421.2,,,0,0,0,0
1776414190723993,1790684080.765393,10765,idle,2326.8,137.6,362.9,,,0,0,0,0
1776414332057303,1790684080.906727,10906,idle,1690.4,158.6,322.8,,,0,0,0,0
1776414470050819,1790684081.044721,11044,idle,1167.2,124.3,223.5,,,0,0,0,0
1776414610480418,1790684081.185150,11185,idle,1373.0,161.8,292.2,,,0,0,0,0
1776414750911861,1790684081.325581,11325,idle,2311.7,170.8,377.2,,,0,0,0,0
1776414890366826,1790684081.465036,11465,idle,2232.7,160.7,360.2,,,0,0,0,0
1776415029702327,1790684081.604373,11604,idle,981.8,188.4,277.3,,,0,0,0,0
1776415170085345,1790684081.744755,11744,idle,1700.9,127.5,268.5,,,0,0,0,0
1776415307920929,1790684081.882591,11882,idle,1036.3,108.7,223.8,,,0,0,0,0
1776415450233095,1790684082.024902,12024,idle,2863.5,163.2,378.5,,,0,0,0,0
1776415590531491,1790684082.165201,12165,idle,2342.0,286.8,507.2,,,0,0,0,0
1776415729135963,1790684082.303806,12303,idle,1139.3,107.4,211.5,,,0,0,0,0
1776415870254809,1790684082.444924,12444,idle,2155.9,151.5,367.9,,,0,0,0,0
1776416010228329,1790684082.584898,12584,idle,2148.5,181.4,382.3,,,0,0,0,0
1776416150659349,1790684082.725329,12725,idle,2253.0,124.1,329.9,,,0,0,0,0
1776416290917390,1790684082.865587,12865,idle,2077.3,152.7,379.4,,,0,0,0,0
1776416429169209,1790684083.003839,13003,idle,796.4,77.4,140.3,,,0,0,0,0
1776416570598257,1790684083.145267,13145,idle,2187.1,206.0,420.1,,,0,0,0,0
1776416710683560,1790684083.285353,13285,idle,2106.2,146.2,358.8,,,0,0,0,0
1776416850801226,1790684083.425470,13425,idle,2284.4,165.0,428.3,,,0,0,0,0
1776416990138900,1790684083.564809,13564,idle,1207.7,109.9,211.0,,,0,0,0,0
1776417129825977,1790684083.704496,13704,idle,931.2,72.6,169.6,,,0,0,0,0
1776417270983736,1790684083.845653,13845,idle,2134.0,149.1,390.6,,,0,0,0,0
1776417410137667,1790684083.984807,13984,idle,1534.1,162.0,313.9,,,0,0,0,0
1776417550739619,1790684084.125409,14125,idle,2222.1,126.5,350.4,,,0,0,0,0
1776417690083061,1790684084.264753,14264,idle,1002.0,109.5,193.5,,,0,0,0,0
1776417829431425,1790684084.404101,14404,decode,954.1,106.7,169.8,,,0,0,1,0
1776417970188182,1790684084.544858,14544,idle,2266.6,156.7,357.6,,,0,0,0,0
1776418110243549,1790684084.684913,14684,idle,2531.5,110.6,320.1,,,0,0,0,0
1776418250921637,1790684084.825591,14825,idle,2160.3,184.7,412.6,,,0,0,0,0
1776418389911333,1790684084.964581,14964,idle,943.4,102.9,217.4,,,0,0,0,0
1776418527111443,1790684085.101782,101,tx,137990.7,108.6,210.2,,,1,0,0,1
1776418726229511,1790684085.300899,300,tx,52014.1,151.5,338.7,,,1,0,0,1
1776418869380196,1790684085.444050,444,tx,51644.9,110.1,220.5,,,1,0,0,1
1776419014175328,1790684085.588845,588,tx,51639.9,98.6,209.0,,,1,0,0,1
1776419157426212,1790684085.732095,732,tx,52400.7,163.3,377.5,,,1,0,0,1
1776419301544549,1790684085.876214,876,tx,58842.9,434.2,639.8,,,1,0,0,1
1776419442640448,1790684086.017310,1017,tx,53308.9,311.5,544.2,,,1,0,0,1
1776419588056304,1790684086.162726,1162,tx,53212.9,150.4,364.0,,,1,0,0,1
1776419733226512,1790684086.307897,1307,tx,51534.4,107.2,188.9,,,1,0,0,1
1776419876447822,1790684086.451117,1451,tx,52309.9,150.7,345.1,,,1,0,0,1
1776420020035439,1790684086.594705,1594,tx,52993.2,114.5,261.1,,,1,0,0,1
1776420164060034,1790684086.738730,1738,tx,52907.8,121.9,272.1,,,1,0,0,1
1776420308047776,1790684086.882717,1882,tx,54194.8,2855.7,2973.5,,,1,0,0,1
1776420453068061,1790684087.027738,2027,tx,52827.5,79.0,169.0,,,1,0,0,1
1776420597279445,1790684087.171949,2171,tx,52299.0,159.0,363.5,,,1,0,0,1
1776420741482067,1790684087.316151,2316,tx,52870.8,467.2,708.0,,,1,0,0,1
1776420886465274,1790684087.461135,2461,tx,80603.4,128.2,318.7,,,1,0,0,1
1776421030746783,1790684087.605417,2605,tx,52452.1,372.4,431.3,,,1,0,0,1
1776421175274039,1790684087.749943,2749,tx,52906.7,194.0,416.1,,,1,0,0,1
1776421319935262,1790684087.894604,2894,tx,52361.9,196.2,442.4,,,1,0,0,1
1776421464478718,1790684088.039148,3039,tx,52599.1,188.6,415.3,,,1,0,0,1
1776421609078499,1790684088.183748,3183,tx,52935.5,181.4,385.5,,,1,0,0,1
1776421752755960,1790684088.327426,3327,tx,51271.7,374.7,439.1,,,1,0,0,1
1776421895444221,1790684088.470114,3470,tx,53310.2,163.7,396.7,,,1,0,0,1
1776422040848002,1790684088.615517,3615,tx,53485.8,149.2,409.0,,,1,0,0,1
1776422186505493,1790684088.761175,3761,tx,52912.1,502.0,736.0,,,1,0,0,1
1776422330149630,1790684088.904819,3904,tx,52550.8,131.8,233.8,,,1,0,0,1
1776422474722650,1790684089.049392,4049,tx,52684.7,297.5,530.5,,,1,0,0,1
1776422618487784,1790684089.193157,4193,tx,52569.6,479.3,716.3,,,1,0,0,1
1776422763080958,1790684089.337749,4337,tx,52092.6,140.1,366.3,,,1,0,0,1
1776422907470726,1790684089.482140,4482,tx,54297.8,150.7,353.1,,,1,0,0,1
1776423052887887,1790684089.627558,4627,tx,51187.1,216.5,298.3,,,1,0,0,1
1776423196420390,1790684089.771089,4771,tx,53453.4,129.2,394.5,,,1,0,0,1
1776423341532812,1790684089.916202,4916,tx,52822.6,451.6,701.9,,,1,0,0,1
1776423486300089,1790684090.060970,5060,tx,52533.6,176.6,427.9,,,1,0,0,1
1776423630094278,1790684090.204764,5204,tx,52250.3,108.3,182.1,,,1,0,0,1
1776423773685850,1790684090.348355,5348,tx,52288.8,176.3,451.6,,,1,0,0,1
1776423917458154,1790684090.492127,5492,tx,53230.9,187.7,400.1,,,1,0,0,1
1776424062356113,1790684090.637025,5637,tx,53042.8,146.0,364.2,,,1,0,0,1
1776424207206722,1790684090.781876,5781,tx,53872.9,183.5,383.7,,,1,0,0,1
1776424352263793,1790684090.926934,5926,tx,51604.3,134.7,255.7,,,1,0,0,1
1776424496060193,1790684091.070729,6070,tx,77389.5,127.2,347.2,,,1,0,0,1
1776424641232158,1790684091.215902,6215,tx,52185.5,147.8,332.6,,,1,0,0,1
1776424785576834,1790684091.360246,6360,tx,52412.3,364.2,576.8,,,1,0,0,1
1776424929223274,1790684091.503893,6503,tx,53987.8,80.9,1979.7,,,1,0,0,1
1776425074610452,1790684091.649281,6649,tx,51819.3,136.6,233.9,,,1,0,0,1
1776425218417224,1790684091.793087,6793,tx,53734.3,217.1,454.8,,,1,0,0,1
1776425364422375,1790684091.939092,6939,tx,53074.7,187.0,418.3,,,1,0,0,1
1776425509903149,1790684092.084572,7084,tx,58982.3,150.3,359.9,,,1,0,0,1
1776425649223779,1790684092.223894,7223,tx,51348.9,111.2,207.5,,,1,0,0,1
1776425792573517,1790684092.367243,7367,tx,52518.2,349.6,585.5,,,1,0,0,1
1776425937702513,1790684092.512372,7512,tx,52183.6,231.4,440.3,,,1,0,0,1
1776426081862105,1790684092.656532,7656,tx,52237.0,168.4,393.3,,,1,0,0,1
1776426226043002,1790684092.800713,7800,tx,52260.8,117.9,229.4,,,1,0,0,1
1776426369112053,1790684092.943782,7943,tx,52698.0,142.0,259.3,,,1,0,0,1
1776426513352989,1790684093.088022,8088,tx,54480.2,119.3,297.8,,,1,0,0,1
1776426659837544,1790684093.234507,8234,tx,52478.2,194.8,441.1,,,1,0,0,1
1776426804165927,1790684093.378835,8378,tx,57007.3,161.4,339.9,,,1,0,0,1
1776426941647790,1790684093.516318,8516,tx,51335.4,111.5,200.3,,,1,0,0,1
1776427085098427,1790684093.659768,8659,tx,52101.3,121.8,353.9,,,1,0,0,1
1776427228400724,1790684093.803071,8803,tx,52899.1,153.9,302.9,,,1,0,0,1
1776427373100689,1790684093.947770,8947,tx,52301.9,192.2,423.1,,,1,0,0,1
1776427517033584,1790684094.091703,9091,tx,52634.2,126.9,282.1,,,1,0,0,1
1776427661154010,1790684094.235824,9235,tx,51568.1,131.5,217.5,,,1,0,0,1
1776427805027151,1790684094.379696,9379,tx,54308.1,146.1,350.5,,,1,0,0,1
1776427951461444,1790684094.526131,9526,tx,53148.5,126.3,325.2,,,1,0,0,1
1776428096564860,1790684094.671234,9671,tx,84276.4,329.2,568.1,,,1,0,0,1
1776428240211679,1790684094.814882,9814,tx,51425.9,130.7,219.3,,,1,0,0,1
1776428383651590,1790684094.958321,9958,tx,52448.2,318.7,553.0,,,1,0,0,1
1776428527449865,1790684095.102119,10102,tx,53017.0,200.0,454.5,,,1,0,0,1
1776428672222004,1790684095.246891,10246,tx,53120.3,201.6,427.5,,,1,0,0,1
1776428816994946,1790684095.391664,10391,tx,52904.3,133.2,331.5,,,1,0,0,1
1776428960471942,1790684095.535142,10535,tx,52358.6,105.4,191.8,,,1,0,0,1
1776429104822639,1790684095.679492,10679,tx,54933.8,156.2,399.2,,,1,0,0,1
1776429251760081,1790684095.826429,10826,tx,52106.8,188.3,417.7,,,1,0,0,1
1776429395132013,1790684095.969802,10969,tx,51624.1,112.4,227.8,,,1,0,0,1
1776429537730800,1790684096.112401,11112,tx,51522.9,281.1,379.9,,,1,0,0,1
1776429680879311,1790684096.255549,11255,tx,52134.7,149.1,382.6,,,1,0,0,1
1776429825503561,1790684096.400173,11400,tx,52464.3,199.3,430.0,,,1,0,0,1
1776429970100162,1790684096.544770,11544,tx,51805.1,151.4,329.8,,,1,0,0,1
1776430113254910,1790684096.687924,11687,tx,52875.6,135.4,355.9,,,1,0,0,1
1776430257576279,1790684096.832246,11832,tx,52680.2,106.6,235.5,,,1,0,0,1
1776430401407145,1790684096.976077,11976,tx,54810.6,128.6,245.6,,,1,0,0,1
1776430547487897,1790684097.122158,12122,tx,52648.9,101.5,235.7,,,1,0,0,1
1776430691099698,1790684097.265769,12265,tx,51835.8,134.5,267.0,,,1,0,0,1
1776430835038082,1790684097.409708,12409,tx,54723.0,111.4,205.5,,,1,0,0,1
1776430980293197,1790684097.554963,12554,tx,52576.8,119.9,219.3,,,1,0,0,1
1776431124491020,1790684097.699161,12699,tx,52742.0,171.4,323.5,,,1,0,0,1
1776431268131790,1790684097.842802,12842,tx,52864.9,153.9,296.6,,,1,0,0,1
1776431411766367,1790684097.986436,12986,tx,53002.2,318.7,458.0,,,1,0,0,1
1776431555454664,1790684098.130125,13130,tx,52520.2,118.2,224.3,,,1,0,0,1
1776431698895354,1790684098.273566,13273,tx,75233.4,183.6,287.8,,,1,0,0,1
1776431843561007,1790684098.418230,13418,tx,52410.4,154.0,388.3,,,1,0,0,1
1776431987285180,1790684098.561955,13561,tx,52193.5,177.7,373.1,,124239.5,1,0,0,1
1776432131896777,1790684098.706566,13706,idle,52820.8,141.4,308.6,,,0,0,0,0
1776432275376231,1790684098.850046,13850,idle,52831.1,128.1,228.3,,,0,0,0,0
1776432440912427,1790684099.015582,14015,idle,3411.5,251.0,431.5,,,0,0,0,0
1776432584086960,1790684099.158756,14158,idle,2234.6,129.5,335.8,,,0,0,0,0
1776432724751661,1790684099.299421,14299,idle,2815.5,391.9,614.9,,,0,0,0,0
1776432864575219,1790684099.439245,14439,idle,1809.6,108.4,242.2,,,0,0,0,0
1776433003286660,1790684099.577957,14577,idle,734.8,79.8,142.0,,,0,0,0,0
1776433146028285,1790684099.720697,14720,idle,2410.3,118.2,319.5,,,0,0,0,0
1776433284242439,1790684099.858911,14858,idle,2228.1,157.6,401.1,,,0,0,0,0
1776433424627779,1790684099.999297,14999,idle,2857.1,485.0,713.0,,,0,0,0,0
1776433563542786,1790684100.138213,138,idle,1175.2,96.7,217.2,,,0,0,0,0
1776433703916984,1790684100.278587,278,idle,2851.2,230.2,443.6,,,0,0,0,0
1776433844449276,1790684100.419119,419,idle,2783.8,155.9,388.4,,,0,0,0,0
1776433983850370,1790684100.558520,558,idle,1630.3,305.0,481.4,,,0,0,0,0
1776434124209648,1790684100.698879,698,idle,2211.4,159.2,379.7,,,0,0,0,0
1776434263580613,1790684100.838250,838,idle,1227.5,110.1,204.0,,,0,0,0,0
1776434403695025,1790684100.978364,978,idle,5774.7,454.3,653.1,,,0,0,0,0
1776434548139551,1790684101.122809,1122,idle,2088.5,150.0,362.6,,,0,0,0,0
1776434694636470,1790684101.269306,1269,idle,2164.6,125.0,345.9,,,0,0,0,0
1776434834324855,1790684101.408993,1408,idle,2173.3,185.6,409.8,,,0,0,0,0
1776434973218790,1790684101.547889,1547,idle,864.6,76.6,147.0,,,0,0,0,0
1776435113553682,1790684101.688224,1688,idle,1215.2,112.5,183.2,,,0,0,0,0
1776435253690187,1790684101.828360,1828,idle,1335.1,134.4,237.5,,,0,0,0,0
1776435393117576,1790684101.967788,1967,idle,1099.5,180.0,271.0,,,0,0,0,0
1776435533893646,1790684102.108563,2108,idle,1310.3,326.4,446.7,,,0,0,0,0
1776435673185777,1790684102.247856,2247,idle,948.9,79.8,193.6,,,0,0,0,0
1776435814102065,1790684102.388770,2388,idle,1991.9,149.0,362.7,,,0,0,0,0
1776435953911715,1790684102.528580,2528,idle,1674.4,258.8,441.8,,,0,0,0,0
1776436094098201,1790684102.668767,2668,idle,2364.3,172.0,417.3,,,0,0,0,0
1776436233658205,1790684102.808328,2808,idle,1206.4,117.1,231.1,,,0,0,0,0
1776436373285845,1790684102.947956,2947,idle,837.2,104.9,202.7,,,0,0,0,0
1776436514102979,1790684103.088772,3088,idle,4676.9,112.8,296.0,,,0,0,0,0
1776436654111822,1790684103.228781,3228,idle,2308.0,158.8,383.1,,,0,0,0,0
1776436794700813,1790684103.369370,3369,idle,2885.2,468.8,695.9,,,0,0,0,0
1776436933163826,1790684103.507834,3507,idle,850.0,113.2,184.4,,,0,0,0,0
1776437073383016,1790684103.648053,3648,idle,1371.9,86.0,173.0,,,0,0,0,0
1776437213903286,1790684103.788573,3788,idle,1375.5,179.6,322.2,,,0,0,0,0
1776437353312400,1790684103.927982,3927,idle,983.2,109.1,218.4,,,0,0,0,0
1776437494212475,1790684104.068882,4068,idle,2496.5,183.1,406.9,,,0,0,0,0
1776437633748783,1790684104.208419,4208,idle,1276.9,92.6,231.8,,,0,0,0,0
1776437773663050,1790684104.348333,4348,idle,1373.4,117.2,241.0,,,0,0,0,0
1776437914180117,1790684104.488849,4488,idle,2187.3,124.5,375.3,,,0,0,0,0
1776438054460905,1790684104.629130,4629,idle,2021.1,160.7,373.2,,,0,0,0,0
1776438194373416,1790684104.769043,4769,idle,2106.1,149.0,377.3,,,0,0,0,0
1776438333081769,1790684104.907752,4907,idle,1001.9,96.5,191.7,,,0,0,0,0
1776438473804372,1790684105.048474,5048,idle,2277.9,256.0,483.2,,,0,0,0,0
1776438613885332,1790684105.188555,5188,idle,1471.2,233.3,379.9,,,0,0,0,0
1776438753772415,1790684105.328442,5328,idle,2337.7,271.0,514.8,,,0,0,0,0
1776438893655550,1790684105.468325,5468,idle,1190.2,112.7,239.6,,,0,0,0,0
1776439033122513,1790684105.607792,5607,idle,1154.5,118.4,239.4,,,0,0,0,0
1776439174494530,1790684105.749164,5749,idle,2231.0,184.1,405.2,,,0,0,0,0
1776439314269464,1790684105.888939,5888,idle,2351.0,153.9,373.3,,,0,0,0,0
1776439454035461,1790684106.028704,6028,idle,2182.4,188.4,390.9,,,0,0,0,0
1776439594465082,1790684106.169134,6169,idle,1956.6,124.0,318.2,,,0,0,0,0
1776439733065421,1790684106.307735,6307,idle,946.1,113.1,199.5,,,0,0,0,0
1776439874299230,1790684106.448968,6448,idle,2131.4,165.8,393.8,,,0,0,0,0
1776440014092567,1790684106.588762,6588,idle,1955.0,119.8,298.4,,,0,0,0,0
1776440153902906,1790684106.728572,6728,idle,1676.8,139.6,386.9,,,0,0,0,0
1776440293830288,1790684106.868500,6868,idle,1061.6,117.6,215.8,,,0,0,0,0
1776440433330043,1790684107.008000,7007,idle,903.5,97.3,190.2,,,0,0,0,0
1776440573958197,1790684107.148627,7148,idle,1678.4,134.4,365.5,,,0,0,0,0
1776440713520799,1790684107.288191,7288,idle,1476.5,93.0,210.0,,,0,0,0,0
1776440853711028,1790684107.428381,7428,idle,1269.1,85.3,219.5,,,0,0,0,0
1776440993817424,1790684107.568487,7568,idle,1357.4,100.1,193.6,,,0,0,0,0
1776441133684021,1790684107.708354,7708,idle,1244.7,105.5,229.2,,,0,0,0,0
1776441273967457,1790684107.848637,7848,idle,1402.9,170.8,303.3,,,0,0,0,0
1776441413395096,1790684107.988065,7988,idle,1510.6,123.3,270.6,,,0,0,0,0
1776441553510316,1790684108.128180,8128,idle,1378.5,128.3,257.9,,,0,0,0,0
1776441693627439,1790684108.268297,8268,idle,1274.6,86.4,220.8,,,0,0,0,0
1776441833867201,1790684108.408537,8408,idle,1366.7,292.7,412.7,,,0,0,0,0
1776441974027210,1790684108.548697,8548,idle,1362.0,131.3,279.0,,,0,0,0,0
1776442113293010,1790684108.687963,8687,idle,1025.9,79.1,186.2,,,0,0,0,0
1776442253250844,1790684108.827921,8827,idle,1169.5,119.4,235.5,,,0,0,0,0
1776442393523859,1790684108.968194,8968,idle,901.3,81.3,168.9,,,0,0,0,0
1776442533571655,1790684109.108241,9108,idle,1565.1,134.9,311.5,,,0,0,0,0
1776442674689247,1790684109.249359,9249,idle,1158.4,115.5,234.0,,,0,0,0,0
1776442814136702,1790684109.388805,9388,idle,2266.5,163.1,404.5,,,0,0,0,0
1776442953755008,1790684109.528424,9528,idle,5598.9,115.9,335.0,,,0,0,0,0
1776443093399466,1790684109.668069,9668,idle,857.7,113.2,177.6,,,0,0,0,0
1776443234529545,1790684109.809199,9809,idle,2192.7,148.2,379.5,,,0,0,0,0
1776443374482387,1790684109.949152,9949,idle,1956.7,151.0,384.0,,,0,0,0,0
1776443514176947,1790684110.088846,10088,idle,6956.8,123.0,390.4,,,0,0,0,0
1776443653424375,1790684110.228094,10228,idle,1192.6,112.5,215.1,,,0,0,0,0
1776443793266097,1790684110.367936,10367,idle,1124.0,119.6,233.7,,,0,0,0,0
1776443934347226,1790684110.509016,10509,idle,2088.7,161.3,359.0,,,0,0,0,0
1776444074332327,1790684110.649001,10649,idle,2156.7,159.9,396.9,,,0,0,0,0
1776444214621118,1790684110.789290,10789,idle,2097.9,172.2,412.2,,,0,0,0,0
1776444353141209,1790684110.927811,10927,idle,1100.2,76.4,173.9,,,0,0,0,0
1776444494502962,1790684111.069172,11069,idle,2105.6,113.7,324.4,,,0,0,0,0
1776444634583377,1790684111.209253,11209,idle,2258.3,151.0,385.3,,,0,0,0,0
1776444774471982,1790684111.349141,11349,idle,1983.1,149.6,372.2,,,0,0,0,0
1776444914102268,1790684111.488771,11488,idle,2457.1,268.1,513.2,,,0,0,0,0
1776445053487398,1790684111.628157,11628,idle,838.4,73.6,141.4,,,0,0,0,0
1776445194318051,1790684111.768987,11768,idle,2076.8,156.3,377.7,,,0,0,0,0
1776445333555468,1790684111.908226,11908,decode,1067.5,103.7,202.8,,,0,0,1,0
1776445474172905,1790684112.048842,12048,idle,2280.4,156.9,378.2,,,0,0,0,0
1776445613689571,1790684112.188360,12188,idle,1095.8,73.0,150.6,,,0,0,0,0
1776445753360794,1790684112.328031,12328,idle,1179.7,107.9,209.3,,,0,0,0,0
1776445894544063,1790684112.469213,12469,idle,2037.8,151.6,369.8,,,0,0,0,0
1776446034605584,1790684112.609275,12609,idle,2278.8,119.7,352.7,,,0,0,0,0
1776446174231478,1790684112.748901,12748,idle,2566.6,187.6,417.5,,,0,0,0,0
1776446313606637,1790684112.888277,12888,idle,1193.6,112.1,205.7,,,0,0,0,0
1776446453659056,1790684113.028329,13028,idle,1468.1,159.1,297.0,,,0,0,0,0
1776446594091654,1790684113.168761,13168,idle,1165.9,130.2,239.9,,,0,0,0,0
1776446734355289,1790684113.309025,13309,idle,1943.6,154.0,339.2,,,0,0,0,0
1776446874595489,1790684113.449265,13449,idle,2365.4,169.6,372.4,,,0,0,0,0
1776447013660219,1790684113.588330,13588,idle,1015.0,110.5,195.4,,,0,0,0,0
1776447154128480,1790684113.728798,13728,idle,2261.5,180.4,405.4,,,0,0,0,0
1776447293990093,1790684113.868659,13868,idle,2249.2,168.7,393.1,,,0,0,0,0
1776447434228640,1790684114.008898,14008,idle,2180.4,179.8,374.0,,,0,0,0,0
1776447575996384,1790684114.150666,14150,idle,2162.2,146.2,405.4,,,0,0,0,0
1776447713350359,1790684114.288020,14288,idle,840.9,102.6,200.9,,,0,0,0,0
1776447853666628,1790684114.428337,14428,decode,1167.6,139.9,244.5,,,0,0,1,0
1776447994671394,1790684114.569341,14569,idle,2168.9,147.2,379.3,,,0,0,0,0
1776448134034682,1790684114.708704,14708,idle,2164.4,169.2,372.5,,,0,0,0,0
1776448274218980,1790684114.848888,14848,idle,2177.5,143.5,351.1,,,0,0,0,0
1776448413538993,1790684114.988209,14988,idle,1146.4,101.1,203.5,,,0,0,0,0
1776448623586336,1790684115.198256,198,tx,53465.9,116.4,272.5,,,1,0,0,1
1776448768774019,1790684115.343443,343,tx,53216.6,171.6,390.4,,,1,0,0,1
1776448913591494,1790684115.488261,488,tx,53716.2,156.2,386.7,,,1,0,0,1
1776449058390322,1790684115.633060,633,tx,51143.4,105.6,198.5,,,1,0,0,1
1776449200811138,1790684115.775481,775,tx,54680.3,90.7,219.5,,,1,0,0,1
1776449346894848,1790684115.921565,921,tx,91268.4,470.5,641.9,,,1,0,0,1
1776449491468016,1790684116.066138,1066,tx,51974.1,117.4,266.7,,,1,0,0,1
1776449634611199,1790684116.209281,1209,tx,52711.9,108.4,228.2,,,1,0,0,1
1776449778271872,1790684116.352942,1352,tx,51855.0,187.4,305.3,,,1,0,0,1
1776449921363714,1790684116.496033,1496,tx,52068.9,160.4,311.7,,,1,0,0,1
1776450064817637,1790684116.639488,1639,tx,52535.6,86.2,193.6,,,1,0,0,1
1776450208234045,1790684116.782904,1782,tx,51848.5,165.3,290.3,,,1,0,0,1
1776450351331931,1790684116.926001,1926,tx,53175.0,416.1,2171.7,,,1,0,0,1
1776450495389699,1790684117.070060,2070,tx,52735.9,112.1,236.9,,,1,0,0,1
1776450639436476,1790684117.214106,2214,tx,51679.8,99.4,206.1,,,1,0,0,1
1776450782985624,1790684117.357655,2357,tx,52518.3,316.2,560.2,,,1,0,0,1
1776450927047112,1790684117.501716,2501,tx,53298.2,283.0,487.2,,,1,0,0,1
1776451071386361,1790684117.646056,2646,tx,51249.4,75.2,183.6,,,1,0,0,1
1776451214600688,1790684117.789270,2789,tx,53037.1,110.4,337.2,,,1,0,0,1
1776451359578710,1790684117.934247,2934,tx,52932.2,127.9,343.6,,,1,0,0,1
1776451504332943,1790684118.079002,3079,tx,65745.7,119.7,322.8,,,1,0,0,1
1776451651082937,1790684118.225753,3225,tx,51956.7,387.9,457.8,,,1,0,0,1
1776451793667806,1790684118.368338,3368,tx,52797.4,90.0,206.8,,,1,0,0,1
1776451939280358,1790684118.513950,3513,tx,52420.4,134.1,383.4,,,1,0,0,1
1776452083788251,1790684118.658458,3658,tx,52375.1,151.5,388.0,,,1,0,0,1
1776452227925616,1790684118.802595,3802,tx,53691.8,405.8,642.4,,,1,0,0,1
1776452372335397,1790684118.947006,3947,tx,52187.8,126.4,225.1,,,1,0,0,1
1776452516641919,1790684119.091311,4091,tx,51994.2,171.7,350.4,,,1,0,0,1
1776452660768431,1790684119.235438,4235,tx,53325.2,222.0,444.3,,,1,0,0,1
1776452806324586,1790684119.380994,4380,tx,53259.5,181.5,381.4,,,1,0,0,1
1776452950981790,1790684119.525652,4525,tx,81184.3,105.5,196.5,,,1,0,0,1
1776453095540538,1790684119.670211,4670,tx,51702.6,138.0,226.9,,,1,0,0,1
1776453238939258,1790684119.813608,4813,tx,52699.6,416.9,676.7,,,1,0,0,1
1776453383332241,1790684119.958001,4958,tx,52165.6,191.2,423.0,,,1,0,0,1
1776453527393310,1790684120.102063,5102,tx,53218.2,183.0,418.2,,,1,0,0,1
1776453671983682,1790684120.246654,5246,tx,51379.0,131.6,218.7,,,1,0,0,1
1776453815058616,1790684120.389728,5389,tx,52309.6,172.3,424.7,,,1,0,0,1
1776453959562975,1790684120.534232,5534,tx,52288.1,167.5,381.7,,,1,0,0,1
1776454103670188,1790684120.678339,5678,tx,57269.4,176.3,365.5,,,1,0,0,1
1776454241575834,1790684120.816246,5816,tx,52492.1,118.1,218.6,,,1,0,0,1
1776454384690041,1790684120.959360,5959,tx,52402.7,81.9,152.9,,,1,0,0,1
1776454527741520,1790684121.102412,6102,tx,51360.2,82.8,169.3,,,1,0,0,1
1776454670359617,1790684121.245029,6245,tx,52146.7,168.7,413.2,,,1,0,0,1
1776454814623209,1790684121.389292,6389,tx,53128.1,177.9,419.3,,,1,0,0,1
1776454958241689,1790684121.532912,6532,tx,51242.9,113.7,220.5,,,1,0,0,1
1776455101338819,1790684121.676008,6676,tx,64884.0,208.0,457.9,,,1,0,0,1
1776455248156005,1790684121.822825,6822,tx,54683.1,144.8,353.5,,,1,0,0,1
1776455393515434,1790684121.968184,6968,tx,52152.9,172.6,393.1,,,1,0,0,1
1776455536414777,1790684122.111084,7111,tx,52249.7,156.9,297.2,,,1,0,0,1
1776455680174538,1790684122.254845,7254,tx,51447.4,218.8,305.4,,,1,0,0,1
1776455824081033,1790684122.398750,7398,tx,52327.4,178.4,411.4,,,1,0,0,1
1776455968183846,1790684122.542853,7542,tx,53247.4,149.9,370.5,,,1,0,0,1
1776456112897309,1790684122.687567,7687,tx,52253.9,172.2,389.8,,,1,0,0,1
1776456256363154,1790684122.831033,7831,tx,52905.8,81.6,170.7,,,1,0,0,1
1776456401262335,1790684122.975932,7975,tx,58526.7,192.8,410.9,,,1,0,0,1
1776456541789519,1790684123.116459,8116,tx,82261.1,200.2,474.0,,,1,0,0,1
1776456686113949,1790684123.260784,8260,tx,52747.6,231.5,351.1,,,1,0,0,1
1776456829895903,1790684123.404566,8404,tx,51650.9,92.9,233.3,,,1,0,0,1
1776456975665594,1790684123.550335,8550,tx,51447.9,78.3,202.6,,,1,0,0,1
1776457118666085,1790684123.693336,8693,tx,52748.8,121.5,278.0,,,1,0,0,1
1776457262325372,1790684123.836995,8836,tx,52939.7,157.3,320.3,,,1,0,0,1
1776457406100833,1790684123.980771,8980,tx,52780.6,282.1,417.7,,,1,0,0,1
1776457550177849,1790684124.124848,9124,tx,55024.6,183.2,336.8,,,1,0,0,1
1776457693442375,1790684124.268112,9268,tx,52666.4,142.1,240.6,,,1,0,0,1
1776457837154030,1790684124.411824,9411,tx,52941.4,210.8,351.0,,,1,0,0,1
1776457981619191,1790684124.556289,9556,tx,52581.0,117.7,239.0,,,1,0,0,1
1776458124803323,1790684124.699473,9699,tx,52501.6,106.7,194.4,,,1,0,0,1
1776458268406700,1790684124.843076,9843,tx,52806.1,132.0,315.9,,,1,0,0,1
1776458412382118,1790684124.987052,9987,tx,52311.8,136.4,224.8,,,1,0,0,1
1776458556861984,1790684125.131531,10131,tx,52235.7,111.1,309.9,,,1,0,0,1
1776458701274371,1790684125.275944,10275,tx,59804.8,117.0,309.4,,,1,0,0,1
1776458841705636,1790684125.416376,10416,tx,52615.2,114.8,238.2,,,1,0,0,1
1776458984869224,1790684125.559539,10559,tx,52293.1,133.8,219.7,,,1,0,0,1
1776459128455180,1790684125.703125,10703,tx,52896.4,147.2,300.5,,,1,0,0,1
1776459272393330,1790684125.847063,10847,tx,52275.5,118.2,227.1,,,1,0,0,1
1776459415900512,1790684125.990569,10990,tx,51969.5,132.5,370.2,,,1,0,0,1
1776459559392171,1790684126.134062,11134,tx,52568.8,139.0,263.3,,,1,0,0,1
1776459703433692,1790684126.278104,11278,tx,52244.3,109.4,195.4,,,1,0,0,1
1776459846842376,1790684126.421512,11421,tx,52665.5,126.2,248.7,,,1,0,0,1
1776459991182082,1790684126.565852,11565,tx,52520.4,190.1,332.8,,,1,0,0,1
1776460134926807,1790684126.709597,11709,tx,78381.3,147.1,280.3,,,1,0,0,1
1776460278287123,1790684126.852957,11852,tx,52117.2,136.3,224.0,,,1,0,0,1
1776460422351584,1790684126.997020,11997,tx,52177.1,163.6,383.7,,,1,0,0,1
1776460566423930,1790684127.141092,12141,tx,52969.3,164.2,451.8,,,1,0,0,1
1776460710949959,1790684127.285619,12285,tx,52653.4,375.9,642.2,,,1,0,0,1
1776460855066111,1790684127.429735,12429,tx,53256.7,286.4,483.9,,,1,0,0,1
1776460999756978,1790684127.574427,12574,tx,55799.3,73.5,156.2,,,1,0,0,1
1776461137690471,1790684127.712360,12712,tx,53165.0,179.4,414.5,,,1,0,0,1
1776461282513808,1790684127.857183,12857,tx,52999.2,152.6,388.1,,,1,0,0,1
1776461426972082,1790684128.001642,13001,tx,52123.2,155.5,343.0,,,1,0,0,1
1776461570426675,1790684128.145097,13145,tx,52273.6,116.5,214.5,,,1,0,0,1
1776461713600650,1790684128.288270,13288,tx,51775.8,158.9,302.5,,,1,0,0,1
1776461856947308,1790684128.431617,13431,tx,52312.5,201.2,438.1,,,1,0,0,1
1776462001070741,1790684128.575739,13575,tx,64480.1,272.0,486.3,,103421.4,1,0,0,1
1776462146298746,1790684128.720969,13720,idle,52383.3,250.6,376.5,,,0,0,0,0
1776462289857009,1790684128.864527,13864,idle,51534.0,85.2,185.8,,,0,0,0,0
1776462460399241,1790684129.035068,14035,idle,4669.7,131.4,306.0,,,0,0,0,0
1776462603214944,1790684129.177885,14177,idle,1277.3,392.9,492.5,,,0,0,0,0
1776462744163253,1790684129.318833,14318,idle,2565.4,325.1,547.3,,,0,0,0,0
1776462883126949,1790684129.457797,14457,idle,1300.8,457.2,554.9,,,0,0,0,0
1776463022693479,1790684129.597363,14597,idle,1326.7,115.7,222.9,,,0,0,0,0
1776463163907946,1790684129.738577,14738,idle,2558.1,194.3,431.2,,,0,0,0,0
1776463303560087,1790684129.878230,14878,idle,6154.8,130.6,347.6,,,0,0,0,0
1776463442723748,1790684130.017394,17,idle,1477.1,113.5,243.6,,,0,0,0,0
1776463583151553,1790684130.157821,157,idle,2987.1,1683.8,1790.7,,,0,0,0,0
1776463723642262,1790684130.298312,298,idle,1633.4,121.8,258.4,,,0,0,0,0
1776463863592098,1790684130.438261,438,idle,2328.6,158.9,367.7,,,0,0,0,0
1776464003125323,1790684130.577794,577,idle,8525.1,401.8,577.2,,,0,0,0,0
1776464142862496,1790684130.717532,717,idle,1303.6,111.3,223.7,,,0,0,0,0
1776464283030933,1790684130.857701,857,idle,1263.1,125.5,220.0,,,0,0,0,0
1776464423705496,1790684130.998375,998,idle,2085.2,120.2,349.4,,,0,0,0,0
1776464563056187,1790684131.137726,1137,idle,1470.1,108.6,243.0,,,0,0,0,0
1776464702817517,1790684131.277488,1277,idle,1393.3,86.3,176.6,,,0,0,0,0
1776464844233338,1790684131.418903,1418,idle,2514.5,250.1,472.5,,,0,0,0,0
1776464983078511,1790684131.557749,1557,idle,1307.9,104.0,197.9,,,0,0,0,0
1776465124067449,1790684131.698737,1698,idle,2311.3,452.2,635.9,,,0,0,0,0
1776465263859281,1790684131.838528,1838,idle,2720.3,165.3,418.7,,,0,0,0,0
1776465403594703,1790684131.978264,1978,idle,6096.2,149.9,352.2,,,0,0,0,0
1776465543072104,1790684132.117742,2117,idle,1141.1,81.5,158.7,,,0,0,0,0
1776465683135895,1790684132.257806,2257,idle,1235.8,105.4,195.8,,,0,0,0,0
1776465824086870,1790684132.398756,2398,idle,2837.0,424.6,624.5,,,0,0,0,0
1776465963876649,1790684132.538546,2538,idle,1553.7,95.4,273.0,,,0,0,0,0
1776466103718635,1790684132.678388,2678,idle,6879.6,143.1,344.4,,,0,0,0,0
1776466242931430,1790684132.817601,2817,idle,4647.4,389.7,3760.0,,,0,0,0,0
1776466382867496,1790684132.957537,2957,idle,1438.6,125.1,290.8,,,0,0,0,0
1776466523426430,1790684133.098096,3098,idle,1726.3,172.9,312.0,,,0,0,0,0
1776466663701476,1790684133.238371,3238,idle,2160.5,163.3,385.9,,,0,0,0,0
1776466803709915,1790684133.378379,3378,idle,6175.1,123.0,321.7,,,0,0,0,0
1776466943158759,1790684133.517829,3517,idle,1254.7,418.6,517.5,,,0,0,0,0
1776467083567038,1790684133.658237,3658,idle,2254.6,142.0,359.2,,,0,0,0,0
1776467223049558,1790684133.797719,3797,idle,1520.8,148.3,296.8,,,0,0,0,0
1776467363050220,1790684133.937720,3937,idle,1388.4,132.4,261.3,,,0,0,0,0
1776467503194182,1790684134.077864,4077,idle,8951.5,268.2,390.1,,,0,0,0,0
1776467642565706,1790684134.217236,4217,idle,1047.8,87.0,197.7,,,0,0,0,0
1776467783983782,1790684134.358654,4358,idle,1581.3,123.5,267.3,,,0,0,0,0
1776467922829277,1790684134.497499,4497,idle,1479.1,117.1,257.0,,,0,0,0,0
1776468062920373,1790684134.637590,4637,idle,1723.9,128.8,287.1,,,0,0,0,0
1776468203069926,1790684134.777740,4777,idle,2116.8,102.4,241.1,,,0,0,0,0
1776468342694977,1790684134.917365,4917,idle,971.7,105.2,223.1,,,0,0,0,0
1776468482995201,1790684135.057665,5057,idle,1508.9,95.4,249.4,,,0,0,0,0
1776468623083581,1790684135.197754,5197,idle,1221.6,87.5,195.9,,,0,0,0,0
1776468763307186,1790684135.337976,5337,idle,2185.6,141.2,367.3,,,0,0,0,0
1776468903122980,1790684135.477793,5477,idle,2257.6,87.9,190.4,,,0,0,0,0
1776469042688458,1790684135.617359,5617,idle,948.4,102.8,194.0,,,0,0,0,0
1776469183367240,1790684135.758036,5758,idle,2091.8,151.1,375.4,,,0,0,0,0
1776469324106893,1790684135.898776,5898,idle,2378.6,281.1,516.2,,,0,0,0,0
1776469463955742,1790684136.038625,6038,idle,2150.0,166.2,395.9,,,0,0,0,0
1776469603679752,1790684136.178350,6178,idle,2381.1,101.3,195.4,,,0,0,0,0
1776469742465010,1790684136.317135,6317,idle,1054.1,114.1,199.8,,,0,0,0,0
1776469884078479,1790684136.458747,6458,idle,2467.7,329.7,535.3,,,0,0,0,0
1776470023525079,1790684136.598194,6598,idle,2159.2,163.8,347.7,,,0,0,0,0
1776470164079619,1790684136.738749,6738,idle,2468.6,326.0,543.7,,,0,0,0,0
1776470303311468,1790684136.877981,6877,idle,1035.8,234.1,333.8,,,0,0,0,0
1776470442900858,1790684137.017571,7017,idle,1369.7,168.0,317.1,,,0,0,0,0
1776470585294934,1790684137.159964,7159,idle,2409.5,142.3,364.7,,,0,0,0,0
1776470723758438,1790684137.298428,7298,idle,1977.8,146.7,359.8,,,0,0,0,0
1776470863849503,1790684137.438519,7438,idle,2352.5,179.6,436.6,,,0,0,0,0
1776471002700367,1790684137.577370,7577,idle,4729.6,97.5,159.8,,,0,0,0,0
1776471142980202,1790684137.717650,7717,idle,2167.5,156.4,367.3,,,0,0,0,0
1776471282909298,1790684137.857579,7857,idle,1259.0,115.2,193.7,,,0,0,0,0
1776471423156812,1790684137.997827,7997,idle,1148.2,179.2,304.0,,,0,0,0,0
1776471563236118,1790684138.137906,8137,idle,1597.1,269.0,414.9,,,0,0,0,0
1776471703165541,1790684138.277836,8277,idle,1005.6,103.3,197.6,,,0,0,0,0
1776471843723070,1790684138.418392,8418,idle,2114.7,167.6,387.4,,,0,0,0,0
1776471983098250,1790684138.557768,8557,idle,1432.1,147.1,272.0,,,0,0,0,0
1776472123521731,1790684138.698191,8698,idle,2307.3,176.0,404.7,,,0,0,0,0
1776472264541776,1790684138.839212,8839,idle,1134.4,125.9,217.8,,,0,0,0,0
1776472402795149,1790684138.977465,8977,idle,727.1,75.8,130.6,,,0,0,0,0
1776472548094900,1790684139.122765,9122,idle,4958.9,122.9,300.6,,,0,0,0,0
1776472693449467,1790684139.268119,9268,idle,1240.6,111.7,232.0,,,0,0,0,0
1776472832948661,1790684139.407619,9407,idle,1372.6,139.6,272.8,,,0,0,0,0
1776472973241875,1790684139.547911,9547,idle,1720.0,274.7,428.8,,,0,0,0,0
1776473115469652,1790684139.690140,9690,idle,16881.0,1969.1,5546.3,,,0,0,0,0
1776473254498908,1790684139.829169,9829,idle,925.7,105.1,218.2,,,0,0,0,0
1776473394604262,1790684139.969274,9969,idle,944.2,77.1,170.0,,,0,0,0,0
1776473534578834,1790684140.109249,10109,idle,1629.0,701.6,772.2,,,0,0,0,0
1776473674481679,1790684140.249152,10249,idle,858.0,101.2,191.6,,,0,0,0,0
1776473814535941,1790684140.389206,10389,idle,787.5,107.1,187.4,,,0,0,0,0
1776473954600999,1790684140.529271,10529,idle,1067.2,107.0,220.1,,,0,0,0,0
1776474094792859,1790684140.669463,10669,idle,1233.1,106.0,193.5,,,0,0,0,0
1776474234609614,1790684140.809279,10809,idle,4457.2,81.9,169.5,,,0,0,0,0
1776474374864678,1790684140.949534,10949,idle,4213.1,308.1,2508.0,,,0,0,0,0
1776474514663358,1790684141.089334,11089,idle,967.1,113.4,181.0,,,0,0,0,0
1776474655254029,1790684141.229922,11229,idle,2261.8,252.7,458.1,,,0,0,0,0
1776474795859422,1790684141.370529,11370,idle,1987.6,113.5,372.6,,,0,0,0,0
1776474941367063,1790684141.516036,11516,idle,2362.3,137.9,345.2,,,0,0,0,0
1776475084220344,1790684141.658890,11658,idle,1039.3,78.7,145.1,,,0,0,0,0
1776475222879354,1790684141.797549,11797,decode,1447.5,122.6,264.7,,,0,0,1,0
1776475365135551,1790684141.939805,11939,idle,1653.9,124.1,292.6,,,0,0,0,0
1776475505408562,1790684142.080078,12080,idle,20799.0,104.8,358.7,,,0,0,0,0
1776475644193625,1790684142.218863,12218,idle,1486.5,116.6,248.1,,,0,0,0,0
1776475783897611,1790684142.358568,12358,idle,1140.3,79.2,195.3,,,0,0,0,0
1776475924581322,1790684142.499251,12499,idle,2130.6,169.4,373.8,,,0,0,0,0
1776476064965689,1790684142.639635,12639,idle,2446.9,192.8,448.5,,,0,0,0,0
1776476205295590,1790684142.779965,12779,idle,4685.1,212.0,414.4,,,0,0,0,0
1776476344621671,1790684142.919291,12919,idle,2118.3,132.8,300.4,,,0,0,0,0
1776476484597007,1790684143.059267,13059,idle,1013.9,113.7,194.8,,,0,0,0,0
1776476629836493,1790684143.204505,13204,idle,2035.4,103.6,378.3,,,0,0,0,0
1776476774769066,1790684143.349439,13349,idle,1678.4,141.5,298.4,,,0,0,0,0
1776476912635011,1790684143.487304,13487,decode,1490.6,89.9,178.2,,,0,0,1,0
1776477054701042,1790684143.629371,13629,idle,884.1,108.0,175.9,,,0,0,0,0
1776477195388955,1790684143.770058,13770,idle,2178.0,132.5,347.3,,,0,0,0,0
1776477337170828,1790684143.911840,13911,idle,2378.2,342.5,571.4,,,0,0,0,0
1776477475127877,1790684144.049798,14049,idle,1681.5,159.9,317.8,,,0,0,0,0
1776477614918358,1790684144.189588,14189,idle,1365.2,114.1,236.6,,,0,0,0,0
1776477754106268,1790684144.328776,14328,idle,2953.1,113.7,204.7,,,0,0,0,0
1776477895347140,1790684144.470016,14470,idle,2238.1,210.7,404.7,,,0,0,0,0
1776478032556851,1790684144.607226,14607,idle,2198.7,149.4,378.6,,,0,0,0,0
1776478174857395,1790684144.749527,14749,idle,1280.2,111.0,225.6,,,0,0,0,0
1776478314359152,1790684144.889029,14889,idle,10768.4,101.6,5629.4,,,0,0,0,0
1776478459190146,1790684145.033860,33,idle,6597.5,134.2,252.5,,,0,0,0,0
1776478606283887,1790684145.180954,180,tx,52253.5,78.7,118.9,,,1,0,0,1
1776478750084662,1790684145.324755,324,tx,53569.8,96.4,189.2,,,1,0,0,1
1776478893906713,1790684145.468577,468,tx,52593.9,108.2,218.3,,,1,0,0,1
1776479037444785,1790684145.612115,612,tx,52488.7,322.9,425.1,,,1,0,0,1
1776479181502457,1790684145.756173,756,tx,51550.6,274.0,344.2,,,1,0,0,1
1776479324146813,1790684145.898816,898,tx,53538.5,160.8,353.8,,,1,0,0,1
1776479469015218,1790684146.043685,1043,tx,52863.7,138.2,248.9,,,1,0,0,1
1776479613084411,1790684146.187754,1187,tx,52473.5,109.8,219.9,,,1,0,0,1
1776479756548408,1790684146.331218,1331,tx,52426.0,213.5,292.7,,,1,0,0,1
1776479899996987,1790684146.474667,1474,tx,54897.9,115.0,221.3,,,1,0,0,1
1776480046614067,1790684146.621284,1621,tx,51259.9,136.6,259.8,,,1,0,0,1
1776480188834061,1790684146.763504,1763,tx,52540.4,93.5,174.3,,,1,0,0,1
1776480333887562,1790684146.908557,1908,tx,52604.0,96.9,186.7,,,1,0,0,1
1776480477519841,1790684147.052190,2052,tx,51491.3,289.4,384.0,,,1,0,0,1
1776480620031660,1790684147.194702,2194,tx,52569.5,108.7,214.8,,,1,0,0,1
1776480763919756,1790684147.338590,2338,tx,52893.1,144.9,260.0,,,1,0,0,1
1776480908052327,1790684147.482722,2482,tx,52884.8,144.2,263.1,,,1,0,0,1
1776481051918060,1790684147.626588,2626,tx,53305.1,89.7,197.3,,,1,0,0,1
1776481195496205,1790684147.770166,2770,tx,51883.4,290.4,376.5,,,1,0,0,1
1776481338701323,1790684147.913371,2913,tx,78052.0,102.6,190.9,,,1,0,0,1
1776481482095745,1790684148.056766,3056,tx,52546.8,108.5,220.8,,,1,0,0,1
1776481626386901,1790684148.201057,3201,tx,51896.0,351.0,482.9,,,1,0,0,1
1776481769466935,1790684148.344137,3344,tx,52604.6,324.2,409.1,,,1,0,0,1
1776481913125688,1790684148.487796,3487,tx,52444.9,108.8,248.5,,,1,0,0,1
1776482056952381,1790684148.631622,3631,tx,52459.9,108.1,195.7,,,1,0,0,1
1776482200903185,1790684148.775573,3775,tx,56669.5,90.3,199.4,,,1,0,0,1
1776482338437007,1790684148.913107,3913,tx,52890.8,373.4,476.4,,,1,0,0,1
1776482482524383,1790684149.057194,4057,tx,55625.2,271.3,345.4,,,1,0,0,1
1776482628142277,1790684149.202812,4202,tx,52441.1,87.7,204.9,,,1,0,0,1
1776482771491942,1790684149.346162,4346,tx,52493.2,324.7,431.1,,,1,0,0,1
1776482916100643,1790684149.490770,4490,tx,52440.0,185.4,388.7,,,1,0,0,1
1776483059981234,1790684149.634651,4634,tx,52504.6,130.7,210.7,,,1,0,0,1
1776483203602445,1790684149.778272,4778,tx,52903.6,240.2,369.1,,,1,0,0,1
1776483348067098,1790684149.922737,4922,tx,52590.5,116.8,225.0,,,1,0,0,1
1776483492556254,1790684150.067226,5067,tx,53492.5,266.8,491.6,,,1,0,0,1
1776483637754736,1790684150.212425,5212,tx,53610.5,140.4,273.8,,,1,0,0,1
1776483781082845,1790684150.355753,5355,tx,52418.0,135.2,240.4,,,1,0,0,1
1776483924148090,1790684150.498818,5498,tx,51471.0,126.4,231.1,,,1,0,0,1
1776484067371546,1790684150.642040,5642,tx,52252.5,221.1,499.8,,,1,0,0,1
1776484211224416,1790684150.785894,5785,tx,52409.5,195.2,413.1,,,1,0,0,1
1776484354999493,1790684150.929669,5929,tx,52729.9,163.3,318.6,,,1,0,0,1
1776484498407968,1790684151.073078,6073,tx,52427.9,302.8,403.7,,,1,0,0,1
1776484643472898,1790684151.218142,6218,tx,53547.8,168.4,413.6,,,1,0,0,1
1776484789077523,1790684151.363747,6363,tx,53332.7,186.2,406.0,,,1,0,0,1
1776484929654724,1790684151.504323,6504,tx,81883.0,325.4,561.7,,,1,0,0,1
1776485073573317,1790684151.648243,6648,tx,52109.1,88.7,187.5,,,1,0,0,1
1776485217228803,1790684151.791898,6791,tx,52395.9,352.9,592.7,,,1,0,0,1
1776485361423433,1790684151.936093,6936,tx,53479.6,178.8,409.5,,,1,0,0,1
1776485506139127,1790684152.080808,7080,tx,62290.6,108.4,298.7,,,1,0,0,1
1776485649554649,1790684152.224225,7224,tx,52874.6,133.7,264.3,,,1,0,0,1
1776485793503961,1790684152.368174,7368,tx,52417.9,198.2,294.8,,,1,0,0,1
1776485938069851,1790684152.512737,7512,tx,52544.4,158.7,395.0,,,1,0,0,1
1776486082383037,1790684152.657053,7657,tx,53292.7,239.8,465.9,,,1,0,0,1
1776486227848710,1790684152.802518,7802,tx,52399.4,206.8,466.1,,,1,0,0,1
1776486370720478,1790684152.945391,7945,tx,52286.0,131.2,235.5,,,1,0,0,1
1776486514436786,1790684153.089106,8089,tx,53347.8,231.0,422.4,,,1,0,0,1
1776486659286163,1790684153.233956,8233,tx,51996.9,159.1,332.6,,,1,0,0,1
1776486803633393,1790684153.378303,8378,tx,56688.2,176.2,355.9,,,1,0,0,1
1776486940724477,1790684153.515394,8515,tx,51878.1,114.4,184.1,,,1,0,0,1
1776487083285940,1790684153.657956,8657,tx,52628.9,135.0,238.5,,,1,0,0,1
1776487228105802,1790684153.802775,8802,tx,52486.5,153.6,368.2,,,1,0,0,1
1776487372554665,1790684153.947224,8947,tx,52655.8,163.4,385.8,,,1,0,0,1
1776487516838900,1790684154.091508,9091,tx,53111.4,160.2,412.0,,,1,0,0,1
1776487660676594,1790684154.235347,9235,tx,51248.2,102.9,201.2,,,1,0,0,1
1776487803453393,1790684154.378122,9378,tx,61289.3,196.5,414.5,,,1,0,0,1
1776487945948393,1790684154.520618,9520,tx,51562.9,111.7,224.0,,,1,0,0,1
1776488088835846,1790684154.663506,9663,tx,51665.2,110.6,257.0,,,1,0,0,1
1776488235841734,1790684154.810511,9810,tx,54770.7,136.0,286.3,,,1,0,0,1
1776488378532249,1790684154.953202,9953,tx,52516.6,157.1,306.6,,,1,0,0,1
1776488522113375,1790684155.096783,10096,tx,89567.3,93.5,233.9,,,1,0,0,1
1776488665581985,1790684155.240252,10240,tx,52523.3,135.5,279.5,,,1,0,0,1
1776488809247103,1790684155.383917,10383,tx,51743.5,108.2,251.2,,,1,0,0,1
1776488951934331,1790684155.526604,10526,tx,53137.8,96.0,233.0,,,1,0,0,1
1776489096323852,1790684155.670993,10670,tx,52534.6,116.6,258.6,,,1,0,0,1
1776489239770343,1790684155.814440,10814,tx,51629.9,87.8,212.0,,,1,0,0,1
1776489382038845,1790684155.956708,10956,tx,52516.9,90.9,237.9,,,1,0,0,1
1776489525483379,1790684156.100153,11100,tx,52496.7,217.2,336.4,,,1,0,0,1
1776489668407955,1790684156.243078,11243,tx,52407.4,78.7,195.5,,,1,0,0,1
1776489811456275,1790684156.386126,11386,tx,51618.2,278.3,404.6,,,1,0,0,1
1776489954490717,1790684156.529160,11529,tx,52168.7,207.6,376.8,,,1,0,0,1
1776490098183317,1790684156.672853,11672,tx,52310.4,183.7,389.7,,,1,0,0,1
1776490242416593,1790684156.817086,11817,tx,52991.2,314.9,456.2,,,1,0,0,1
1776490386106830,1790684156.960777,11960,tx,52271.2,80.6,148.1,,,1,0,0,1
1776490530524360,1790684157.105193,12105,tx,52139.5,155.3,377.9,,,1,0,0,1
1776490674020142,1790684157.248690,12248,tx,52321.4,86.4,165.8,,,1,0,0,1
1776490817192389,1790684157.391862,12391,tx,53354.0,138.4,277.0,,,1,0,0,1
1776490962146050,1790684157.536814,12536,tx,53505.2,187.1,403.0,,,1,0,0,1
1776491106183095,1790684157.680853,12680,tx,51279.1,79.3,141.6,,,1,0,0,1
1776491249343651,1790684157.824013,12824,tx,54325.1,360.0,567.7,,,1,0,0,1
1776491394022842,1790684157.968693,12968,tx,51399.9,83.1,166.5,,,1,0,0,1
1776491536315004,1790684158.110985,13110,tx,52238.5,139.4,304.7,,,1,0,0,1
1776491679283845,1790684158.253954,13253,tx,52282.7,99.6,208.1,,,1,0,0,1
1776491822631300,1790684158.397301,13397,tx,51573.6,127.9,264.3,,,1,0,0,1
1776491964982558,1790684158.539652,13539,tx,52109.4,182.8,397.9,,143004.7,1,0,0,1
1776492108092162,1790684158.682761,13682,idle,77777.5,107.6,246.9,,,0,0,0,0
1776492245726041,1790684158.820396,13820,idle,52826.9,184.6,313.3,,,0,0,0,0
1776492417404900,1790684158.992075,13992,idle,1401.7,78.6,148.0,,,0,0,0,0
1776492556366040,1790684159.131035,14131,idle,1882.1,475.2,671.4,,,0,0,0,0
1776492697151771,1790684159.271821,14271,idle,2390.4,178.6,390.8,,,0,0,0,0
1776492836937715,1790684159.411606,14411,idle,2031.9,168.8,397.2,,,0,0,0,0
1776492976366350,1790684159.551036,14551,idle,1329.9,102.6,205.4,,,0,0,0,0
1776493116091428,1790684159.690762,14690,idle,1217.9,134.3,194.2,,,0,0,0,0
1776493256621832,1790684159.831292,14831,idle,1245.8,275.0,388.4,,,0,0,0,0
1776493397318383,1790684159.971988,14971,idle,2201.3,145.9,353.5,,,0,0,0,0
1776493538112498,1790684160.112782,112,idle,2032.2,146.5,359.9,,,0,0,0,0
1776493675872291,1790684160.250542,250,idle,867.9,105.2,209.3,,,0,0,0,0
1776493816667249,1790684160.391337,391,idle,1554.9,213.0,357.1,,,0,0,0,0
1776493956424619,1790684160.531094,531,idle,2246.0,447.2,617.8,,,0,0,0,0
1776494097115598,1790684160.671784,671,idle,2083.7,143.7,363.7,,,0,0,0,0
1776494236695993,1790684160.811365,811,idle,2157.5,171.1,394.8,,,0,0,0,0
1776494376268408,1790684160.950938,950,idle,1276.7,76.1,144.6,,,0,0,0,0
1776494516403242,1790684161.091073,1091,idle,32075.5,112.6,3766.0,,,0,0,0,0
1776494655743361,1790684161.230413,1230,idle,8339.3,214.4,307.1,,,0,0,0,0
1776494796707111,1790684161.371377,1371,idle,1576.8,139.7,357.9,,,0,0,0,0
1776494936305277,1790684161.510974,1510,idle,1608.3,134.7,339.5,,,0,0,0,0
1776495076425506,1790684161.651095,1651,idle,1335.7,117.6,212.2,,,0,0,0,0
1776495216256641,1790684161.790927,1790,idle,1230.4,107.2,208.2,,,0,0,0,0
1776495356110983,1790684161.930781,1930,idle,1328.4,103.0,197.1,,,0,0,0,0
1776495496595753,1790684162.071266,2071,idle,1299.6,349.9,443.3,,,0,0,0,0
1776495635739470,1790684162.210409,2210,idle,1135.3,248.1,364.3,,,0,0,0,0
1776495776814292,1790684162.351484,2351,idle,913.4,136.8,215.1,,,0,0,0,0
1776495916670792,1790684162.491340,2491,idle,2223.3,187.2,386.6,,,0,0,0,0
1776496056112735,1790684162.630783,2630,idle,1311.9,105.3,203.4,,,0,0,0,0
1776496196734349,1790684162.771404,2771,idle,2381.8,109.9,326.5,,,0,0,0,0
1776496337138978,1790684162.911808,2911,idle,2216.9,113.4,326.9,,,0,0,0,0
1776496476202001,1790684163.050872,3050,idle,1396.2,107.8,224.6,,,0,0,0,0
1776496616164719,1790684163.190834,3190,idle,1537.4,120.7,280.5,,,0,0,0,0
1776496756451953,1790684163.331122,3331,idle,1403.6,119.6,254.7,,,0,0,0,0
1776496896219307,1790684163.470889,3470,idle,1438.7,116.6,267.2,,,0,0,0,0
1776497036189935,1790684163.610860,3610,idle,1490.3,115.4,254.8,,,0,0,0,0
1776497175929725,1790684163.750599,3750,idle,1100.1,113.1,224.1,,,0,0,0,0
1776497315953414,1790684163.890623,3890,idle,1521.3,120.3,325.0,,,0,0,0,0
1776497456416774,1790684164.031086,4031,idle,1402.3,123.9,250.5,,,0,0,0,0
1776497595826500,1790684164.170496,4170,idle,1092.0,78.5,197.3,,,0,0,0,0
1776497736945388,1790684164.311615,4311,idle,1455.4,145.7,297.9,,,0,0,0,0
1776497876475605,1790684164.451145,4451,idle,2296.4,1448.9,1550.1,,,0,0,0,0
1776498016277578,1790684164.590948,4590,idle,1960.3,105.1,208.5,,,0,0,0,0
1776498156135920,1790684164.730806,4730,idle,1266.3,112.4,215.7,,,0,0,0,0
1776498295727536,1790684164.870397,4870,idle,1088.9,92.6,193.3,,,0,0,0,0
1776498435940438,1790684165.010610,5010,idle,1116.0,107.0,221.7,,,0,0,0,0
1776498575883034,1790684165.150553,5150,idle,1136.8,110.8,202.0,,,0,0,0,0
1776498716403858,1790684165.291074,5291,idle,1272.1,137.1,260.5,,,0,0,0,0
1776498855871013,1790684165.430541,5430,idle,1123.4,85.3,198.4,,,0,0,0,0
1776498996502110,1790684165.571172,5571,idle,1356.0,284.0,405.1,,,0,0,0,0
1776499136425296,1790684165.711093,5711,idle,2245.5,213.1,538.0,,,0,0,0,0
1776499276298104,1790684165.850968,5850,idle,1999.6,344.4,694.2,,,0,0,0,0
1776499416498411,1790684165.991168,5991,idle,1356.2,344.6,449.5,,,0,0,0,0
1776499555777076,1790684166.130447,6130,idle,1165.9,77.1,203.8,,,0,0,0,0
1776499695663966,1790684166.270334,6270,idle,1275.5,152.7,272.1,,,0,0,0,0
1776499836640258,1790684166.411310,6411,idle,1654.1,156.2,308.6,,,0,0,0,0
1776499975877060,1790684166.550547,6550,idle,851.1,83.1,172.0,,,0,0,0,0
1776500116304973,1790684166.690975,6690,idle,1122.7,82.1,157.0,,,0,0,0,0
1776500255806925,1790684166.830477,6830,idle,876.2,75.1,182.0,,,0,0,0,0
1776500395821185,1790684166.970491,6970,idle,860.9,105.2,187.0,,,0,0,0,0
1776500535949508,1790684167.110619,7110,idle,5804.9,80.5,2772.4,,,0,0,0,0
1776500675982660,1790684167.250653,7250,idle,936.4,105.4,184.4,,,0,0,0,0
1776500817099228,1790684167.391769,7391,idle,2170.3,186.5,403.0,,,0,0,0,0
1776500957175556,1790684167.531845,7531,idle,1852.1,161.0,303.4,,,0,0,0,0
1776501096896145,1790684167.671565,7671,idle,2394.4,186.1,401.4,,,0,0,0,0
1776501237175007,1790684167.811844,7811,idle,2637.0,199.3,402.6,,,0,0,0,0
1776501376345169,1790684167.951015,7951,idle,974.9,104.7,182.0,,,0,0,0,0
1776501517131146,1790684168.091801,8091,idle,2128.4,122.4,289.1,,,0,0,0,0
1776501656773444,1790684168.231443,8231,idle,2294.7,157.9,362.3,,,0,0,0,0
1776501796727268,1790684168.371397,8371,idle,2045.9,150.8,340.3,,,0,0,0,0
1776501939456689,1790684168.514126,8514,idle,1270.8,152.2,254.4,,,0,0,0,0
1776502076765002,1790684168.651435,8651,idle,1746.0,166.1,331.6,,,0,0,0,0
1776502217188616,1790684168.791858,8791,idle,2398.5,193.5,412.9,,,0,0,0,0
1776502356806691,1790684168.931475,8931,idle,2176.9,180.9,402.3,,,0,0,0,0
1776502497212392,1790684169.071881,9071,idle,2553.5,212.8,467.9,,,0,0,0,0
1776502635849053,1790684169.210519,9210,idle,911.2,86.9,178.7,,,0,0,0,0
1776502775987802,1790684169.350657,9350,idle,1975.0,139.5,345.6,,,0,0,0,0
1776502916542199,1790684169.491211,9491,idle,2506.7,294.3,500.5,,,0,0,0,0
1776503057115370,1790684169.631785,9631,idle,2125.3,162.7,395.7,,,0,0,0,0
1776503196453319,1790684169.771123,9771,idle,3010.4,377.8,597.8,,,0,0,0,0
1776503335803462,1790684169.910474,9910,idle,914.5,81.2,167.8,,,0,0,0,0
1776503476458131,1790684170.051127,10051,idle,2431.1,367.0,591.1,,,0,0,0,0
1776503617120015,1790684170.191789,10191,idle,2225.4,164.1,399.2,,,0,0,0,0
1776503756011539,1790684170.330681,10330,idle,1555.0,142.1,258.3,,,0,0,0,0
1776503896579205,1790684170.471249,10471,idle,2260.6,291.8,460.9,,,0,0,0,0
1776504036131116,1790684170.610801,10610,idle,1949.7,109.7,235.0,,,0,0,0,0
1776504176121707,1790684170.750791,10750,idle,1869.2,170.8,341.4,,,0,0,0,0
1776504316354125,1790684170.891024,10891,idle,1860.7,163.8,328.4,,,0,0,0,0
1776504456684315,1790684171.031354,11031,idle,2153.4,153.7,362.1,,,0,0,0,0
1776504596219136,1790684171.170889,11170,idle,1415.8,97.4,189.3,,,0,0,0,0
1776504735860447,1790684171.310531,11310,idle,879.4,83.7,175.2,,,0,0,0,0
1776504877472085,1790684171.452142,11452,idle,2374.7,362.9,565.7,,,0,0,0,0
1776505016484224,1790684171.591154,11591,idle,975.3,83.6,163.0,,,0,0,0,0
1776505156570350,1790684171.731239,11731,idle,2288.8,245.6,456.4,,,0,0,0,0
1776505296462211,1790684171.871132,11871,decode,1021.0,85.2,167.7,,,0,0,1,0
1776505435944345,1790684172.010614,12010,idle,1109.8,79.7,165.9,,,0,0,0,0
1776505577074015,1790684172.151743,12151,idle,2441.9,165.1,399.8,,,0,0,0,0
1776505716556163,1790684172.291226,12291,idle,1982.4,320.3,514.9,,,0,0,0,0
1776505857108919,1790684172.431778,12431,idle,2059.4,124.3,321.3,,,0,0,0,0
1776505995980159,1790684172.570650,12570,idle,934.3,95.2,209.9,,,0,0,0,0
1776506136257795,1790684172.710928,12710,idle,1172.3,85.1,167.9,,,0,0,0,0
1776506276502566,1790684172.851172,12851,idle,2337.8,337.7,544.2,,,0,0,0,0
1776506417208927,1790684172.991878,12991,idle,2236.0,123.0,318.0,,,0,0,0,0
1776506556377635,1790684173.131047,13131,idle,2148.6,145.0,356.0,,,0,0,0,0
1776506695960512,1790684173.270630,13270,idle,1137.3,110.5,206.6,,,0,0,0,0
1776506835797162,1790684173.410467,13410,idle,1424.5,190.2,287.3,,,0,0,0,0
1776506982661839,1790684173.557332,13557,idle,1477.0,220.1,371.6,,,0,0,0,0
1776507126656937,1790684173.701326,13701,idle,2219.7,191.1,404.8,,,0,0,0,0
1776507266869805,1790684173.841539,13841,idle,2272.4,159.5,417.2,,,0,0,0,0
1776507406227362,1790684173.980897,13980,idle,946.9,110.9,183.2,,,0,0,0,0
1776507545661096,1790684174.120331,14120,idle,1162.3,284.2,374.9,,,0,0,0,0
1776507687482852,1790684174.262152,14262,idle,2031.2,151.8,389.9,,,0,0,0,0
1776507833273018,1790684174.407942,14407,decode,2387.8,158.4,364.1,,,0,0,1,0
1776507976025088,1790684174.550695,14550,idle,1156.6,112.1,227.3,,,0,0,0,0
1776508115580180,1790684174.690250,14690,idle,1052.7,79.8,160.8,,,0,0,0,0
1776508256359350,1790684174.831029,14831,idle,2234.0,184.6,375.2,,,0,0,0,0
1776508396327069,1790684174.970996,14970,idle,2238.5,153.2,367.8,,,0,0,0,0
1776508627727026,1790684175.202396,202,tx,54079.0,218.3,343.5,,,1,0,0,1
1776508774471930,1790684175.349142,349,tx,52679.1,103.6,245.0,,,1,0,0,1
1776508918494677,1790684175.493164,493,tx,52944.8,125.9,281.3,,,1,0,0,1
1776509063016011,1790684175.637686,637,tx,51806.3,125.1,234.9,,,1,0,0,1
1776509206070336,1790684175.780740,780,tx,52762.3,93.8,232.6,,,1,0,0,1
1776509350040154,1790684175.924710,924,tx,54365.4,86.0,208.3,,,1,0,0,1
1776509493879815,1790684176.068550,1068,tx,51542.2,222.2,318.1,,,1,0,0,1
1776509636998609,1790684176.211668,1211,tx,52794.2,98.6,230.0,,,1,0,0,1
1776509780982501,1790684176.355652,1355,tx,92366.5,90.2,269.2,,,1,0,0,1
1776509925245639,1790684176.499916,1499,tx,52592.1,89.4,170.6,,,1,0,0,1
1776510068990134,1790684176.643660,1643,tx,52331.7,106.2,242.4,,,1,0,0,1
1776510212378927,1790684176.787049,1787,tx,52670.9,88.4,197.9,,,1,0,0,1
1776510357322386,1790684176.931990,1931,tx,52082.7,121.4,318.2,,,1,0,0,1
1776510500959741,1790684177.075628,2075,tx,68009.7,139.9,364.8,,,1,0,0,1
1776510640686089,1790684177.215355,2215,tx,53388.2,362.9,571.3,,,1,0,0,1
1776510785049948,1790684177.359720,2359,tx,52389.2,117.9,206.4,,,1,0,0,1
1776510928954141,1790684177.503623,2503,tx,52237.5,196.5,475.5,,,1,0,0,1
1776511072502458,1790684177.647171,2647,tx,53633.6,189.6,417.8,,,1,0,0,1
1776511217443669,1790684177.792112,2792,tx,53803.5,190.0,421.6,,,1,0,0,1
1776511363334714,1790684177.938004,2938,tx,52820.5,122.6,249.0,,,1,0,0,1
1776511507277775,1790684178.081948,3081,tx,52550.5,129.7,224.6,,,1,0,0,1
1776511651310483,1790684178.225980,3225,tx,52467.3,158.9,399.7,,,1,0,0,1
1776511795539146,1790684178.370209,3370,tx,53535.2,476.4,699.9,,,1,0,0,1
1776511941411115,1790684178.516080,3516,tx,53286.4,110.2,305.0,,,1,0,0,1
1776512085919972,1790684178.660590,3660,tx,51285.2,229.7,300.4,,,1,0,0,1
1776512229058074,1790684178.803727,3803,tx,52322.4,153.9,421.1,,,1,0,0,1
1776512373747998,1790684178.948417,3948,tx,53721.7,282.4,506.7,,,1,0,0,1
1776512519306222,1790684179.093975,4093,tx,51792.8,148.4,349.6,,,1,0,0,1
1776512662989713,1790684179.237659,4237,tx,52227.9,118.7,239.9,,,1,0,0,1
1776512806636148,1790684179.381306,4381,tx,51894.4,110.9,221.9,,,1,0,0,1
1776512949994991,1790684179.524663,4524,tx,53449.1,146.7,433.3,,,1,0,0,1
1776513095398451,1790684179.670068,4670,tx,53853.9,167.5,387.7,,,1,0,0,1
1776513241691398,1790684179.816361,4816,tx,53605.1,379.1,587.3,,,1,0,0,1
1776513386151292,1790684179.960821,4960,tx,77456.2,85.0,165.4,,,1,0,0,1
1776513529952186,1790684180.104621,5104,tx,53434.8,162.8,416.8,,,1,0,0,1
1776513675464348,1790684180.250134,5250,tx,52493.6,171.4,393.1,,,1,0,0,1
1776513820130774,1790684180.394800,5394,tx,52175.1,155.2,373.4,,,1,0,0,1
1776513963155525,1790684180.537826,5537,tx,51624.3,103.0,195.2,,,1,0,0,1
1776514106078655,1790684180.680748,5680,tx,51693.5,152.7,279.2,,,1,0,0,1
1776514250059450,1790684180.824728,5824,tx,53679.9,191.8,420.6,,,1,0,0,1
1776514395925068,1790684180.970594,5970,tx,52260.0,175.8,426.5,,,1,0,0,1
1776514535264353,1790684181.109934,6109,tx,53143.0,138.7,352.1,,,1,0,0,1
1776514679057886,1790684181.253728,6253,tx,52346.7,88.5,204.4,,,1,0,0,1
1776514823079595,1790684181.397749,6397,tx,52136.0,161.3,335.2,,,1,0,0,1
1776514966708434,1790684181.541378,6541,tx,52207.7,325.9,447.3,,,1,0,0,1
1776515111110498,1790684181.685780,6685,tx,53336.1,120.3,357.3,,,1,0,0,1
1776515256543289,1790684181.831213,6831,tx,53064.1,146.4,349.8,,,1,0,0,1
1776515401036064,1790684181.975706,6975,tx,54435.0,132.9,227.7,,,1,0,0,1
1776515547594132,1790684182.122264,7122,tx,52478.1,356.1,573.8,,,1,0,0,1
1776515692112315,1790684182.266781,7266,tx,52335.5,162.1,377.1,,,1,0,0,1
1776515838302682,1790684182.412971,7412,tx,53071.2,148.1,342.1,,,1,0,0,1
1776515982801119,1790684182.557471,7557,tx,52484.0,247.5,317.9,,,1,0,0,1
1776516127108019,1790684182.701777,7701,tx,52262.2,144.8,364.4,,,1,0,0,1
1776516271771760,1790684182.846441,7846,tx,52269.5,165.9,438.3,,,1,0,0,1
1776516416444681,1790684182.991114,7991,tx,53256.7,151.5,383.1,,,1,0,0,1
1776516561421412,1790684183.136091,8136,tx,53181.1,157.0,358.7,,,1,0,0,1
1776516705178425,1790684183.279848,8279,tx,51289.1,103.4,185.9,,,1,0,0,1
1776516848338681,1790684183.423008,8423,tx,52073.3,171.1,424.6,,,1,0,0,1
1776516991299809,1790684183.565970,8565,tx,78407.3,97.0,215.4,,,1,0,0,1
1776517135606306,1790684183.710275,8710,tx,53131.9,361.6,569.3,,,1,0,0,1
1776517279193923,1790684183.853864,8853,tx,52492.2,100.8,190.2,,,1,0,0,1
1776517423754279,1790684183.998424,8998,tx,52580.2,195.3,422.0,,,1,0,0,1
1776517567610082,1790684184.142279,9142,tx,52560.1,358.6,598.2,,,1,0,0,1
1776517712071796,1790684184.286741,9286,tx,52261.9,166.0,383.0,,,1,0,0,1
1776517856132500,1790684184.430802,9430,tx,52924.7,128.8,317.7,,,1,0,0,1
1776517999784588,1790684184.574455,9574,tx,54786.3,316.4,402.1,,,1,0,0,1
1776518146617668,1790684184.721287,9721,tx,52804.9,389.2,628.3,,,1,0,0,1
1776518291277166,1790684184.865946,9865,tx,52220.0,159.1,394.6,,,1,0,0,1
1776518428824696,1790684185.003494,10003,tx,52673.4,202.8,481.1,,,1,0,0,1
1776518572220444,1790684185.146890,10146,tx,52440.5,125.8,221.9,,,1,0,0,1
1776518716646838,1790684185.291316,10291,tx,52544.9,382.1,617.0,,,1,0,0,1
1776518860281073,1790684185.434951,10434,tx,52440.8,84.2,173.3,,,1,0,0,1
1776519003334068,1790684185.578004,10578,tx,52648.2,102.1,220.6,,,1,0,0,1
1776519148263183,1790684185.722933,10722,tx,59658.8,127.6,329.8,,,1,0,0,1
1776519292066873,1790684185.866737,10866,tx,51334.0,108.3,213.4,,,1,0,0,1
1776519429413816,1790684186.004083,11004,tx,52578.5,176.7,409.7,,,1,0,0,1
1776519573447864,1790684186.148117,11148,tx,52573.5,150.3,364.2,,,1,0,0,1
1776519718113180,1790684186.292782,11292,tx,52046.0,154.3,379.9,,,1,0,0,1
1776519861451542,1790684186.436121,11436,tx,52575.9,126.9,283.6,,,1,0,0,1
1776520005478607,1790684186.580148,11580,tx,55116.0,110.4,202.5,,,1,0,0,1
1776520142565215,1790684186.717234,11717,tx,52461.7,188.5,421.3,,,1,0,0,1
1776520287160326,1790684186.861830,11861,tx,52374.0,194.0,418.7,,,1,0,0,1
1776520431239932,1790684187.005909,12005,tx,52471.3,192.7,426.8,,,1,0,0,1
1776520574316875,1790684187.148987,12148,tx,77409.6,131.4,245.0,,,1,0,0,1
1776520718469486,1790684187.293139,12293,tx,53504.9,179.4,427.3,,,1,0,0,1
1776520863841704,1790684187.438511,12438,tx,52569.4,189.4,449.3,,,1,0,0,1
1776521008476644,1790684187.583146,12583,tx,52383.7,161.6,360.5,,,1,0,0,1
1776521152387064,1790684187.727056,12727,tx,53008.5,178.9,400.2,,,1,0,0,1
1776521296950421,1790684187.871620,12871,tx,52339.4,181.5,379.2,,,1,0,0,1
1776521441629586,1790684188.016299,13016,tx,52131.9,193.5,438.1,,,1,0,0,1
1776521585538136,1790684188.160207,13160,tx,52526.1,137.1,374.1,,,1,0,0,1
1776521730418322,1790684188.305088,13305,tx,53457.0,208.2,437.8,,,1,0,0,1
1776521874196846,1790684188.448867,13448,tx,52156.5,99.0,189.7,,,1,0,0,1
1776522018255795,1790684188.592925,13592,tx,52222.3,115.6,343.3,,86505.2,1,0,0,1
1776522161455742,1790684188.736126,13736,idle,51876.0,105.3,178.3,,,0,0,0,0
1776522305698504,1790684188.880368,13880,idle,54861.9,460.3,641.7,,,0,0,0,0
1776522471908801,1790684189.046578,14046,idle,2429.6,331.4,449.2,,,0,0,0,0
1776522616799657,1790684189.191470,14191,idle,1099.4,97.0,156.8,,,0,0,0,0
1776522756546211,1790684189.331215,14331,idle,2649.2,136.6,341.2,,,0,0,0,0
1776522897606995,1790684189.472276,14472,idle,2617.0,161.0,379.8,,,0,0,0,0
1776523040779907,1790684189.615449,14615,idle,2657.7,400.7,618.3,,,0,0,0,0
1776523177898118,1790684189.752568,14752,idle,1200.4,355.5,443.4,,,0,0,0,0
1776523316478275,1790684189.891148,14891,idle,1440.9,112.6,211.3,,,0,0,0,0
1776523456841967,1790684190.031511,31,idle,2578.0,285.9,539.8,,,0,0,0,0
1776523596725143,1790684190.171395,171,idle,2660.8,448.9,664.2,,,0,0,0,0
1776523735698974,1790684190.310368,310,idle,2707.6,479.2,719.5,,,0,0,0,0
1776523876545132,1790684190.451215,451,idle,1215.2,103.9,197.0,,,0,0,0,0
1776524016979214,1790684190.591649,591,idle,2486.2,181.5,423.4,,,0,0,0,0
1776524156984410,1790684190.731654,731,idle,1303.6,266.0,407.5,,,0,0,0,0
1776524296714484,1790684190.871384,871,idle,2842.4,473.2,710.2,,,0,0,0,0
1776524440632445,1790684191.015302,1015,idle,2192.4,115.9,347.7,,,0,0,0,0
1776524586699518,1790684191.161370,1161,idle,1248.6,105.3,192.3,,,0,0,0,0
1776524729551780,1790684191.304221,1304,idle,2679.0,164.3,397.7,,,0,0,0,0
1776524867411655,1790684191.442081,1442,idle,2130.3,163.3,384.1,,,0,0,0,0
1776525006227898,1790684191.580898,1580,idle,1036.6,141.6,230.9,,,0,0,0,0
1776525146890999,1790684191.721559,1721,idle,2372.7,290.1,504.2,,,0,0,0,0
1776525285689548,1790684191.860360,1860,idle,1122.7,120.6,203.1,,,0,0,0,0
1776525427737965,1790684192.002407,2002,idle,2717.2,448.5,692.8,,,0,0,0,0
1776525567501310,1790684192.142171,2142,idle,2723.8,184.8,419.5,,,0,0,0,0
1776525707327036,1790684192.281996,2281,idle,2856.0,155.6,352.0,,,0,0,0,0
1776525846163782,1790684192.420834,2420,idle,1100.2,162.6,269.5,,,0,0,0,0
1776525986726963,1790684192.561397,2561,idle,1620.1,109.2,230.2,,,0,0,0,0
1776526130053475,1790684192.704722,2704,idle,2483.7,168.8,418.6,,,0,0,0,0
1776526267356748,1790684192.842026,2842,idle,2412.3,195.7,431.5,,,0,0,0,0
1776526406682218,1790684192.981351,2981,idle,3504.6,166.8,358.8,,,0,0,0,0
1776526546039396,1790684193.120709,3120,idle,1146.1,275.6,367.3,,,0,0,0,0
1776526686965027,1790684193.261634,3261,idle,2492.1,248.7,467.9,,,0,0,0,0
1776526829037342,1790684193.403706,3403,idle,2477.7,170.5,404.7,,,0,0,0,0
1776526966150216,1790684193.540820,3540,idle,1767.5,136.8,275.8,,,0,0,0,0
1776527106783654,1790684193.681453,3681,idle,3572.6,432.6,637.0,,,0,0,0,0
1776527245713913,1790684193.820384,3820,idle,1347.0,125.1,235.3,,,0,0,0,0
1776527387057351,1790684193.961726,3961,idle,2297.4,157.7,378.9,,,0,0,0,0
1776527529038064,1790684194.103707,4103,idle,2082.7,161.7,359.0,,,0,0,0,0
1776527667498976,1790684194.242168,4242,idle,2383.0,187.0,425.8,,,0,0,0,0
1776527806219553,1790684194.380889,4380,idle,1143.9,143.6,260.7,,,0,0,0,0
1776527946694986,1790684194.521365,4521,idle,1023.8,130.5,213.8,,,0,0,0,0
1776528087318561,1790684194.661988,4661,idle,2067.0,170.8,374.1,,,0,0,0,0
1776528229231739,1790684194.803901,4803,idle,2168.6,190.5,416.8,,,0,0,0,0
1776528366413870,1790684194.941084,4941,idle,1242.8,115.2,219.1,,,0,0,0,0
1776528506072674,1790684195.080743,5080,idle,2703.7,926.5,1001.5,,,0,0,0,0
1776528646078037,1790684195.220748,5220,idle,1602.5,127.7,277.3,,,0,0,0,0
1776528786936023,1790684195.361605,5361,idle,2454.0,139.1,376.6,,,0,0,0,0
1776528932104030,1790684195.506773,5506,idle,2449.4,141.6,362.1,,,0,0,0,0
1776529077123994,1790684195.651793,5651,idle,2466.1,152.8,404.0,,,0,0,0,0
1776529217716888,1790684195.792387,5792,idle,943.1,104.1,189.4,,,0,0,0,0
1776529357702001,1790684195.932371,5932,idle,2213.3,216.4,448.7,,,0,0,0,0
1776529497308534,1790684196.071978,6071,idle,2259.9,163.7,385.4,,,0,0,0,0
1776529639960297,1790684196.214630,6214,idle,2460.4,170.8,417.8,,,0,0,0,0
1776529786965513,1790684196.361635,6361,idle,1927.3,139.1,344.3,,,0,0,0,0
1776529926636842,1790684196.501307,6501,idle,1015.7,105.2,165.8,,,0,0,0,0
1776530067267790,1790684196.641937,6641,idle,2356.4,160.7,382.9,,,0,0,0,0
1776530206768867,1790684196.781438,6781,idle,2509.8,126.1,328.9,,,0,0,0,0
1776530346629490,1790684196.921299,6921,idle,2112.5,186.4,413.3,,,0,0,0,0
1776530486137397,1790684197.060807,7060,idle,1120.2,103.9,223.8,,,0,0,0,0
1776530625974926,1790684197.200645,7200,idle,1319.4,255.7,373.2,,,0,0,0,0
1776530767525946,1790684197.342195,7342,idle,2266.7,154.4,386.2,,,0,0,0,0
1776530907667540,1790684197.482337,7482,idle,2812.6,117.6,309.1,,,0,0,0,0
1776531046950939,1790684197.621620,7621,idle,2237.1,204.3,400.5,,,0,0,0,0
1776531186617814,1790684197.761288,7761,idle,1576.6,89.1,177.4,,,0,0,0,0
1776531325897637,1790684197.900567,7900,idle,1584.1,274.6,413.3,,,0,0,0,0
1776531467539717,1790684198.042209,8042,idle,2487.1,158.6,373.4,,,0,0,0,0
1776531607654953,1790684198.182324,8182,idle,2658.0,182.4,381.9,,,0,0,0,0
1776531747238615,1790684198.321908,8321,idle,2346.5,191.2,440.6,,,0,0,0,0
1776531885754511,1790684198.460424,8460,idle,1054.0,110.8,185.7,,,0,0,0,0
1776532027407255,1790684198.602077,8602,idle,2148.8,171.1,403.2,,,0,0,0,0
1776532167232041,1790684198.741901,8741,idle,2253.2,156.1,381.9,,,0,0,0,0
1776532307194069,1790684198.881863,8881,idle,6507.3,201.1,437.7,,,0,0,0,0
1776532446883041,1790684199.021552,9021,idle,2478.5,247.5,455.1,,,0,0,0,0
1776532586514723,1790684199.161185,9161,idle,1181.5,129.2,215.9,,,0,0,0,0
1776532729948390,1790684199.304618,9304,idle,2251.0,144.1,401.6,,,0,0,0,0
1776532877063054,1790684199.451732,9451,idle,2389.2,162.9,386.8,,,0,0,0,0
1776533017313455,1790684199.591983,9591,idle,2446.4,160.6,394.1,,,0,0,0,0
1776533156620433,1790684199.731290,9731,idle,1450.6,128.2,257.6,,,0,0,0,0
1776533296378530,1790684199.871048,9871,idle,921.4,107.9,193.2,,,0,0,0,0
1776533440494872,1790684200.015164,10015,idle,2260.7,149.6,371.8,,,0,0,0,0
1776533587310979,1790684200.161980,10161,idle,2082.4,186.8,403.5,,,0,0,0,0
1776533729206867,1790684200.303876,10303,idle,2208.4,198.1,435.4,,,0,0,0,0
1776533866349223,1790684200.441019,10441,idle,855.0,98.8,198.1,,,0,0,0,0
1776534006389872,1790684200.581060,10581,idle,1664.0,158.6,308.0,,,0,0,0,0
1776534146583428,1790684200.721253,10721,idle,2275.9,160.7,363.3,,,0,0,0,0
1776534286968037,1790684200.861637,10861,idle,2257.4,158.8,390.4,,,0,0,0,0
1776534429950409,1790684201.004620,11004,idle,2246.8,154.6,425.0,,,0,0,0,0
1776534575878568,1790684201.150549,11150,idle,1054.0,80.9,185.1,,,0,0,0,0
1776534716928750,1790684201.291598,11291,idle,2291.7,191.0,461.9,,,0,0,0,0
1776534856444877,1790684201.431114,11431,idle,2436.9,189.1,412.7,,,0,0,0,0
1776534996545570,1790684201.571216,11571,idle,1128.4,85.6,171.6,,,0,0,0,0
1776535139832432,1790684201.714502,11714,idle,2619.1,337.0,561.5,,,0,0,0,0
1776535277144138,1790684201.851814,11851,idle,931.1,116.3,195.9,,,0,0,0,0
1776535416568751,1790684201.991239,11991,idle,1290.5,117.6,250.9,,,0,0,0,0
1776535557619907,1790684202.132289,12132,idle,2334.2,114.8,327.1,,,0,0,0,0
1776535696792674,1790684202.271462,12271,idle,2432.6,348.3,623.5,,,0,0,0,0
1776535843378769,1790684202.418049,12418,idle,1191.0,115.2,198.5,,,0,0,0,0
1776535986902995,1790684202.561573,12561,idle,1128.8,109.2,197.0,,,0,0,0,0
1776536131299139,1790684202.705968,12705,idle,2166.7,186.5,418.5,,,0,0,0,0
1776536277597593,1790684202.852267,12852,idle,2311.3,217.4,447.4,,,0,0,0,0
1776536417845587,1790684202.992515,12992,idle,2354.8,325.9,580.3,,,0,0,0,0
1776536556292774,1790684203.130963,13130,idle,957.6,80.2,204.3,,,0,0,0,0
1776536696165156,1790684203.270835,13270,idle,1575.8,155.3,317.3,,,0,0,0,0
1776536836421146,1790684203.411091,13411,idle,1390.3,132.4,270.9,,,0,0,0,0
1776536975792097,1790684203.550462,13550,decode,3742.8,341.7,608.6,,,0,0,1,0
1776537116742950,1790684203.691413,13691,idle,1198.5,118.1,221.3,,,0,0,0,0
1776537255845509,1790684203.830515,13830,idle,1197.1,118.8,215.3,,,0,0,0,0
1776537397394752,1790684203.972064,13972,idle,2198.2,184.0,425.1,,,0,0,0,0
1776537538347552,1790684204.113016,14113,idle,2172.0,133.4,371.2,,,0,0,0,0
1776537677112858,1790684204.251782,14251,idle,2299.4,193.5,421.8,,,0,0,0,0
1776537816927233,1790684204.391597,14391,idle,4767.6,276.6,504.1,,,0,0,0,0
1776537955800615,1790684204.530471,14530,idle,969.9,77.7,165.6,,,0,0,0,0
1776538097446948,1790684204.672116,14672,idle,2020.9,153.9,350.0,,,0,0,0,0
1776538239794811,1790684204.814464,14814,idle,2079.3,149.3,400.7,,,0,0,0,0
1776538377067756,1790684204.951737,14951,idle,2061.6,101.4,317.3,,,0,0,0,0
1776538516599495,1790684205.091269,91,idle,138457.0,107.2,237.1,,,0,0,0,1
1776538715834526,1790684205.290504,290,tx,51720.3,130.3,243.8,,,1,0,0,1
1776538858452884,1790684205.433123,433,tx,52042.8,159.9,306.6,,,1,0,0,1
1776539001663643,1790684205.576333,576,tx,57824.4,93.0,200.5,,,1,0,0,1
1776539140589682,1790684205.715259,715,tx,53626.7,118.3,268.4,,,1,0,0,1
1776539285177460,1790684205.859847,859,tx,52512.6,220.2,354.7,,,1,0,0,1
1776539428973727,1790684206.003644,1003,tx,53279.7,393.9,555.8,,,1,0,0,1
1776539573448572,1790684206.148118,1148,tx,51930.5,121.6,245.8,,,1,0,0,1
1776539716400119,1790684206.291070,1291,tx,53053.9,117.6,261.2,,,1,0,0,1
1776539860227304,1790684206.434897,1434,tx,52358.8,209.8,320.6,,,1,0,0,1
1776540003439737,1790684206.578110,1578,tx,51546.3,124.5,230.4,,,1,0,0,1
1776540147156222,1790684206.721826,1721,tx,52384.1,232.0,448.2,,,1,0,0,1
1776540291204344,1790684206.865874,1865,tx,52439.6,156.7,401.1,,,1,0,0,1
1776540437449613,1790684207.012119,2012,tx,53256.6,190.2,417.9,,,1,0,0,1
1776540582209593,1790684207.156879,2156,tx,52427.0,264.1,355.5,,,1,0,0,1
1776540726729867,1790684207.301399,2301,tx,52411.7,109.1,324.4,,,1,0,0,1
1776540870581359,1790684207.445250,2445,tx,52074.7,113.2,333.3,,,1,0,0,1
1776541014725753,1790684207.589395,2589,tx,52504.6,112.7,344.2,,,1,0,0,1
1776541159034013,1790684207.733703,2733,tx,53356.0,387.5,552.2,,,1,0,0,1
1776541302816507,1790684207.877487,2877,tx,51482.5,76.4,157.7,,,1,0,0,1
1776541446661426,1790684208.021331,3021,tx,52316.6,164.1,395.9,,,1,0,0,1
1776541590798306,1790684208.165468,3165,tx,52603.4,112.2,379.7,,,1,0,0,1
1776541737671569,1790684208.312341,3312,tx,53707.5,163.7,393.3,,,1,0,0,1
1776541882183518,1790684208.456853,3456,tx,78511.8,292.1,380.5,,,1,0,0,1
1776542021238459,1790684208.595908,3595,tx,51951.7,213.0,342.0,,,1,0,0,1
1776542165141532,1790684208.739811,3739,tx,52417.0,218.9,439.5,,,1,0,0,1
1776542309590503,1790684208.884260,3884,tx,52029.6,113.9,308.9,,,1,0,0,1
1776542452798257,1790684209.027468,4027,tx,52428.0,77.9,188.5,,,1,0,0,1
1776542596751060,1790684209.171421,4171,tx,51593.6,110.4,196.7,,,1,0,0,1
1776542740378945,1790684209.315048,4315,tx,52285.7,152.4,363.1,,,1,0,0,1
1776542883991075,1790684209.458660,4458,tx,53602.8,385.2,653.9,,,1,0,0,1
1776543029883482,1790684209.604553,4604,tx,53636.9,514.2,738.2,,,1,0,0,1
1776543174608551,1790684209.749279,4749,tx,52703.9,124.5,231.9,,,1,0,0,1
1776543318983361,1790684209.893652,4893,tx,52547.7,374.3,631.5,,,1,0,0,1
1776543463109078,1790684210.037778,5037,tx,52510.3,317.7,534.7,,,1,0,0,1
1776543606986084,1790684210.181655,5181,tx,52540.5,284.2,510.2,,,1,0,0,1
1776543751359709,1790684210.326030,5326,tx,52558.7,116.1,239.3,,,1,0,0,1
1776543894856931,1790684210.469527,5469,tx,51400.7,108.1,189.6,,,1,0,0,1
1776544038080861,1790684210.612750,5612,tx,52362.5,202.2,427.9,,,1,0,0,1
1776544182262907,1790684210.756931,5756,tx,52378.4,164.0,394.8,,,1,0,0,1
1776544327090583,1790684210.901760,5901,tx,53202.0,153.9,374.3,,,1,0,0,1
1776544471684375,1790684211.046355,6046,tx,51280.4,92.2,199.2,,,1,0,0,1
1776544615231897,1790684211.189901,6189,tx,53365.4,182.9,412.1,,,1,0,0,1
1776544761199729,1790684211.335869,6335,tx,52537.0,201.7,436.2,,,1,0,0,1
1776544905939822,1790684211.480609,6480,tx,54543.3,384.8,612.4,,,1,0,0,1
1776545051683874,1790684211.626354,6626,tx,52400.3,117.9,238.5,,,1,0,0,1
1776545195881575,1790684211.770551,6770,tx,51245.0,120.2,226.8,,,1,0,0,1
1776545339503136,1790684211.914172,6914,tx,52300.1,165.1,411.1,,,1,0,0,1
1776545484343137,1790684212.059012,7059,tx,79704.7,148.6,362.3,,,1,0,0,1
1776545629319354,1790684212.203989,7203,tx,53189.5,120.8,369.4,,,1,0,0,1
1776545773721540,1790684212.348392,7348,tx,51494.0,69.3,178.7,,,1,0,0,1
1776545917058069,1790684212.491727,7491,tx,52476.8,209.9,439.0,,,1,0,0,1
1776546061274920,1790684212.635944,7635,tx,52386.2,154.0,447.6,,,1,0,0,1
1776546205824148,1790684212.780493,7780,tx,54156.4,141.1,356.4,,,1,0,0,1
1776546351516654,1790684212.926186,7926,tx,52518.7,112.7,234.0,,,1,0,0,1
1776546495044135,1790684213.069714,8069,tx,51689.0,116.2,228.3,,,1,0,0,1
1776546638642155,1790684213.213311,8213,tx,53082.0,113.9,349.4,,,1,0,0,1
1776546783575713,1790684213.358245,8358,tx,52232.6,170.5,405.0,,,1,0,0,1
1776546928101096,1790684213.502770,8502,tx,53200.8,219.7,454.6,,,1,0,0,1
1776547072073786,1790684213.646744,8646,tx,51441.2,98.0,198.2,,,1,0,0,1
1776547214359994,1790684213.789030,8789,tx,51307.3,116.9,220.3,,,1,0,0,1
1776547357755435,1790684213.932425,8932,tx,52609.9,175.1,415.9,,,1,0,0,1
1776547501550226,1790684214.076220,9076,tx,66304.6,146.8,345.1,,,1,0,0,1
1776547638814527,1790684214.213484,9213,tx,52627.7,99.1,235.6,,,1,0,0,1
1776547782966326,1790684214.357636,9357,tx,51704.7,103.6,188.2,,,1,0,0,1
1776547926562116,1790684214.501231,9501,tx,52396.2,168.2,398.1,,,1,0,0,1
1776548071155371,1790684214.645824,9645,tx,52394.6,130.8,351.7,,,1,0,0,1
1776548216089416,1790684214.790759,9790,tx,53398.3,246.1,460.5,,,1,0,0,1
1776548359821670,1790684214.934492,9934,tx,51407.5,106.9,198.9,,,1,0,0,1
1776548503245639,1790684215.077915,10077,tx,64316.1,156.0,412.5,,,1,0,0,1
1776548650055335,1790684215.224723,10224,tx,53337.2,257.3,499.0,,,1,0,0,1
1776548795717033,1790684215.370386,10370,tx,52381.1,136.0,384.6,,,1,0,0,1
1776548939464811,1790684215.514135,10514,tx,52377.0,99.5,206.7,,,1,0,0,1
1776549083205971,1790684215.657876,10657,tx,86347.1,246.9,325.8,,,1,0,0,1
1776549227705030,1790684215.802375,10802,tx,51783.0,173.4,315.2,,,1,0,0,1
1776549371659473,1790684215.946329,10946,tx,52381.0,190.9,435.8,,,1,0,0,1
1776549516085086,1790684216.090754,11090,tx,52665.0,303.4,511.8,,,1,0,0,1
1776549659388422,1790684216.234058,11234,tx,52366.0,134.1,253.9,,,1,0,0,1
1776549803252490,1790684216.377922,11377,tx,57744.9,159.7,375.9,,,1,0,0,1
1776549942147622,1790684216.516817,11516,tx,52915.2,197.8,390.7,,,1,0,0,1
1776550086401962,1790684216.661071,11661,tx,53018.2,182.1,374.2,,,1,0,0,1
1776550230452973,1790684216.805123,11805,tx,51530.0,118.9,207.2,,,1,0,0,1
1776550372726656,1790684216.947397,11947,tx,51499.7,125.7,208.3,,,1,0,0,1
1776550516423408,1790684217.091093,12091,tx,52178.3,188.3,396.7,,,1,0,0,1
1776550660407853,1790684217.235077,12235,tx,52412.9,200.9,437.4,,,1,0,0,1
1776550804217092,1790684217.378886,12378,tx,57056.4,188.3,395.2,,,1,0,0,1
1776550941732725,1790684217.516403,12516,tx,51313.6,77.1,142.9,,,1,0,0,1
1776551084831334,1790684217.659500,12659,tx,52379.8,183.9,485.9,,,1,0,0,1
1776551229675623,1790684217.804345,12804,tx,52405.5,200.2,420.4,,,1,0,0,1
1776551373679324,1790684217.948349,12948,tx,52340.9,158.5,379.7,,,1,0,0,1
1776551517854256,1790684218.092524,13092,tx,52475.8,115.2,188.6,,,1,0,0,1
1776551661937394,1790684218.236608,13236,tx,51624.4,135.8,234.4,,,1,0,0,1
1776551806170471,1790684218.380840,13380,tx,54407.0,240.1,447.9,,,1,0,0,1
1776551952244622,1790684218.526914,13526,tx,53211.3,113.7,309.7,,156057.8,1,0,0,1
1776552098055162,1790684218.672724,13672,tx,53516.8,286.0,526.1,,,0,0,0,0
1776552242395066,1790684218.817065,13817,idle,52334.1,210.1,275.1,,,0,0,0,0
1776552423965876,1790684218.998635,13998,idle,3681.0,157.9,321.0,,,0,0,0,0
1776552568074062,1790684219.142743,14142,idle,2691.3,445.6,660.4,,,0,0,0,0
1776552708050117,1790684219.282719,14282,idle,2654.4,462.9,667.2,,,0,0,0,0
1776552847140244,1790684219.421810,14421,idle,1195.0,83.4,156.5,,,0,0,0,0
1776552987428595,1790684219.562098,14562,idle,2315.4,146.5,400.8,,,0,0,0,0
1776553127713026,1790684219.702382,14702,idle,2214.2,143.1,372.4,,,0,0,0,0
1776553267800957,1790684219.842470,14842,idle,2738.5,163.9,413.6,,,0,0,0,0
1776553408097397,1790684219.982767,14982,idle,3598.1,433.6,625.0,,,0,0,0,0
1776553546832341,1790684220.121502,121,idle,1286.7,112.4,206.7,,,0,0,0,0
1776553687873834,1790684220.262543,262,idle,2941.4,189.7,407.6,,,0,0,0,0
1776553827882019,1790684220.402551,402,idle,2681.2,160.2,401.9,,,0,0,0,0
1776553967767037,1790684220.542436,542,idle,3019.8,193.8,419.8,,,0,0,0,0
1776554108417880,1790684220.683087,683,idle,5274.2,120.0,313.9,,,0,0,0,0
1776554246996932,1790684220.821667,821,idle,1117.2,107.5,185.1,,,0,0,0,0
1776554387796738,1790684220.962466,962,idle,2979.5,155.5,405.0,,,0,0,0,0
1776554527736795,1790684221.102406,1102,idle,1971.4,153.9,374.2,,,0,0,0,0
1776554668157933,1790684221.242827,1242,idle,2580.9,370.3,587.1,,,0,0,0,0
1776554807762411,1790684221.382432,1382,idle,1460.0,80.0,205.6,,,0,0,0,0
1776554947266915,1790684221.521937,1521,idle,1114.6,352.6,432.3,,,0,0,0,0
1776555087912158,1790684221.662581,1662,idle,2703.5,118.2,324.9,,,0,0,0,0
1776555227031197,1790684221.801701,1801,idle,1109.9,102.9,197.1,,,0,0,0,0
1776555367232847,1790684221.941903,1941,idle,1266.1,408.0,497.7,,,0,0,0,0
1776555506566185,1790684222.081236,2081,idle,814.3,102.5,184.1,,,0,0,0,0
1776555647559076,1790684222.222229,2222,idle,2235.8,153.4,400.8,,,0,0,0,0
1776555787507379,1790684222.362176,2362,idle,2526.6,144.8,371.5,,,0,0,0,0
1776555927717509,1790684222.502387,2502,idle,2037.8,116.1,350.8,,,0,0,0,0
1776556067640238,1790684222.642310,2642,idle,1553.6,94.2,243.5,,,0,0,0,0
1776556206964681,1790684222.781635,2781,idle,1107.8,104.5,196.5,,,0,0,0,0
1776556347469419,1790684222.922139,2922,idle,2419.6,152.5,402.4,,,0,0,0,0
1776556488420556,1790684223.063090,3063,idle,2377.1,155.7,410.4,,,0,0,0,0
1776556628132176,1790684223.202801,3202,idle,2653.1,404.6,628.6,,,0,0,0,0
1776556767433142,1790684223.342103,3342,idle,1162.0,198.0,313.7,,,0,0,0,0
1776556906823010,1790684223.481493,3481,idle,1385.0,132.4,230.6,,,0,0,0,0
1776557047612816,1790684223.622282,3622,idle,2288.0,104.8,321.3,,,0,0,0,0
1776557188180357,1790684223.762850,3762,idle,2308.5,226.4,442.9,,,0,0,0,0
1776557328127369,1790684223.902797,3902,idle,2382.7,270.3,490.1,,,0,0,0,0
1776557466887442,1790684224.041557,4041,idle,1164.8,99.3,221.8,,,0,0,0,0
1776557606530675,1790684224.181201,4181,idle,1293.4,117.2,220.1,,,0,0,0,0
1776557748369906,1790684224.323039,4323,idle,2189.9,164.6,431.3,,,0,0,0,0
1776557888729032,1790684224.463398,4463,idle,2037.8,113.1,339.3,,,0,0,0,0
1776558027836678,1790684224.602506,4602,idle,2321.0,152.3,409.7,,,0,0,0,0
1776558167152521,1790684224.741822,4741,idle,1093.7,105.6,193.0,,,0,0,0,0
1776558307687874,1790684224.882357,4882,idle,5241.9,116.8,296.5,,,0,0,0,0
1776558447513517,1790684225.022183,5022,idle,2172.2,150.0,421.4,,,0,0,0,0
1776558587561118,1790684225.162230,5162,idle,2162.5,164.3,391.3,,,0,0,0,0
1776558728346484,1790684225.303016,5303,idle,2132.8,148.4,418.6,,,0,0,0,0
1776558867065218,1790684225.441735,5441,idle,900.3,79.5,146.5,,,0,0,0,0
1776559007689797,1790684225.582359,5582,idle,2156.1,101.5,269.7,,,0,0,0,0
1776559146963687,1790684225.721633,5721,idle,1675.2,128.1,286.2,,,0,0,0,0
1776559286620053,1790684225.861290,5861,idle,1092.9,106.0,218.1,,,0,0,0,0
1776559428083166,1790684226.002753,6002,idle,1181.6,76.6,179.4,,,0,0,0,0
1776559567235696,1790684226.141906,6141,idle,1400.3,328.8,437.1,,,0,0,0,0
1776559707381960,1790684226.282050,6282,idle,3372.8,191.8,429.4,,,0,0,0,0
1776559847118313,1790684226.421788,6421,idle,2852.5,339.8,567.9,,,0,0,0,0
1776559987900786,1790684226.562570,6562,idle,2660.0,184.8,408.1,,,0,0,0,0
1776560126894746,1790684226.701565,6701,idle,1159.9,140.8,232.4,,,0,0,0,0
1776560267229503,1790684226.841900,6841,idle,1602.3,293.7,427.0,,,0,0,0,0
1776560407672094,1790684226.982341,6982,idle,2924.6,152.3,350.7,,,0,0,0,0
1776560547875224,1790684227.122544,7122,idle,2192.3,127.4,376.3,,,0,0,0,0
1776560688145542,1790684227.262815,7262,idle,2374.0,288.1,505.5,,,0,0,0,0
1776560826702836,1790684227.401373,7401,idle,943.1,98.6,189.7,,,0,0,0,0
1776560967933953,1790684227.542603,7542,idle,2396.6,155.5,396.4,,,0,0,0,0
1776561107499332,1790684227.682168,7682,idle,2464.9,150.8,348.2,,,0,0,0,0
1776561248033385,1790684227.822670,7822,idle,2242.2,156.2,386.5,,,0,0,0,0
1776561387725493,1790684227.962395,7962,idle,1937.6,151.9,372.6,,,0,0,0,0
1776561526901713,1790684228.101572,8101,idle,1015.5,104.2,209.9,,,0,0,0,0
1776561668229781,1790684228.242899,8242,idle,2483.7,234.4,451.5,,,0,0,0,0
1776561808107948,1790684228.382777,8382,idle,4514.3,322.9,548.5,,,0,0,0,0
1776561948026789,1790684228.522696,8522,idle,1726.3,105.5,264.9,,,0,0,0,0
1776562087948380,1790684228.662618,8662,idle,1247.8,114.3,229.8,,,0,0,0,0
1776562226726178,1790684228.801396,8801,idle,794.2,75.1,169.1,,,0,0,0,0
1776562367879536,1790684228.942548,8942,idle,2345.6,192.1,437.5,,,0,0,0,0
1776562508057565,1790684229.082726,9082,idle,10108.1,151.8,334.7,,,0,0,0,0
1776562648448543,1790684229.223118,9223,idle,2314.3,195.2,447.5,,,0,0,0,0
1776562787470328,1790684229.362140,9362,idle,1012.6,133.0,206.9,,,0,0,0,0
1776562927539783,1790684229.502196,9502,idle,1349.1,120.8,245.9,,,0,0,0,0
1776563067838794,1790684229.642508,9642,idle,2201.8,162.2,395.6,,,0,0,0,0
1776563207579089,1790684229.782248,9782,idle,3120.7,158.4,359.7,,,0,0,0,0
1776563347518647,1790684229.922188,9922,idle,2306.2,164.3,387.2,,,0,0,0,0
1776563486665669,1790684230.061336,10061,idle,877.1,80.0,151.2,,,0,0,0,0
1776563627250168,1790684230.201920,10201,idle,2332.4,249.0,466.9,,,0,0,0,0
1776563767806082,1790684230.342475,10342,idle,2076.2,138.5,391.2,,,0,0,0,0
1776563908638218,1790684230.483307,10483,idle,1873.9,149.8,345.8,,,0,0,0,0
1776564048048474,1790684230.622718,10622,idle,2231.2,151.0,385.0,,,0,0,0,0
1776564186691797,1790684230.761362,10761,idle,851.9,104.4,193.0,,,0,0,0,0
1776564327549610,1790684230.902219,10902,idle,2149.5,186.2,413.4,,,0,0,0,0
1776564467981189,1790684231.042650,11042,idle,2388.0,205.5,456.1,,,0,0,0,0
1776564608198988,1790684231.182868,11182,idle,2282.2,364.8,572.6,,,0,0,0,0
1776564748095185,1790684231.322765,11322,idle,2119.2,174.9,384.2,,,0,0,0,0
1776564886498030,1790684231.461168,11461,idle,1026.4,127.3,201.7,,,0,0,0,0
1776565027417356,1790684231.602087,11602,idle,1347.8,142.0,293.0,,,0,0,0,0
1776565167695336,1790684231.742365,11742,idle,2211.9,161.9,378.7,,,0,0,0,0
1776565307926835,1790684231.882596,11882,decode,1526.9,108.2,247.7,,,0,0,1,0
1776565447336749,1790684232.022007,12022,idle,1314.7,265.1,382.2,,,0,0,0,0
1776565586907367,1790684232.161577,12161,idle,1970.3,163.8,372.5,,,0,0,0,0
1776565728091258,1790684232.302761,12302,idle,2118.8,144.6,364.6,,,0,0,0,0
1776565868416586,1790684232.443086,12443,idle,2344.2,199.9,433.7,,,0,0,0,0
1776566007392763,1790684232.582062,12582,idle,2232.0,153.9,363.4,,,0,0,0,0
1776566146869835,1790684232.721539,12721,idle,1202.8,131.4,244.7,,,0,0,0,0
1776566286830433,1790684232.861501,12861,idle,1223.9,138.2,257.2,,,0,0,0,0
1776566428110291,1790684233.002780,13002,idle,2095.0,187.0,396.2,,,0,0,0,0
1776566567737377,1790684233.142407,13142,idle,2083.9,181.1,373.4,,,0,0,0,0
1776566707569447,1790684233.282239,13282,idle,2450.7,157.4,338.1,,,0,0,0,0
1776566846590759,1790684233.421261,13421,idle,1007.9,83.9,197.4,,,0,0,0,0
1776566989910197,1790684233.564579,13564,idle,2432.6,186.7,452.8,,,0,0,0,0
1776567127966548,1790684233.702636,13702,idle,2336.1,178.5,432.1,,,0,0,0,0
1776567268472608,1790684233.843142,13843,idle,2363.1,190.2,428.7,,,0,0,0,0
1776567408267029,1790684233.982936,13982,idle,2488.5,276.7,461.9,,,0,0,0,0
1776567546582068,1790684234.121252,14121,idle,1058.5,107.5,200.6,,,0,0,0,0
1776567687976035,1790684234.262645,14262,idle,2482.3,177.4,427.5,,,0,0,0,0
1776567834480364,1790684234.409150,14409,decode,1346.8,104.6,237.5,,,0,0,1,0
1776567977567908,1790684234.552237,14552,idle,2211.0,160.9,386.8,,,0,0,0,0
1776568117594425,1790684234.692265,14692,idle,856.3,82.7,185.1,,,0,0,0,0
1776568256789337,1790684234.831459,14831,idle,1056.6,81.1,187.7,,,0,0,0,0
1776568397770234,1790684234.972440,14972,idle,1497.4,105.8,265.9,,,0,0,0,0
1776568616446554,1790684235.191117,191,tx,52092.5,200.9,282.2,,,1,0,0,1
1776568759650538,1790684235.334320,334,tx,52875.6,127.7,280.6,,,1,0,0,1
1776568903991085,1790684235.478661,478,tx,52723.4,84.6,190.4,,,1,0,0,1
1776569047845968,1790684235.622516,622,tx,52950.3,129.1,257.2,,,1,0,0,1
1776569192150086,1790684235.766820,766,tx,52958.3,129.1,260.7,,,1,0,0,1
1776569335755150,1790684235.910425,910,tx,52603.2,89.1,199.3,,,1,0,0,1
1776569480157643,1790684236.054827,1054,tx,53335.1,124.6,319.2,,,1,0,0,1
1776569624734422,1790684236.199404,1199,tx,52347.3,102.9,208.3,,,1,0,0,1
1776569769185169,1790684236.343855,1343,tx,53529.7,155.1,353.7,,,1,0,0,1
1776569914919260,1790684236.489588,1489,tx,52150.5,157.1,410.2,,,1,0,0,1
1776570059433788,1790684236.634103,1634,tx,53138.7,245.0,480.8,,,1,0,0,1
1776570204142319,1790684236.778812,1778,tx,52410.3,85.0,146.4,,,1,0,0,1
1776570348473114,1790684236.923142,1923,tx,80215.8,191.9,428.3,,,1,0,0,1
1776570493311190,1790684237.067981,2067,tx,52441.8,412.7,584.1,,,1,0,0,1
1776570637711253,1790684237.212380,2212,tx,52328.2,119.1,378.6,,,1,0,0,1
1776570781843707,1790684237.356513,2356,tx,53224.8,160.0,352.9,,,1,0,0,1
1776570925900807,1790684237.500571,2500,tx,52494.6,80.1,168.7,,,1,0,0,1
1776571070399911,1790684237.645069,2645,tx,52364.9,254.9,519.9,,,1,0,0,1
1776571214984743,1790684237.789654,2789,tx,52545.3,168.2,402.5,,,1,0,0,1
1776571359164335,1790684237.933833,2933,tx,52507.2,174.4,391.1,,,1,0,0,1
1776571502619832,1790684238.077290,3077,tx,57763.3,194.6,260.3,,,1,0,0,1
1776571641873334,1790684238.216543,3216,tx,51644.4,119.9,204.0,,,1,0,0,1
1776571785436475,1790684238.360106,3360,tx,53299.1,291.6,482.8,,,1,0,0,1
1776571931288037,1790684238.505957,3505,tx,53650.4,441.1,644.6,,,1,0,0,1
1776572075694876,1790684238.650365,3650,tx,52651.4,124.3,203.4,,,1,0,0,1
1776572218733943,1790684238.793404,3793,tx,51247.5,71.7,167.9,,,1,0,0,1
1776572362103949,1790684238.936773,3936,tx,53837.7,133.9,365.2,,,1,0,0,1
1776572508582604,1790684239.083252,4083,tx,59013.5,190.1,389.5,,,1,0,0,1
1776572649146863,1790684239.223816,4223,tx,53781.0,144.5,354.4,,,1,0,0,1
1776572793960362,1790684239.368630,4368,tx,52483.9,103.0,213.0,,,1,0,0,1
1776572937869049,1790684239.512539,4512,tx,51757.4,114.9,233.4,,,1,0,0,1
1776573081696434,1790684239.656366,4656,tx,52126.1,105.6,361.8,,,1,0,0,1
1776573226137682,1790684239.800807,4800,tx,52723.6,153.7,383.0,,,1,0,0,1
1776573370534678,1790684239.945204,4945,tx,52279.7,138.7,392.9,,,1,0,0,1
1776573513700449,1790684240.088370,5088,tx,51375.3,98.5,210.7,,,1,0,0,1
1776573656762334,1790684240.231432,5231,tx,52376.9,133.5,345.8,,,1,0,0,1
1776573801250624,1790684240.375920,5375,tx,59859.5,177.6,383.8,,,1,0,0,1
1776573942519280,1790684240.517189,5517,tx,80056.1,144.2,344.2,,,1,0,0,1
1776574086329460,1790684240.661000,5660,tx,52641.4,108.0,222.7,,,1,0,0,1
1776574230362453,1790684240.805032,5805,tx,53385.4,300.4,519.5,,,1,0,0,1
1776574375911737,1790684240.950581,5950,tx,52338.0,199.4,428.0,,,1,0,0,1
1776574520265282,1790684241.094934,6094,tx,52624.7,333.3,592.1,,,1,0,0,1
1776574665468010,1790684241.240137,6240,tx,53141.9,175.7,386.6,,,1,0,0,1
1776574811146556,1790684241.385816,6385,tx,81588.3,504.0,868.7,,,1,0,0,1
1776574952614572,1790684241.527284,6527,tx,55232.5,105.1,199.4,,,1,0,0,1
1776575096764889,1790684241.671435,6671,tx,52976.9,94.6,241.3,,,1,0,0,1
1776575240873394,1790684241.815543,6815,tx,52774.0,98.1,270.8,,,1,0,0,1
1776575385132589,1790684241.959802,6959,tx,52343.0,127.1,247.8,,,1,0,0,1
1776575528172665,1790684242.102843,7102,tx,51356.5,106.6,215.5,,,1,0,0,1
1776575671638488,1790684242.246308,7246,tx,52355.9,193.8,407.9,,,1,0,0,1
1776575815694158,1790684242.390363,7390,tx,52164.4,197.0,397.1,,,1,0,0,1
1776575959489159,1790684242.534158,7534,tx,52062.5,165.1,375.1,,,1,0,0,1
1776576102662184,1790684242.677332,7677,tx,52282.4,99.5,200.0,,,1,0,0,1
1776576247283374,1790684242.821953,7821,tx,53072.9,150.2,361.3,,,1,0,0,1
1776576391355774,1790684242.966026,7966,tx,52845.9,332.4,469.9,,,1,0,0,1
1776576536919116,1790684243.111589,8111,tx,51965.6,148.2,339.0,,,1,0,0,1
1776576680217414,1790684243.254887,8254,tx,52855.0,112.9,298.6,,,1,0,0,1
1776576823908168,1790684243.398578,8398,tx,51524.8,132.5,246.7,,,1,0,0,1
1776576966960305,1790684243.541630,8541,tx,52111.4,160.8,328.5,,,1,0,0,1
1776577110822742,1790684243.685492,8685,tx,53078.5,186.5,435.9,,,1,0,0,1
1776577255564009,1790684243.830233,8830,tx,53188.2,168.7,390.9,,,1,0,0,1
1776577400183724,1790684243.974853,8974,tx,54476.5,142.9,284.7,,,1,0,0,1
1776577546066431,1790684244.120736,9120,tx,79664.7,132.2,284.4,,,1,0,0,1
1776577689803411,1790684244.264473,9264,tx,52679.7,110.7,245.6,,,1,0,0,1
1776577832284003,1790684244.406953,9406,tx,52115.1,185.4,392.2,,,1,0,0,1
1776577976065528,1790684244.550735,9550,tx,64587.0,135.5,290.8,,,1,0,0,1
1776578123108119,1790684244.697778,9697,tx,51513.4,101.3,166.5,,,1,0,0,1
1776578266292565,1790684244.840962,9840,tx,52399.3,198.2,421.4,,,1,0,0,1
1776578410832207,1790684244.985502,9985,tx,52091.8,149.4,404.7,,,1,0,0,1
1776578554509906,1790684245.129180,10129,tx,51755.4,160.7,330.8,,,1,0,0,1
1776578696824691,1790684245.271495,10271,tx,52219.0,98.7,196.7,,,1,0,0,1
1776578840207936,1790684245.414877,10414,tx,52302.0,158.6,374.0,,,1,0,0,1
1776578984508934,1790684245.559178,10559,tx,53347.3,183.5,421.2,,,1,0,0,1
1776579129670612,1790684245.704340,10704,tx,51951.5,128.0,349.1,,,1,0,0,1
1776579272565047,1790684245.847235,10847,tx,52356.2,217.1,309.1,,,1,0,0,1
1776579416377341,1790684245.991047,10991,tx,51482.3,100.4,208.9,,,1,0,0,1
1776579560558975,1790684246.135228,11135,tx,52372.8,184.3,397.7,,,1,0,0,1
1776579705232586,1790684246.279902,11279,tx,56329.3,157.2,362.4,,,1,0,0,1
1776579843191928,1790684246.417861,11417,tx,52393.7,183.3,396.2,,,1,0,0,1
1776579986585056,1790684246.561255,11561,tx,52610.7,181.4,282.9,,,1,0,0,1
1776580130251774,1790684246.704922,11704,tx,52336.8,122.5,237.3,,,1,0,0,1
1776580274243036,1790684246.848912,11848,tx,53361.4,144.9,361.1,,,1,0,0,1
1776580419284804,1790684246.993954,11993,tx,53393.2,154.1,382.3,,,1,0,0,1
1776580564301187,1790684247.138971,12138,tx,53134.9,189.3,408.9,,,1,0,0,1
1776580708790856,1790684247.283461,12283,tx,51406.6,110.3,188.6,,,1,0,0,1
1776580851909416,1790684247.426579,12426,tx,52072.2,212.3,469.3,,,1,0,0,1
1776580995564857,1790684247.570234,12570,tx,52331.1,150.0,345.5,,,1,0,0,1
1776581139857569,1790684247.714527,12714,tx,80073.5,147.8,399.0,,,1,0,0,1
1776581283427968,1790684247.858098,12858,tx,52319.5,81.4,156.4,,,1,0,0,1
1776581427242573,1790684248.001912,13001,tx,52430.5,96.2,202.4,,,1,0,0,1
1776581570699169,1790684248.145369,13145,tx,51441.2,88.6,214.5,,,1,0,0,1
1776581713493770,1790684248.288163,13288,tx,53053.7,227.2,433.9,,,1,0,0,1
1776581857552858,1790684248.432222,13432,tx,53235.8,192.8,409.5,,,1,0,0,1
1776582003208780,1790684248.577879,13577,tx,52439.3,104.5,183.4,,101318.2,1,0,0,1
1776582146564259,1790684248.721234,13721,idle,52601.2,368.0,441.7,,,0,0,0,0
1776582291208571,1790684248.865878,13865,idle,53376.6,144.0,363.1,,,0,0,0,0
1776582465653751,1790684249.040323,14040,idle,3413.2,252.5,394.1,,,0,0,0,0
1776582608321430,1790684249.182991,14182,idle,1052.5,75.7,163.1,,,0,0,0,0
1776582748138386,1790684249.322808,14322,idle,2707.5,151.6,383.4,,,0,0,0,0
1776582889428631,1790684249.464098,14464,idle,2735.2,419.6,655.3,,,0,0,0,0
1776583029262667,1790684249.603932,14603,idle,2194.6,134.0,350.5,,,0,0,0,0
1776583168876570,1790684249.743546,14743,idle,2226.9,157.0,381.1,,,0,0,0,0
1776583307949500,1790684249.882619,14882,idle,1014.2,101.6,220.4,,,0,0,0,0
1776583448895302,1790684250.023565,23,idle,2157.3,144.6,423.6,,,0,0,0,0
1776583589131602,1790684250.163801,163,idle,2430.2,157.9,373.8,,,0,0,0,0
1776583728475615,1790684250.303145,303,idle,2648.8,368.9,588.8,,,0,0,0,0
1776583869218939,1790684250.443888,443,idle,2268.4,144.5,361.4,,,0,0,0,0
1776584007899017,1790684250.582569,582,idle,1008.5,130.0,226.9,,,0,0,0,0
1776584149140240,1790684250.723807,723,idle,2792.0,156.1,392.7,,,0,0,0,0
1776584289032929,1790684250.863702,863,idle,2229.9,176.6,387.6,,,0,0,0,0
1776584429064372,1790684251.003733,1003,idle,2032.4,159.7,366.8,,,0,0,0,0
1776584568909832,1790684251.143580,1143,idle,1179.5,110.3,256.3,,,0,0,0,0
1776584708059760,1790684251.282730,1282,idle,967.5,102.1,191.8,,,0,0,0,0
1776584849425315,1790684251.424094,1424,idle,2767.0,425.1,641.1,,,0,0,0,0
1776584987979508,1790684251.562649,1562,idle,1103.4,83.6,204.6,,,0,0,0,0
1776585129219698,1790684251.703889,1703,idle,2296.2,161.0,389.6,,,0,0,0,0
1776585268248774,1790684251.842919,1842,idle,1319.4,105.1,204.7,,,0,0,0,0
1776585408681457,1790684251.983351,1983,idle,1417.4,295.7,432.0,,,0,0,0,0
1776585548189268,1790684252.122859,2122,idle,1393.2,127.8,250.0,,,0,0,0,0
1776585688698070,1790684252.263367,2263,idle,2251.5,139.8,359.3,,,0,0,0,0
1776585829295863,1790684252.403965,2403,idle,2632.8,163.9,370.4,,,0,0,0,0
1776585968045687,1790684252.542716,2542,idle,1313.4,130.0,226.9,,,0,0,0,0
1776586109043311,1790684252.683712,2683,idle,2054.5,153.0,337.5,,,0,0,0,0
1776586249453738,1790684252.824123,2824,idle,2852.5,420.8,645.0,,,0,0,0,0
1776586389402375,1790684252.964072,2964,idle,2742.0,492.3,713.9,,,0,0,0,0
1776586529537541,1790684253.104207,3104,idle,1755.1,428.6,559.9,,,0,0,0,0
1776586668088291,1790684253.242758,3242,idle,1629.1,112.4,225.0,,,0,0,0,0
1776586809294349,1790684253.383964,3383,idle,2650.1,159.2,373.7,,,0,0,0,0
1776586949075514,1790684253.523745,3523,idle,2028.9,124.2,325.9,,,0,0,0,0
1776587089410257,1790684253.664080,3664,idle,2798.8,489.7,731.0,,,0,0,0,0
1776587229452130,1790684253.804121,3804,idle,2537.7,315.1,536.6,,,0,0,0,0
1776587368654184,1790684253.943324,3943,idle,922.6,191.6,268.9,,,0,0,0,0
1776587508811135,1790684254.083481,4083,idle,1072.3,91.3,211.6,,,0,0,0,0
1776587649408754,1790684254.224077,4224,idle,2390.4,342.6,547.9,,,0,0,0,0
1776587789702777,1790684254.364372,4364,idle,2322.9,160.1,395.6,,,0,0,0,0
1776587929333945,1790684254.504002,4504,idle,1984.6,136.3,345.7,,,0,0,0,0
1776588068525641,1790684254.643196,4643,idle,1012.6,129.8,231.1,,,0,0,0,0
1776588209288236,1790684254.783957,4783,idle,2116.1,183.1,367.3,,,0,0,0,0
1776588349217978,1790684254.923887,4923,idle,2222.8,164.6,398.4,,,0,0,0,0
1776588489658584,1790684255.064328,5064,idle,2367.2,100.5,331.3,,,0,0,0,0
1776588629260054,1790684255.203930,5203,idle,1078.0,112.5,211.2,,,0,0,0,0
1776588768735883,1790684255.343406,5343,idle,1154.7,89.9,207.5,,,0,0,0,0
1776588908590746,1790684255.483261,5483,idle,1481.3,249.6,368.1,,,0,0,0,0
1776589048601370,1790684255.623271,5623,idle,1472.3,212.0,348.7,,,0,0,0,0
1776589189119923,1790684255.763790,5763,idle,1535.9,133.3,270.0,,,0,0,0,0
1776589328223451,1790684255.902893,5902,idle,1195.3,112.4,228.5,,,0,0,0,0
1776589468971917,1790684256.043642,6043,idle,1426.0,117.0,265.0,,,0,0,0,0
1776589609079425,1790684256.183749,6183,idle,1512.1,121.9,262.5,,,0,0,0,0
1776589748907544,1790684256.323577,6323,idle,1584.1,121.6,282.7,,,0,0,0,0
1776589888782833,1790684256.463453,6463,idle,1396.1,142.5,297.2,,,0,0,0,0
1776590028917329,1790684256.603586,6603,idle,1161.9,115.3,251.4,,,0,0,0,0
1776590168890975,1790684256.743561,6743,idle,1264.3,136.0,278.7,,,0,0,0,0
1776590308804622,1790684256.883474,6883,idle,2122.1,198.5,439.0,,,0,0,0,0
1776590449816467,1790684257.024486,7024,idle,2299.5,117.6,391.4,,,0,0,0,0
1776590589202713,1790684257.163872,7163,idle,2455.8,186.9,408.7,,,0,0,0,0
1776590728564614,1790684257.303235,7303,idle,1193.6,282.7,390.2,,,0,0,0,0
1776590869195185,1790684257.443865,7443,idle,1911.3,143.1,363.7,,,0,0,0,0
1776591009608681,1790684257.584278,7584,idle,2388.8,166.5,378.1,,,0,0,0,0
1776591149992032,1790684257.724661,7724,idle,2083.2,102.5,371.8,,,0,0,0,0
1776591289527264,1790684257.864196,7864,idle,2379.9,294.4,510.0,,,0,0,0,0
1776591428349816,1790684258.003020,8003,idle,1121.3,102.7,210.2,,,0,0,0,0
1776591569847541,1790684258.144517,8144,idle,2189.5,139.5,387.3,,,0,0,0,0
1776591708961796,1790684258.283631,8283,idle,2088.4,150.3,492.9,,,0,0,0,0
1776591848261905,1790684258.422931,8422,idle,2310.0,151.6,382.8,,,0,0,0,0
1776591988316038,1790684258.562986,8562,idle,1514.8,151.9,316.4,,,0,0,0,0
1776592128142808,1790684258.702813,8702,idle,852.7,106.5,196.2,,,0,0,0,0
1776592269432164,1790684258.844101,8844,idle,2425.3,368.6,605.0,,,0,0,0,0
1776592409326512,1790684258.983996,8983,idle,2079.3,153.2,325.9,,,0,0,0,0
1776592550078141,1790684259.124748,9124,idle,2153.5,162.4,379.7,,,0,0,0,0
1776592689166848,1790684259.263837,9263,idle,1189.4,81.5,170.7,,,0,0,0,0
1776592828782666,1790684259.403453,9403,idle,949.3,130.3,237.9,,,0,0,0,0
1776592969203403,1790684259.543873,9543,idle,2226.1,189.2,416.6,,,0,0,0,0
1776593109126643,1790684259.683796,9683,idle,1920.6,159.8,367.1,,,0,0,0,0
1776593249109158,1790684259.823779,9823,idle,2005.0,159.2,364.8,,,0,0,0,0
1776593388562166,1790684259.963232,9963,idle,1069.1,106.9,224.0,,,0,0,0,0
1776593528233059,1790684260.102903,10102,idle,1345.5,152.0,277.9,,,0,0,0,0
1776593669688654,1790684260.244358,10244,idle,2426.1,147.6,372.1,,,0,0,0,0
1776593809701337,1790684260.384371,10384,idle,2042.4,161.0,375.1,,,0,0,0,0
1776593949447920,1790684260.524117,10524,idle,1948.0,151.7,362.4,,,0,0,0,0
1776594087942676,1790684260.662613,10662,idle,1016.8,108.0,199.9,,,0,0,0,0
1776594229456638,1790684260.804126,10804,idle,2380.1,185.5,396.4,,,0,0,0,0
1776594369113251,1790684260.943783,10943,idle,2091.7,155.1,382.5,,,0,0,0,0
1776594508897036,1790684261.083566,11083,idle,10100.8,146.3,381.4,,,0,0,0,0
1776594649273118,1790684261.223943,11223,idle,2282.9,166.6,388.5,,,0,0,0,0
1776594788628847,1790684261.363299,11363,idle,1271.8,300.9,412.4,,,0,0,0,0
1776594929184867,1790684261.503855,11503,idle,1611.2,123.8,281.3,,,0,0,0,0
1776595068580504,1790684261.643250,11643,idle,2333.7,278.3,511.2,,,0,0,0,0
1776595208868136,1790684261.783537,11783,idle,2497.8,185.2,385.1,,,0,0,0,0
1776595348922863,1790684261.923593,11923,idle,1038.0,110.6,204.1,,,0,0,0,0
1776595488463694,1790684262.063134,12063,idle,1030.1,108.2,210.8,,,0,0,0,0
1776595629332937,1790684262.204002,12204,idle,2212.5,156.0,366.6,,,0,0,0,0
1776595769891031,1790684262.344560,12344,idle,2228.8,170.7,404.5,,,0,0,0,0
1776595909464747,1790684262.484134,12484,idle,1980.8,132.6,323.7,,,0,0,0,0
1776596051062099,1790684262.625731,12625,idle,967.1,83.8,181.4,,,0,0,0,0
1776596189021038,1790684262.763690,12763,idle,1474.0,116.5,326.1,,,0,0,0,0
1776596328479379,1790684262.903149,12903,idle,1469.7,136.6,272.2,,,0,0,0,0
1776596468886117,1790684263.043556,13043,idle,1397.4,121.8,286.9,,,0,0,0,0
1776596608536444,1790684263.183206,13183,idle,1451.7,120.0,274.4,,,0,0,0,0
1776596750947665,1790684263.325617,13325,idle,1229.9,124.4,247.2,,,0,0,0,0
1776596888785192,1790684263.463455,13463,idle,1326.0,115.2,266.1,,,0,0,0,0
1776597029056499,1790684263.603726,13603,idle,1243.3,123.1,254.5,,,0,0,0,0
1776597168349458,1790684263.743019,13743,idle,1309.1,120.5,276.1,,,0,0,0,0
1776597308411074,1790684263.883081,13883,idle,1343.7,122.4,275.1,,,0,0,0,0
1776597448499292,1790684264.023169,14023,idle,1476.7,109.8,229.7,,,0,0,0,0
1776597588201687,1790684264.162871,14162,idle,1502.1,118.7,244.4,,,0,0,0,0
1776597728377377,1790684264.303047,14303,idle,1263.5,137.1,263.0,,,0,0,0,0
1776597867133725,1790684264.441804,14441,idle,1020.8,108.6,212.9,,,0,0,0,0
1776598009460304,1790684264.584130,14584,idle,2003.9,153.3,355.8,,,0,0,0,0
1776598148296317,1790684264.722966,14722,idle,1285.9,130.9,226.8,,,0,0,0,0
1776598289315027,1790684264.863984,14863,idle,2494.2,188.0,422.8,,,0,0,0,0
1776598429798198,1790684265.004467,4,idle,2315.8,155.4,439.0,,,0,0,0,0
1776598621299357,1790684265.195969,195,tx,53770.3,187.8,360.2,,,1,0,0,1
1776598765802690,1790684265.340473,340,tx,85172.2,182.3,275.9,,,1,0,0,1
1776598909463345,1790684265.484133,484,tx,51619.8,140.1,245.1,,,1,0,0,1
1776599052969853,1790684265.627639,627,tx,52136.2,152.5,352.4,,,1,0,0,1
1776599196888239,1790684265.771558,771,tx,52553.4,156.2,388.6,,,1,0,0,1
1776599341234423,1790684265.915904,915,tx,52866.6,130.2,295.2,,,1,0,0,1
1776599485056985,1790684266.059727,1059,tx,52367.2,131.1,214.5,,,1,0,0,1
1776599629942030,1790684266.204611,1204,tx,52335.0,190.4,429.2,,,1,0,0,1
1776599774440934,1790684266.349110,1349,tx,52400.6,134.5,379.0,,,1,0,0,1
1776599918266145,1790684266.492935,1492,tx,52144.3,149.9,360.2,,,1,0,0,1
1776600063241978,1790684266.637912,1637,tx,52447.3,80.3,169.4,,,1,0,0,1
1776600207066067,1790684266.781736,1781,tx,52799.2,117.9,277.7,,,1,0,0,1
1776600352160655,1790684266.926830,1926,tx,53190.8,158.7,391.1,,,1,0,0,1
1776600497684018,1790684267.072353,2072,tx,53540.5,322.9,553.9,,,1,0,0,1
1776600642273106,1790684267.216941,2216,tx,53034.7,140.2,357.6,,,1,0,0,1
1776600786073257,1790684267.360744,2360,tx,51179.0,95.4,171.1,,,1,0,0,1
1776600928937970,1790684267.503607,2503,tx,52048.4,146.1,348.2,,,1,0,0,1
1776601072334934,1790684267.647004,2647,tx,53413.3,185.0,402.4,,,1,0,0,1
1776601217585620,1790684267.792255,2792,tx,52879.6,443.3,666.3,,,1,0,0,1
1776601361517884,1790684267.936188,2936,tx,52429.1,84.5,218.0,,,1,0,0,1
1776601504842932,1790684268.079513,3079,tx,52939.8,357.6,448.6,,,1,0,0,1
1776601649453778,1790684268.224123,3224,tx,53958.4,187.1,373.0,,,1,0,0,1
1776601793677230,1790684268.368346,3368,tx,52366.8,408.2,600.9,,,1,0,0,1
1776601937575539,1790684268.512245,3512,tx,53299.5,133.7,317.4,,,1,0,0,1
1776602082292466,1790684268.656962,3656,tx,52811.2,140.6,243.8,,,1,0,0,1
1776602226793155,1790684268.801462,3801,tx,53155.8,241.3,472.3,,,1,0,0,1
1776602371773162,1790684268.946443,3946,tx,81696.6,277.7,498.5,,,1,0,0,1
1776602516941183,1790684269.091610,4091,tx,52301.4,173.9,361.1,,,1,0,0,1
1776602660875713,1790684269.235546,4235,tx,52835.0,295.9,413.0,,,1,0,0,1
1776602804610522,1790684269.379281,4379,tx,51925.9,131.7,236.2,,,1,0,0,1
1776602948628512,1790684269.523298,4523,tx,54769.3,464.1,623.8,,,1,0,0,1
1776603094163860,1790684269.668833,4668,tx,52220.7,177.8,386.8,,,1,0,0,1
1776603237954998,1790684269.812624,4812,tx,53513.1,184.0,444.8,,,1,0,0,1
1776603382323309,1790684269.956993,4956,tx,51749.2,134.3,237.1,,,1,0,0,1
1776603525993294,1790684270.100663,5100,tx,52329.3,154.5,380.9,,,1,0,0,1
1776603670796256,1790684270.245466,5245,tx,52581.9,204.1,452.2,,,1,0,0,1
1776603815592999,1790684270.390262,5390,tx,52618.1,393.2,624.4,,,1,0,0,1
1776603961625402,1790684270.536295,5536,tx,52762.3,97.8,215.4,,,1,0,0,1
1776604105176850,1790684270.679847,5679,tx,51519.6,111.3,195.2,,,1,0,0,1
1776604248147236,1790684270.822817,5822,tx,52903.9,160.0,348.3,,,1,0,0,1
1776604392106637,1790684270.966776,5966,tx,52105.8,158.4,335.4,,,1,0,0,1
1776604536948015,1790684271.111617,6111,tx,52502.6,193.8,450.2,,,1,0,0,1
1776604680126161,1790684271.254796,6254,tx,51977.1,84.9,199.5,,,1,0,0,1
1776604823457921,1790684271.398128,6398,tx,52593.5,122.5,280.0,,,1,0,0,1
1776604967048940,1790684271.541719,6541,tx,52704.7,100.1,226.3,,,1,0,0,1
1776605110640610,1790684271.685310,6685,tx,52665.0,131.0,276.2,,,1,0,0,1
1776605254278226,1790684271.828948,6828,tx,52760.9,121.3,249.5,,,1,0,0,1
1776605397601147,1790684271.972271,6972,tx,52679.7,103.4,234.9,,,1,0,0,1
1776605541397197,1790684272.116067,7116,tx,52670.3,130.4,270.2,,,1,0,0,1
1776605684983003,1790684272.259653,7259,tx,52830.6,123.7,265.4,,,1,0,0,1
1776605829458490,1790684272.404128,7404,tx,52651.1,124.9,282.6,,,1,0,0,1
1776605973102106,1790684272.547772,7547,tx,98594.7,93.0,229.4,,,1,0,0,1
1776606116076008,1790684272.690746,7690,tx,52439.3,110.7,209.9,,,1,0,0,1
1776606259731207,1790684272.834401,7834,tx,51880.3,312.1,431.6,,,1,0,0,1
1776606403208127,1790684272.977878,7977,tx,58593.1,122.0,331.7,,,1,0,0,1
1776606543478669,1790684273.118148,8118,tx,52362.9,187.4,398.2,,,1,0,0,1
1776606686803761,1790684273.261474,8261,tx,52421.2,237.6,333.2,,,1,0,0,1
1776606830866220,1790684273.405535,8405,tx,52555.9,200.6,454.3,,,1,0,0,1
1776606975292905,1790684273.549962,8549,tx,52208.4,153.3,350.4,,,1,0,0,1
1776607118890105,1790684273.693559,8693,tx,53195.6,155.4,445.6,,,1,0,0,1
1776607263146206,1790684273.837816,8837,tx,52772.2,88.5,213.4,,,1,0,0,1
1776607406514359,1790684273.981184,8981,tx,52347.9,104.9,162.3,,,1,0,0,1
1776607550544289,1790684274.125213,9125,tx,53318.9,155.0,370.8,,,1,0,0,1
1776607696306877,1790684274.270976,9270,tx,53222.5,169.6,388.4,,,1,0,0,1
1776607840784618,1790684274.415453,9415,tx,53243.1,172.5,453.7,,,1,0,0,1
1776607985493918,1790684274.560164,9560,tx,52448.5,78.0,142.1,,,1,0,0,1
1776608130516459,1790684274.705186,9705,tx,52408.0,171.5,387.4,,,1,0,0,1
1776608274953766,1790684274.849623,9849,tx,51981.5,134.2,366.1,,,1,0,0,1
1776608418479210,1790684274.993148,9993,tx,53197.1,165.2,372.0,,,1,0,0,1
1776608563116474,1790684275.137785,10137,tx,53126.0,158.8,367.6,,,1,0,0,1
1776608707033112,1790684275.281703,10281,tx,51273.0,105.1,195.2,,,1,0,0,1
1776608850144304,1790684275.424814,10424,tx,53191.5,126.7,339.2,,,1,0,0,1
1776608994775497,1790684275.569445,10569,tx,51798.8,285.8,385.7,,,1,0,0,1
1776609138618666,1790684275.713288,10713,tx,52696.7,255.1,491.3,,,1,0,0,1
1776609281923968,1790684275.856593,10856,tx,54318.6,81.8,2239.7,,,1,0,0,1
1776609427617998,1790684276.002287,11002,tx,52260.8,136.8,347.4,,,1,0,0,1
1776609571594010,1790684276.146263,11146,tx,81518.5,202.7,431.8,,,1,0,0,1
1776609716424068,1790684276.291094,11291,tx,51927.4,145.8,317.7,,,1,0,0,1
1776609859691920,1790684276.434361,11434,tx,53070.0,173.7,349.6,,,1,0,0,1
1776610004168026,1790684276.578838,11578,tx,51216.1,104.7,195.1,,,1,0,0,1
1776610147275552,1790684276.721945,11721,tx,52036.6,168.3,385.3,,,1,0,0,1
1776610290790090,1790684276.865459,11865,tx,52278.7,283.4,470.4,,,1,0,0,1
1776610428338424,1790684277.003008,12003,tx,53011.6,161.7,376.0,,,1,0,0,1
1776610572076928,1790684277.146747,12146,tx,52266.5,76.3,157.5,,,1,0,0,1
1776610715448729,1790684277.290119,12290,tx,51540.9,116.2,236.2,,,1,0,0,1
1776610857868694,1790684277.432539,12432,tx,52548.4,224.0,347.2,,,1,0,0,1
1776611001954380,1790684277.576624,12576,tx,57302.0,144.8,373.2,,,1,0,0,1
1776611141042820,1790684277.715712,12715,tx,52951.1,158.0,371.1,,,1,0,0,1
1776611285442108,1790684277.860112,12860,tx,51645.9,136.2,235.4,,,1,0,0,1
1776611428511322,1790684278.003181,13003,tx,52057.0,141.1,339.7,,,1,0,0,1
1776611571434329,1790684278.146104,13146,tx,52710.8,114.7,279.0,,,1,0,0,1
1776611715271169,1790684278.289941,13289,tx,52153.8,139.1,346.7,,,1,0,0,1
1776611858765900,1790684278.433435,13433,tx,52967.4,307.5,454.2,,,1,0,0,1
1776612002257635,1790684278.576928,13576,tx,58253.6,95.8,187.3,,101810.5,1,0,0,1
1776612141435573,1790684278.716106,13716,idle,52450.6,104.9,213.0,,,0,0,0,0
1776612285458474,1790684278.860128,13860,idle,51613.2,100.9,199.2,,,0,0,0,0
1776612451064393,1790684279.025733,14025,idle,3607.9,165.1,322.5,,,0,0,0,0
1776612593317916,1790684279.167988,14167,idle,1336.1,103.8,209.6,,,0,0,0,0
1776612734424693,1790684279.309094,14309,idle,1985.6,155.3,385.7,,,0,0,0,0
1776612874270240,1790684279.448940,14448,idle,2223.9,117.8,388.8,,,0,0,0,0
1776613013063071,1790684279.587733,14587,idle,1519.5,129.4,309.0,,,0,0,0,0
1776613154306525,1790684279.728976,14728,idle,2380.6,153.0,391.8,,,0,0,0,0
1776613293288858,1790684279.867959,14867,idle,891.9,80.4,199.2,,,0,0,0,0
1776613436470437,1790684280.011140,11,idle,1976.7,154.0,362.6,,,0,0,0,0
1776613574236310,1790684280.148906,148,idle,2117.4,167.2,367.6,,,0,0,0,0
1776613714068488,1790684280.288737,288,idle,2620.6,182.7,417.4,,,0,0,0,0
1776613853688316,1790684280.428358,428,idle,2069.5,111.7,297.2,,,0,0,0,0
1776613993473909,1790684280.568144,568,idle,1214.2,100.8,205.1,,,0,0,0,0
1776614140399080,1790684280.715068,715,idle,2209.6,136.8,385.3,,,0,0,0,0
1776614283692178,1790684280.858362,858,idle,1583.7,133.4,246.8,,,0,0,0,0
1776614430318311,1790684281.004987,1004,idle,2084.4,147.4,388.0,,,0,0,0,0
1776614573380174,1790684281.148050,1148,idle,960.8,78.0,157.2,,,0,0,0,0
1776614713283223,1790684281.287953,1287,idle,938.0,103.2,208.7,,,0,0,0,0
1776614853424107,1790684281.428093,1428,idle,4157.1,188.7,425.9,,,0,0,0,0
1776614993234052,1790684281.567904,1567,idle,1070.5,115.9,242.8,,,0,0,0,0
1776615140336486,1790684281.715006,1715,idle,2238.3,117.6,328.9,,,0,0,0,0
1776615286463502,1790684281.861133,1861,idle,4672.3,93.1,177.6,,,0,0,0,0
1776615424576326,1790684281.999246,1999,idle,1238.5,101.4,176.2,,,0,0,0,0
1776615562496177,1790684282.137166,2137,idle,1294.3,112.2,186.5,,,0,0,0,0
1776615703493358,1790684282.278163,2278,idle,4050.8,124.8,272.1,,,0,0,0,0
1776615843267250,1790684282.417936,2417,idle,2303.2,149.9,363.0,,,0,0,0,0
1776615983376438,1790684282.558046,2558,idle,858.6,74.2,157.9,,,0,0,0,0
1776616123480019,1790684282.698150,2698,idle,1416.5,131.3,225.5,,,0,0,0,0
1776616263672940,1790684282.838343,2838,idle,1722.0,122.9,273.1,,,0,0,0,0
1776616403426725,1790684282.978097,2978,idle,1696.0,124.0,236.2,,,0,0,0,0
1776616541054703,1790684283.115723,3115,idle,2538.5,166.1,441.4,,,0,0,0,0
1776616683632999,1790684283.258303,3258,idle,1210.8,124.2,216.2,,,0,0,0,0
1776616824412461,1790684283.399082,3399,idle,1972.3,124.6,308.2,,,0,0,0,0
1776616963154285,1790684283.537824,3537,idle,1870.1,135.9,286.4,,,0,0,0,0
1776617104237113,1790684283.678906,3678,idle,10409.8,190.9,414.8,,,0,0,0,0
1776617243656788,1790684283.818326,3818,idle,1147.0,95.1,180.7,,,0,0,0,0
1776617383143771,1790684283.957814,3957,idle,906.9,79.0,151.1,,,0,0,0,0
1776617527129759,1790684284.101798,4101,idle,2239.9,147.9,373.2,,,0,0,0,0
1776617673672366,1790684284.248342,4248,idle,2130.8,169.8,409.9,,,0,0,0,0
1776617814231329,1790684284.388901,4388,idle,2143.2,159.5,373.9,,,0,0,0,0
1776617953537449,1790684284.528207,4528,idle,1798.4,109.6,317.9,,,0,0,0,0
1776618093070679,1790684284.667741,4667,idle,938.9,138.9,230.7,,,0,0,0,0
1776618239383866,1790684284.814053,4814,idle,2471.9,119.6,339.3,,,0,0,0,0
1776618383621829,1790684284.958291,4958,idle,2184.7,189.1,430.0,,,0,0,0,0
1776618529291742,1790684285.103961,5103,idle,1855.7,125.7,273.3,,,0,0,0,0
1776618672796773,1790684285.247467,5247,idle,1107.8,83.4,179.5,,,0,0,0,0
1776618813093009,1790684285.387763,5387,idle,1317.2,143.9,271.8,,,0,0,0,0
1776618954321739,1790684285.528991,5528,idle,1997.9,102.1,265.6,,,0,0,0,0
1776619094617547,1790684285.669287,5669,idle,2307.5,188.7,419.1,,,0,0,0,0
1776619234956333,1790684285.809626,5809,idle,1521.6,208.9,361.9,,,0,0,0,0
1776619374239567,1790684285.948910,5948,idle,992.7,108.7,223.3,,,0,0,0,0
1776619513144114,1790684286.087814,6087,idle,1289.8,118.3,263.9,,,0,0,0,0
1776619654546138,1790684286.229215,6229,idle,2199.9,199.6,435.6,,,0,0,0,0
1776619793634386,1790684286.368304,6368,idle,1934.1,108.0,281.6,,,0,0,0,0
1776619938070020,1790684286.512740,6512,idle,1726.7,133.0,305.9,,,0,0,0,0
1776620083247676,1790684286.657918,6657,idle,1018.4,104.0,212.3,,,0,0,0,0
1776620229757802,1790684286.804427,6804,idle,2617.7,358.1,582.2,,,0,0,0,0
1776620373948221,1790684286.948617,6948,idle,2465.3,167.3,432.9,,,0,0,0,0
1776620514375586,1790684287.089045,7089,idle,3892.4,148.9,356.4,,,0,0,0,0
1776620653661474,1790684287.228331,7228,idle,1131.3,89.8,240.7,,,0,0,0,0
1776620792954869,1790684287.367625,7367,idle,1081.4,287.5,368.9,,,0,0,0,0
1776620939747207,1790684287.514417,7514,idle,2206.1,119.8,331.4,,,0,0,0,0
1776621083467031,1790684287.658137,7658,idle,1496.4,116.3,249.3,,,0,0,0,0
1776621229403873,1790684287.804073,7804,idle,2111.9,160.8,370.6,,,0,0,0,0
1776621373245615,1790684287.947916,7947,idle,1026.2,104.7,219.2,,,0,0,0,0
1776621513157501,1790684288.087827,8087,idle,1931.1,135.8,304.5,,,0,0,0,0
1776621653747055,1790684288.228416,8228,idle,2496.9,125.5,357.8,,,0,0,0,0
1776621794222667,1790684288.368892,8368,idle,2421.0,118.6,302.1,,,0,0,0,0
1776621939909712,1790684288.514579,8514,idle,2318.3,216.6,427.1,,,0,0,0,0
1776622082746790,1790684288.657417,8657,idle,964.9,77.9,161.4,,,0,0,0,0
1776622224343467,1790684288.799013,8799,idle,2129.5,117.7,340.4,,,0,0,0,0
1776622363612054,1790684288.938281,8938,idle,2210.1,115.1,338.8,,,0,0,0,0
1776622504221518,1790684289.078891,9078,idle,13883.5,157.5,334.0,,,0,0,0,0
1776622644078005,1790684289.218747,9218,idle,2118.0,130.8,380.2,,,0,0,0,0
1776622783155823,1790684289.357826,9357,idle,943.0,115.6,204.5,,,0,0,0,0
1776622922382860,1790684289.497052,9497,idle,2013.5,148.5,335.5,,,0,0,0,0
1776623064125506,1790684289.638795,9638,idle,2354.0,153.3,405.4,,,0,0,0,0
1776623203311672,1790684289.777981,9777,idle,6301.8,145.6,350.8,,,0,0,0,0
1776623342888378,1790684289.917558,9917,idle,1295.0,85.0,170.4,,,0,0,0,0
1776623482875016,1790684290.057545,10057,idle,1376.9,135.7,232.2,,,0,0,0,0
1776623623710537,1790684290.198380,10198,idle,1201.9,83.2,194.0,,,0,0,0,0
1776623763486685,1790684290.338156,10338,idle,2112.7,152.6,378.4,,,0,0,0,0
1776623903717565,1790684290.478387,10478,idle,6035.4,163.9,363.4,,,0,0,0,0
1776624049689246,1790684290.624359,10624,idle,1129.1,91.8,166.6,,,0,0,0,0
1776624193717026,1790684290.768386,10768,idle,2459.3,163.5,371.5,,,0,0,0,0
1776624339961062,1790684290.914630,10914,idle,2397.4,167.1,400.4,,,0,0,0,0
1776624484146896,1790684291.058816,11058,idle,2271.8,191.9,427.9,,,0,0,0,0
1776624624994662,1790684291.199665,11199,idle,1297.3,314.3,387.1,,,0,0,0,0
1776624762606699,1790684291.337277,11337,idle,1243.0,106.0,200.6,,,0,0,0,0
1776624903298747,1790684291.477968,11477,idle,7846.8,102.3,290.2,,,0,0,0,0
1776625043232365,1790684291.617902,11617,idle,1048.7,85.5,186.7,,,0,0,0,0
1776625184135404,1790684291.758805,11758,idle,2315.0,189.0,428.2,,,0,0,0,0
1776625323774557,1790684291.898444,11898,idle,1099.2,100.6,198.8,,,0,0,0,0
1776625462763791,1790684292.037434,12037,idle,1123.3,105.6,203.0,,,0,0,0,0
1776625604376693,1790684292.179045,12179,idle,4982.8,148.5,363.1,,,0,0,0,0
1776625743258284,1790684292.317927,12317,idle,2129.5,122.6,346.7,,,0,0,0,0
1776625883827585,1790684292.458497,12458,idle,2387.6,342.5,582.1,,,0,0,0,0
1776626023426420,1790684292.598096,12598,idle,1060.7,104.3,211.8,,,0,0,0,0
1776626163345062,1790684292.738015,12738,idle,1723.6,117.1,254.5,,,0,0,0,0
1776626303388396,1790684292.878058,12878,idle,7025.0,153.5,358.4,,,0,0,0,0
1776626443509187,1790684293.018177,13018,idle,2016.8,143.1,336.2,,,0,0,0,0
1776626583272323,1790684293.157942,13157,idle,2214.1,148.9,413.7,,,0,0,0,0
1776626722635611,1790684293.297305,13297,idle,1165.7,94.2,195.4,,,0,0,0,0
1776626863331936,1790684293.438001,13438,idle,2120.5,145.8,353.0,,,0,0,0,0
1776627004140848,1790684293.578810,13578,idle,8717.6,175.3,386.1,,,0,0,0,0
1776627143921565,1790684293.718591,13718,idle,2316.0,259.5,502.2,,,0,0,0,0
1776627283050602,1790684293.857721,13857,idle,1178.4,231.5,322.2,,,0,0,0,0
1776627423860782,1790684293.998531,13998,idle,1189.8,106.7,204.9,,,0,0,0,0
1776627563209462,1790684294.137879,14137,idle,1366.5,137.3,276.2,,,0,0,0,0
1776627703206325,1790684294.277876,14277,idle,3619.8,116.2,228.4,,,0,0,0,0
1776627842694172,1790684294.417364,14417,decode,1300.4,85.2,223.6,,,0,0,1,0
1776627983379962,1790684294.558050,14558,idle,1026.2,114.8,242.1,,,0,0,0,0
1776628125692214,1790684294.700362,14700,idle,1224.0,138.4,259.7,,,0,0,0,0
1776628263032664,1790684294.837701,14837,idle,1437.1,231.5,378.5,,,0,0,0,0
1776628403384145,1790684294.978054,14978,idle,2070.0,117.0,236.1,,,0,0,0,0
1776628618754212,1790684295.193424,193,tx,52886.5,90.4,165.1,,,1,0,0,1
1776628762417086,1790684295.337087,337,tx,52322.2,94.9,188.1,,,1,0,0,1
1776628906332488,1790684295.481003,481,tx,51250.7,123.6,206.6,,,1,0,0,1
1776629049342588,1790684295.624012,624,tx,52024.3,160.2,296.3,,,1,0,0,1
1776629192977551,1790684295.767646,767,tx,52526.5,375.5,624.6,,,1,0,0,1
1776629337304345,1790684295.911974,911,tx,53267.5,143.3,374.6,,,1,0,0,1
1776629481332028,1790684296.056002,1056,tx,51338.2,171.4,265.6,,,1,0,0,1
1776629624653996,1790684296.199324,1199,tx,51736.0,160.9,311.7,,,1,0,0,1
1776629768279317,1790684296.342949,1342,tx,53340.0,188.2,417.8,,,1,0,0,1
1776629913872912,1790684296.488542,1488,tx,52654.8,497.1,712.3,,,1,0,0,1
1776630057181854,1790684296.631851,1631,tx,52401.2,248.2,380.1,,,1,0,0,1
1776630200986078,1790684296.775656,1775,tx,56707.2,384.5,574.1,,,1,0,0,1
1776630338662944,1790684296.913332,1913,tx,52145.1,164.8,359.6,,,1,0,0,1
1776630482479640,1790684297.057149,2057,tx,52163.1,190.9,420.1,,,1,0,0,1
1776630626621070,1790684297.201290,2201,tx,53040.9,116.2,333.7,,,1,0,0,1
1776630770404181,1790684297.345074,2345,tx,51113.5,102.7,213.4,,,1,0,0,1
1776630913602074,1790684297.488271,2488,tx,81880.6,105.5,299.6,,,1,0,0,1
1776631058545740,1790684297.633215,2633,tx,53018.2,126.5,296.1,,,1,0,0,1
1776631202804444,1790684297.777474,2777,tx,56813.2,122.9,302.3,,,1,0,0,1
1776631340704321,1790684297.915374,2915,tx,52532.0,74.8,174.6,,,1,0,0,1
1776631484531894,1790684298.059202,3059,tx,51825.5,134.3,258.4,,,1,0,0,1
1776631627544162,1790684298.202214,3202,tx,52693.8,143.6,277.5,,,1,0,0,1
1776631772099646,1790684298.346769,3346,tx,52549.6,316.1,540.9,,,1,0,0,1
1776631917048242,1790684298.491717,3491,tx,53579.7,364.2,598.4,,,1,0,0,1
1776632063226638,1790684298.637897,3637,tx,51362.5,301.6,367.1,,,1,0,0,1
1776632206392271,1790684298.781062,3781,tx,54106.2,153.6,371.8,,,1,0,0,1
1776632352115465,1790684298.926784,3926,tx,52217.7,218.5,486.9,,,1,0,0,1
1776632496407399,1790684299.071077,4071,tx,52194.4,146.4,384.5,,,1,0,0,1
1776632639897187,1790684299.214567,4214,tx,52545.2,106.9,228.6,,,1,0,0,1
1776632783508203,1790684299.358178,4358,tx,51633.1,101.1,178.2,,,1,0,0,1
1776632926845939,1790684299.501515,4501,tx,53400.3,150.5,370.4,,,1,0,0,1
1776633072048223,1790684299.646718,4646,tx,52419.3,370.9,553.0,,,1,0,0,1
1776633215589890,1790684299.790260,4790,tx,52594.5,85.7,192.0,,,1,0,0,1
1776633358788073,1790684299.933458,4933,tx,52505.5,83.8,184.3,,,1,0,0,1
1776633503345825,1790684300.078015,5078,tx,65110.5,142.5,341.7,,,1,0,0,1
1776633649526169,1790684300.224195,5224,tx,52947.9,121.4,295.8,,,1,0,0,1
1776633793786063,1790684300.368455,5368,tx,52260.9,159.1,369.6,,,1,0,0,1
1776633937411879,1790684300.512081,5512,tx,52992.8,150.1,378.8,,,1,0,0,1
1776634081801355,1790684300.656471,5656,tx,51477.1,101.9,192.1,,,1,0,0,1
1776634224334612,1790684300.799004,5799,tx,51619.8,91.5,247.0,,,1,0,0,1
1776634366800749,1790684300.941470,5941,tx,51535.8,141.8,278.3,,,1,0,0,1
1776634509240270,1790684301.083910,6083,tx,82343.5,136.1,252.6,,,1,0,0,1
1776634653161098,1790684301.227831,6227,tx,52254.7,223.2,324.0,,,1,0,0,1
1776634797176200,1790684301.371845,6371,tx,52178.3,147.6,359.7,,,1,0,0,1
1776634941076417,1790684301.515746,6515,tx,52907.1,198.7,420.5,,,1,0,0,1
1776635086059396,1790684301.660729,6660,tx,52503.6,263.8,497.6,,,1,0,0,1
1776635231032328,1790684301.805701,6805,tx,53206.4,301.2,489.1,,,1,0,0,1
1776635375212462,1790684301.949882,6949,tx,52266.2,172.2,254.5,,,1,0,0,1
1776635519326665,1790684302.093996,7093,tx,52156.2,167.5,344.0,,,1,0,0,1
1776635662544774,1790684302.237215,7237,tx,51522.3,112.0,215.5,,,1,0,0,1
1776635805661717,1790684302.380331,7380,tx,57689.7,149.5,362.2,,,1,0,0,1
1776635943964904,1790684302.518635,7518,tx,53567.6,118.3,2238.1,,,1,0,0,1
1776636088497932,1790684302.663168,7663,tx,52842.9,157.0,313.9,,,1,0,0,1
1776636234943989,1790684302.809614,7809,tx,52854.6,153.7,325.6,,,1,0,0,1
1776636378740907,1790684302.953411,7953,tx,52702.9,127.7,275.6,,,1,0,0,1
1776636522245197,1790684303.096915,8096,tx,51710.3,114.8,254.1,,,1,0,0,1
1776636664561879,1790684303.239232,8239,tx,52799.3,110.2,262.3,,,1,0,0,1
1776636807927106,1790684303.382597,8382,tx,52696.4,140.0,311.9,,,1,0,0,1
1776636951672360,1790684303.526342,8526,tx,52642.2,114.9,253.1,,,1,0,0,1
1776637095345893,1790684303.670016,8670,tx,52958.6,131.8,271.3,,,1,0,0,1
1776637238801818,1790684303.813472,8813,tx,52889.0,128.4,312.7,,,1,0,0,1
1776637384935065,1790684303.959605,8959,tx,52469.3,108.8,224.1,,,1,0,0,1
1776637529127983,1790684304.103798,9103,tx,51696.9,309.5,425.6,,,1,0,0,1
1776637672193061,1790684304.246863,9246,tx,52905.6,146.7,344.8,,,1,0,0,1
1776637817183440,1790684304.391853,9391,tx,52468.1,164.3,404.8,,,1,0,0,1
1776637960935360,1790684304.535604,9535,tx,53147.6,152.4,354.3,,,1,0,0,1
1776638105384236,1790684304.680054,9680,tx,81090.7,131.5,232.4,,,1,0,0,1
1776638249020211,1790684304.823689,9823,tx,51695.0,158.4,303.9,,,1,0,0,1
1776638391973631,1790684304.966643,9966,tx,52336.2,347.8,585.5,,,1,0,0,1
1776638532207973,1790684305.106877,10106,tx,52253.7,198.6,357.7,,,1,0,0,1
1776638675273057,1790684305.249943,10249,tx,52194.9,121.4,248.1,,,1,0,0,1
1776638818571298,1790684305.393241,10393,tx,52825.5,152.3,273.8,,,1,0,0,1
1776638962691712,1790684305.537361,10537,tx,51742.3,98.7,266.1,,,1,0,0,1
1776639106055147,1790684305.680724,10680,tx,54399.8,314.4,511.7,,,1,0,0,1
1776639252450521,1790684305.827120,10827,tx,53398.4,210.2,434.1,,,1,0,0,1
1776639397162965,1790684305.971833,10971,tx,52473.7,300.6,377.9,,,1,0,0,1
1776639541395767,1790684306.116065,11116,tx,52191.3,163.5,374.0,,,1,0,0,1
1776639685387568,1790684306.260057,11260,tx,52289.5,180.1,405.7,,,1,0,0,1
1776639829139977,1790684306.403809,11403,tx,52386.5,233.8,436.8,,,1,0,0,1
1776639972827241,1790684306.547497,11547,tx,52509.2,111.8,181.1,,,1,0,0,1
1776640116466063,1790684306.691136,11691,tx,51588.9,152.3,263.0,,,1,0,0,1
1776640259974790,1790684306.834644,11834,tx,53079.0,123.6,334.4,,,1,0,0,1
1776640404649218,1790684306.979318,11979,tx,58088.3,190.4,417.3,,,1,0,0,1
1776640544315810,1790684307.118985,12118,tx,53259.6,196.1,428.8,,,1,0,0,1
1776640688322134,1790684307.262992,12262,tx,51210.9,126.3,217.7,,,1,0,0,1
1776640830866741,1790684307.405536,12405,tx,52192.4,171.4,358.0,,,1,0,0,1
1776640974524209,1790684307.549194,12549,tx,52827.6,135.3,280.0,,,1,0,0,1
1776641119066767,1790684307.693737,12693,tx,51514.1,146.3,233.0,,,1,0,0,1
1776641261749747,1790684307.836420,12836,tx,52606.8,88.3,209.4,,,1,0,0,1
1776641405893550,1790684307.980563,12980,tx,52591.7,113.2,218.8,,,1,0,0,1
1776641550655457,1790684308.125325,13125,tx,53010.3,164.4,379.2,,,1,0,0,1
1776641694702684,1790684308.269372,13269,tx,81377.8,167.3,380.9,,,1,0,0,1
1776641838683704,1790684308.413354,13413,tx,52656.5,154.5,291.4,,,1,0,0,1
1776641981755288,1790684308.556425,13556,tx,52271.1,75.9,138.0,,123633.4,1,0,0,1
1776642125667358,1790684308.700337,13700,idle,51716.6,111.7,239.0,,,0,0,0,0
1776642269199312,1790684308.843869,13843,idle,53143.7,326.3,513.2,,,0,0,0,0
1776642436114135,1790684309.010783,14010,idle,3679.5,426.7,593.2,,,0,0,0,0
1776642577906869,1790684309.152577,14152,idle,1249.6,104.9,225.6,,,0,0,0,0
1776642719043154,1790684309.293713,14293,idle,1429.9,114.0,235.6,,,0,0,0,0
1776642858546822,1790684309.433215,14433,idle,2183.4,165.5,404.7,,,0,0,0,0
1776642998900644,1790684309.573570,14573,idle,2794.3,167.0,404.8,,,0,0,0,0
1776643142657043,1790684309.717326,14717,idle,2047.3,174.4,386.3,,,0,0,0,0
1776643288201480,1790684309.862872,14862,idle,1398.9,412.2,516.0,,,0,0,0,0
1776643428763638,1790684310.003433,3,idle,1979.4,112.5,296.7,,,0,0,0,0
1776643568604416,1790684310.143274,143,idle,2272.2,169.3,347.2,,,0,0,0,0
1776643709101097,1790684310.283770,283,idle,8559.6,388.8,624.8,,,0,0,0,0
1776643848653099,1790684310.423322,423,idle,2128.9,184.2,411.4,,,0,0,0,0
1776643988084406,1790684310.562754,562,idle,1305.4,106.0,210.3,,,0,0,0,0
1776644129082185,1790684310.703751,703,idle,2951.7,472.9,670.3,,,0,0,0,0
1776644268616797,1790684310.843284,843,idle,2423.0,137.6,376.8,,,0,0,0,0
1776644408968624,1790684310.983638,983,idle,2382.1,153.3,393.3,,,0,0,0,0
1776644548046929,1790684311.122717,1122,idle,1731.8,120.8,233.9,,,0,0,0,0
1776644688600278,1790684311.263270,1263,idle,951.9,102.5,178.9,,,0,0,0,0
1776644829406737,1790684311.404076,1404,idle,2665.8,160.4,367.7,,,0,0,0,0
1776644968334572,1790684311.543005,1543,idle,1808.0,327.5,441.3,,,0,0,0,0
1776645108548412,1790684311.683217,1683,idle,2154.6,156.2,381.5,,,0,0,0,0
1776645248301933,1790684311.822972,1822,idle,2145.0,1118.2,1190.8,,,0,0,0,0
1776645387893016,1790684311.962563,1962,idle,1304.8,111.5,240.7,,,0,0,0,0
1776645527829308,1790684312.102499,2102,idle,1510.7,124.3,219.5,,,0,0,0,0
1776645668833089,1790684312.243503,2243,idle,1380.1,115.6,243.1,,,0,0,0,0
1776645808532935,1790684312.383201,2383,idle,2168.2,111.9,332.5,,,0,0,0,0
1776645947708914,1790684312.522379,2522,idle,854.6,72.2,149.3,,,0,0,0,0
1776646088770740,1790684312.663441,2663,idle,1602.0,149.1,287.5,,,0,0,0,0
1776646230314418,1790684312.804984,2804,idle,2288.8,201.9,433.6,,,0,0,0,0
1776646368258700,1790684312.942928,2942,idle,2254.1,303.9,490.2,,,0,0,0,0
1776646508491488,1790684313.083161,3083,idle,3834.3,132.7,262.6,,,0,0,0,0
1776646648043816,1790684313.222714,3222,idle,1065.4,78.3,142.9,,,0,0,0,0
1776646788457313,1790684313.363127,3363,idle,2316.7,120.1,309.0,,,0,0,0,0
1776646930532029,1790684313.505200,3505,idle,2373.5,147.7,381.4,,,0,0,0,0
1776647068450240,1790684313.643120,3643,idle,2315.2,109.7,303.4,,,0,0,0,0
1776647208068537,1790684313.782738,3782,idle,1089.3,84.5,159.5,,,0,0,0,0
1776647348450563,1790684313.923121,3923,idle,915.7,98.9,186.9,,,0,0,0,0
1776647489227773,1790684314.063898,4063,idle,1486.7,236.9,396.2,,,0,0,0,0
1776647628840970,1790684314.203511,4203,idle,1377.3,94.5,210.8,,,0,0,0,0
1776647767950302,1790684314.342620,4342,idle,1269.9,92.3,212.3,,,0,0,0,0
1776647908766779,1790684314.483437,4483,idle,1281.4,91.5,182.0,,,0,0,0,0
1776648049913733,1790684314.624584,4624,idle,1223.4,83.8,206.8,,,0,0,0,0
1776648188026271,1790684314.762696,4762,idle,1141.0,106.0,212.6,,,0,0,0,0
1776648327982463,1790684314.902652,4902,idle,1436.4,129.3,280.5,,,0,0,0,0
1776648467931160,1790684315.042601,5042,idle,1273.4,113.9,251.9,,,0,0,0,0
1776648607945124,1790684315.182615,5182,idle,1292.9,88.0,212.6,,,0,0,0,0
1776648748574150,1790684315.323244,5323,idle,1017.9,114.4,230.2,,,0,0,0,0
1776648888325445,1790684315.462995,5462,idle,1298.8,193.0,317.5,,,0,0,0,0
1776649028139846,1790684315.602810,5602,idle,1279.4,85.0,169.0,,,0,0,0,0
1776649169196721,1790684315.743865,5743,idle,2282.3,269.4,475.8,,,0,0,0,0
1776649308554955,1790684315.883224,5883,idle,1064.9,90.7,233.0,,,0,0,0,0
1776649448310657,1790684316.022981,6022,idle,1084.9,258.0,328.3,,,0,0,0,0
1776649589516343,1790684316.164186,6164,idle,2196.6,187.8,405.8,,,0,0,0,0
1776649727823499,1790684316.302493,6302,idle,1526.2,103.7,232.9,,,0,0,0,0
1776649869788149,1790684316.444457,6444,idle,2487.1,176.6,433.6,,,0,0,0,0
1776650007767893,1790684316.582438,6582,idle,1444.5,79.1,203.1,,,0,0,0,0
1776650148464776,1790684316.723134,6723,idle,2323.6,187.2,402.3,,,0,0,0,0
1776650288745949,1790684316.863415,6863,idle,2038.0,187.6,415.2,,,0,0,0,0
1776650429279671,1790684317.003948,7003,idle,2103.6,198.7,371.9,,,0,0,0,0
1776650568493910,1790684317.143163,7143,idle,2445.6,145.7,355.7,,,0,0,0,0
1776650708592494,1790684317.283262,7283,idle,864.8,94.0,204.4,,,0,0,0,0
1776650849048393,1790684317.423716,7423,idle,2185.6,186.8,396.6,,,0,0,0,0
1776650988705677,1790684317.563375,7563,idle,1785.7,170.2,333.6,,,0,0,0,0
1776651130034973,1790684317.704703,7704,idle,2094.3,192.7,416.2,,,0,0,0,0
1776651268571653,1790684317.843241,7843,idle,2251.9,191.2,418.6,,,0,0,0,0
1776651407740434,1790684317.982410,7982,idle,866.7,73.6,159.7,,,0,0,0,0
1776651550435543,1790684318.125105,8125,idle,2239.6,150.8,371.1,,,0,0,0,0
1776651688952473,1790684318.263622,8263,idle,1818.1,144.7,326.6,,,0,0,0,0
1776651832488943,1790684318.407158,8407,idle,2210.0,146.7,387.1,,,0,0,0,0
1776651979262581,1790684318.553932,8553,idle,1298.8,295.4,412.1,,,0,0,0,0
1776652118230254,1790684318.692900,8692,idle,1224.9,339.4,468.5,,,0,0,0,0
1776652258692592,1790684318.833362,8833,idle,2092.2,147.4,376.9,,,0,0,0,0
1776652399117100,1790684318.973786,8973,idle,9638.6,366.0,564.6,,,0,0,0,0
1776652540858239,1790684319.115528,9115,idle,1735.5,135.7,343.7,,,0,0,0,0
1776652678261489,1790684319.252932,9252,idle,1137.3,277.0,385.1,,,0,0,0,0
1776652818740045,1790684319.393410,9393,idle,1008.2,106.6,201.9,,,0,0,0,0
1776652959145175,1790684319.533815,9533,idle,1504.1,148.0,275.7,,,0,0,0,0
1776653098843191,1790684319.673512,9673,idle,2183.2,151.8,372.9,,,0,0,0,0
1776653241668836,1790684319.816338,9816,idle,2141.4,171.4,390.3,,,0,0,0,0
1776653388383929,1790684319.963052,9963,idle,2174.6,173.0,273.0,,,0,0,0,0
1776653528494528,1790684320.103164,10103,idle,1320.4,141.9,292.5,,,0,0,0,0
1776653668807141,1790684320.243476,10243,idle,2218.4,185.0,462.0,,,0,0,0,0
1776653809391088,1790684320.384060,10384,idle,2141.0,143.1,362.9,,,0,0,0,0
1776653949265312,1790684320.523935,10523,idle,1896.7,289.3,449.4,,,0,0,0,0
1776654087898427,1790684320.662568,10662,idle,1117.5,84.0,155.9,,,0,0,0,0
1776654230051083,1790684320.804720,10804,idle,2122.3,148.9,342.2,,,0,0,0,0
1776654369294311,1790684320.943963,10943,idle,2252.6,211.1,415.4,,,0,0,0,0
1776654508515338,1790684321.083185,11083,idle,12081.8,156.9,356.6,,,0,0,0,0
1776654648506456,1790684321.223176,11223,idle,2091.3,126.0,367.6,,,0,0,0,0
1776654788557731,1790684321.363227,11363,idle,962.8,133.6,229.9,,,0,0,0,0
1776654930287365,1790684321.504957,11504,idle,2016.9,230.2,451.6,,,0,0,0,0
1776655068436442,1790684321.643106,11643,idle,1371.9,132.5,278.3,,,0,0,0,0
1776655208864943,1790684321.783534,11783,idle,1959.1,194.2,414.2,,,0,0,0,0
1776655346570725,1790684321.921241,11921,idle,938.8,105.1,195.1,,,0,0,0,0
1776655488885376,1790684322.063555,12063,idle,1336.9,113.9,213.8,,,0,0,0,0
1776655629254291,1790684322.203923,12203,idle,2307.5,297.4,506.5,,,0,0,0,0
1776655768487665,1790684322.343157,12343,idle,2070.3,178.2,390.9,,,0,0,0,0
1776655908672230,1790684322.483341,12483,idle,2229.7,193.4,408.2,,,0,0,0,0
1776656047603689,1790684322.622274,12622,idle,878.4,83.3,191.5,,,0,0,0,0
1776656188942850,1790684322.763612,12763,idle,2697.6,200.9,421.9,,,0,0,0,0
1776656329513120,1790684322.904182,12904,idle,2188.6,145.8,344.1,,,0,0,0,0
1776656469220339,1790684323.043890,13043,idle,2609.2,336.7,551.0,,,0,0,0,0
1776656609061016,1790684323.183730,13183,idle,2147.8,190.9,396.1,,,0,0,0,0
1776656748395175,1790684323.323065,13323,idle,1025.4,230.8,323.1,,,0,0,0,0
1776656888483435,1790684323.463153,13463,idle,2496.0,177.6,383.8,,,0,0,0,0
1776657031923819,1790684323.606593,13606,idle,1954.5,177.3,359.6,,,0,0,0,0
1776657178852953,1790684323.753523,13753,idle,1357.6,92.2,213.0,,,0,0,0,0
1776657318090200,1790684323.892760,13892,idle,1281.8,115.8,235.7,,,0,0,0,0
1776657458043445,1790684324.032713,14032,idle,1166.5,112.0,233.4,,,0,0,0,0
1776657598946105,1790684324.173616,14173,idle,1321.1,93.2,212.3,,,0,0,0,0
1776657738587631,1790684324.313257,14313,idle,1188.3,92.7,226.6,,,0,0,0,0
1776657876802703,1790684324.451473,14451,idle,1103.7,111.2,157.5,,,0,0,0,0
1776658017927728,1790684324.592598,14592,idle,1463.6,115.8,245.2,,,0,0,0,0
1776658158809652,1790684324.733479,14733,idle,1407.0,111.1,228.6,,,0,0,0,0
1776658298088707,1790684324.872759,14872,idle,1238.9,115.5,253.4,,,0,0,0,0
1776658438400223,1790684325.013070,13,idle,1215.2,197.7,317.5,,,0,0,0,0
1776658623450356,1790684325.198119,198,tx,52834.9,118.9,312.0,,,1,0,0,1
1776658766760311,1790684325.341430,341,tx,52583.2,130.5,219.4,,,1,0,0,1
1776658910760426,1790684325.485430,485,tx,53070.9,163.3,354.9,,,1,0,0,1
1776659055565118,1790684325.630234,630,tx,52454.2,140.1,365.3,,,1,0,0,1
1776659199797588,1790684325.774467,774,tx,63655.8,181.1,440.4,,,1,0,0,1
1776659345430950,1790684325.920100,920,tx,87015.9,264.3,471.5,,,1,0,0,1
1776659489430989,1790684326.064101,1064,tx,51587.5,368.8,468.3,,,1,0,0,1
1776659628271087,1790684326.202940,1202,tx,52490.9,422.1,666.6,,,1,0,0,1
1776659772429366,1790684326.347099,1347,tx,52477.6,250.2,489.2,,,1,0,0,1
1776659916313270,1790684326.490983,1490,tx,53333.9,376.5,581.5,,,1,0,0,1
1776660060827140,1790684326.635497,1635,tx,52492.4,103.8,194.6,,,1,0,0,1
1776660204160231,1790684326.778830,1778,tx,52423.1,110.6,211.2,,,1,0,0,1
1776660347829522,1790684326.922499,1922,tx,52096.4,153.7,400.0,,,1,0,0,1
1776660491646247,1790684327.066315,2066,tx,52420.1,172.7,394.1,,,1,0,0,1
1776660636638248,1790684327.211308,2211,tx,53200.8,163.0,407.2,,,1,0,0,1
1776660780795137,1790684327.355465,2355,tx,51635.4,72.3,151.3,,,1,0,0,1
1776660924096202,1790684327.498765,2498,tx,53679.7,166.2,401.1,,,1,0,0,1
1776661069935723,1790684327.644605,2644,tx,53330.8,158.6,386.2,,,1,0,0,1
1776661214678978,1790684327.789348,2789,tx,53067.6,145.1,359.0,,,1,0,0,1
1776661358887560,1790684327.933558,2933,tx,52571.1,110.2,187.2,,,1,0,0,1
1776661502350927,1790684328.077020,3077,tx,64105.6,390.0,542.8,,,1,0,0,1
1776661648190979,1790684328.222860,3222,tx,54775.2,166.7,393.4,,,1,0,0,1
1776661793703181,1790684328.368372,3368,tx,53224.6,126.7,334.1,,,1,0,0,1
1776661939189737,1790684328.513859,3513,tx,53503.7,157.2,357.8,,,1,0,0,1
1776662083571081,1790684328.658241,3658,tx,51945.7,260.7,356.6,,,1,0,0,1
1776662227528858,1790684328.802198,3802,tx,53508.0,189.8,406.0,,,1,0,0,1
1776662372840000,1790684328.947508,3947,tx,52580.4,192.2,449.9,,,1,0,0,1
1776662516441321,1790684329.091110,4091,tx,52363.1,327.3,521.6,,,1,0,0,1
1776662659978359,1790684329.234648,4234,tx,52487.1,106.5,192.1,,,1,0,0,1
1776662803832730,1790684329.378502,4378,tx,53718.8,164.4,325.6,,,1,0,0,1
1776662949327331,1790684329.523997,4523,tx,82011.2,413.1,603.0,,,1,0,0,1
1776663094093623,1790684329.668763,4668,tx,52572.4,119.9,270.8,,,1,0,0,1
1776663238156416,1790684329.812826,4812,tx,52325.9,128.4,357.3,,,1,0,0,1
1776663381226569,1790684329.955897,4955,tx,52871.6,104.6,194.2,,,1,0,0,1
1776663525763939,1790684330.100433,5100,tx,53205.9,167.3,377.8,,,1,0,0,1
1776663670896780,1790684330.245565,5245,tx,52290.6,185.7,420.4,,,1,0,0,1
1776663815435287,1790684330.390105,5390,tx,52193.7,222.4,451.5,,,1,0,0,1
1776663959519249,1790684330.534189,5534,tx,52393.3,136.4,291.5,,,1,0,0,1
1776664102608910,1790684330.677279,5677,tx,54297.7,123.3,197.5,,,1,0,0,1
1776664249580012,1790684330.824249,5824,tx,54234.8,225.6,454.1,,,1,0,0,1
1776664394348363,1790684330.969018,5969,tx,53263.8,295.4,503.7,,,1,0,0,1
1776664533479017,1790684331.108148,6108,tx,53223.9,138.2,352.5,,,1,0,0,1
1776664678370394,1790684331.253040,6253,tx,52248.4,81.9,167.7,,,1,0,0,1
1776664822156207,1790684331.396826,6396,tx,52521.3,193.3,424.1,,,1,0,0,1
1776664966097508,1790684331.540767,6540,tx,51833.5,166.5,341.0,,,1,0,0,1
1776665109522711,1790684331.684192,6684,tx,52356.9,116.1,300.4,,,1,0,0,1
1776665253394266,1790684331.828063,6828,tx,53056.2,229.8,426.1,,,1,0,0,1
1776665397013880,1790684331.971684,6971,tx,52467.1,120.4,221.7,,,1,0,0,1
1776665541084957,1790684332.115755,7115,tx,53069.6,136.8,318.6,,,1,0,0,1
1776665686056631,1790684332.260725,7260,tx,52644.5,162.6,373.8,,,1,0,0,1
1776665830322989,1790684332.404992,7404,tx,52573.9,323.3,534.0,,,1,0,0,1
1776665973473465,1790684332.548144,7548,tx,52516.5,272.6,350.1,,,1,0,0,1
1776666117898505,1790684332.692568,7692,tx,52473.5,177.0,415.8,,,1,0,0,1
1776666262256808,1790684332.836926,7836,tx,52174.5,146.0,335.8,,,1,0,0,1
1776666405867136,1790684332.980536,7980,tx,53457.8,126.7,342.0,,,1,0,0,1
1776666551121775,1790684333.125791,8125,tx,86736.9,149.6,347.5,,,1,0,0,1
1776666695022889,1790684333.269693,8269,tx,52538.9,106.4,175.6,,,1,0,0,1
1776666839640791,1790684333.414310,8414,tx,52358.4,125.7,327.9,,,1,0,0,1
1776666983505055,1790684333.558175,8558,tx,52129.9,189.0,324.2,,,1,0,0,1
1776667127378935,1790684333.702048,8702,tx,53320.0,299.1,506.1,,,1,0,0,1
1776667271360309,1790684333.846030,8846,tx,52673.9,118.2,210.5,,,1,0,0,1
1776667415857776,1790684333.990527,8990,tx,52082.1,185.4,409.9,,,1,0,0,1
1776667559674764,1790684334.134344,9134,tx,51279.7,83.8,191.8,,,1,0,0,1
1776667702993850,1790684334.277663,9277,tx,57890.1,155.1,360.4,,,1,0,0,1
1776667842357519,1790684334.417027,9417,tx,53281.3,264.7,535.9,,,1,0,0,1
1776667986192666,1790684334.560863,9560,tx,52374.3,111.4,210.0,,,1,0,0,1
1776668130764490,1790684334.705433,9705,tx,52216.7,167.8,430.2,,,1,0,0,1
1776668275418663,1790684334.850087,9850,tx,53402.3,244.5,487.2,,,1,0,0,1
1776668421331884,1790684334.996001,9996,tx,52615.2,309.5,547.5,,,1,0,0,1
1776668564710164,1790684335.139380,10139,tx,52322.0,109.7,203.8,,,1,0,0,1
1776668708525663,1790684335.283194,10283,tx,52105.5,156.3,370.8,,,1,0,0,1
1776668852096288,1790684335.426765,10426,tx,52072.1,143.2,381.5,,,1,0,0,1
1776668996230867,1790684335.570900,10570,tx,52256.1,158.2,364.3,,,1,0,0,1
1776669140487554,1790684335.715157,10715,tx,53368.5,233.2,452.9,,,1,0,0,1
1776669284784424,1790684335.859454,10859,tx,51387.5,76.4,169.7,,,1,0,0,1
1776669427476052,1790684336.002146,11002,tx,51947.0,272.7,402.6,,,1,0,0,1
1776669570690880,1790684336.145361,11145,tx,51786.8,128.7,284.5,,,1,0,0,1
1776669713292533,1790684336.287962,11287,tx,52636.2,101.7,224.1,,,1,0,0,1
1776669856721333,1790684336.431391,11431,tx,52540.8,88.6,199.3,,,1,0,0,1
1776669999859082,1790684336.574529,11574,tx,57674.5,120.0,246.4,,,1,0,0,1
1776670138542782,1790684336.713213,11713,tx,100899.5,216.0,345.6,,,1,0,0,1
1776670283070796,1790684336.857741,11857,tx,52614.7,102.7,232.1,,,1,0,0,1
1776670426507453,1790684337.001177,12001,tx,51614.4,241.3,356.4,,,1,0,0,1
1776670568674332,1790684337.143344,12143,tx,52415.7,115.6,242.3,,,1,0,0,1
1776670711683703,1790684337.286354,12286,tx,52388.5,90.9,218.5,,,1,0,0,1
1776670855032165,1790684337.429702,12429,tx,52562.0,127.2,252.9,,,1,0,0,1
1776670998291698,1790684337.572962,12572,tx,52356.1,87.4,196.2,,,1,0,0,1
1776671141982845,1790684337.716652,12716,tx,52088.6,155.2,348.3,,,1,0,0,1
1776671284787280,1790684337.859457,12859,tx,52089.4,74.4,174.4,,,1,0,0,1
1776671428879043,1790684338.003548,13003,tx,52970.0,132.9,387.0,,,1,0,0,1
1776671573086235,1790684338.147756,13147,tx,52531.4,126.1,213.2,,,1,0,0,1
1776671717318626,1790684338.291988,13291,tx,53331.3,357.1,581.2,,,1,0,0,1
1776671861920264,1790684338.436588,13436,tx,53050.4,163.1,388.0,,,1,0,0,1
1776672005569497,1790684338.580240,13580,tx,52163.1,206.9,297.3,,98529.1,1,0,0,1
1776672148925444,1790684338.723595,13723,idle,54244.1,130.1,244.1,,,0,0,0,0
1776672294381975,1790684338.869051,13869,idle,53669.6,464.0,696.2,,,0,0,0,0
1776672463695138,1790684339.038364,14038,idle,3456.9,207.5,346.1,,,0,0,0,0
1776672608036839,1790684339.182707,14182,idle,840.2,78.7,148.7,,,0,0,0,0
1776672747936713,1790684339.322607,14322,idle,1082.8,105.0,229.5,,,0,0,0,0
1776672889267813,1790684339.463937,14463,idle,2859.7,177.4,413.6,,,0,0,0,0
1776673029279018,1790684339.603948,14603,idle,2597.7,155.6,363.8,,,0,0,0,0
1776673168847210,1790684339.743517,14743,idle,1937.5,130.8,309.2,,,0,0,0,0
1776673308070715,1790684339.882741,14882,idle,1241.6,106.9,191.8,,,0,0,0,0
1776673448738583,1790684340.023408,23,idle,2599.1,119.9,351.7,,,0,0,0,0
1776673588219697,1790684340.162890,162,idle,1400.8,119.1,232.5,,,0,0,0,0
1776673729110684,1790684340.303780,303,idle,2031.6,154.4,375.9,,,0,0,0,0
1776673868807041,1790684340.443475,443,idle,2263.6,147.8,418.8,,,0,0,0,0
1776674008009653,1790684340.582680,582,idle,1030.0,104.4,188.5,,,0,0,0,0
1776674149241831,1790684340.723911,723,idle,2211.5,147.4,375.1,,,0,0,0,0
1776674288938665,1790684340.863608,863,idle,2089.9,182.7,430.1,,,0,0,0,0
1776674428929188,1790684341.003599,1003,idle,2180.8,189.4,415.9,,,0,0,0,0
1776674569231620,1790684341.143901,1143,idle,1518.3,119.0,254.9,,,0,0,0,0
1776674708571260,1790684341.283241,1283,idle,1277.9,423.6,489.4,,,0,0,0,0
1776674848964072,1790684341.423633,1423,idle,1932.1,151.2,355.8,,,0,0,0,0
1776674987991083,1790684341.562661,1562,idle,1423.4,111.5,211.5,,,0,0,0,0
1776675128996523,1790684341.703666,1703,idle,2150.1,166.3,401.9,,,0,0,0,0
1776675269163261,1790684341.843833,1843,idle,1194.8,77.5,173.4,,,0,0,0,0
1776675408027953,1790684341.982698,1982,idle,912.8,85.0,179.7,,,0,0,0,0
1776675548233447,1790684342.122904,2122,idle,1321.0,135.3,235.3,,,0,0,0,0
1776675688638424,1790684342.263309,2263,idle,1419.7,350.3,466.3,,,0,0,0,0
1776675829104597,1790684342.403774,2403,idle,2399.1,137.5,380.2,,,0,0,0,0
1776675968627340,1790684342.543297,2543,idle,1197.1,310.6,422.8,,,0,0,0,0
1776676108220010,1790684342.682890,2682,idle,1406.7,113.7,229.9,,,0,0,0,0
1776676249324536,1790684342.823994,2823,idle,2215.3,108.7,305.4,,,0,0,0,0
1776676389091500,1790684342.963761,2963,idle,2140.4,156.5,385.5,,,0,0,0,0
1776676529190475,1790684343.103860,3103,idle,1366.9,109.2,244.0,,,0,0,0,0
1776676668437567,1790684343.243108,3243,idle,2479.1,82.1,182.6,,,0,0,0,0
1776676809244457,1790684343.383913,3383,idle,2150.8,150.9,337.0,,,0,0,0,0
1776676948802856,1790684343.523472,3523,idle,1593.7,103.1,269.4,,,0,0,0,0
1776677088816711,1790684343.663486,3663,idle,1674.5,159.5,281.1,,,0,0,0,0
1776677228097604,1790684343.802767,3802,idle,1351.8,105.9,262.3,,,0,0,0,0
1776677368076115,1790684343.942746,3942,idle,910.6,105.0,181.1,,,0,0,0,0
1776677509289893,1790684344.083959,4083,idle,9644.5,157.7,405.0,,,0,0,0,0
1776677649183539,1790684344.223854,4223,idle,1224.4,140.7,257.0,,,0,0,0,0
1776677788839915,1790684344.363510,4363,idle,1142.4,130.4,243.5,,,0,0,0,0
1776677928138170,1790684344.502808,4502,idle,1192.4,98.5,213.8,,,0,0,0,0
1776678068692796,1790684344.643363,4643,idle,1127.3,172.6,269.6,,,0,0,0,0
1776678208789093,1790684344.783459,4783,idle,1459.9,105.8,248.0,,,0,0,0,0
1776678348357424,1790684344.923027,4923,idle,1566.6,151.1,311.0,,,0,0,0,0
1776678488951613,1790684345.063621,5063,idle,1477.7,122.4,268.7,,,0,0,0,0
1776678628693672,1790684345.203364,5203,idle,1201.2,160.4,283.4,,,0,0,0,0
1776678768779544,1790684345.343450,5343,idle,1266.6,84.8,205.9,,,0,0,0,0
1776678908318900,1790684345.482989,5482,idle,1266.9,98.4,222.1,,,0,0,0,0
1776679048616311,1790684345.623286,5623,idle,1151.1,219.2,326.5,,,0,0,0,0
1776679188114722,1790684345.762784,5762,idle,1502.1,124.9,261.1,,,0,0,0,0
1776679329188999,1790684345.903859,5903,idle,1162.4,83.8,171.4,,,0,0,0,0
1776679467910047,1790684346.042580,6042,idle,862.9,103.3,206.9,,,0,0,0,0
1776679608775122,1790684346.183444,6183,idle,1923.0,119.5,320.0,,,0,0,0,0
1776679748828661,1790684346.323498,6323,idle,2227.1,150.1,400.8,,,0,0,0,0
1776679889463214,1790684346.464132,6464,idle,2294.8,350.0,584.5,,,0,0,0,0
1776680028443056,1790684346.603113,6603,idle,1354.9,237.2,514.0,,,0,0,0,0
1776680168145184,1790684346.742815,6742,idle,1315.8,137.1,254.4,,,0,0,0,0
1776680308903077,1790684346.883572,6883,idle,1673.6,106.6,269.4,,,0,0,0,0
1776680449360628,1790684347.024030,7024,idle,2054.8,153.3,375.5,,,0,0,0,0
1776680588944120,1790684347.163614,7163,idle,2223.3,185.9,422.5,,,0,0,0,0
1776680728023722,1790684347.302694,7302,idle,960.9,105.3,199.5,,,0,0,0,0
1776680869097271,1790684347.443767,7443,idle,1673.8,138.9,308.9,,,0,0,0,0
1776681009530594,1790684347.584199,7584,idle,3643.5,235.9,455.8,,,0,0,0,0
1776681149173176,1790684347.723842,7723,idle,2042.3,167.8,397.2,,,0,0,0,0
1776681289270583,1790684347.863940,7863,idle,2349.4,169.2,370.1,,,0,0,0,0
1776681428572113,1790684348.003242,8003,idle,1023.5,107.7,180.3,,,0,0,0,0
1776681569120320,1790684348.143789,8143,idle,2357.0,133.3,343.9,,,0,0,0,0
1776681709279676,1790684348.283949,8283,idle,2185.3,181.9,367.8,,,0,0,0,0
1776681849533572,1790684348.424203,8424,idle,2253.7,277.7,503.9,,,0,0,0,0
1776681988867977,1790684348.563538,8563,idle,1215.3,111.6,237.8,,,0,0,0,0
1776682128588629,1790684348.703259,8703,idle,926.9,75.1,141.3,,,0,0,0,0
1776682269301462,1790684348.843971,8843,idle,2131.7,126.9,345.0,,,0,0,0,0
1776682409617812,1790684348.984287,8984,idle,1948.5,206.4,369.2,,,0,0,0,0
1776682549210836,1790684349.123880,9123,idle,2111.7,121.4,326.0,,,0,0,0,0
1776682688488428,1790684349.263159,9263,idle,1027.4,87.9,163.9,,,0,0,0,0
1776682828089199,1790684349.402759,9402,idle,1438.5,125.9,262.6,,,0,0,0,0
1776682969470328,1790684349.544140,9544,idle,1630.5,146.0,323.9,,,0,0,0,0
1776683108846677,1790684349.683516,9683,idle,2209.6,187.9,428.4,,,0,0,0,0
1776683249513340,1790684349.824183,9824,idle,2334.6,316.7,538.6,,,0,0,0,0
1776683387737134,1790684349.962407,9962,idle,1023.8,155.1,242.5,,,0,0,0,0
1776683528308745,1790684350.102978,10102,idle,2259.6,197.9,434.6,,,0,0,0,0
1776683669109007,1790684350.243778,10243,idle,2472.9,185.6,403.6,,,0,0,0,0
1776683809420140,1790684350.384089,10384,idle,2279.5,187.3,401.9,,,0,0,0,0
1776683948762553,1790684350.523432,10523,idle,1411.5,115.0,246.4,,,0,0,0,0
1776684088788654,1790684350.663459,10663,idle,997.8,103.7,202.3,,,0,0,0,0
1776684229139794,1790684350.803809,10803,idle,2146.6,182.2,409.4,,,0,0,0,0
1776684368353779,1790684350.943023,10943,idle,2106.3,188.8,420.9,,,0,0,0,0
1776684509375784,1790684351.084045,11084,idle,14378.2,128.2,367.6,,,0,0,0,0
1776684648010235,1790684351.222680,11222,idle,903.2,104.3,174.5,,,0,0,0,0
1776684788790146,1790684351.363460,11363,idle,2441.5,136.4,392.1,,,0,0,0,0
1776684929510883,1790684351.504179,11504,idle,2529.9,333.6,573.3,,,0,0,0,0
1776685068928586,1790684351.643598,11643,idle,2205.8,178.1,424.9,,,0,0,0,0
1776685208762547,1790684351.783432,11783,idle,15286.6,121.7,327.8,,,0,0,0,0
1776685347568483,1790684351.922238,11922,idle,1022.0,105.8,191.6,,,0,0,0,0
1776685489683790,1790684352.064353,12064,idle,2140.4,163.1,406.6,,,0,0,0,0
1776685628923120,1790684352.203592,12203,idle,2157.0,189.3,434.1,,,0,0,0,0
1776685769706418,1790684352.344376,12344,idle,2170.4,131.2,336.8,,,0,0,0,0
1776685909288103,1790684352.483957,12483,idle,2204.4,148.7,343.7,,,0,0,0,0
1776686048530520,1790684352.623200,12623,idle,1048.7,120.9,210.0,,,0,0,0,0
1776686188738425,1790684352.763408,12763,idle,1438.8,153.3,314.7,,,0,0,0,0
1776686328278328,1790684352.902948,12902,idle,1399.8,123.1,269.3,,,0,0,0,0
1776686468669728,1790684353.043339,13043,idle,1499.8,210.2,362.3,,,0,0,0,0
1776686608755502,1790684353.183425,13183,idle,1206.3,151.9,301.5,,,0,0,0,0
1776686748689434,1790684353.323359,13323,idle,1231.3,226.3,348.0,,,0,0,0,0
1776686889047589,1790684353.463717,13463,idle,1522.5,133.9,286.9,,,0,0,0,0
1776687028375211,1790684353.603045,13603,idle,1420.6,127.6,271.7,,,0,0,0,0
1776687168770177,1790684353.743440,13743,idle,1362.1,131.3,286.9,,,0,0,0,0
1776687307991890,1790684353.882662,13882,idle,1265.9,108.0,244.9,,,0,0,0,0
1776687448060286,1790684354.022730,14022,idle,1087.4,73.8,197.5,,,0,0,0,0
1776687588548626,1790684354.163218,14163,idle,1264.7,133.2,251.5,,,0,0,0,0
1776687728961254,1790684354.303631,14303,idle,1307.2,143.5,279.4,,,0,0,0,0
1776687866228247,1790684354.440898,14440,idle,1205.5,108.2,197.9,,,0,0,0,0
1776688009296979,1790684354.583966,14583,idle,1182.6,104.5,219.3,,,0,0,0,0
1776688148153861,1790684354.722824,14722,idle,982.6,135.5,197.9,,,0,0,0,0
1776688289380067,1790684354.864049,14864,idle,2159.2,186.0,417.0,,,0,0,0,0
1776688429547068,1790684355.004216,4,idle,2318.2,352.8,585.2,,,0,0,0,0
1776688623378371,1790684355.198047,198,tx,53839.5,116.3,266.2,,,1,0,0,1
1776688767979679,1790684355.342650,342,tx,52171.3,80.9,156.0,,,1,0,0,1
1776688912456186,1790684355.487125,487,tx,52397.6,158.8,340.0,,,1,0,0,1
1776689056921656,1790684355.631591,631,tx,52543.0,186.2,426.9,,,1,0,0,1
1776689201332092,1790684355.776002,776,tx,55603.5,83.8,163.4,,,1,0,0,1
1776689348065492,1790684355.922735,922,tx,52323.7,106.8,236.1,,,1,0,0,1
1776689492279449,1790684356.066949,1066,tx,51851.4,167.9,330.0,,,1,0,0,1
1776689636325395,1790684356.210995,1210,tx,52290.4,133.4,339.5,,,1,0,0,1
1776689780263320,1790684356.354932,1354,tx,52917.8,160.5,367.8,,,1,0,0,1
1776689924992855,1790684356.499662,1499,tx,53215.6,194.4,453.9,,,1,0,0,1
1776690069136772,1790684356.643807,1643,tx,52450.7,129.2,228.1,,,1,0,0,1
1776690213388609,1790684356.788058,1788,tx,52719.3,549.5,760.2,,,1,0,0,1
1776690358081569,1790684356.932750,1932,tx,52167.0,178.5,399.6,,,1,0,0,1
1776690501700890,1790684357.076370,2076,tx,69685.5,356.9,552.6,,,1,0,0,1
1776690642073280,1790684357.216743,2216,tx,52261.6,99.9,211.4,,,1,0,0,1
1776690785295327,1790684357.359965,2359,tx,51783.9,136.6,249.1,,,1,0,0,1
1776690928664444,1790684357.503334,2503,tx,52333.4,371.5,586.5,,,1,0,0,1
1776691073217052,1790684357.647887,2647,tx,51941.2,170.4,369.9,,,1,0,0,1
1776691216699353,1790684357.791369,2791,tx,53566.1,357.3,582.1,,,1,0,0,1
1776691361052344,1790684357.935722,2935,tx,81480.3,142.0,253.8,,,1,0,0,1
1776691505254058,1790684358.079924,3079,tx,55893.3,121.9,263.0,,,1,0,0,1
1776691643331661,1790684358.218001,3218,tx,52228.8,178.8,375.0,,,1,0,0,1
1776691787781419,1790684358.362451,3362,tx,52497.7,243.1,506.9,,,1,0,0,1
1776691934138904,1790684358.508809,3508,tx,52674.7,104.4,196.8,,,1,0,0,1
1776692078325859,1790684358.652995,3652,tx,52047.2,150.9,362.6,,,1,0,0,1
1776692222617764,1790684358.797287,3797,tx,52711.4,441.1,674.8,,,1,0,0,1
1776692367337396,1790684358.942007,3942,tx,51868.9,144.9,366.0,,,1,0,0,1
1776692510937452,1790684359.085606,4085,tx,58415.6,145.9,345.5,,,1,0,0,1
1776692650164471,1790684359.224834,4224,tx,52804.4,102.2,209.9,,,1,0,0,1
1776692794483651,1790684359.369153,4369,tx,52384.9,147.2,375.6,,,1,0,0,1
1776692938243275,1790684359.512912,4512,tx,51978.7,140.7,338.7,,,1,0,0,1
1776693082606517,1790684359.657276,4657,tx,52691.6,492.2,693.7,,,1,0,0,1
1776693227239866,1790684359.801910,4801,tx,52654.0,109.6,212.0,,,1,0,0,1
1776693370920300,1790684359.945590,4945,tx,52396.8,206.8,348.2,,,1,0,0,1
1776693514380581,1790684360.089050,5089,tx,52733.3,117.1,241.5,,,1,0,0,1
1776693658123079,1790684360.232793,5232,tx,52401.9,88.9,175.7,,,1,0,0,1
1776693801438759,1790684360.376109,5376,tx,55826.4,101.6,214.2,,,1,0,0,1
1776693938656025,1790684360.513326,5513,tx,53456.4,88.4,196.5,,,1,0,0,1
1776694083386600,1790684360.658056,5658,tx,52905.8,163.8,326.2,,,1,0,0,1
1776694227313008,1790684360.801983,5801,tx,52800.1,157.5,307.4,,,1,0,0,1
1776694371107969,1790684360.945778,5945,tx,53111.9,158.1,318.6,,,1,0,0,1
1776694515025602,1790684361.089695,6089,tx,52786.7,119.6,247.6,,,1,0,0,1
1776694658675971,1790684361.233346,6233,tx,52509.0,118.7,216.6,,,1,0,0,1
1776694801852105,1790684361.376522,6376,tx,53490.1,163.6,272.0,,,1,0,0,1
1776694946744960,1790684361.521414,6521,tx,95638.5,180.6,543.6,,,1,0,0,1
1776695091183183,1790684361.665853,6665,tx,52847.9,155.9,289.9,,,1,0,0,1
1776695237235036,1790684361.811904,6811,tx,53278.9,189.3,478.7,,,1,0,0,1
1776695381835115,1790684361.956505,6956,tx,52517.7,228.6,313.4,,,1,0,0,1
1776695526666838,1790684362.101335,7101,tx,52427.3,271.8,524.3,,,1,0,0,1
1776695670234628,1790684362.244904,7244,tx,51959.2,153.8,348.4,,,1,0,0,1
1776695813632021,1790684362.388301,7388,tx,52417.4,348.0,567.2,,,1,0,0,1
1776695957510035,1790684362.532180,7532,tx,52369.7,128.2,240.7,,,1,0,0,1
1776696101369905,1790684362.676040,7676,tx,54363.4,125.8,249.6,,,1,0,0,1
1776696247129268,1790684362.821798,7821,tx,52774.8,95.9,240.2,,,1,0,0,1
1776696391304157,1790684362.965974,7965,tx,53127.0,169.8,402.7,,,1,0,0,1
1776696529938632,1790684363.104608,8104,tx,53101.7,114.7,374.5,,,1,0,0,1
1776696674160681,1790684363.248831,8248,tx,52463.8,114.7,235.1,,,1,0,0,1
1776696818393667,1790684363.393063,8393,tx,52018.7,126.5,339.6,,,1,0,0,1
1776696961611453,1790684363.536281,8536,tx,51543.7,114.5,232.6,,,1,0,0,1
1776697104757231,1790684363.679427,8679,tx,54091.3,257.1,445.5,,,1,0,0,1
1776697250652938,1790684363.825323,8825,tx,53904.7,87.5,188.5,,,1,0,0,1
1776697394483145,1790684363.969153,8969,tx,51692.5,100.6,185.2,,,1,0,0,1
1776697532411683,1790684364.107081,9107,tx,52094.6,151.1,359.4,,,1,0,0,1
1776697676447219,1790684364.251116,9251,tx,52848.9,119.0,292.3,,,1,0,0,1
1776697820943920,1790684364.395613,9395,tx,53376.6,163.3,468.1,,,1,0,0,1
1776697965051283,1790684364.539721,9539,tx,52261.5,101.0,220.5,,,1,0,0,1
1776698108424315,1790684364.683094,9683,tx,52573.0,125.7,212.7,,,1,0,0,1
1776698252408571,1790684364.827078,9827,tx,51696.1,142.7,304.2,,,1,0,0,1
1776698396447499,1790684364.971117,9971,tx,53193.4,167.0,388.1,,,1,0,0,1
1776698537073150,1790684365.111742,10111,tx,87417.9,151.9,363.2,,,1,0,0,1
1776698680811237,1790684365.255481,10255,tx,52494.0,257.7,343.6,,,1,0,0,1
1776698824363223,1790684365.399033,10399,tx,52251.8,173.4,404.9,,,1,0,0,1
1776698968408215,1790684365.543077,10543,tx,53163.2,155.5,390.7,,,1,0,0,1
1776699113059378,1790684365.687729,10687,tx,51845.0,131.3,275.2,,,1,0,0,1
1776699255850374,1790684365.830520,10830,tx,52326.3,238.8,346.6,,,1,0,0,1
1776699400398943,1790684365.975069,10975,tx,54862.9,89.0,212.4,,,1,0,0,1
1776699547487611,1790684366.122157,11122,tx,53298.0,166.7,388.1,,,1,0,0,1
1776699692180320,1790684366.266850,11266,tx,52190.9,146.4,513.8,,,1,0,0,1
1776699835825720,1790684366.410495,11410,tx,53051.8,172.0,430.4,,,1,0,0,1
1776699979248548,1790684366.553919,11553,tx,52363.1,109.8,216.8,,,1,0,0,1
1776700124121710,1790684366.698791,11698,tx,52237.9,206.7,421.4,,,1,0,0,1
1776700268102364,1790684366.842772,11842,tx,53132.0,191.0,401.9,,,1,0,0,1
1776700412927857,1790684366.987597,11987,tx,52159.2,158.1,386.0,,,1,0,0,1
1776700556452215,1790684367.131122,12131,tx,52612.9,85.3,206.3,,,1,0,0,1
1776700699799940,1790684367.274469,12274,tx,59278.7,266.2,496.2,,,1,0,0,1
1776700840549092,1790684367.415219,12415,tx,51605.3,95.8,193.4,,,1,0,0,1
1776700983522053,1790684367.558191,12558,tx,52823.5,159.7,350.3,,,1,0,0,1
1776701127181826,1790684367.701851,12701,tx,52879.3,158.7,360.6,,,1,0,0,1
1776701270971184,1790684367.845641,12845,tx,52404.5,135.9,239.2,,,1,0,0,1
1776701414564784,1790684367.989234,12989,tx,51890.6,141.4,305.2,,,1,0,0,1
1776701558148384,1790684368.132818,13132,tx,53050.6,154.5,362.6,,,1,0,0,1
1776701702247674,1790684368.276917,13276,tx,53128.9,112.2,234.1,,,1,0,0,1
1776701846537522,1790684368.421208,13421,tx,52436.4,108.2,205.6,,,1,0,0,1
1776701989352580,1790684368.564023,13564,tx,52491.0,125.4,216.4,,114901.3,1,0,0,1
1776702129313206,1790684368.703983,13703,idle,93701.1,135.6,304.6,,,0,0,0,0
1776702272955329,1790684368.847625,13847,idle,52809.0,283.8,412.1,,,0,0,0,0
1776702431776422,1790684369.006446,14006,idle,1913.4,87.1,140.5,,,0,0,0,0
1776702571242283,1790684369.145912,14145,idle,1514.2,119.8,263.8,,,0,0,0,0
1776702709844077,1790684369.284514,14284,idle,1515.2,449.5,572.5,,,0,0,0,0
1776702850205969,1790684369.424876,14424,idle,1118.0,88.7,213.1,,,0,0,0,0
1776702990406511,1790684369.565076,14565,idle,1755.2,93.6,266.2,,,0,0,0,0
1776703129809769,1790684369.704479,14704,idle,1685.3,343.8,564.5,,,0,0,0,0
1776703270166617,1790684369.844836,14844,idle,983.7,79.1,188.0,,,0,0,0,0
1776703410150184,1790684369.984820,14984,idle,1165.3,85.2,218.0,,,0,0,0,0
1776703552013589,1790684370.126683,126,idle,1465.7,219.8,335.1,,,0,0,0,0
1776703689946661,1790684370.264616,264,idle,2079.2,290.6,443.6,,,0,0,0,0
1776703830383612,1790684370.405053,405,idle,1664.7,145.5,276.7,,,0,0,0,0
1776703969690965,1790684370.544361,544,idle,1695.7,104.2,277.3,,,0,0,0,0
1776704109817237,1790684370.684487,684,idle,1560.4,433.7,530.3,,,0,0,0,0
1776704250586311,1790684370.825256,825,idle,1403.5,126.5,233.4,,,0,0,0,0
1776704389937782,1790684370.964607,964,idle,1510.5,310.3,438.5,,,0,0,0,0
1776704529970402,1790684371.104640,1104,idle,1317.9,326.5,434.2,,,0,0,0,0
1776704670643667,1790684371.245314,1245,idle,1254.4,84.7,169.7,,,0,0,0,0
1776704810587057,1790684371.385257,1385,idle,1505.5,133.4,287.2,,,0,0,0,0
1776704950319524,1790684371.524988,1524,idle,2404.1,156.8,366.1,,,0,0,0,0
1776705091324310,1790684371.665993,1665,idle,2440.8,154.9,380.9,,,0,0,0,0
1776705230369965,1790684371.805039,1805,idle,2192.4,157.1,394.6,,,0,0,0,0
1776705369556262,1790684371.944226,1944,idle,1287.7,97.7,185.7,,,0,0,0,0
1776705510799602,1790684372.085469,2085,idle,1458.0,142.5,273.7,,,0,0,0,0
1776705650593237,1790684372.225263,2225,idle,1948.0,143.0,296.2,,,0,0,0,0
1776705790613368,1790684372.365283,2365,idle,2219.6,119.0,351.3,,,0,0,0,0
1776705930092283,1790684372.504762,2504,idle,1133.9,203.5,309.6,,,0,0,0,0
1776706069552785,1790684372.644223,2644,idle,1233.1,130.6,216.3,,,0,0,0,0
1776706211223866,1790684372.785894,2785,idle,1961.4,146.2,324.1,,,0,0,0,0
1776706351078464,1790684372.925748,2925,idle,2393.5,155.6,360.5,,,0,0,0,0
1776706490791043,1790684373.065460,3065,idle,2743.3,462.4,664.3,,,0,0,0,0
1776706630966327,1790684373.205636,3205,idle,2109.9,334.1,421.8,,,0,0,0,0
1776706769681651,1790684373.344352,3344,idle,1372.4,84.3,216.9,,,0,0,0,0
1776706910515634,1790684373.485186,3485,idle,1391.4,109.7,206.0,,,0,0,0,0
1776707050571462,1790684373.625241,3625,idle,2266.5,159.2,346.7,,,0,0,0,0
1776707190125361,1790684373.764795,3764,idle,2229.3,147.1,370.3,,,0,0,0,0
1776707330338534,1790684373.905009,3905,idle,1117.1,87.3,212.2,,,0,0,0,0
1776707469790615,1790684374.044461,4044,idle,1311.1,142.5,263.4,,,0,0,0,0
1776707611446705,1790684374.186116,4186,idle,1879.0,143.6,340.7,,,0,0,0,0
1776707750519564,1790684374.325190,4325,idle,2217.3,109.2,238.9,,,0,0,0,0
1776707890541178,1790684374.465210,4465,idle,2233.8,126.4,360.4,,,0,0,0,0
1776708030078142,1790684374.604748,4604,idle,1037.6,130.0,218.7,,,0,0,0,0
1776708170261987,1790684374.744931,4744,idle,2202.0,163.2,368.4,,,0,0,0,0
1776708310904331,1790684374.885573,4885,idle,2192.1,190.7,387.9,,,0,0,0,0
1776708450973061,1790684375.025642,5025,idle,2761.2,129.3,366.0,,,0,0,0,0
1776708590311482,1790684375.164981,5164,idle,1424.5,114.1,245.2,,,0,0,0,0
1776708730076851,1790684375.304747,5304,idle,920.3,110.0,223.8,,,0,0,0,0
1776708869831970,1790684375.444502,5444,idle,1224.2,118.9,233.8,,,0,0,0,0
1776709010279265,1790684375.584949,5584,idle,1005.6,104.1,200.6,,,0,0,0,0
1776709150082896,1790684375.724753,5724,idle,1154.4,165.1,263.2,,,0,0,0,0
1776709290248230,1790684375.864918,5864,idle,3579.3,211.5,1030.7,,,0,0,0,0
1776709430122742,1790684376.004793,6004,idle,980.8,119.2,186.6,,,0,0,0,0
1776709571088019,1790684376.145756,6145,idle,2181.0,120.3,306.8,,,0,0,0,0
1776709711271326,1790684376.285940,6285,idle,2101.3,160.3,366.5,,,0,0,0,0
1776709850802373,1790684376.425472,6425,idle,2332.8,282.8,535.4,,,0,0,0,0
1776709990203028,1790684376.564873,6564,idle,989.7,104.8,218.3,,,0,0,0,0
1776710131828094,1790684376.706498,6706,idle,2198.8,294.3,447.2,,,0,0,0,0
1776710270221764,1790684376.844892,6844,idle,1127.7,104.7,224.3,,,0,0,0,0
1776710410451993,1790684376.985122,6985,idle,939.6,78.5,168.3,,,0,0,0,0
1776710551187694,1790684377.125857,7125,idle,2291.8,185.9,395.5,,,0,0,0,0
1776710690481178,1790684377.265151,7265,idle,1128.7,101.1,165.0,,,0,0,0,0
1776710830539068,1790684377.405209,7405,idle,1406.3,127.6,230.5,,,0,0,0,0
1776710970697287,1790684377.545367,7545,idle,1318.9,114.3,243.8,,,0,0,0,0
1776711110297683,1790684377.684968,7684,idle,1077.4,113.1,253.3,,,0,0,0,0
1776711249829734,1790684377.824500,7824,idle,1289.1,115.8,201.5,,,0,0,0,0
1776711390350609,1790684377.965021,7965,idle,1032.0,78.3,182.3,,,0,0,0,0
1776711529967825,1790684378.104638,8104,idle,1490.9,241.5,368.9,,,0,0,0,0
1776711670578857,1790684378.245249,8245,idle,1433.6,114.9,251.2,,,0,0,0,0
1776711809799916,1790684378.384470,8384,idle,1434.4,125.9,278.1,,,0,0,0,0
1776711949899482,1790684378.524569,8524,idle,1490.8,296.1,395.7,,,0,0,0,0
1776712090188547,1790684378.664859,8664,idle,1117.0,84.6,191.1,,,0,0,0,0
1776712229816138,1790684378.804486,8804,idle,1510.4,89.4,214.1,,,0,0,0,0
1776712370328140,1790684378.944998,8944,idle,1173.1,89.0,214.9,,,0,0,0,0
1776712510379105,1790684379.085049,9085,idle,1546.1,120.4,238.8,,,0,0,0,0
1776712649558187,1790684379.224228,9224,idle,1333.9,113.7,245.8,,,0,0,0,0
1776712790063918,1790684379.364734,9364,idle,1371.0,153.7,287.6,,,0,0,0,0
1776712930492511,1790684379.505162,9505,idle,1773.8,134.1,282.2,,,0,0,0,0
1776713071377506,1790684379.646047,9646,idle,2404.9,182.0,414.4,,,0,0,0,0
1776713210421717,1790684379.785091,9785,idle,2028.0,181.6,390.8,,,0,0,0,0
1776713351131738,1790684379.925801,9925,idle,2588.1,140.7,361.8,,,0,0,0,0
1776713490132199,1790684380.064802,10064,idle,1050.9,165.6,238.2,,,0,0,0,0
1776713630920015,1790684380.205590,10205,idle,2341.7,221.8,453.3,,,0,0,0,0
1776713769834400,1790684380.344504,10344,idle,1311.3,143.2,258.4,,,0,0,0,0
1776713911424515,1790684380.486094,10486,idle,2447.6,194.9,432.9,,,0,0,0,0
1776714050303051,1790684380.624972,10624,idle,2052.0,146.1,353.6,,,0,0,0,0
1776714189886961,1790684380.764557,10764,idle,1131.5,107.2,201.4,,,0,0,0,0
1776714331313725,1790684380.905983,10905,idle,2285.6,111.6,308.3,,,0,0,0,0
1776714470277894,1790684381.044948,11044,idle,1016.1,109.0,216.2,,,0,0,0,0
1776714610528948,1790684381.185199,11185,idle,1175.9,81.9,167.6,,,0,0,0,0
1776714751060594,1790684381.325730,11325,idle,2033.7,264.7,1270.1,,,0,0,0,0
1776714889931885,1790684381.464602,11464,idle,1344.6,337.9,463.6,,,0,0,0,0
1776715029489822,1790684381.604160,11604,idle,1398.2,146.0,263.5,,,0,0,0,0
1776715170225922,1790684381.744895,11744,idle,2203.3,186.1,398.4,,,0,0,0,0
1776715310424539,1790684381.885094,11885,decode,1315.8,147.1,260.2,,,0,0,1,0
1776715449476296,1790684382.024146,12024,idle,862.1,107.6,189.8,,,0,0,0,0
1776715590725822,1790684382.165395,12165,idle,1858.4,137.7,311.3,,,0,0,0,0
1776715730676694,1790684382.305346,12305,idle,1669.4,102.0,279.6,,,0,0,0,0
1776715869941879,1790684382.444612,12444,idle,1382.3,298.6,414.3,,,0,0,0,0
1776716009740026,1790684382.584410,12584,idle,3450.7,286.3,2638.4,,,0,0,0,0
1776716149712883,1790684382.724383,12724,idle,1094.8,102.7,197.3,,,0,0,0,0
1776716290988444,1790684382.865658,12865,idle,2243.5,164.3,427.4,,,0,0,0,0
1776716432759482,1790684383.007429,13007,idle,2310.7,365.4,596.2,,,0,0,0,0
1776716570428410,1790684383.145097,13145,idle,1948.9,148.1,317.0,,,0,0,0,0
1776716709547832,1790684383.284218,13284,idle,1339.2,108.7,211.6,,,0,0,0,0
1776716850276108,1790684383.424946,13424,idle,1219.1,136.0,236.9,,,0,0,0,0
1776716991533309,1790684383.566203,13566,idle,1545.5,147.4,291.6,,,0,0,0,0
1776717130051955,1790684383.704722,13704,idle,1221.7,220.3,325.4,,,0,0,0,0
1776717270458077,1790684383.845127,13845,idle,2065.1,181.9,394.0,,,0,0,0,0
1776717410269449,1790684383.984939,13984,idle,1004.9,100.0,217.6,,,0,0,0,0
1776717550242522,1790684384.124913,14124,idle,2088.0,91.0,196.7,,,0,0,0,0
1776717690052226,1790684384.264722,14264,idle,1320.5,220.0,347.0,,,0,0,0,0
1776717828785485,1790684384.403455,14403,decode,1108.3,83.0,188.8,,,0,0,1,0
1776717970587858,1790684384.545257,14545,idle,1990.2,144.9,335.4,,,0,0,0,0
1776718109426556,1790684384.684097,14684,idle,900.6,79.5,151.8,,,0,0,0,0
1776718250377150,1790684384.825047,14825,idle,1742.4,106.9,252.5,,,0,0,0,0
1776718390383013,1790684384.965052,14965,idle,2101.8,121.6,342.3,,,0,0,0,0
1776718621073767,1790684385.195744,195,tx,51545.1,229.8,314.1,,,1,0,0,1
1776718763223154,1790684385.337893,337,tx,52221.4,105.2,224.2,,,1,0,0,1
1776718906833856,1790684385.481503,481,tx,51732.4,117.6,258.4,,,1,0,0,1
1776719050448862,1790684385.625118,625,tx,53084.5,162.0,368.7,,,1,0,0,1
1776719195831125,1790684385.770500,770,tx,53252.0,192.2,422.1,,,1,0,0,1
1776719340566275,1790684385.915236,915,tx,52964.9,131.0,346.2,,,1,0,0,1
1776719484159298,1790684386.058829,1058,tx,52376.6,305.8,396.2,,,1,0,0,1
1776719628526413,1790684386.203197,1203,tx,52959.7,148.2,270.5,,,1,0,0,1
1776719772539183,1790684386.347209,1347,tx,104015.6,87.5,218.5,,,1,0,0,1
1776719916246257,1790684386.490916,1490,tx,52494.6,181.0,290.5,,,1,0,0,1
1776720059802863,1790684386.634473,1634,tx,51829.3,116.5,272.7,,,1,0,0,1
1776720202652480,1790684386.777323,1777,tx,54771.0,93.8,203.6,,,1,0,0,1
1776720348373817,1790684386.923043,1923,tx,52985.3,119.7,231.6,,,1,0,0,1
1776720492279897,1790684387.066950,2066,tx,53636.2,125.1,264.6,,,1,0,0,1
1776720637252101,1790684387.211922,2211,tx,52975.8,200.1,322.5,,,1,0,0,1
1776720781344850,1790684387.356015,2356,tx,52499.8,110.4,227.9,,,1,0,0,1
1776720924685720,1790684387.499355,2499,tx,58126.9,87.7,287.2,,,1,0,0,1
1776721064183402,1790684387.638853,2638,tx,52009.4,239.8,369.6,,,1,0,0,1
1776721207555149,1790684387.782225,2782,tx,52815.3,85.0,201.5,,,1,0,0,1
1776721351241923,1790684387.925912,2925,tx,54117.4,235.1,339.0,,,1,0,0,1
1776721494766190,1790684388.069436,3069,tx,52559.9,84.2,168.1,,,1,0,0,1
1776721638158309,1790684388.212828,3212,tx,52459.2,348.7,435.6,,,1,0,0,1
1776721781747405,1790684388.356417,3356,tx,53024.7,103.7,181.8,,,1,0,0,1
1776721925616284,1790684388.500286,3500,tx,52712.8,109.2,202.4,,,1,0,0,1
1776722069331633,1790684388.644001,3644,tx,52337.7,185.3,288.1,,,1,0,0,1
1776722212389959,1790684388.787060,3787,tx,54256.4,97.0,212.2,,,1,0,0,1
1776722357457347,1790684388.932127,3932,tx,53069.9,106.6,219.1,,,1,0,0,1
1776722501150014,1790684389.075820,4075,tx,55249.2,336.7,436.3,,,1,0,0,1
1776722647188575,1790684389.221859,4221,tx,52391.6,291.9,395.5,,,1,0,0,1
1776722790585424,1790684389.365255,4365,tx,54348.7,77.2,174.2,,,1,0,0,1
1776722933902284,1790684389.508572,4508,tx,52696.0,104.6,190.6,,,1,0,0,1
1776723078450976,1790684389.653121,4653,tx,51989.2,155.8,306.0,,,1,0,0,1
1776723222720850,1790684389.797390,4797,tx,53769.8,133.4,360.2,,,1,0,0,1
1776723367394982,1790684389.942064,4942,tx,87252.1,126.9,293.9,,,1,0,0,1
1776723511188975,1790684390.085859,5085,tx,52420.7,340.5,398.7,,,1,0,0,1
1776723655338744,1790684390.230008,5230,tx,52150.4,161.3,407.7,,,1,0,0,1
1776723798694248,1790684390.373364,5373,tx,51496.3,93.5,224.4,,,1,0,0,1
1776723942366254,1790684390.517035,5517,tx,53016.0,118.8,303.9,,,1,0,0,1
1776724086054690,1790684390.660724,5660,tx,51655.0,277.4,391.2,,,1,0,0,1
1776724228320250,1790684390.802990,5802,tx,52205.0,94.8,180.8,,,1,0,0,1
1776724371174565,1790684390.945844,5945,tx,52396.9,146.0,270.4,,,1,0,0,1
1776724514133988,1790684391.088804,6088,tx,52352.4,186.6,306.5,,,1,0,0,1
1776724658598888,1790684391.233269,6233,tx,52575.7,107.8,231.7,,,1,0,0,1
1776724801638205,1790684391.376308,6376,tx,51700.5,75.3,171.2,,,1,0,0,1
1776724944522363,1790684391.519191,6519,tx,53107.5,133.8,389.1,,,1,0,0,1
1776725088221956,1790684391.662892,6662,tx,52295.9,135.3,249.3,,,1,0,0,1
1776725226528589,1790684391.801198,6801,tx,52063.2,169.8,391.7,,,1,0,0,1
1776725370632444,1790684391.945302,6945,tx,52814.7,129.2,330.5,,,1,0,0,1
1776725515039412,1790684392.089710,7089,tx,52951.6,289.2,392.0,,,1,0,0,1
1776725658965046,1790684392.233635,7233,tx,51963.4,131.0,274.1,,,1,0,0,1
1776725802349039,1790684392.377017,7377,tx,63437.2,139.5,376.6,,,1,0,0,1
1776725946924846,1790684392.521595,7521,tx,51716.9,138.0,267.4,,,1,0,0,1
1776726089479137,1790684392.664149,7664,tx,52141.7,81.4,148.5,,,1,0,0,1
1776726235729707,1790684392.810399,7810,tx,52213.7,151.4,357.6,,,1,0,0,1
1776726380262637,1790684392.954932,7954,tx,53327.9,147.1,369.2,,,1,0,0,1
1776726525566019,1790684393.100235,8100,tx,53057.3,128.4,347.0,,,1,0,0,1
1776726669770794,1790684393.244441,8244,tx,52425.4,79.1,173.8,,,1,0,0,1
1776726812860220,1790684393.387530,8387,tx,51397.2,82.4,185.3,,,1,0,0,1
1776726954764320,1790684393.529434,8529,tx,81673.5,109.3,217.2,,,1,0,0,1
1776727098837553,1790684393.673507,8673,tx,52137.3,136.3,324.5,,,1,0,0,1
1776727242749925,1790684393.817419,8817,tx,52418.8,123.3,358.4,,,1,0,0,1
1776727385661347,1790684393.960331,8960,tx,52494.3,101.9,199.2,,,1,0,0,1
1776727529910309,1790684394.104580,9104,tx,53271.1,213.6,447.4,,,1,0,0,1
1776727674457425,1790684394.249127,9249,tx,52338.6,79.6,165.9,,,1,0,0,1
1776727817404902,1790684394.392075,9392,tx,52232.2,109.4,209.6,,,1,0,0,1
1776727961256111,1790684394.535925,9535,tx,52874.1,146.5,370.3,,,1,0,0,1
1776728104965426,1790684394.679636,9679,tx,51413.3,106.5,172.2,,,1,0,0,1
1776728248065604,1790684394.822735,9822,tx,52131.4,336.2,460.9,,,1,0,0,1
1776728391164364,1790684394.965834,9965,tx,52495.2,216.5,345.7,,,1,0,0,1
1776728533532559,1790684395.108202,10108,tx,52587.2,99.3,222.3,,,1,0,0,1
1776728676698590,1790684395.251369,10251,tx,52328.5,85.3,167.9,,,1,0,0,1
1776728820231697,1790684395.394902,10394,tx,52498.0,198.1,298.6,,,1,0,0,1
1776728964232904,1790684395.538903,10538,tx,52580.3,178.9,317.0,,,1,0,0,1
1776729108419805,1790684395.683090,10683,tx,51829.8,159.9,328.7,,,1,0,0,1
1776729251054643,1790684395.825724,10825,tx,52351.4,113.7,231.4,,,1,0,0,1
1776729394079218,1790684395.968749,10968,tx,52351.5,114.3,198.6,,,1,0,0,1
1776729537640921,1790684396.112310,11112,tx,52947.9,141.2,306.2,,,1,0,0,1
1776729682582281,1790684396.257252,11257,tx,51543.5,126.7,235.4,,,1,0,0,1
1776729826083855,1790684396.400753,11400,tx,52312.4,196.6,440.3,,,1,0,0,1
1776729969435505,1790684396.544106,11544,tx,52787.9,107.4,209.4,,,1,0,0,1
1776730113501546,1790684396.688172,11688,tx,52546.0,110.6,253.7,,,1,0,0,1
1776730257465595,1790684396.832135,11832,tx,52783.8,126.3,280.8,,,1,0,0,1
1776730401250112,1790684396.975919,11975,tx,60079.2,148.3,354.7,,,1,0,0,1
1776730542161720,1790684397.116832,12116,tx,109321.5,260.1,375.9,,,1,0,0,1
1776730686252497,1790684397.260922,12260,tx,52516.2,161.0,292.0,,,1,0,0,1
1776730829314724,1790684397.403985,12403,tx,52545.5,127.4,253.8,,,1,0,0,1
1776730972592722,1790684397.547262,12547,tx,52827.8,158.7,299.4,,,1,0,0,1
1776731116762046,1790684397.691432,12691,tx,52674.0,90.8,234.5,,,1,0,0,1
1776731260102900,1790684397.834773,12834,tx,52629.8,287.0,397.5,,,1,0,0,1
1776731404257850,1790684397.978928,12978,tx,52691.1,204.1,300.0,,,1,0,0,1
1776731547678206,1790684398.122348,13122,tx,51656.6,130.2,272.9,,,1,0,0,1
1776731690176595,1790684398.264846,13264,tx,52981.5,247.8,389.0,,,1,0,0,1
1776731834565972,1790684398.409236,13409,tx,52581.0,114.4,227.7,,,1,0,0,1
1776731978735231,1790684398.553405,13553,tx,52481.2,78.6,172.7,,124459.0,1,0,0,1
1776732123451873,1790684398.698122,13698,idle,51280.1,152.8,241.1,,,0,0,0,0
1776732266286152,1790684398.840955,13840,idle,53349.5,224.5,438.9,,,0,0,0,0
1776732431971177,1790684399.006641,14006,idle,3901.1,180.5,356.9,,,0,0,0,0
1776732574939706,1790684399.149610,14149,idle,1811.5,158.4,322.0,,,0,0,0,0
1776732714633198,1790684399.289303,14289,idle,909.1,102.1,185.3,,,0,0,0,0
1776732855453787,1790684399.430123,14430,idle,2203.4,150.1,367.5,,,0,0,0,0
1776732995685559,1790684399.570355,14570,idle,1768.8,85.7,240.1,,,0,0,0,0
1776733134275824,1790684399.708945,14708,idle,2538.7,182.8,430.3,,,0,0,0,0
1776733275562801,1790684399.850232,14850,idle,1968.5,106.2,276.1,,,0,0,0,0
1776733414973821,1790684399.989644,14989,idle,1065.4,79.3,172.7,,,0,0,0,0
1776733555448740,1790684400.130118,130,idle,2389.9,144.8,385.8,,,0,0,0,0
1776733696097256,1790684400.270766,270,idle,2380.5,415.8,606.4,,,0,0,0,0
1776733835450647,1790684400.410120,410,idle,1263.6,112.1,249.2,,,0,0,0,0
1776733975168309,1790684400.549838,549,idle,1250.8,431.3,538.3,,,0,0,0,0
1776734114772724,1790684400.689443,689,idle,1262.9,74.9,167.6,,,0,0,0,0
1776734255926949,1790684400.830596,830,idle,2286.6,159.3,402.4,,,0,0,0,0
1776734395639599,1790684400.970309,970,idle,2101.9,119.7,346.3,,,0,0,0,0
1776734537166959,1790684401.111836,1111,idle,2623.3,362.6,550.7,,,0,0,0,0
1776734675357955,1790684401.250028,1250,idle,1059.9,234.1,328.4,,,0,0,0,0
1776734815354609,1790684401.390024,1390,idle,1253.1,211.1,337.0,,,0,0,0,0
1776734955984433,1790684401.530654,1530,idle,2244.0,161.2,397.1,,,0,0,0,0
1776735096095063,1790684401.670764,1670,idle,2667.9,409.5,649.0,,,0,0,0,0
1776735239612905,1790684401.814282,1814,idle,2279.7,110.0,346.7,,,0,0,0,0
1776735384670102,1790684401.959340,1959,idle,793.6,74.4,145.5,,,0,0,0,0
1776735526160507,1790684402.100831,2100,idle,1154.8,80.7,149.3,,,0,0,0,0
1776735665270255,1790684402.239940,2239,idle,1202.6,355.9,427.5,,,0,0,0,0
1776735805141269,1790684402.379811,2379,idle,1224.9,103.1,195.4,,,0,0,0,0
1776735944787871,1790684402.519458,2519,idle,1312.9,82.2,191.2,,,0,0,0,0
1776736085044928,1790684402.659715,2659,idle,1091.5,78.8,159.2,,,0,0,0,0
1776736228358296,1790684402.803027,2803,idle,2344.2,152.8,379.0,,,0,0,0,0
1776736375155320,1790684402.949825,2949,idle,1310.4,415.5,532.1,,,0,0,0,0
1776736514799608,1790684403.089470,3089,idle,1487.6,85.3,234.6,,,0,0,0,0
1776736654944950,1790684403.229615,3229,idle,1288.2,105.4,230.0,,,0,0,0,0
1776736795051929,1790684403.369722,3369,idle,1389.0,82.7,205.5,,,0,0,0,0
1776736934574129,1790684403.509244,3509,idle,958.6,83.5,185.7,,,0,0,0,0
1776737074798591,1790684403.649468,3649,idle,1544.8,137.1,250.0,,,0,0,0,0
1776737215307969,1790684403.789978,3789,idle,1222.0,189.5,302.5,,,0,0,0,0
1776737355528064,1790684403.930197,3930,idle,2103.1,151.4,357.2,,,0,0,0,0
1776737494834275,1790684404.069504,4069,idle,1040.6,79.8,193.3,,,0,0,0,0
1776737635080049,1790684404.209750,4209,idle,1443.3,106.6,245.9,,,0,0,0,0
1776737775070353,1790684404.349740,4349,idle,1263.5,121.5,238.6,,,0,0,0,0
1776737915142351,1790684404.489812,4489,idle,1163.2,118.3,221.9,,,0,0,0,0
1776738054661179,1790684404.629331,4629,idle,934.0,100.5,192.0,,,0,0,0,0
1776738195072193,1790684404.769742,4769,idle,1195.8,135.6,241.0,,,0,0,0,0
1776738339937066,1790684404.914606,4914,idle,2173.3,189.8,443.5,,,0,0,0,0
1776738486403334,1790684405.061073,5061,idle,2457.2,161.3,371.5,,,0,0,0,0
1776738624880875,1790684405.199551,5199,idle,1140.6,114.2,216.2,,,0,0,0,0
1776738765071622,1790684405.339742,5339,idle,1391.3,94.2,201.5,,,0,0,0,0
1776738904872043,1790684405.479542,5479,idle,1251.4,141.3,256.2,,,0,0,0,0
1776739045662656,1790684405.620332,5620,idle,1977.4,123.4,318.7,,,0,0,0,0
1776739185144902,1790684405.759815,5759,idle,2179.4,301.2,469.4,,,0,0,0,0
1776739329380602,1790684405.904050,5904,idle,1285.3,120.6,228.1,,,0,0,0,0
1776739474689292,1790684406.049359,6049,idle,933.8,108.5,188.3,,,0,0,0,0
1776739615427034,1790684406.190097,6190,idle,1798.9,158.3,332.9,,,0,0,0,0
1776739756256434,1790684406.330925,6330,idle,2223.8,169.4,375.2,,,0,0,0,0
1776739895722227,1790684406.470392,6470,idle,2301.5,128.6,324.2,,,0,0,0,0
1776740042738646,1790684406.617408,6617,idle,2334.3,125.2,345.8,,,0,0,0,0
1776740184886303,1790684406.759556,6759,idle,1139.8,80.1,146.9,,,0,0,0,0
1776740331094402,1790684406.905764,6905,idle,2241.0,159.5,360.2,,,0,0,0,0
1776740475923428,1790684407.050593,7050,idle,2279.4,128.4,369.5,,,0,0,0,0
1776740615901380,1790684407.190571,7190,idle,2327.0,190.0,430.4,,,0,0,0,0
1776740755393143,1790684407.330063,7330,idle,1018.8,97.2,219.1,,,0,0,0,0
1776740894712690,1790684407.469383,7469,idle,1260.0,135.6,240.9,,,0,0,0,0
1776741040815378,1790684407.615485,7615,idle,1438.1,113.5,215.7,,,0,0,0,0
1776741185799436,1790684407.760469,7760,idle,2128.6,149.9,347.8,,,0,0,0,0
1776741325375316,1790684407.900044,7900,idle,2175.5,157.3,379.3,,,0,0,0,0
1776741464818365,1790684408.039489,8039,idle,1116.3,74.2,164.2,,,0,0,0,0
1776741605096846,1790684408.179767,8179,idle,1282.3,118.1,235.6,,,0,0,0,0
1776741745201358,1790684408.319870,8319,idle,1881.0,278.9,466.5,,,0,0,0,0
1776741885062262,1790684408.459732,8459,idle,1429.4,137.5,256.6,,,0,0,0,0
1776742024836878,1790684408.599506,8599,idle,1265.0,87.1,212.2,,,0,0,0,0
1776742166697475,1790684408.741366,8741,idle,965.7,75.2,176.6,,,0,0,0,0
1776742305686143,1790684408.880355,8880,idle,8090.1,127.5,342.2,,,0,0,0,0
1776742445255762,1790684409.019926,9019,idle,1578.6,252.2,389.2,,,0,0,0,0
1776742585740442,1790684409.160410,9160,idle,2343.6,164.6,372.1,,,0,0,0,0
1776742725070244,1790684409.299740,9299,idle,1162.6,87.6,174.7,,,0,0,0,0
1776742864574455,1790684409.439244,9439,idle,1003.8,107.4,229.0,,,0,0,0,0
1776743004870193,1790684409.579540,9579,idle,1195.5,105.0,221.3,,,0,0,0,0
1776743144559719,1790684409.719230,9719,idle,1040.3,74.8,208.2,,,0,0,0,0
1776743285418551,1790684409.860088,9860,idle,1350.1,145.0,287.0,,,0,0,0,0
1776743428933885,1790684410.003604,10003,idle,1276.8,90.0,215.5,,,0,0,0,0
1776743574887981,1790684410.149558,10149,idle,1211.3,113.6,245.3,,,0,0,0,0
1776743714412074,1790684410.289082,10289,idle,891.4,146.1,234.4,,,0,0,0,0
1776743855338554,1790684410.430007,10430,idle,2181.6,110.9,335.1,,,0,0,0,0
1776743994929374,1790684410.569599,10569,idle,1591.1,131.3,324.2,,,0,0,0,0
1776744132137380,1790684410.706807,10706,idle,1070.3,108.2,224.5,,,0,0,0,0
1776744274854599,1790684410.849524,10849,idle,1108.0,115.8,229.1,,,0,0,0,0
1776744415808443,1790684410.990478,10990,idle,1999.5,144.7,390.5,,,0,0,0,0
1776744556254325,1790684411.130924,11130,idle,2300.3,213.8,434.9,,,0,0,0,0
1776744695586541,1790684411.270256,11270,idle,2168.6,127.2,342.5,,,0,0,0,0
1776744834653496,1790684411.409323,11409,idle,2402.2,79.5,186.9,,,0,0,0,0
1776744974462853,1790684411.549133,11549,idle,984.2,115.2,236.8,,,0,0,0,0
1776745115391887,1790684411.690062,11690,idle,1289.4,166.2,293.2,,,0,0,0,0
1776745254915178,1790684411.829585,11829,decode,1411.2,106.5,221.4,,,0,0,1,0
1776745394973800,1790684411.969644,11969,idle,1427.8,79.5,191.6,,,0,0,0,0
1776745541047611,1790684412.115718,12115,idle,1067.3,106.3,204.6,,,0,0,0,0
1776745685532628,1790684412.260202,12260,idle,2135.8,148.2,368.7,,,0,0,0,0
1776745824749870,1790684412.399420,12399,idle,1343.4,113.9,217.2,,,0,0,0,0
1776745966206840,1790684412.540877,12540,idle,1434.0,174.7,315.5,,,0,0,0,0
1776746104950539,1790684412.679620,12679,idle,1312.8,151.3,281.4,,,0,0,0,0
1776746244913907,1790684412.819584,12819,idle,1497.0,83.9,236.0,,,0,0,0,0
1776746384806092,1790684412.959476,12959,idle,990.4,91.4,201.1,,,0,0,0,0
1776746525252983,1790684413.099923,13099,idle,1167.0,80.9,153.9,,,0,0,0,0
1776746665797870,1790684413.240467,13240,idle,1731.0,137.8,335.8,,,0,0,0,0
1776746804814396,1790684413.379484,13379,idle,1680.6,128.7,221.5,,,0,0,0,0
1776746944661066,1790684413.519331,13519,idle,920.5,106.5,183.5,,,0,0,0,0
1776747085901271,1790684413.660571,13660,idle,2340.4,152.6,367.0,,,0,0,0,0
1776747231169334,1790684413.805839,13805,idle,1750.9,156.4,317.3,,,0,0,0,0
1776747375969522,1790684413.950639,13950,idle,1429.2,148.3,262.9,,,0,0,0,0
1776747515335513,1790684414.090005,14090,idle,1083.2,263.1,375.8,,,0,0,0,0
1776747654821180,1790684414.229491,14229,idle,1235.1,80.2,184.9,,,0,0,0,0
1776747795673426,1790684414.370343,14370,decode,1644.2,103.8,255.0,,,0,0,1,0
1776747940296838,1790684414.514966,14514,idle,2480.7,227.1,432.2,,,0,0,0,0
1776748086410385,1790684414.661080,14661,idle,2114.9,119.6,318.2,,,0,0,0,0
1776748224474966,1790684414.799145,14799,idle,1104.7,112.6,237.6,,,0,0,0,0
1776748365181478,1790684414.939852,14939,idle,1282.2,114.1,236.3,,,0,0,0,0
1776748505053285,1790684415.079723,79,idle,158787.3,79.2,173.4,,,0,0,0,1
1776748724527419,1790684415.299197,299,tx,52825.4,142.6,280.4,,,1,0,0,1
1776748870078821,1790684415.444749,444,tx,52516.7,76.1,202.0,,,1,0,0,1
1776749013428778,1790684415.588099,588,tx,52591.0,347.8,450.5,,,1,0,0,1
1776749157019890,1790684415.731690,731,tx,51581.5,76.6,198.7,,,1,0,0,1
1776749299905611,1790684415.874576,874,tx,54546.1,84.1,159.9,,,1,0,0,1
1776749445505106,1790684416.020175,1020,tx,52176.1,259.2,366.0,,,1,0,0,1
1776749588599640,1790684416.163270,1163,tx,51382.8,173.0,271.3,,,1,0,0,1
1776749727375304,1790684416.302044,1302,tx,53258.2,295.9,520.9,,,1,0,0,1
1776749872685223,1790684416.447355,1447,tx,52362.9,148.3,373.0,,,1,0,0,1
1776750016354988,1790684416.591024,1591,tx,52348.1,352.0,556.6,,,1,0,0,1
1776750160092477,1790684416.734762,1734,tx,51389.2,95.5,192.4,,,1,0,0,1
1776750303214568,1790684416.877884,1877,tx,55832.2,485.8,719.2,,,1,0,0,1
1776750440391449,1790684417.015061,2015,tx,52496.6,311.0,542.6,,,1,0,0,1
1776750585243892,1790684417.159913,2159,tx,52629.2,500.0,683.8,,,1,0,0,1
1776750730153658,1790684417.304823,2304,tx,53338.7,151.5,362.0,,,1,0,0,1
1776750874022311,1790684417.448693,2448,tx,52530.8,103.2,193.1,,,1,0,0,1
1776751018127462,1790684417.592796,2592,tx,53634.9,193.3,413.0,,,1,0,0,1
1776751163445603,1790684417.738115,2738,tx,53033.0,298.1,479.9,,,1,0,0,1
1776751308070030,1790684417.882739,2882,tx,53473.9,121.7,317.4,,,1,0,0,1
1776751451921586,1790684418.026592,3026,tx,54007.0,82.6,181.7,,,1,0,0,1
1776751595543284,1790684418.170213,3170,tx,52433.2,212.4,337.1,,,1,0,0,1
1776751738916308,1790684418.313586,3313,tx,52747.8,92.5,234.3,,,1,0,0,1
1776751883339729,1790684418.458009,3458,tx,84429.0,365.0,580.5,,,1,0,0,1
1776752021164090,1790684418.595833,3595,tx,53386.7,157.8,364.7,,,1,0,0,1
1776752165457024,1790684418.740127,3740,tx,51473.7,317.4,416.1,,,1,0,0,1
1776752309274103,1790684418.883943,3883,tx,52532.8,462.5,652.1,,,1,0,0,1
1776752452725943,1790684419.027396,4027,tx,54731.2,88.6,222.1,,,1,0,0,1
1776752596799287,1790684419.171469,4171,tx,52843.0,94.0,210.0,,,1,0,0,1
1776752740627117,1790684419.315297,4315,tx,56164.1,97.2,3539.0,,,1,0,0,1
1776752878056653,1790684419.452727,4452,tx,52832.6,112.9,207.8,,,1,0,0,1
1776753021959661,1790684419.596630,4596,tx,51679.8,78.0,192.1,,,1,0,0,1
1776753164705712,1790684419.739376,4739,tx,52834.5,86.6,216.4,,,1,0,0,1
1776753308295470,1790684419.882965,4882,tx,52862.0,96.8,211.5,,,1,0,0,1
1776753452063114,1790684420.026733,5026,tx,54789.2,116.5,226.4,,,1,0,0,1
1776753595518289,1790684420.170188,5170,tx,51446.3,149.7,268.6,,,1,0,0,1
1776753738224612,1790684420.312895,5312,tx,52746.8,125.0,277.9,,,1,0,0,1
1776753881584606,1790684420.456254,5456,tx,52390.1,109.5,229.7,,,1,0,0,1
1776754025893335,1790684420.600562,5600,tx,53288.8,202.1,445.6,,,1,0,0,1
1776754170319463,1790684420.744989,5744,tx,52335.4,98.1,213.4,,,1,0,0,1
1776754314101043,1790684420.888770,5888,tx,52577.4,163.2,409.6,,,1,0,0,1
1776754459360348,1790684421.034029,6034,tx,52391.1,241.7,465.7,,,1,0,0,1
1776754603332944,1790684421.178002,6178,tx,59483.7,287.1,472.8,,,1,0,0,1
1776754743972243,1790684421.318641,6318,tx,52460.4,125.1,308.9,,,1,0,0,1
1776754887971299,1790684421.462641,6462,tx,51591.8,129.3,214.4,,,1,0,0,1
1776755030488579,1790684421.605158,6605,tx,52576.1,183.6,316.5,,,1,0,0,1
1776755173926971,1790684421.748597,6748,tx,52598.7,111.3,222.3,,,1,0,0,1
1776755317760164,1790684421.892430,6892,tx,51527.4,77.4,183.4,,,1,0,0,1
1776755459798109,1790684422.034468,7034,tx,85806.8,107.0,191.9,,,1,0,0,1
1776755604076065,1790684422.178745,7178,tx,55463.7,162.1,336.5,,,1,0,0,1
1776755750783079,1790684422.325453,7325,tx,53149.1,142.6,331.3,,,1,0,0,1
1776755894493932,1790684422.469164,7469,tx,52587.7,199.2,299.1,,,1,0,0,1
1776756032218100,1790684422.606888,7606,tx,52692.1,142.4,265.7,,,1,0,0,1
1776756176490422,1790684422.751161,7751,tx,51397.4,228.7,323.3,,,1,0,0,1
1776756319377091,1790684422.894047,7894,tx,53141.4,298.9,461.4,,,1,0,0,1
1776756464692338,1790684423.039361,8039,tx,53128.3,166.0,404.9,,,1,0,0,1
1776756609548989,1790684423.184218,8184,tx,52439.5,194.9,431.5,,,1,0,0,1
1776756752899938,1790684423.327570,8327,tx,52335.2,154.4,252.3,,,1,0,0,1
1776756897300305,1790684423.471970,8471,tx,52669.5,155.7,284.6,,,1,0,0,1
1776757041532643,1790684423.616203,8616,tx,51947.6,208.0,326.9,,,1,0,0,1
1776757185442614,1790684423.760112,8760,tx,53247.8,221.5,458.0,,,1,0,0,1
1776757330035701,1790684423.904706,8904,tx,52444.8,116.8,255.4,,,1,0,0,1
1776757473998561,1790684424.048669,9048,tx,52540.6,106.3,184.4,,,1,0,0,1
1776757618043996,1790684424.192714,9192,tx,52693.7,151.2,317.0,,,1,0,0,1
1776757762509700,1790684424.337179,9337,tx,53172.8,165.1,368.2,,,1,0,0,1
1776757907438216,1790684424.482107,9482,tx,52406.4,236.7,431.0,,,1,0,0,1
1776758050416371,1790684424.625086,9625,tx,52370.4,292.9,409.1,,,1,0,0,1
1776758193924276,1790684424.768594,9768,tx,52533.7,82.5,206.2,,,1,0,0,1
1776758337297267,1790684424.911967,9911,tx,51762.5,150.7,302.4,,,1,0,0,1
1776758480816050,1790684425.055485,10055,tx,53053.6,153.0,381.0,,,1,0,0,1
1776758625286861,1790684425.199956,10199,tx,53219.6,118.8,327.3,,,1,0,0,1
1776758769769184,1790684425.344439,10344,tx,51338.6,72.2,136.9,,,1,0,0,1
1776758913555978,1790684425.488225,10488,tx,53068.9,128.1,345.3,,,1,0,0,1
1776759058789213,1790684425.633458,10633,tx,111783.9,160.5,415.9,,,1,0,0,1
1776759203403291,1790684425.778073,10778,tx,52586.7,314.3,428.1,,,1,0,0,1
1776759347120613,1790684425.921790,10921,tx,52402.5,83.3,198.0,,,1,0,0,1
1776759491428502,1790684426.066098,11066,tx,52701.4,308.6,414.2,,,1,0,0,1
1776759634760356,1790684426.209430,11209,tx,52300.4,83.3,201.8,,,1,0,0,1
1776759778472070,1790684426.353142,11353,tx,51357.9,284.6,378.9,,,1,0,0,1
1776759921475383,1790684426.496145,11496,tx,51678.5,255.7,382.2,,,1,0,0,1
1776760063809184,1790684426.638479,11638,tx,52159.6,73.6,158.7,,,1,0,0,1
1776760207351359,1790684426.782020,11782,tx,53801.7,293.9,514.2,,,1,0,0,1
1776760351987370,1790684426.926657,11926,tx,52642.9,134.2,253.2,,,1,0,0,1
1776760496972471,1790684427.071642,12071,tx,52237.9,150.0,379.8,,,1,0,0,1
1776760640618930,1790684427.215289,12215,tx,52468.3,114.0,216.8,,,1,0,0,1
1776760783806277,1790684427.358476,12358,tx,51254.3,74.5,187.3,,,1,0,0,1
1776760926443847,1790684427.501114,12501,tx,51713.4,306.9,434.0,,,1,0,0,1
1776761069683458,1790684427.644353,12644,tx,52423.6,119.4,261.6,,,1,0,0,1
1776761213482739,1790684427.788153,12788,tx,51878.2,287.6,414.3,,,1,0,0,1
1776761356039216,1790684427.930709,12930,tx,52418.1,109.6,222.8,,,1,0,0,1
1776761499281060,1790684428.073951,13073,tx,52555.8,93.0,213.1,,,1,0,0,1
1776761644124424,1790684428.218793,13218,tx,53498.8,165.3,425.5,,,1,0,0,1
1776761789071689,1790684428.363741,13363,tx,51989.9,160.4,391.8,,,1,0,0,1
1776761934323841,1790684428.508993,13508,tx,53085.2,181.2,390.3,,168565.8,1,0,0,1
1776762078911989,1790684428.653582,13653,tx,52715.5,115.9,274.6,,,0,0,0,0
1776762223119623,1790684428.797789,13797,idle,52944.9,157.2,312.9,,,0,0,0,0
1776762420621899,1790684428.995292,13995,idle,2367.7,295.1,404.1,,,0,0,0,0
1776762565810879,1790684429.140481,14140,idle,1106.5,110.1,245.5,,,0,0,0,0
1776762706567534,1790684429.281238,14281,idle,1202.3,354.0,424.6,,,0,0,0,0
1776762846101723,1790684429.420772,14420,idle,1385.3,121.0,219.2,,,0,0,0,0
1776762986998865,1790684429.561669,14561,idle,1630.8,122.5,287.0,,,0,0,0,0
1776763126498534,1790684429.701168,14701,idle,1690.3,394.0,531.3,,,0,0,0,0
1776763266208657,1790684429.840878,14840,idle,1370.8,110.1,216.8,,,0,0,0,0
1776763405354685,1790684429.980025,14980,idle,1226.5,113.9,206.5,,,0,0,0,0
1776763546375610,1790684430.121045,121,idle,1605.3,127.8,296.3,,,0,0,0,0
1776763687076083,1790684430.261745,261,idle,2419.3,178.6,416.2,,,0,0,0,0
1776763826314293,1790684430.400984,400,idle,1827.8,136.3,316.9,,,0,0,0,0
1776763966630330,1790684430.541300,541,idle,2444.2,255.8,463.8,,,0,0,0,0
1776764105487303,1790684430.680157,680,idle,1321.4,456.8,577.3,,,0,0,0,0
1776764246652710,1790684430.821322,821,idle,1979.8,238.1,377.7,,,0,0,0,0
1776764386102182,1790684430.960771,960,idle,1573.3,98.8,225.0,,,0,0,0,0
1776764526136287,1790684431.100806,1100,idle,1404.7,112.5,224.6,,,0,0,0,0
1776764666973042,1790684431.241642,1241,idle,2110.2,148.5,367.4,,,0,0,0,0
1776764805908643,1790684431.380579,1380,idle,903.5,103.3,206.5,,,0,0,0,0
1776764947276328,1790684431.521946,1521,idle,2177.7,145.1,371.7,,,0,0,0,0
1776765085840094,1790684431.660510,1660,idle,1312.6,120.2,254.8,,,0,0,0,0
1776765225978719,1790684431.800648,1800,idle,2841.4,106.2,303.0,,,0,0,0,0
1776765366507370,1790684431.941177,1941,idle,1594.2,407.4,539.9,,,0,0,0,0
1776765506148099,1790684432.080818,2080,idle,3619.1,104.8,196.9,,,0,0,0,0
1776765646995098,1790684432.221665,2221,idle,1448.0,115.1,228.8,,,0,0,0,0
1776765786217402,1790684432.360886,2360,idle,2692.9,164.0,396.0,,,0,0,0,0
1776765926537658,1790684432.501207,2501,idle,2777.0,335.1,555.5,,,0,0,0,0
1776766066164834,1790684432.640835,2640,idle,1371.7,106.6,210.0,,,0,0,0,0
1776766206147022,1790684432.780817,2780,idle,1402.9,132.7,209.9,,,0,0,0,0
1776766346670030,1790684432.921339,2921,idle,2265.2,212.3,403.6,,,0,0,0,0
1776766486724574,1790684433.061394,3061,idle,2439.6,141.8,372.9,,,0,0,0,0
1776766627347559,1790684433.202017,3202,idle,2563.2,197.4,412.0,,,0,0,0,0
1776766765671848,1790684433.340341,3340,idle,1325.2,205.3,359.9,,,0,0,0,0
1776766906060107,1790684433.480730,3480,idle,888.6,79.3,160.8,,,0,0,0,0
1776767046273080,1790684433.620942,3620,idle,2331.3,130.8,349.1,,,0,0,0,0
1776767185902520,1790684433.760572,3760,idle,1473.3,124.0,255.1,,,0,0,0,0
1776767326387321,1790684433.901057,3901,idle,1605.6,101.0,211.4,,,0,0,0,0
1776767466146039,1790684434.040816,4040,idle,1140.1,108.7,199.5,,,0,0,0,0
1776767605828727,1790684434.180498,4180,idle,2207.0,176.2,405.4,,,0,0,0,0
1776767746069043,1790684434.320739,4320,idle,1389.1,122.6,275.5,,,0,0,0,0
1776767885843182,1790684434.460513,4460,idle,1685.7,133.2,316.8,,,0,0,0,0
1776768027172625,1790684434.601841,4601,idle,2590.0,154.1,401.2,,,0,0,0,0
1776768166160667,1790684434.740831,4740,idle,1198.8,105.6,208.0,,,0,0,0,0
1776768306302273,1790684434.880972,4880,idle,3347.8,160.0,347.4,,,0,0,0,0
1776768446179670,1790684435.020849,5020,idle,2249.3,165.4,404.0,,,0,0,0,0
1776768586480864,1790684435.161150,5161,idle,2279.0,263.0,494.9,,,0,0,0,0
1776768727305590,1790684435.301975,5301,idle,2083.8,163.1,390.5,,,0,0,0,0
1776768866126295,1790684435.440796,5440,idle,1079.4,104.8,211.1,,,0,0,0,0
1776769005873578,1790684435.580543,5580,idle,6844.1,106.2,285.9,,,0,0,0,0
1776769146844066,1790684435.721514,5721,idle,1746.6,161.8,314.9,,,0,0,0,0
1776769286294780,1790684435.860964,5860,idle,1897.4,146.7,302.5,,,0,0,0,0
1776769425842706,1790684436.000512,6000,idle,1134.4,105.8,234.9,,,0,0,0,0
1776769565929547,1790684436.140599,6140,idle,948.9,81.2,167.8,,,0,0,0,0
1776769706123440,1790684436.280793,6280,idle,1426.6,129.1,299.3,,,0,0,0,0
1776769846262001,1790684436.420931,6420,idle,2200.8,157.1,370.3,,,0,0,0,0
1776769986753032,1790684436.561423,6561,idle,2215.5,157.7,373.9,,,0,0,0,0
1776770126130045,1790684436.700800,6700,idle,1176.0,102.8,194.6,,,0,0,0,0
1776770266117795,1790684436.840788,6840,idle,1482.4,155.6,289.6,,,0,0,0,0
1776770407115179,1790684436.981785,6981,idle,2063.8,154.4,370.5,,,0,0,0,0
1776770548958680,1790684437.123627,7123,idle,2237.7,161.8,430.0,,,0,0,0,0
1776770687109574,1790684437.261779,7261,idle,2143.9,163.1,400.5,,,0,0,0,0
1776770826152087,1790684437.400822,7400,idle,1326.9,105.0,222.3,,,0,0,0,0
1776770966026589,1790684437.540697,7540,idle,995.0,83.0,187.5,,,0,0,0,0
1776771106256391,1790684437.680926,7680,idle,3801.9,118.3,307.9,,,0,0,0,0
1776771246294825,1790684437.820964,7820,idle,2043.0,146.1,366.7,,,0,0,0,0
1776771385798208,1790684437.960468,7960,idle,1128.5,86.8,219.1,,,0,0,0,0
1776771526302856,1790684438.100973,8100,idle,1245.2,82.5,155.7,,,0,0,0,0
1776771666782612,1790684438.241452,8241,idle,2239.9,171.1,441.7,,,0,0,0,0
1776771806327822,1790684438.380997,8380,idle,3241.1,129.9,319.8,,,0,0,0,0
1776771946611328,1790684438.521281,8521,idle,2196.8,200.5,384.3,,,0,0,0,0
1776772087309780,1790684438.661979,8661,idle,2103.2,129.7,342.2,,,0,0,0,0
1776772225799087,1790684438.800469,8800,idle,945.7,75.1,184.3,,,0,0,0,0
1776772366560555,1790684438.941230,8941,idle,1708.9,262.4,418.3,,,0,0,0,0
1776772506507665,1790684439.081177,9081,idle,5558.5,335.1,486.3,,,0,0,0,0
1776772646274334,1790684439.220943,9220,idle,2282.3,163.8,373.0,,,0,0,0,0
1776772786738910,1790684439.361408,9361,idle,2104.6,118.9,315.7,,,0,0,0,0
1776772926151942,1790684439.500822,9500,idle,1114.0,105.6,208.2,,,0,0,0,0
1776773067118099,1790684439.641787,9641,idle,2083.4,177.0,398.9,,,0,0,0,0
1776773206316074,1790684439.780985,9780,idle,3176.6,186.7,398.3,,,0,0,0,0
1776773345760843,1790684439.920431,9920,idle,1020.7,102.0,203.5,,,0,0,0,0
1776773486845316,1790684440.061515,10061,idle,1483.9,133.7,282.3,,,0,0,0,0
1776773625562652,1790684440.200233,10200,idle,1340.0,283.9,410.2,,,0,0,0,0
1776773765595647,1790684440.340266,10340,idle,1616.3,318.1,466.8,,,0,0,0,0
1776773905941772,1790684440.480612,10480,idle,1370.1,101.2,239.8,,,0,0,0,0
1776774046341557,1790684440.621011,10621,idle,1210.9,90.8,193.0,,,0,0,0,0
1776774185500311,1790684440.760170,10760,idle,1402.0,98.5,235.2,,,0,0,0,0
1776774325454151,1790684440.900124,10900,idle,1350.8,114.2,240.9,,,0,0,0,0
1776774465784882,1790684441.040454,11040,idle,1418.4,129.7,311.4,,,0,0,0,0
1776774606598976,1790684441.181269,11181,idle,1390.6,274.6,400.2,,,0,0,0,0
1776774746165852,1790684441.320835,11320,idle,1420.3,79.6,246.2,,,0,0,0,0
1776774886812301,1790684441.461482,11461,idle,2056.1,163.1,378.9,,,0,0,0,0
1776775026073041,1790684441.600743,11600,idle,988.9,116.9,187.7,,,0,0,0,0
1776775167155437,1790684441.741825,11741,idle,2200.3,156.8,390.6,,,0,0,0,0
1776775308911613,1790684441.883582,11883,idle,1300.9,141.8,280.2,,,0,0,0,0
1776775447507718,1790684442.022177,12022,idle,2293.2,310.4,547.4,,,0,0,0,0
1776775586176784,1790684442.160847,12160,idle,1489.5,115.3,250.6,,,0,0,0,0
1776775726118768,1790684442.300788,12300,idle,1749.0,140.0,292.3,,,0,0,0,0
1776775867165405,1790684442.441835,12441,idle,2203.8,190.9,414.9,,,0,0,0,0
1776776006430544,1790684442.581100,12581,idle,1465.1,148.0,257.9,,,0,0,0,0
1776776146698090,1790684442.721367,12721,idle,1938.0,125.3,335.3,,,0,0,0,0
1776776285686271,1790684442.860356,12860,idle,1132.9,205.2,309.8,,,0,0,0,0
1776776426086130,1790684443.000756,13000,idle,1304.1,134.8,231.8,,,0,0,0,0
1776776566061919,1790684443.140732,13140,idle,1425.1,151.4,300.4,,,0,0,0,0
1776776705990494,1790684443.280660,13280,idle,1455.2,144.1,270.1,,,0,0,0,0
1776776845937994,1790684443.420607,13420,idle,2243.7,194.9,457.0,,,0,0,0,0
1776776990609027,1790684443.565279,13565,idle,1050.0,84.0,167.0,,,0,0,0,0
1776777136113177,1790684443.710783,13710,idle,1697.5,137.6,281.6,,,0,0,0,0
1776777276929210,1790684443.851599,13851,idle,2112.4,141.4,415.0,,,0,0,0,0
1776777416679881,1790684443.991349,13991,idle,1965.6,167.1,365.2,,,0,0,0,0
1776777556939454,1790684444.131608,14131,idle,2288.5,123.8,367.3,,,0,0,0,0
1776777695305944,1790684444.269976,14269,idle,1240.6,78.5,167.6,,,0,0,0,0
1776777832794188,1790684444.407463,14407,decode,2032.3,159.2,388.0,,,0,0,1,0
1776777976471719,1790684444.551141,14551,idle,1973.4,160.5,314.4,,,0,0,0,0
1776778116721757,1790684444.691391,14691,idle,1720.8,172.6,310.6,,,0,0,0,0
1776778256144447,1790684444.830814,14830,idle,1598.5,121.3,318.4,,,0,0,0,0
1776778395983973,1790684444.970654,14970,idle,825.5,98.2,175.4,,,0,0,0,0
1776778537126849,1790684445.111797,111,idle,118553.1,91.1,186.7,,,0,0,0,1
1776778717085279,1790684445.291754,291,tx,52997.7,129.3,305.3,,,1,0,0,1
1776778861196765,1790684445.435867,435,tx,52791.0,118.9,267.0,,,1,0,0,1
1776779004949525,1790684445.579620,579,tx,52394.0,142.5,260.4,,,1,0,0,1
1776779149424291,1790684445.724093,724,tx,54132.1,162.9,401.0,,,1,0,0,1
1776779294495124,1790684445.869164,869,tx,52445.6,469.3,734.0,,,1,0,0,1
1776779438135893,1790684446.012805,1012,tx,52166.2,113.0,279.0,,,1,0,0,1
1776779582313438,1790684446.156983,1156,tx,52684.5,91.2,180.8,,,1,0,0,1
1776779725996861,1790684446.300667,1300,tx,51330.1,104.4,225.0,,,1,0,0,1
1776779868267436,1790684446.442937,1442,tx,51787.8,94.0,269.6,,,1,0,0,1
1776780012488887,1790684446.587158,1587,tx,52334.1,124.1,326.8,,,1,0,0,1
1776780156200224,1790684446.730870,1730,tx,51849.3,94.1,250.0,,,1,0,0,1
1776780299201021,1790684446.873871,1873,tx,89284.9,152.1,2989.4,,,1,0,0,1
1776780438801024,1790684447.013471,2013,tx,52933.7,352.6,431.7,,,1,0,0,1
1776780583416068,1790684447.158085,2158,tx,52367.8,151.7,378.1,,,1,0,0,1
1776780726998407,1790684447.301668,2301,tx,52138.9,117.9,335.9,,,1,0,0,1
1776780870198046,1790684447.444868,2444,tx,52769.3,90.1,344.1,,,1,0,0,1
1776781013920953,1790684447.588591,2588,tx,52326.1,213.6,292.0,,,1,0,0,1
1776781157852413,1790684447.732521,2732,tx,53510.1,174.9,413.4,,,1,0,0,1
1776781302424707,1790684447.877095,2877,tx,51572.6,105.3,218.9,,,1,0,0,1
1776781445652325,1790684448.020322,3020,tx,52711.4,412.2,530.3,,,1,0,0,1
1776781589042891,1790684448.163713,3163,tx,52224.2,104.3,241.8,,,1,0,0,1
1776781734351366,1790684448.309021,3309,tx,51711.0,86.8,224.5,,,1,0,0,1
1776781876942824,1790684448.451613,3451,tx,53083.8,131.8,266.2,,,1,0,0,1
1776782021218572,1790684448.595888,3595,tx,52853.9,122.7,298.0,,,1,0,0,1
1776782165090934,1790684448.739761,3739,tx,52921.5,121.9,296.3,,,1,0,0,1
1776782309408640,1790684448.884079,3884,tx,53060.1,117.5,215.4,,,1,0,0,1
1776782454345376,1790684449.029015,4029,tx,54901.2,82.9,237.7,,,1,0,0,1
1776782598393554,1790684449.173064,4173,tx,52889.6,121.7,303.3,,,1,0,0,1
1776782742528765,1790684449.317199,4317,tx,53043.2,110.8,233.1,,,1,0,0,1
1776782886233951,1790684449.460904,4460,tx,52991.2,115.3,251.3,,,1,0,0,1
1776783029867750,1790684449.604537,4604,tx,52482.5,243.1,338.6,,,1,0,0,1
1776783173148294,1790684449.747818,4747,tx,52022.1,147.1,303.1,,,1,0,0,1
1776783316083031,1790684449.890753,4890,tx,53159.5,116.2,262.7,,,1,0,0,1
1776783460167725,1790684450.034837,5034,tx,52309.5,76.3,170.6,,,1,0,0,1
1776783603203803,1790684450.177874,5177,tx,52472.9,79.9,173.1,,,1,0,0,1
1776783747146696,1790684450.321817,5321,tx,52177.1,76.9,175.0,,,1,0,0,1
1776783891100508,1790684450.465770,5465,tx,84482.8,152.5,382.5,,,1,0,0,1
1776784035202947,1790684450.609873,5609,tx,51899.0,140.0,270.0,,,1,0,0,1
1776784178660099,1790684450.753330,5753,tx,53074.4,237.9,444.0,,,1,0,0,1
1776784322740504,1790684450.897411,5897,tx,52400.8,289.5,385.2,,,1,0,0,1
1776784467061982,1790684451.041732,6041,tx,51277.2,84.2,206.6,,,1,0,0,1
1776784610613550,1790684451.185283,6185,tx,53408.6,295.5,519.7,,,1,0,0,1
1776784755253493,1790684451.329923,6329,tx,51844.7,126.3,330.3,,,1,0,0,1
1776784898681727,1790684451.473351,6473,tx,53116.4,294.5,473.4,,,1,0,0,1
1776785042371127,1790684451.617041,6617,tx,51559.8,129.1,215.8,,,1,0,0,1
1776785185091152,1790684451.759761,6759,tx,52708.7,139.1,249.9,,,1,0,0,1
1776785329219192,1790684451.903889,6903,tx,51759.9,95.7,207.0,,,1,0,0,1
1776785472361586,1790684452.047032,7047,tx,51584.8,96.8,200.6,,,1,0,0,1
1776785615377553,1790684452.190047,7190,tx,52639.8,125.4,245.6,,,1,0,0,1
1776785758609650,1790684452.333280,7333,tx,51468.7,132.8,238.3,,,1,0,0,1
1776785901643900,1790684452.476313,7476,tx,59739.9,311.2,524.1,,,1,0,0,1
1776786042870959,1790684452.617540,7617,tx,52194.4,133.3,388.8,,,1,0,0,1
1776786186193254,1790684452.760862,7760,tx,53040.1,160.2,366.6,,,1,0,0,1
1776786329799526,1790684452.904469,7904,tx,52385.5,200.5,312.8,,,1,0,0,1
1776786473412334,1790684453.048082,8048,tx,51762.0,122.3,251.7,,,1,0,0,1
1776786617731816,1790684453.192400,8192,tx,53353.3,185.2,412.8,,,1,0,0,1
1776786763422889,1790684453.338092,8338,tx,53226.9,175.9,413.5,,,1,0,0,1
1776786908153030,1790684453.482823,8482,tx,54448.2,91.6,219.5,,,1,0,0,1
1776787049836664,1790684453.624507,8624,tx,52849.7,190.8,309.9,,,1,0,0,1
1776787193030827,1790684453.767701,8767,tx,52680.0,136.6,221.6,,,1,0,0,1
1776787336460845,1790684453.911131,8911,tx,52889.4,134.0,292.5,,,1,0,0,1
1776787480189440,1790684454.054859,9054,tx,83598.9,144.4,214.1,,,1,0,0,1
1776787623898851,1790684454.198568,9198,tx,51750.4,117.3,248.4,,,1,0,0,1
1776787767131641,1790684454.341802,9341,tx,51088.4,82.6,159.0,,,1,0,0,1
1776787909849211,1790684454.484518,9484,tx,52936.6,133.6,335.0,,,1,0,0,1
1776788053882524,1790684454.628552,9628,tx,53193.3,160.1,385.1,,,1,0,0,1
1776788198516024,1790684454.773185,9773,tx,52074.7,125.1,293.5,,,1,0,0,1
1776788341049260,1790684454.915719,9915,tx,52275.3,135.3,249.8,,,1,0,0,1
1776788484807917,1790684455.059478,10059,tx,52477.4,231.0,352.3,,,1,0,0,1
1776788629313678,1790684455.203983,10203,tx,52248.2,187.7,407.5,,,1,0,0,1
1776788773817741,1790684455.348487,10348,tx,53312.9,167.4,434.7,,,1,0,0,1
1776788919083201,1790684455.493752,10493,tx,52999.8,155.1,355.3,,,1,0,0,1
1776789063164134,1790684455.637834,10637,tx,51369.5,139.8,230.3,,,1,0,0,1
1776789206380752,1790684455.781050,10781,tx,53506.7,125.1,312.3,,,1,0,0,1
1776789352109647,1790684455.926778,10926,tx,52262.4,210.8,452.6,,,1,0,0,1
1776789496271662,1790684456.070941,11070,tx,51818.6,138.9,321.6,,,1,0,0,1
1776789639193520,1790684456.213864,11213,tx,52462.6,82.6,165.3,,,1,0,0,1
1776789783101145,1790684456.357770,11357,tx,51945.1,134.8,310.5,,,1,0,0,1
1776789927054293,1790684456.501723,11501,tx,52466.2,230.3,466.2,,,1,0,0,1
1776790071805899,1790684456.646475,11646,tx,52579.5,186.4,460.2,,,1,0,0,1
1776790216292986,1790684456.790962,11790,tx,53085.8,152.8,347.5,,,1,0,0,1
1776790360074879,1790684456.934745,11934,tx,51195.4,103.4,192.0,,,1,0,0,1
1776790502367361,1790684457.077037,12077,tx,58463.1,85.8,191.9,,,1,0,0,1
1776790641487630,1790684457.216157,12216,tx,52472.9,96.2,219.4,,,1,0,0,1
1776790785468547,1790684457.360138,12360,tx,53588.0,96.0,235.7,,,1,0,0,1
1776790929863870,1790684457.504534,12504,tx,52745.4,200.4,299.9,,,1,0,0,1
1776791073871075,1790684457.648541,12648,tx,100868.3,175.7,293.2,,,1,0,0,1
1776791217347815,1790684457.792018,12792,tx,52637.0,121.4,243.1,,,1,0,0,1
1776791361505322,1790684457.936175,12936,tx,52581.7,115.6,259.2,,,1,0,0,1
1776791504938602,1790684458.079609,13079,tx,56777.7,102.2,234.5,,,1,0,0,1
1776791642040794,1790684458.216711,13216,tx,53105.9,93.0,187.6,,,1,0,0,1
1776791786243860,1790684458.360914,13360,tx,51518.3,87.3,201.0,,,1,0,0,1
1776791928494088,1790684458.503164,13503,tx,52549.3,113.1,239.2,,175287.6,1,0,0,1
1776792071972715,1790684458.646642,13646,tx,52570.3,85.4,201.1,,,0,0,0,0
1776792216096510,1790684458.790766,13790,idle,52969.7,117.1,263.5,,,0,0,0,0
1776792425266396,1790684458.999936,13999,idle,2093.3,119.3,202.7,,,0,0,0,0
1776792572227884,1790684459.146898,14146,idle,1648.8,118.1,241.4,,,0,0,0,0
1776792712987765,1790684459.287657,14287,idle,1369.2,265.6,364.9,,,0,0,0,0
1776792852320628,1790684459.426991,14426,idle,1367.1,109.9,195.2,,,0,0,0,0
1776792991907185,1790684459.566577,14566,idle,1686.1,288.0,450.7,,,0,0,0,0
1776793134259968,1790684459.708930,14708,idle,992.8,102.8,190.9,,,0,0,0,0
1776793273328311,1790684459.847997,14847,idle,2486.9,200.7,451.8,,,0,0,0,0
1776793412653848,1790684459.987323,14987,idle,2162.2,172.1,375.8,,,0,0,0,0
1776793552514693,1790684460.127184,127,idle,2292.2,148.1,378.4,,,0,0,0,0
1776793692585491,1790684460.267256,267,idle,1255.9,102.6,202.8,,,0,0,0,0
1776793831611127,1790684460.406281,406,idle,1319.2,81.0,171.9,,,0,0,0,0
1776793971966370,1790684460.546636,546,idle,1394.7,225.8,361.5,,,0,0,0,0
1776794111893736,1790684460.686563,686,idle,1403.0,343.4,468.9,,,0,0,0,0
1776794252135651,1790684460.826806,826,idle,1772.7,147.1,300.3,,,0,0,0,0
1776794391931903,1790684460.966602,966,idle,1224.2,280.2,399.3,,,0,0,0,0
1776794535293005,1790684461.109963,1109,idle,1490.6,118.0,231.4,,,0,0,0,0
1776794672555264,1790684461.247224,1247,idle,2644.6,198.2,413.3,,,0,0,0,0
1776794814571027,1790684461.389241,1389,idle,1663.5,296.6,447.8,,,0,0,0,0
1776794952629372,1790684461.527299,1527,idle,1391.1,82.9,242.5,,,0,0,0,0
1776795091811920,1790684461.666482,1666,idle,1233.7,77.0,159.4,,,0,0,0,0
1776795232847307,1790684461.807518,1807,idle,1272.0,466.4,547.3,,,0,0,0,0
1776795372642838,1790684461.947313,1947,idle,1460.9,132.2,236.6,,,0,0,0,0
1776795512131683,1790684462.086801,2086,idle,1003.1,180.3,267.1,,,0,0,0,0
1776795651278212,1790684462.225948,2225,idle,1077.3,129.4,214.8,,,0,0,0,0
1776795791513318,1790684462.366183,2366,idle,1277.1,99.3,201.1,,,0,0,0,0
1776795933066366,1790684462.507736,2507,idle,1025.9,174.5,281.1,,,0,0,0,0
1776796071496698,1790684462.646167,2646,idle,1210.2,83.6,204.0,,,0,0,0,0
1776796218051108,1790684462.792721,2792,idle,8159.3,2176.2,3188.2,,,0,0,0,0
1776796359013269,1790684462.933683,2933,idle,1714.4,85.4,611.4,,,0,0,0,0
1776796502322562,1790684463.076993,3076,idle,5704.2,102.0,198.4,,,0,0,0,0
1776796642483204,1790684463.217153,3217,idle,2710.5,179.7,396.1,,,0,0,0,0
1776796782192573,1790684463.356862,3356,idle,2302.8,156.2,399.1,,,0,0,0,0
1776796928469157,1790684463.503138,3503,idle,2320.5,134.7,393.9,,,0,0,0,0
1776797071894557,1790684463.646565,3646,idle,1150.0,371.2,466.5,,,0,0,0,0
1776797211557212,1790684463.786227,3786,idle,1233.5,104.6,222.5,,,0,0,0,0
1776797352698184,1790684463.927367,3927,idle,2138.1,109.2,272.3,,,0,0,0,0
1776797492733916,1790684464.067404,4067,idle,1608.3,162.3,307.4,,,0,0,0,0
1776797638923205,1790684464.213593,4213,idle,2458.2,187.9,474.5,,,0,0,0,0
1776797782313086,1790684464.356983,4356,idle,915.0,99.7,193.5,,,0,0,0,0
1776797929256421,1790684464.503926,4503,idle,2174.2,159.7,391.2,,,0,0,0,0
1776798072603224,1790684464.647271,4647,idle,2134.0,151.1,394.2,,,0,0,0,0
1776798212705351,1790684464.787374,4787,idle,2092.2,192.2,415.9,,,0,0,0,0
1776798352739336,1790684464.927409,4927,idle,2362.8,316.1,519.1,,,0,0,0,0
1776798491439417,1790684465.066109,5066,idle,1079.3,127.5,227.8,,,0,0,0,0
1776798629483415,1790684465.204153,5204,idle,2288.3,218.1,441.4,,,0,0,0,0
1776798772850582,1790684465.347519,5347,idle,2267.8,197.8,456.6,,,0,0,0,0
1776798913386286,1790684465.488055,5488,idle,2208.2,186.1,420.7,,,0,0,0,0
1776799052325375,1790684465.626995,5626,idle,855.3,80.0,159.4,,,0,0,0,0
1776799192208665,1790684465.766879,5766,idle,886.9,105.0,209.2,,,0,0,0,0
1776799338529242,1790684465.913199,5913,idle,2304.4,191.4,412.2,,,0,0,0,0
1776799483527155,1790684466.058197,6058,idle,2209.6,169.2,401.8,,,0,0,0,0
1776799628820729,1790684466.203490,6203,idle,2291.1,216.0,475.7,,,0,0,0,0
1776799771863846,1790684466.346534,6346,idle,1197.2,284.2,416.6,,,0,0,0,0
1776799911637949,1790684466.486308,6486,idle,1086.1,95.2,218.3,,,0,0,0,0
1776800052805309,1790684466.627475,6627,idle,2402.7,249.9,472.3,,,0,0,0,0
1776800193196366,1790684466.767866,6767,idle,1988.4,155.4,369.0,,,0,0,0,0
1776800339081999,1790684466.913751,6913,idle,2027.5,142.7,369.6,,,0,0,0,0
1776800482019274,1790684467.056690,7056,idle,1015.3,164.3,259.8,,,0,0,0,0
1776800625219539,1790684467.199889,7199,idle,2377.5,181.0,418.1,,,0,0,0,0
1776800762394055,1790684467.337063,7337,idle,2158.5,188.4,408.5,,,0,0,0,0
1776800901595320,1790684467.476265,7476,idle,2073.1,119.9,201.2,,,0,0,0,0
1776801041080245,1790684467.615749,7615,idle,2489.8,126.1,351.3,,,0,0,0,0
1776801182971389,1790684467.757642,7757,idle,1288.4,270.8,368.7,,,0,0,0,0
1776801329360213,1790684467.904029,7904,idle,2133.8,176.3,393.7,,,0,0,0,0
1776801473151761,1790684468.047821,8047,idle,2216.9,150.2,398.4,,,0,0,0,0
1776801612746000,1790684468.187415,8187,idle,2382.8,353.2,589.2,,,0,0,0,0
1776801753225007,1790684468.327893,8327,idle,3298.2,143.0,357.0,,,0,0,0,0
1776801892306921,1790684468.466977,8466,idle,1000.6,132.6,230.2,,,0,0,0,0
1776802029940558,1790684468.604610,8604,idle,2187.8,175.9,403.4,,,0,0,0,0
1776802172437006,1790684468.747107,8747,idle,1397.7,128.5,232.8,,,0,0,0,0
1776802312800724,1790684468.887470,8887,idle,2261.4,312.7,548.3,,,0,0,0,0
1776802452565655,1790684469.027236,9027,idle,1278.9,113.0,226.9,,,0,0,0,0
1776802592278804,1790684469.166949,9166,idle,962.2,131.9,215.6,,,0,0,0,0
1776802739363506,1790684469.314033,9314,idle,2191.9,119.2,341.1,,,0,0,0,0
1776802882698913,1790684469.457368,9457,idle,2181.5,169.4,403.5,,,0,0,0,0
1776803029836911,1790684469.604506,9604,idle,2338.2,248.9,516.5,,,0,0,0,0
1776803172128914,1790684469.746799,9746,idle,2610.0,82.9,1730.3,,,0,0,0,0
1776803312496035,1790684469.887166,9887,idle,2142.0,156.0,386.4,,,0,0,0,0
1776803452934416,1790684470.027604,10027,idle,2638.0,185.4,405.0,,,0,0,0,0
1776803592265401,1790684470.166934,10166,idle,2087.7,147.4,374.2,,,0,0,0,0
1776803738925118,1790684470.313594,10313,idle,2280.1,163.4,408.6,,,0,0,0,0
1776803881752024,1790684470.456422,10456,idle,903.1,77.2,140.5,,,0,0,0,0
1776804023093810,1790684470.597763,10597,idle,2042.0,109.6,314.7,,,0,0,0,0
1776804162106248,1790684470.736775,10736,idle,1529.4,101.7,256.1,,,0,0,0,0
1776804302582392,1790684470.877252,10877,idle,3529.4,140.5,283.7,,,0,0,0,0
1776804442305714,1790684471.016975,11016,idle,15796.5,86.3,201.2,,,0,0,0,0
1776804583193821,1790684471.157864,11157,idle,1012.4,103.8,200.3,,,0,0,0,0
1776804728768604,1790684471.303438,11303,idle,2462.0,357.5,623.2,,,0,0,0,0
1776804873605007,1790684471.448274,11448,idle,2181.4,179.8,421.4,,,0,0,0,0
1776805012009073,1790684471.586679,11586,idle,1168.3,229.1,327.5,,,0,0,0,0
1776805152474666,1790684471.727144,11727,idle,1680.8,129.9,312.7,,,0,0,0,0
1776805292045248,1790684471.866715,11866,decode,1051.5,171.0,265.0,,,0,0,1,0
1776805435300336,1790684472.009970,12009,idle,2074.6,157.5,360.5,,,0,0,0,0
1776805572861291,1790684472.147531,12147,idle,2351.0,245.6,491.2,,,0,0,0,0
1776805712632308,1790684472.287302,12287,idle,2321.0,188.0,404.4,,,0,0,0,0
1776805852418972,1790684472.427088,12427,idle,2103.8,146.1,332.0,,,0,0,0,0
1776805992416086,1790684472.567086,12567,idle,926.8,102.6,198.3,,,0,0,0,0
1776806129760045,1790684472.704429,12704,idle,2465.9,290.5,576.7,,,0,0,0,0
1776806273256633,1790684472.847926,12847,idle,1908.8,103.3,281.7,,,0,0,0,0
1776806411995973,1790684472.986666,12986,idle,1032.9,246.1,331.9,,,0,0,0,0
1776806552335453,1790684473.127005,13127,idle,1068.7,86.9,185.3,,,0,0,0,0
1776806691934524,1790684473.266605,13266,idle,947.7,82.0,142.7,,,0,0,0,0
1776806838678102,1790684473.413347,13413,idle,2188.9,154.2,357.1,,,0,0,0,0
1776806977228652,1790684473.551898,13551,idle,1956.4,120.1,265.8,,,0,0,0,0
1776807122700977,1790684473.697370,13697,idle,2176.7,133.9,380.0,,,0,0,0,0
1776807261308710,1790684473.835979,13835,idle,1113.9,131.5,243.0,,,0,0,0,0
1776807402224825,1790684473.976895,13976,idle,2965.8,128.5,281.6,,,0,0,0,0
1776807542200775,1790684474.116870,14116,idle,2190.8,144.3,348.5,,,0,0,0,0
1776807682678389,1790684474.257348,14257,idle,1482.7,99.7,272.1,,,0,0,0,0
1776807821257764,1790684474.395927,14395,decode,2661.7,153.4,327.3,,,0,0,1,0
1776807961979627,1790684474.536650,14536,idle,1120.8,306.7,390.1,,,0,0,0,0
1776808102299835,1790684474.676969,14676,idle,10189.7,127.5,304.1,,,0,0,0,0
1776808242565496,1790684474.817235,14817,idle,2031.7,157.3,351.9,,,0,0,0,0
1776808382280687,1790684474.956950,14956,idle,2238.5,158.6,383.1,,,0,0,0,0
1776808619354961,1790684475.194025,194,tx,52780.3,79.0,119.9,,,1,0,0,1
1776808763171448,1790684475.337842,337,tx,60036.8,90.4,226.0,,,1,0,0,1
1776808907022154,1790684475.481692,481,tx,92232.0,492.6,634.4,,,1,0,0,1
1776809044687271,1790684475.619357,619,tx,51937.7,82.4,232.2,,,1,0,0,1
1776809188766305,1790684475.763436,763,tx,52852.5,123.3,318.9,,,1,0,0,1
1776809326563712,1790684475.901234,901,tx,52808.4,112.7,249.1,,,1,0,0,1
1776809470389499,1790684476.045059,1045,tx,51826.0,129.5,238.7,,,1,0,0,1
1776809614193890,1790684476.188863,1188,tx,52611.3,157.6,395.2,,,1,0,0,1
1776809758699139,1790684476.333368,1333,tx,52899.4,145.8,349.3,,,1,0,0,1
1776809903344275,1790684476.478014,1478,tx,58965.7,146.3,361.2,,,1,0,0,1
1776810042242956,1790684476.616913,1616,tx,52916.3,176.6,298.7,,,1,0,0,1
1776810186380339,1790684476.761050,1761,tx,52879.2,120.7,259.9,,,1,0,0,1
1776810330653120,1790684476.905323,1905,tx,51859.1,106.5,267.9,,,1,0,0,1
1776810474424546,1790684477.049094,2049,tx,52110.8,189.7,423.0,,,1,0,0,1
1776810618080090,1790684477.192750,2192,tx,52973.6,341.0,484.8,,,1,0,0,1
1776810762130249,1790684477.336800,2336,tx,51597.5,316.8,413.1,,,1,0,0,1
1776810905696756,1790684477.480366,2480,tx,64737.7,131.8,349.5,,,1,0,0,1
1776811051665580,1790684477.626335,2626,tx,54820.5,123.6,236.5,,,1,0,0,1
1776811195696830,1790684477.770366,2770,tx,53494.1,197.2,420.5,,,1,0,0,1
1776811340291251,1790684477.914961,2914,tx,52338.3,129.9,243.5,,,1,0,0,1
1776811483461391,1790684478.058131,3058,tx,51819.5,82.2,224.2,,,1,0,0,1
1776811626469953,1790684478.201140,3201,tx,51958.9,127.6,284.2,,,1,0,0,1
1776811769394620,1790684478.344064,3344,tx,51960.5,119.4,259.5,,,1,0,0,1
1776811912479700,1790684478.487149,3487,tx,52896.6,93.1,221.6,,,1,0,0,1
1776812056655580,1790684478.631325,3631,tx,55138.3,111.8,226.5,,,1,0,0,1
1776812200627495,1790684478.775297,3775,tx,64786.1,114.3,230.9,,,1,0,0,1
1776812346467264,1790684478.921137,3921,tx,52954.8,105.4,252.8,,,1,0,0,1
1776812490473028,1790684479.065143,4065,tx,104447.3,119.8,276.6,,,1,0,0,1
1776812635728874,1790684479.210399,4210,tx,51848.7,97.1,207.3,,,1,0,0,1
1776812778782397,1790684479.353452,4353,tx,55843.5,84.3,177.8,,,1,0,0,1
1776812919265938,1790684479.493936,4493,tx,52509.9,172.1,285.6,,,1,0,0,1
1776813063057767,1790684479.637727,4637,tx,53266.3,395.3,539.6,,,1,0,0,1
1776813207859585,1790684479.782529,4782,tx,62890.9,156.9,377.0,,,1,0,0,1
1776813352375927,1790684479.927045,4927,tx,54821.3,189.4,417.6,,,1,0,0,1
1776813497672932,1790684480.072342,5072,tx,52806.1,150.7,351.2,,,1,0,0,1
1776813641634406,1790684480.216304,5216,tx,54726.4,80.7,3516.8,,,1,0,0,1
1776813788317676,1790684480.362987,5362,tx,52673.4,143.7,355.4,,,1,0,0,1
1776813927955053,1790684480.502624,5502,tx,52294.6,305.0,524.0,,,1,0,0,1
1776814072404834,1790684480.647074,5647,tx,52324.7,214.0,438.2,,,1,0,0,1
1776814216051231,1790684480.790720,5790,tx,55387.0,205.3,421.0,,,1,0,0,1
1776814362822446,1790684480.937492,5937,tx,51342.8,68.6,154.7,,,1,0,0,1
1776814505958386,1790684481.080627,6080,tx,88596.9,269.0,519.0,,,1,0,0,1
1776814656416828,1790684481.231086,6231,tx,52967.6,139.6,370.8,,,1,0,0,1
1776814800964328,1790684481.375633,6375,tx,80481.7,216.3,493.2,,,1,0,0,1
1776814942726136,1790684481.517396,6517,tx,52312.4,104.0,170.3,,,1,0,0,1
1776815086282276,1790684481.660952,6660,tx,53319.9,169.7,398.3,,,1,0,0,1
1776815231661173,1790684481.806330,6806,tx,52576.4,164.2,392.9,,,1,0,0,1
1776815375568420,1790684481.950238,6950,tx,52047.7,173.1,401.6,,,1,0,0,1
1776815519422677,1790684482.094093,7094,tx,53893.3,92.1,194.6,,,1,0,0,1
1776815664077926,1790684482.238748,7238,tx,52571.7,304.0,370.5,,,1,0,0,1
1776815806979210,1790684482.381649,7381,tx,56806.8,311.0,489.2,,,1,0,0,1
1776815944214498,1790684482.518884,7518,tx,51649.4,167.9,267.4,,,1,0,0,1
1776816087130946,1790684482.661800,7661,tx,86469.1,128.2,332.4,,,1,0,0,1
1776816230763211,1790684482.805433,7805,tx,52210.2,76.5,154.0,,,1,0,0,1
1776816374122916,1790684482.948792,7948,tx,52051.2,152.6,358.1,,,1,0,0,1
1776816517979877,1790684483.092649,8092,tx,66818.8,269.4,474.5,,,1,0,0,1
1776816656444625,1790684483.231114,8231,tx,52957.5,126.0,324.0,,,1,0,0,1
1776816801532105,1790684483.376201,8376,tx,71002.9,165.0,387.2,,,1,0,0,1
1776816943090659,1790684483.517761,8517,tx,52446.3,280.0,358.9,,,1,0,0,1
1776817087679207,1790684483.662349,8662,tx,53397.0,177.2,393.7,,,1,0,0,1
1776817234108677,1790684483.808779,8808,tx,51615.6,267.2,374.3,,,1,0,0,1
1776817377114077,1790684483.951784,8951,tx,51776.9,197.9,336.9,,,1,0,0,1
1776817519817431,1790684484.094488,9094,tx,52969.3,111.4,206.4,,,1,0,0,1
1776817664426328,1790684484.239096,9239,tx,51647.7,143.9,254.8,,,1,0,0,1
1776817808106500,1790684484.382776,9382,tx,62432.7,241.8,422.2,,,1,0,0,1
1776817952093371,1790684484.526763,9526,tx,54981.7,270.4,393.9,,,1,0,0,1
1776818096587530,1790684484.671257,9671,tx,51938.1,158.5,387.6,,,1,0,0,1
1776818239194353,1790684484.813864,9813,tx,52379.6,167.8,289.5,,,1,0,0,1
1776818383997998,1790684484.958667,9958,tx,52432.0,325.2,566.8,,,1,0,0,1
1776818528740788,1790684485.103410,10103,tx,57656.5,172.7,391.4,,,1,0,0,1
1776818667259022,1790684485.241929,10241,tx,51836.0,155.4,282.5,,,1,0,0,1
1776818811058793,1790684485.385727,10385,tx,60752.3,239.0,418.9,,,1,0,0,1
1776818952219572,1790684485.526890,10526,tx,54975.7,186.7,271.9,,,1,0,0,1
1776819096294840,1790684485.670964,10670,tx,52411.4,186.2,405.1,,,1,0,0,1
1776819240467202,1790684485.815136,10815,tx,52107.6,185.3,405.7,,,1,0,0,1
1776819384160208,1790684485.958830,10958,tx,52466.3,203.4,427.0,,,1,0,0,1
1776819527815525,1790684486.102485,11102,tx,53735.6,325.9,654.3,,,1,0,0,1
1776819673952834,1790684486.248623,11248,tx,95234.0,114.2,284.6,,,1,0,0,1
1776819818614227,1790684486.393284,11393,tx,51577.9,115.5,212.1,,,1,0,0,1
1776819961241733,1790684486.535912,11535,tx,52006.6,128.6,286.8,,,1,0,0,1
1776820104501989,1790684486.679172,11679,tx,62527.2,142.1,298.4,,,1,0,0,1
1776820248045896,1790684486.822715,11822,tx,53157.6,272.9,493.5,,,1,0,0,1
1776820393674408,1790684486.968344,11968,tx,53128.8,83.2,245.6,,,1,0,0,1
1776820539983331,1790684487.114653,12114,tx,53430.1,117.3,251.3,,,1,0,0,1
1776820683988049,1790684487.258658,12258,tx,52789.7,125.3,270.8,,,1,0,0,1
1776820828117864,1790684487.402788,12402,tx,53348.0,219.0,382.5,,,1,0,0,1
1776820972052363,1790684487.546722,12546,tx,52740.4,113.5,233.0,,,1,0,0,1
1776821115570915,1790684487.690241,12690,tx,52609.7,89.0,209.7,,,1,0,0,1
1776821259100930,1790684487.833771,12833,tx,53027.4,262.5,409.8,,,1,0,0,1
1776821403420144,1790684487.978090,12978,tx,61871.4,100.2,243.0,,,1,0,0,1
1776821546245173,1790684488.120915,13120,tx,53282.8,123.6,257.9,,,1,0,0,1
1776821690436933,1790684488.265107,13265,tx,52754.2,101.2,230.5,,,1,0,0,1
1776821829050791,1790684488.403721,13403,tx,52482.8,114.1,200.4,,,1,0,0,1
1776821972580507,1790684488.547251,13547,tx,51859.2,121.5,239.5,,136510.7,1,0,0,1
1776822119302873,1790684488.693972,13693,idle,71871.5,152.0,382.1,,,0,0,0,0
1776822263182514,1790684488.837852,13837,idle,52952.5,279.4,496.9,,,0,0,0,0
1776822439278332,1790684489.013948,14013,idle,22194.8,125.1,429.1,,,0,0,0,0
1776822580956045,1790684489.155626,14155,idle,1688.7,471.5,714.8,,,0,0,0,0
1776822720754464,1790684489.295424,14295,idle,1375.8,81.2,193.5,,,0,0,0,0
1776822861564070,1790684489.436234,14436,idle,2284.8,174.1,492.8,,,0,0,0,0
1776823001618470,1790684489.576288,14576,idle,8891.2,132.2,302.2,,,0,0,0,0
1776823145306011,1790684489.719975,14719,idle,1966.2,199.7,383.9,,,0,0,0,0
1776823291202564,1790684489.865873,14865,idle,1301.3,355.9,441.2,,,0,0,0,0
1776823430585283,1790684490.005255,5,idle,1357.1,103.7,189.1,,,0,0,0,0
1776823571913150,1790684490.146582,146,idle,2211.8,167.1,382.2,,,0,0,0,0
1776823711261537,1790684490.285931,285,idle,4203.9,251.0,451.0,,,0,0,0,0
1776823851856293,1790684490.426525,426,idle,2030.0,168.6,386.5,,,0,0,0,0
1776823991529423,1790684490.566199,566,idle,1939.3,83.4,256.3,,,0,0,0,0
1776824131562354,1790684490.706232,706,idle,1712.9,122.2,274.8,,,0,0,0,0
1776824270930477,1790684490.845600,845,idle,1959.9,195.8,375.7,,,0,0,0,0
1776824411804022,1790684490.986474,986,idle,4890.5,144.2,388.6,,,0,0,0,0
1776824551036276,1790684491.125706,1125,idle,1424.6,116.3,223.8,,,0,0,0,0
1776824690895451,1790684491.265565,1265,idle,1208.8,115.2,212.2,,,0,0,0,0
1776824831409126,1790684491.406079,1406,idle,1178.8,161.9,291.8,,,0,0,0,0
1776824971385350,1790684491.546055,1546,idle,1243.8,181.7,307.1,,,0,0,0,0
1776825111794473,1790684491.686464,1686,idle,7740.5,171.8,374.7,,,0,0,0,0
1776825251709173,1790684491.826379,1826,idle,2048.6,169.7,342.2,,,0,0,0,0
1776825390533981,1790684491.965204,1965,idle,2054.5,99.4,182.0,,,0,0,0,0
1776825531711659,1790684492.106382,2106,idle,1698.4,89.5,238.3,,,0,0,0,0
1776825672091292,1790684492.246761,2246,idle,2639.7,395.4,608.1,,,0,0,0,0
1776825811817849,1790684492.386487,2386,idle,2992.3,150.7,368.7,,,0,0,0,0
1776825950859261,1790684492.525529,2525,idle,2366.6,92.2,1231.5,,,0,0,0,0
1776826090947460,1790684492.665617,2665,idle,1784.2,105.4,309.3,,,0,0,0,0
1776826230877954,1790684492.805547,2805,idle,1823.0,158.9,278.7,,,0,0,0,0
1776826371382828,1790684492.946053,2946,idle,1346.3,166.0,292.9,,,0,0,0,0
1776826511795061,1790684493.086464,3086,idle,22683.8,126.9,385.2,,,0,0,0,0
1776826650891387,1790684493.225561,3225,idle,11544.0,163.3,359.4,,,0,0,0,0
1776826790897050,1790684493.365567,3365,idle,1230.3,75.1,158.1,,,0,0,0,0
1776826931573980,1790684493.506244,3506,idle,1064.9,104.1,194.8,,,0,0,0,0
1776827070990940,1790684493.645661,3645,idle,1501.1,120.2,222.9,,,0,0,0,0
1776827212023444,1790684493.786693,3786,idle,3337.5,340.0,543.3,,,0,0,0,0
1776827352140981,1790684493.926810,3926,idle,2350.2,205.5,428.8,,,0,0,0,0
1776827491653388,1790684494.066324,4066,idle,953.1,103.4,189.4,,,0,0,0,0
1776827634085780,1790684494.208755,4208,idle,2364.1,323.5,530.9,,,0,0,0,0
1776827771642608,1790684494.346312,4346,idle,2002.2,109.1,322.7,,,0,0,0,0
1776827911187881,1790684494.485857,4485,idle,3762.5,239.8,438.0,,,0,0,0,0
1776828050763246,1790684494.625433,4625,idle,1382.2,85.5,205.5,,,0,0,0,0
1776828190719592,1790684494.765390,4765,idle,866.0,75.5,184.5,,,0,0,0,0
1776828336133612,1790684494.910803,4910,idle,1653.3,263.2,436.9,,,0,0,0,0
1776828480983044,1790684495.055653,5055,idle,975.3,85.7,167.9,,,0,0,0,0
1776828622072521,1790684495.196742,5196,idle,11523.4,104.9,263.1,,,0,0,0,0
1776828761298373,1790684495.335968,5335,idle,1137.2,161.6,264.4,,,0,0,0,0
1776828900803902,1790684495.475474,5475,idle,8890.6,85.1,190.3,,,0,0,0,0
1776829045962992,1790684495.620633,5620,idle,1885.4,137.6,313.7,,,0,0,0,0
1776829192155629,1790684495.766825,5766,idle,1620.1,291.2,405.1,,,0,0,0,0
1776829335275288,1790684495.909945,5909,idle,10974.9,194.9,343.1,,,0,0,0,0
1776829481135912,1790684496.055806,6055,idle,1106.8,135.5,238.9,,,0,0,0,0
1776829621150098,1790684496.195820,6195,idle,1228.3,117.8,223.3,,,0,0,0,0
1776829761816737,1790684496.336486,6336,idle,5965.8,132.1,356.6,,,0,0,0,0
1776829901606212,1790684496.476275,6476,idle,14281.6,151.0,356.5,,,0,0,0,0
1776830041455468,1790684496.616124,6616,idle,3374.7,178.0,394.0,,,0,0,0,0
1776830180764329,1790684496.755434,6755,idle,1126.7,74.8,183.5,,,0,0,0,0
1776830321405203,1790684496.896075,6896,idle,10150.6,165.7,385.2,,,0,0,0,0
1776830461242729,1790684497.035913,7035,idle,1638.4,187.1,352.0,,,0,0,0,0
1776830601351298,1790684497.176020,7176,idle,14108.6,142.4,360.3,,,0,0,0,0
1776830741079481,1790684497.315748,7315,idle,2530.2,312.8,537.4,,,0,0,0,0
1776830880686839,1790684497.455357,7455,idle,951.3,93.9,190.7,,,0,0,0,0
1776831021181935,1790684497.595852,7595,idle,1594.9,234.4,412.7,,,0,0,0,0
1776831160726062,1790684497.735396,7735,idle,1287.0,110.9,234.0,,,0,0,0,0
1776831300836766,1790684497.875507,7875,idle,4902.9,83.4,158.2,,,0,0,0,0
1776831445753853,1790684498.020423,8020,idle,1577.2,95.2,258.6,,,0,0,0,0
1776831590672808,1790684498.165343,8165,idle,936.0,102.4,194.1,,,0,0,0,0
1776831734389554,1790684498.309059,8309,idle,13902.1,148.5,312.1,,,0,0,0,0
1776831881519263,1790684498.456188,8456,idle,2136.2,160.9,366.9,,,0,0,0,0
1776832022069144,1790684498.596739,8596,idle,2439.3,182.1,403.7,,,0,0,0,0
1776832161754332,1790684498.736424,8736,idle,1198.6,80.1,194.6,,,0,0,0,0
1776832300946584,1790684498.875617,8875,idle,4323.5,119.1,215.3,,,0,0,0,0
1776832444936858,1790684499.019606,9019,idle,2166.4,178.6,435.0,,,0,0,0,0
1776832591619871,1790684499.166290,9166,idle,1480.9,145.8,279.1,,,0,0,0,0
1776832734566987,1790684499.309237,9309,idle,2175.8,169.4,342.3,,,0,0,0,0
1776832871717549,1790684499.446388,9446,idle,1020.1,76.6,185.1,,,0,0,0,0
1776833010533362,1790684499.585203,9585,idle,1141.6,142.8,260.5,,,0,0,0,0
1776833151854567,1790684499.726524,9726,idle,2332.1,182.9,444.2,,,0,0,0,0
1776833291296052,1790684499.865965,9865,idle,2174.1,138.9,384.8,,,0,0,0,0
1776833431949692,1790684500.006619,10006,idle,2330.7,186.5,431.3,,,0,0,0,0
1776833570637029,1790684500.145307,10145,idle,963.5,100.7,209.9,,,0,0,0,0
1776833711648530,1790684500.286318,10286,idle,2580.7,199.7,431.3,,,0,0,0,0
1776833852284000,1790684500.426953,10426,idle,2650.6,164.1,389.3,,,0,0,0,0
1776833990710976,1790684500.565381,10565,idle,1275.6,103.3,197.7,,,0,0,0,0
1776834132041565,1790684500.706710,10706,idle,2030.5,149.3,355.1,,,0,0,0,0
1776834270288934,1790684500.844959,10844,idle,1027.7,279.0,361.1,,,0,0,0,0
1776834411225380,1790684500.985894,10985,idle,2175.7,232.6,418.5,,,0,0,0,0
1776834551928283,1790684501.126598,11126,idle,2320.5,188.1,419.3,,,0,0,0,0
1776834691765331,1790684501.266435,11266,idle,1533.8,102.2,289.7,,,0,0,0,0
1776834834982447,1790684501.409652,11409,idle,1763.6,130.8,303.8,,,0,0,0,0
1776834980832961,1790684501.555503,11555,idle,1174.1,112.6,197.1,,,0,0,0,0
1776835121707571,1790684501.696377,11696,idle,8569.1,190.7,415.6,,,0,0,0,0
1776835259363284,1790684501.834033,11834,decode,1996.7,194.5,313.7,,,0,0,1,0
1776835401495864,1790684501.976166,11976,idle,8646.0,126.1,293.7,,,0,0,0,0
1776835545153201,1790684502.119823,12119,idle,21998.5,95.1,220.2,,,0,0,0,0
1776835690865754,1790684502.265536,12265,idle,1173.9,102.8,206.3,,,0,0,0,0
1776835836116119,1790684502.410785,12410,idle,2492.6,346.6,582.0,,,0,0,0,0
1776835981112924,1790684502.555782,12555,idle,1784.4,176.4,364.6,,,0,0,0,0
1776836121731621,1790684502.696401,12696,idle,1400.7,100.0,276.9,,,0,0,0,0
1776836261800089,1790684502.836470,12836,idle,1414.9,107.7,229.2,,,0,0,0,0
1776836400609394,1790684502.975279,12975,idle,4482.4,98.1,191.2,,,0,0,0,0
1776836539089572,1790684503.113759,13113,idle,4470.6,118.4,303.9,,,0,0,0,0
1776836681737757,1790684503.256407,13256,idle,2586.9,138.0,347.5,,,0,0,0,0
1776836821474657,1790684503.396144,13396,idle,2764.8,171.2,401.4,,,0,0,0,0
1776836963101048,1790684503.537771,13537,idle,7658.8,265.2,563.5,,,0,0,0,0
1776837100677607,1790684503.675348,13675,idle,4447.3,88.9,173.0,,,0,0,0,0
1776837240970179,1790684503.815640,13815,idle,1310.6,89.3,221.4,,,0,0,0,0
1776837382266116,1790684503.956935,13956,idle,2199.3,231.7,453.9,,,0,0,0,0
1776837521120341,1790684504.095790,14095,idle,2056.2,151.4,344.4,,,0,0,0,0
1776837661643755,1790684504.236314,14236,idle,1140.5,116.2,240.3,,,0,0,0,0
1776837801032713,1790684504.375703,14375,idle,10061.2,124.9,224.3,,,0,0,0,0
1776837941874863,1790684504.516543,14516,idle,1864.1,155.5,388.5,,,0,0,0,0
1776838081790843,1790684504.656460,14656,idle,2554.5,168.4,431.2,,,0,0,0,0
1776838220945576,1790684504.795615,14795,idle,1533.7,126.0,274.8,,,0,0,0,0
1776838361260780,1790684504.935931,14935,idle,1241.5,285.2,395.6,,,0,0,0,0
1776838500779518,1790684505.075449,75,idle,160958.3,89.5,231.9,,,0,0,0,1
1776838722153283,1790684505.296823,296,tx,52701.0,91.9,171.5,,,1,0,0,1
1776838865663789,1790684505.440334,440,tx,51801.7,88.7,228.6,,,1,0,0,1
1776839008202603,1790684505.582872,582,tx,54612.1,110.4,261.6,,,1,0,0,1
1776839153704390,1790684505.728374,728,tx,52175.8,80.5,177.3,,,1,0,0,1
1776839297048366,1790684505.871718,871,tx,51600.2,71.0,184.5,,,1,0,0,1
1776839439668080,1790684506.014338,1014,tx,52793.9,143.4,266.5,,,1,0,0,1
1776839584159757,1790684506.158828,1158,tx,54170.1,502.3,711.3,,,1,0,0,1
1776839729329863,1790684506.304000,1303,tx,55234.5,85.4,3027.3,,,1,0,0,1
1776839875470447,1790684506.450140,1450,tx,51510.6,301.6,398.5,,,1,0,0,1
1776840018170524,1790684506.592840,1592,tx,52707.8,140.1,246.7,,,1,0,0,1
1776840162047837,1790684506.736717,1736,tx,53618.4,150.0,358.8,,,1,0,0,1
1776840307469733,1790684506.882139,1882,tx,53202.6,181.6,385.0,,,1,0,0,1
1776840451462898,1790684507.026133,2026,tx,53062.3,281.1,370.1,,,1,0,0,1
1776840596298888,1790684507.170968,2170,tx,52732.3,338.7,567.4,,,1,0,0,1
1776840740926744,1790684507.315596,2315,tx,52863.6,148.6,397.9,,,1,0,0,1
1776840885642840,1790684507.460312,2460,tx,53174.4,153.3,395.5,,,1,0,0,1
1776841030934905,1790684507.605605,2605,tx,124350.2,82.5,181.3,,,1,0,0,1
1776841175588026,1790684507.750258,2750,tx,52618.9,116.1,257.2,,,1,0,0,1
1776841320669451,1790684507.895339,2895,tx,67254.3,175.6,380.8,,,1,0,0,1
1776841459599762,1790684508.034269,3034,tx,55244.2,112.0,370.3,,,1,0,0,1
1776841603443365,1790684508.178113,3178,tx,68286.9,260.9,465.4,,,1,0,0,1
1776841743410678,1790684508.318080,3318,tx,53445.7,209.8,466.7,,,1,0,0,1
1776841888025861,1790684508.462696,3462,tx,52417.0,103.1,213.4,,,1,0,0,1
1776842025778579,1790684508.600448,3600,tx,52944.3,116.9,276.4,,,1,0,0,1
1776842170347571,1790684508.745018,3745,tx,53194.5,428.1,544.2,,,1,0,0,1
1776842315604483,1790684508.890274,3890,tx,52983.1,101.3,306.9,,,1,0,0,1
1776842460240231,1790684509.034909,4034,tx,56753.8,434.4,597.2,,,1,0,0,1
1776842604892533,1790684509.179562,4179,tx,57685.9,84.2,2263.7,,,1,0,0,1
1776842743519883,1790684509.318190,4318,tx,51577.0,264.4,339.5,,,1,0,0,1
1776842887016253,1790684509.461670,4461,tx,51824.3,130.9,273.0,,,1,0,0,1
1776843031138076,1790684509.605808,4605,tx,53087.8,131.0,292.6,,,1,0,0,1
1776843175860307,1790684509.750530,4750,tx,52661.5,82.3,158.2,,,1,0,0,1
1776843319575795,1790684509.894245,4894,tx,51766.0,108.1,315.0,,,1,0,0,1
1776843462164781,1790684510.036834,5036,tx,53684.4,122.1,256.1,,,1,0,0,1
1776843606771799,1790684510.181442,5181,tx,56618.6,115.8,247.1,,,1,0,0,1
1776843745141628,1790684510.319811,5319,tx,52614.9,177.7,409.2,,,1,0,0,1
1776843889593856,1790684510.464264,5464,tx,52728.5,127.8,260.8,,,1,0,0,1
1776844034707726,1790684510.609377,5609,tx,52083.7,132.1,335.1,,,1,0,0,1
1776844177983937,1790684510.752654,5752,tx,53304.5,127.8,356.5,,,1,0,0,1
1776844321427402,1790684510.896097,5896,tx,52582.7,205.0,310.8,,,1,0,0,1
1776844465076426,1790684511.039746,6039,tx,51490.3,141.6,249.5,,,1,0,0,1
1776844608066522,1790684511.182736,6182,tx,120047.5,94.2,219.3,,,1,0,0,1
1776844748371816,1790684511.323041,6323,tx,54427.1,294.0,399.2,,,1,0,0,1
1776844892023115,1790684511.466693,6466,tx,52439.1,118.7,210.9,,,1,0,0,1
1776845035518513,1790684511.610188,6610,tx,51338.0,129.1,251.2,,,1,0,0,1
1776845177732563,1790684511.752403,6752,tx,52710.7,118.9,232.9,,,1,0,0,1
1776845321613929,1790684511.896284,6896,tx,52313.1,113.1,224.6,,,1,0,0,1
1776845465670329,1790684512.040340,7040,tx,51298.4,110.6,228.7,,,1,0,0,1
1776845608858109,1790684512.183527,7183,tx,53035.1,157.5,365.5,,,1,0,0,1
1776845753395297,1790684512.328064,7328,tx,52238.8,191.4,425.6,,,1,0,0,1
1776845897624048,1790684512.472293,7472,tx,53153.0,176.9,420.8,,,1,0,0,1
1776846041880910,1790684512.616551,7616,tx,56190.9,134.1,229.9,,,1,0,0,1
1776846187098687,1790684512.761769,7761,tx,51465.5,121.4,255.8,,,1,0,0,1
1776846329699625,1790684512.904369,7904,tx,51891.4,96.7,259.4,,,1,0,0,1
1776846472302212,1790684513.046972,8046,tx,52121.0,109.5,217.0,,,1,0,0,1
1776846615552034,1790684513.190222,8190,tx,52593.1,116.5,244.0,,,1,0,0,1
1776846758718948,1790684513.333389,8333,tx,52886.7,135.1,271.0,,,1,0,0,1
1776846902448034,1790684513.477118,8477,tx,53386.1,222.6,360.0,,,1,0,0,1
1776847047030482,1790684513.621700,8621,tx,51745.6,151.6,273.6,,,1,0,0,1
1776847189665282,1790684513.764335,8764,tx,52816.8,91.7,254.6,,,1,0,0,1
1776847327542905,1790684513.902213,8902,tx,53847.3,1372.8,1511.2,,,1,0,0,1
1776847472833936,1790684514.047504,9047,tx,52594.8,82.8,203.4,,,1,0,0,1
1776847615993298,1790684514.190663,9190,tx,52648.7,118.1,243.6,,,1,0,0,1
1776847759404309,1790684514.334074,9334,tx,52554.3,242.2,371.0,,,1,0,0,1
1776847903253360,1790684514.477923,9477,tx,52530.5,112.3,210.2,,,1,0,0,1
1776848047045807,1790684514.621716,9621,tx,52312.3,74.9,170.1,,,1,0,0,1
1776848190203437,1790684514.764873,9764,tx,88965.7,121.7,214.8,,,1,0,0,1
1776848334039643,1790684514.908710,9908,tx,51462.1,146.4,264.5,,,1,0,0,1
1776848477156530,1790684515.051826,10051,tx,52241.1,172.0,383.4,,,1,0,0,1
1776848620803723,1790684515.195474,10195,tx,52976.6,157.7,275.5,,,1,0,0,1
1776848770059913,1790684515.344730,10344,tx,53343.4,116.2,239.6,,,1,0,0,1
1776848913668946,1790684515.488339,10488,tx,52322.8,95.7,194.5,,,1,0,0,1
1776849056726125,1790684515.631396,10631,tx,51929.3,115.5,227.4,,,1,0,0,1
1776849200240890,1790684515.774910,10774,tx,60686.6,157.4,366.8,,,1,0,0,1
1776849341863341,1790684515.916533,10916,tx,52861.4,142.4,401.1,,,1,0,0,1
1776849485406068,1790684516.060076,11060,tx,52509.6,304.7,401.9,,,1,0,0,1
1776849629559635,1790684516.204229,11204,tx,51939.2,155.0,338.6,,,1,0,0,1
1776849772314618,1790684516.346984,11346,tx,52756.7,149.1,311.0,,,1,0,0,1
1776849916650199,1790684516.491320,11491,tx,52222.8,179.6,390.3,,,1,0,0,1
1776850059987729,1790684516.634657,11634,tx,54811.3,264.0,2782.7,,,1,0,0,1
1776850206719873,1790684516.781390,11781,tx,52201.4,101.1,181.3,,,1,0,0,1
1776850350094764,1790684516.924764,11924,tx,53385.3,153.5,355.6,,,1,0,0,1
1776850494171121,1790684517.068841,12068,tx,52345.4,106.7,231.4,,,1,0,0,1
1776850638379680,1790684517.213049,12213,tx,53935.8,261.1,496.0,,,1,0,0,1
1776850782778197,1790684517.357448,12357,tx,52707.8,109.0,232.6,,,1,0,0,1
1776850926878942,1790684517.501549,12501,tx,51548.5,142.7,255.2,,,1,0,0,1
1776851069045818,1790684517.643716,12643,tx,51516.8,95.2,234.5,,,1,0,0,1
1776851211562574,1790684517.786232,12786,tx,52630.3,120.0,394.4,,,1,0,0,1
1776851355173027,1790684517.929843,12929,tx,52449.6,128.7,251.6,,,1,0,0,1
1776851498461016,1790684518.073131,13073,tx,51449.8,258.1,364.1,,,1,0,0,1
1776851641358755,1790684518.216029,13216,tx,52976.5,292.8,426.9,,,1,0,0,1
1776851785480617,1790684518.360150,13360,tx,86577.4,263.9,405.5,,,1,0,0,1
1776851930064156,1790684518.504734,13504,tx,51847.8,156.0,311.6,,174023.5,1,0,0,1
1776852073135898,1790684518.647805,13647,tx,53235.7,124.2,316.4,,,0,0,0,0
1776852210306889,1790684518.784976,13784,idle,56295.3,111.1,3879.0,,,0,0,0,0
1776852419713744,1790684518.994383,13994,idle,1765.5,165.6,276.6,,,0,0,0,0
1776852565892777,1790684519.140563,14140,idle,1422.3,88.0,194.2,,,0,0,0,0
1776852706672588,1790684519.281343,14281,idle,1190.7,191.3,289.1,,,0,0,0,0
1776852846058597,1790684519.420729,14420,idle,1362.6,97.6,196.6,,,0,0,0,0
1776852985982713,1790684519.560653,14560,idle,1340.0,111.9,200.7,,,0,0,0,0
1776853126442148,1790684519.701112,14701,idle,1504.0,395.5,526.6,,,0,0,0,0
1776853266643533,1790684519.841313,14841,idle,4492.2,133.7,404.7,,,0,0,0,0
1776853405956765,1790684519.980626,14980,idle,1624.3,110.7,224.0,,,0,0,0,0
1776853546301731,1790684520.120972,120,idle,1099.7,84.4,180.9,,,0,0,0,0
1776853686324708,1790684520.260995,260,idle,1613.8,111.2,278.2,,,0,0,0,0
1776853826615364,1790684520.401285,401,idle,1404.0,271.7,395.8,,,0,0,0,0
1776853966271660,1790684520.540941,540,idle,1284.4,84.1,193.4,,,0,0,0,0
1776854106131286,1790684520.680801,680,idle,1294.9,112.1,222.6,,,0,0,0,0
1776854246370750,1790684520.821041,821,idle,1367.0,106.7,201.4,,,0,0,0,0
1776854386652013,1790684520.961321,961,idle,2146.0,117.5,339.8,,,0,0,0,0
1776854526953702,1790684521.101623,1101,idle,2159.3,152.3,403.3,,,0,0,0,0
1776854666588421,1790684521.241258,1241,idle,2494.4,170.2,404.2,,,0,0,0,0
1776854807237468,1790684521.381907,1381,idle,3972.0,150.3,341.5,,,0,0,0,0
1776854945961128,1790684521.520631,1520,idle,849.4,73.2,168.8,,,0,0,0,0
1776855087108731,1790684521.661778,1661,idle,2767.5,153.7,379.9,,,0,0,0,0
1776855226358093,1790684521.801027,1801,idle,2725.2,466.7,686.6,,,0,0,0,0
1776855367088747,1790684521.941758,1941,idle,1889.7,120.2,326.3,,,0,0,0,0
1776855506466648,1790684522.081136,2081,idle,15440.9,382.1,561.5,,,0,0,0,0
1776855645966288,1790684522.220636,2220,idle,989.5,115.7,230.5,,,0,0,0,0
1776855787267800,1790684522.361937,2361,idle,2680.2,150.0,358.3,,,0,0,0,0
1776855926538291,1790684522.501208,2501,idle,1830.7,325.7,483.8,,,0,0,0,0
1776856067205015,1790684522.641874,2641,idle,2067.6,124.7,309.4,,,0,0,0,0
1776856206068086,1790684522.780738,2780,idle,2722.2,80.4,191.2,,,0,0,0,0
1776856345963689,1790684522.920634,2920,idle,1026.4,101.3,191.9,,,0,0,0,0
1776856486057812,1790684523.060728,3060,idle,1389.9,105.2,221.9,,,0,0,0,0
1776856627206466,1790684523.201876,3201,idle,2970.2,153.5,362.5,,,0,0,0,0
1776856767235185,1790684523.341904,3341,idle,2916.6,164.3,394.0,,,0,0,0,0
1776856906117423,1790684523.480788,3480,idle,751.4,84.6,148.8,,,0,0,0,0
1776857046464417,1790684523.621134,3621,idle,1409.2,452.4,550.3,,,0,0,0,0
1776857186141166,1790684523.760811,3760,idle,1521.6,89.6,218.7,,,0,0,0,0
1776857326074629,1790684523.900744,3900,idle,1888.6,85.8,205.8,,,0,0,0,0
1776857466367378,1790684524.041037,4041,idle,1327.9,113.7,233.3,,,0,0,0,0
1776857607049377,1790684524.181717,4181,idle,11023.9,133.8,352.2,,,0,0,0,0
1776857746061512,1790684524.320731,4320,idle,1224.6,113.5,227.5,,,0,0,0,0
1776857886894539,1790684524.461564,4461,idle,2008.3,149.8,394.9,,,0,0,0,0
1776858026625536,1790684524.601296,4601,idle,1095.4,159.5,279.8,,,0,0,0,0
1776858167130445,1790684524.741800,4741,idle,2100.3,142.0,367.1,,,0,0,0,0
1776858307279368,1790684524.881947,4881,idle,2649.1,183.0,434.8,,,0,0,0,0
1776858446129986,1790684525.020800,5020,idle,1088.8,79.3,148.3,,,0,0,0,0
1776858586551955,1790684525.161222,5161,idle,1678.7,217.4,375.3,,,0,0,0,0
1776858727191010,1790684525.301860,5301,idle,2263.5,182.0,408.4,,,0,0,0,0
1776858867307595,1790684525.441977,5441,idle,2189.9,182.2,415.9,,,0,0,0,0
1776859006094565,1790684525.580765,5580,idle,3425.9,149.9,281.2,,,0,0,0,0
1776859145823176,1790684525.720493,5720,idle,950.8,73.5,171.9,,,0,0,0,0
1776859287419579,1790684525.862089,5862,idle,2296.1,330.3,517.8,,,0,0,0,0
1776859427190710,1790684526.001860,6001,idle,2249.5,182.9,399.7,,,0,0,0,0
1776859567090067,1790684526.141759,6141,idle,2337.1,148.0,374.4,,,0,0,0,0
1776859705846183,1790684526.280516,6280,idle,981.3,106.7,199.2,,,0,0,0,0
1776859846020051,1790684526.420690,6420,idle,1766.5,134.5,312.0,,,0,0,0,0
1776859986687770,1790684526.561357,6561,idle,1858.6,92.5,254.7,,,0,0,0,0
1776860126108822,1790684526.700779,6700,idle,1143.6,117.9,229.1,,,0,0,0,0
1776860266967727,1790684526.841637,6841,idle,2109.6,188.8,435.6,,,0,0,0,0
1776860405878296,1790684526.980548,6980,idle,1003.5,81.0,181.0,,,0,0,0,0
1776860546753022,1790684527.121422,7121,idle,2187.3,187.9,411.6,,,0,0,0,0
1776860687237343,1790684527.261907,7261,idle,2373.6,180.5,402.5,,,0,0,0,0
1776860826444303,1790684527.401114,7401,idle,2298.6,312.7,519.0,,,0,0,0,0
1776860966520619,1790684527.541190,7541,idle,1778.0,244.6,411.2,,,0,0,0,0
1776861105876764,1790684527.680547,7680,idle,763.1,79.3,145.6,,,0,0,0,0
1776861247278284,1790684527.821948,7821,idle,2393.2,154.5,368.5,,,0,0,0,0
1776861387449509,1790684527.962119,7962,idle,2323.8,315.9,538.2,,,0,0,0,0
1776861525729629,1790684528.100399,8100,idle,982.9,89.4,187.8,,,0,0,0,0
1776861666081665,1790684528.240752,8240,idle,1135.2,114.7,210.0,,,0,0,0,0
1776861805690467,1790684528.380360,8380,idle,994.3,194.6,255.0,,,0,0,0,0
1776861946618240,1790684528.521287,8521,idle,2481.5,123.2,319.7,,,0,0,0,0
1776862086528997,1790684528.661198,8661,idle,2232.8,201.5,413.5,,,0,0,0,0
1776862227138702,1790684528.801809,8801,idle,1156.2,85.0,173.1,,,0,0,0,0
1776862367107478,1790684528.941777,8941,idle,5272.6,92.0,188.1,,,0,0,0,0
1776862505671265,1790684529.080341,9080,idle,6160.9,164.7,251.2,,,0,0,0,0
1776862645942555,1790684529.220613,9220,idle,1097.6,113.6,210.1,,,0,0,0,0
1776862786077632,1790684529.360748,9360,idle,1401.1,153.4,249.2,,,0,0,0,0
1776862926127715,1790684529.500798,9500,idle,1447.7,126.2,243.0,,,0,0,0,0
1776863066331896,1790684529.641002,9641,idle,952.5,108.9,187.3,,,0,0,0,0
1776863205905012,1790684529.780575,9780,idle,1122.6,140.4,271.0,,,0,0,0,0
1776863346408186,1790684529.921078,9921,idle,1445.7,86.7,255.0,,,0,0,0,0
1776863485901007,1790684530.060571,10060,idle,1511.9,117.6,261.1,,,0,0,0,0
1776863626427129,1790684530.201097,10201,idle,2369.8,336.1,542.5,,,0,0,0,0
1776863767385091,1790684530.342055,10342,idle,7365.9,1056.0,3305.2,,,0,0,0,0
1776863905946863,1790684530.480617,10480,idle,1112.0,105.6,210.6,,,0,0,0,0
1776864046261155,1790684530.620931,10620,idle,1692.6,107.2,279.4,,,0,0,0,0
1776864186883326,1790684530.761552,10761,idle,2160.4,148.6,369.5,,,0,0,0,0
1776864327112334,1790684530.901782,10901,idle,1984.1,124.4,313.6,,,0,0,0,0
1776864466057259,1790684531.040727,11040,idle,868.4,78.9,155.9,,,0,0,0,0
1776864605665391,1790684531.180335,11180,idle,944.3,170.5,281.9,,,0,0,0,0
1776864747177470,1790684531.321847,11321,idle,2435.6,153.4,398.6,,,0,0,0,0
1776864887182417,1790684531.461852,11461,idle,2398.7,190.2,440.0,,,0,0,0,0
1776865026600872,1790684531.601271,11601,idle,1222.2,259.6,377.4,,,0,0,0,0
1776865166240524,1790684531.740910,11740,idle,1563.7,76.9,169.0,,,0,0,0,0
1776865306417681,1790684531.881088,11881,idle,1300.0,101.9,210.1,,,0,0,0,0
1776865447384988,1790684532.022054,12022,idle,2382.5,125.7,351.9,,,0,0,0,0
1776865586057642,1790684532.160728,12160,idle,1349.6,113.7,239.2,,,0,0,0,0
1776865726751806,1790684532.301421,12301,idle,2314.3,118.2,325.0,,,0,0,0,0
1776865866238790,1790684532.440909,12440,idle,1217.2,112.2,223.2,,,0,0,0,0
1776866006634052,1790684532.581303,12581,idle,3405.6,186.5,407.2,,,0,0,0,0
1776866147370037,1790684532.722039,12722,idle,2197.7,145.9,386.1,,,0,0,0,0
1776866287120916,1790684532.861790,12861,idle,2218.1,163.3,402.6,,,0,0,0,0
1776866427470640,1790684533.002140,13002,idle,2334.0,324.4,525.3,,,0,0,0,0
1776866566429465,1790684533.141099,13141,idle,1136.2,106.4,205.1,,,0,0,0,0
1776866706488000,1790684533.281158,13281,idle,1295.7,147.3,261.4,,,0,0,0,0
1776866846278250,1790684533.420948,13420,idle,1255.4,98.1,225.8,,,0,0,0,0
1776866992062492,1790684533.566732,13566,idle,1631.1,134.0,282.2,,,0,0,0,0
1776867136953526,1790684533.711623,13711,idle,1207.1,116.3,208.8,,,0,0,0,0
1776867275740851,1790684533.850411,13850,idle,897.1,162.3,234.4,,,0,0,0,0
1776867416400938,1790684533.991070,13991,idle,2088.3,161.0,378.0,,,0,0,0,0
1776867556209893,1790684534.130880,14130,idle,1218.3,109.2,219.3,,,0,0,0,0
1776867696350671,1790684534.271020,14271,idle,2137.6,186.0,387.8,,,0,0,0,0
1776867842500561,1790684534.417171,14417,decode,1174.8,83.4,182.1,,,0,0,1,0
1776867986113101,1790684534.560783,14560,idle,1287.7,111.4,231.0,,,0,0,0,0
1776868127026681,1790684534.701670,14701,idle,2042.6,145.5,378.2,,,0,0,0,0
1776868267129602,1790684534.841799,14841,idle,2109.4,152.9,386.2,,,0,0,0,0
1776868407269411,1790684534.981939,14981,idle,5292.1,164.2,371.2,,,0,0,0,0
1776868612650722,1790684535.187321,187,tx,51317.5,101.1,141.3,,,1,0,0,1
1776868755918359,1790684535.330588,330,tx,52833.2,128.8,297.6,,,1,0,0,1
1776868900401984,1790684535.475072,475,tx,56795.5,131.2,285.9,,,1,0,0,1
1776869038028719,1790684535.612698,612,tx,51903.7,130.8,279.6,,,1,0,0,1
1776869180859905,1790684535.755530,755,tx,52326.3,220.0,311.6,,,1,0,0,1
1776869324208106,1790684535.898878,898,tx,55005.7,88.6,272.8,,,1,0,0,1
1776869470319752,1790684536.044990,1044,tx,88273.9,85.6,176.9,,,1,0,0,1
1776869614256229,1790684536.188926,1188,tx,51945.6,127.5,325.9,,,1,0,0,1
1776869757643285,1790684536.332313,1332,tx,53457.3,314.5,528.4,,,1,0,0,1
1776869901962492,1790684536.476633,1476,tx,52956.2,126.4,199.1,,,1,0,0,1
1776870046343072,1790684536.621012,1621,tx,53488.1,138.3,328.9,,,1,0,0,1
1776870191522816,1790684536.766192,1766,tx,53579.6,461.5,649.0,,,1,0,0,1
1776870336847133,1790684536.911516,1911,tx,52485.4,149.6,451.9,,,1,0,0,1
1776870480179097,1790684537.054849,2054,tx,52453.0,105.0,194.5,,,1,0,0,1
1776870624274645,1790684537.198944,2198,tx,52975.8,157.1,357.4,,,1,0,0,1
1776870769454747,1790684537.344124,2344,tx,52707.6,151.1,385.1,,,1,0,0,1
1776870914295675,1790684537.488965,2488,tx,52536.1,124.7,322.0,,,1,0,0,1
1776871058046887,1790684537.632716,2632,tx,53078.2,158.8,364.5,,,1,0,0,1
1776871202836261,1790684537.777506,2777,tx,51335.7,233.8,350.1,,,1,0,0,1
1776871346405121,1790684537.921074,2921,tx,52728.9,119.2,324.3,,,1,0,0,1
1776871490855616,1790684538.065525,3065,tx,52369.7,128.3,397.7,,,1,0,0,1
1776871628838102,1790684538.203507,3203,tx,52436.1,164.9,409.8,,,1,0,0,1
1776871773283957,1790684538.347953,3347,tx,52896.4,137.5,337.1,,,1,0,0,1
1776871917164684,1790684538.491835,3491,tx,52557.8,105.5,185.6,,,1,0,0,1
1776872060753731,1790684538.635423,3635,tx,52423.1,310.7,518.2,,,1,0,0,1
1776872205096869,1790684538.779766,3779,tx,55214.1,146.3,380.9,,,1,0,0,1
1776872342170010,1790684538.916839,3916,tx,51941.9,146.2,395.9,,,1,0,0,1
1776872485869290,1790684539.060539,4060,tx,52394.6,223.1,336.5,,,1,0,0,1
1776872629237435,1790684539.203907,4203,tx,51778.5,101.6,219.0,,,1,0,0,1
1776872772322450,1790684539.346992,4346,tx,53997.2,129.7,356.7,,,1,0,0,1
1776872917303935,1790684539.491974,4491,tx,52784.9,118.9,253.2,,,1,0,0,1
1776873061178811,1790684539.635847,4635,tx,98316.2,123.6,369.8,,,1,0,0,1
1776873204845422,1790684539.779516,4779,tx,52374.8,234.7,342.2,,,1,0,0,1
1776873348815289,1790684539.923485,4923,tx,54611.0,140.0,413.7,,,1,0,0,1
1776873493567699,1790684540.068237,5068,tx,53202.9,124.0,261.1,,,1,0,0,1
1776873640417586,1790684540.215087,5215,tx,53163.1,178.7,393.4,,,1,0,0,1
1776873785344994,1790684540.360014,5360,tx,53249.2,184.6,402.4,,,1,0,0,1
1776873929988954,1790684540.504659,5504,tx,51284.1,83.1,205.9,,,1,0,0,1
1776874072973102,1790684540.647641,5647,tx,53093.0,190.5,439.6,,,1,0,0,1
1776874217022734,1790684540.791692,5791,tx,52608.6,138.9,248.7,,,1,0,0,1
1776874360784373,1790684540.935454,5935,tx,52922.4,169.9,323.1,,,1,0,0,1
1776874504128696,1790684541.078799,6078,tx,57218.1,109.8,207.9,,,1,0,0,1
1776874642393333,1790684541.217063,6217,tx,52668.6,143.2,275.1,,,1,0,0,1
1776874786893290,1790684541.361563,6361,tx,52513.9,182.2,404.0,,,1,0,0,1
1776874930929987,1790684541.505599,6505,tx,52217.7,168.1,403.2,,,1,0,0,1
1776875074934134,1790684541.649604,6649,tx,52663.7,133.8,281.4,,,1,0,0,1
1776875219053237,1790684541.793723,6793,tx,51718.4,132.6,234.0,,,1,0,0,1
1776875362260101,1790684541.936929,6936,tx,52205.0,196.2,409.3,,,1,0,0,1
1776875505751761,1790684542.080421,7080,tx,61855.8,213.7,392.1,,,1,0,0,1
1776875649345383,1790684542.224015,7224,tx,54203.7,200.0,431.3,,,1,0,0,1
1776875794070068,1790684542.368740,7368,tx,52479.8,141.4,248.8,,,1,0,0,1
1776875938123509,1790684542.512793,7512,tx,51652.6,118.5,199.9,,,1,0,0,1
1776876081414436,1790684542.656084,7656,tx,53398.9,197.8,427.5,,,1,0,0,1
1776876226210487,1790684542.800880,7800,tx,53026.9,157.1,393.6,,,1,0,0,1
1776876370982722,1790684542.945652,7945,tx,52972.7,160.7,333.6,,,1,0,0,1
1776876515282828,1790684543.089952,8089,tx,51725.3,138.5,266.6,,,1,0,0,1
1776876658564911,1790684543.233234,8233,tx,92468.8,331.9,544.5,,,1,0,0,1
1776876803125924,1790684543.377796,8377,tx,51562.3,117.4,208.8,,,1,0,0,1
1776876946045320,1790684543.520715,8520,tx,52798.7,169.5,310.0,,,1,0,0,1
1776877089738146,1790684543.664408,8664,tx,52361.6,272.6,363.9,,,1,0,0,1
1776877228367736,1790684543.803037,8803,tx,52262.3,200.5,417.1,,,1,0,0,1
1776877372721636,1790684543.947391,8947,tx,52274.1,193.3,440.5,,,1,0,0,1
1776877517406905,1790684544.092076,9092,tx,52546.0,180.1,414.7,,,1,0,0,1
1776877662194707,1790684544.236864,9236,tx,52197.8,145.7,368.1,,,1,0,0,1
1776877805087660,1790684544.379758,9379,tx,51510.0,100.0,199.9,,,1,0,0,1
1776877947855113,1790684544.522524,9522,tx,52094.0,150.5,384.2,,,1,0,0,1
1776878092142015,1790684544.666811,9666,tx,53319.1,160.7,396.1,,,1,0,0,1
1776878238111187,1790684544.812781,9812,tx,52129.5,147.9,372.8,,,1,0,0,1
1776878382225193,1790684544.956895,9956,tx,52752.9,124.9,286.0,,,1,0,0,1
1776878526476372,1790684545.101146,10101,tx,51622.5,102.6,204.8,,,1,0,0,1
1776878670393366,1790684545.245063,10245,tx,53324.5,184.0,408.9,,,1,0,0,1
1776878816048036,1790684545.390717,10390,tx,52499.4,201.1,448.0,,,1,0,0,1
1776878960190290,1790684545.534859,10534,tx,53012.0,155.6,352.1,,,1,0,0,1
1776879104445899,1790684545.679116,10679,tx,51586.2,110.6,207.9,,,1,0,0,1
1776879247705566,1790684545.822375,10822,tx,52464.3,247.7,474.8,,,1,0,0,1
1776879391658523,1790684545.966328,10966,tx,53438.3,287.6,523.2,,,1,0,0,1
1776879529916916,1790684546.104587,11104,tx,51712.0,120.9,262.6,,,1,0,0,1
1776879673370680,1790684546.248039,11248,tx,52914.4,125.4,343.0,,,1,0,0,1
1776879817010890,1790684546.391681,11391,tx,51501.3,68.0,167.7,,,1,0,0,1
1776879960191893,1790684546.534861,11534,tx,52165.6,165.1,328.0,,,1,0,0,1
1776880104580557,1790684546.679250,11679,tx,59580.7,345.2,564.2,,,1,0,0,1
1776880244824285,1790684546.819494,11819,tx,112454.6,254.8,318.3,,,1,0,0,1
1776880387949397,1790684546.962619,11962,tx,52259.6,106.5,189.7,,,1,0,0,1
1776880531381904,1790684547.106052,12106,tx,52584.4,116.1,220.7,,,1,0,0,1
1776880675587836,1790684547.250257,12250,tx,53135.7,139.6,317.0,,,1,0,0,1
1776880821138138,1790684547.395808,12395,tx,52095.4,132.4,350.6,,,1,0,0,1
1776880964715557,1790684547.539385,12539,tx,53048.0,248.0,456.4,,,1,0,0,1
1776881108573757,1790684547.683244,12683,tx,51375.7,78.0,138.7,,,1,0,0,1
1776881251405312,1790684547.826075,12826,tx,53190.2,146.3,362.6,,,1,0,0,1
1776881396047586,1790684547.970717,12970,tx,52915.7,109.1,267.1,,,1,0,0,1
1776881539717866,1790684548.114388,13114,tx,52271.6,83.7,161.6,,,1,0,0,1
1776881682566337,1790684548.257236,13257,tx,52235.3,88.9,183.5,,,1,0,0,1
1776881825292936,1790684548.399963,13399,tx,52462.2,101.0,164.1,,,1,0,0,1
1776881968243745,1790684548.542914,13542,tx,52341.4,91.1,171.0,,136113.6,1,0,0,1
1776882114518554,1790684548.689189,13689,idle,51814.7,110.4,266.8,,,0,0,0,0
1776882258681304,1790684548.833351,13833,idle,54911.4,426.5,601.1,,,0,0,0,0
1776882422881703,1790684548.997552,13997,idle,1801.1,362.5,408.7,,,0,0,0,0
1776882559931689,1790684549.134602,14134,idle,1027.4,285.9,376.9,,,0,0,0,0
1776882700463789,1790684549.275133,14275,idle,9087.2,162.4,383.1,,,0,0,0,0
1776882840318907,1790684549.414989,14414,idle,948.5,105.6,204.9,,,0,0,0,0
1776882980171974,1790684549.554842,14554,idle,805.2,81.9,148.6,,,0,0,0,0
1776883120304063,1790684549.694974,14694,idle,1293.5,138.9,225.7,,,0,0,0,0
1776883259957170,1790684549.834627,14834,idle,1158.0,249.8,334.6,,,0,0,0,0
1776883400417280,1790684549.975087,14975,idle,7319.2,80.6,192.4,,,0,0,0,0
1776883540431711,1790684550.115101,115,idle,1975.6,96.4,291.1,,,0,0,0,0
1776883679648064,1790684550.254318,254,idle,1291.6,102.2,191.7,,,0,0,0,0
1776883819736375,1790684550.394406,394,idle,1542.9,456.2,578.0,,,0,0,0,0
1776883959806847,1790684550.534477,534,idle,1643.8,358.6,507.8,,,0,0,0,0
1776884100369750,1790684550.675039,675,idle,9668.0,199.4,416.2,,,0,0,0,0
1776884240406184,1790684550.815076,815,idle,2436.9,138.7,387.1,,,0,0,0,0
1776884380288040,1790684550.954958,954,idle,898.7,98.9,184.0,,,0,0,0,0
1776884520228041,1790684551.094898,1094,idle,1929.4,170.9,348.5,,,0,0,0,0
1776884660319873,1790684551.234988,1234,idle,2228.8,175.8,399.7,,,0,0,0,0
1776884800396425,1790684551.375066,1375,idle,9265.4,146.1,322.0,,,0,0,0,0
1776884940894879,1790684551.515564,1515,idle,2919.4,228.6,447.8,,,0,0,0,0
1776885080245578,1790684551.654916,1654,idle,1378.6,104.0,205.0,,,0,0,0,0
1776885220893855,1790684551.795563,1795,idle,2476.2,259.4,479.1,,,0,0,0,0
1776885360521415,1790684551.935190,1935,idle,2319.5,122.6,330.3,,,0,0,0,0
1776885501087770,1790684552.075757,2075,idle,17624.8,178.5,394.0,,,0,0,0,0
1776885640953652,1790684552.215623,2215,idle,1934.3,237.1,400.1,,,0,0,0,0
1776885779521890,1790684552.354192,2354,idle,1203.9,99.9,161.2,,,0,0,0,0
1776885920890424,1790684552.495560,2495,idle,2546.7,275.5,477.6,,,0,0,0,0
1776886059733155,1790684552.634403,2634,idle,1434.3,118.2,211.5,,,0,0,0,0
1776886199990509,1790684552.774660,2774,idle,6411.1,146.9,355.0,,,0,0,0,0
1776886339680486,1790684552.914350,2914,idle,1365.1,80.2,184.3,,,0,0,0,0
1776886479485402,1790684553.054156,3054,idle,1391.3,84.4,174.9,,,0,0,0,0
1776886620502368,1790684553.195172,3195,idle,2093.5,155.6,323.4,,,0,0,0,0
1776886760540046,1790684553.335209,3335,idle,2691.8,163.3,398.3,,,0,0,0,0
1776886900272437,1790684553.474942,3474,idle,14404.5,191.9,414.3,,,0,0,0,0
1776887040087392,1790684553.614757,3614,idle,1052.5,197.2,270.8,,,0,0,0,0
1776887180187557,1790684553.754857,3754,idle,2217.4,183.4,388.1,,,0,0,0,0
1776887320878908,1790684553.895548,3895,idle,1467.5,177.6,325.0,,,0,0,0,0
1776887460486261,1790684554.035156,4035,idle,1543.2,125.3,281.9,,,0,0,0,0
1776887600481241,1790684554.175151,4175,idle,12817.0,179.7,381.4,,,0,0,0,0
1776887740101549,1790684554.314771,4314,idle,856.2,102.7,198.0,,,0,0,0,0
1776887880426088,1790684554.455096,4455,idle,1672.1,157.9,334.1,,,0,0,0,0
1776888020531440,1790684554.595201,4595,idle,2138.6,185.8,400.7,,,0,0,0,0
1776888160419916,1790684554.735089,4735,idle,2094.2,146.8,372.0,,,0,0,0,0
1776888300710840,1790684554.875380,4875,idle,8927.3,316.7,538.2,,,0,0,0,0
1776888440010950,1790684555.014681,5014,idle,951.3,157.4,251.3,,,0,0,0,0
1776888581052269,1790684555.155721,5155,idle,2383.8,158.5,350.2,,,0,0,0,0
1776888721056586,1790684555.295726,5295,idle,2270.4,159.3,377.5,,,0,0,0,0
1776888860749740,1790684555.435419,5435,idle,2373.0,307.5,509.2,,,0,0,0,0
1776889000600918,1790684555.575269,5575,idle,9088.6,114.8,332.1,,,0,0,0,0
1776889139689214,1790684555.714359,5714,idle,936.8,87.7,169.0,,,0,0,0,0
1776889280453481,1790684555.855123,5855,idle,2256.2,156.6,404.4,,,0,0,0,0
1776889421323649,1790684555.995993,5995,idle,2247.0,200.7,416.2,,,0,0,0,0
1776889560993149,1790684556.135663,6135,idle,2116.7,116.4,344.5,,,0,0,0,0
1776889700906950,1790684556.275576,6275,idle,9976.9,109.3,321.7,,,0,0,0,0
1776889840102788,1790684556.414773,6414,idle,1048.0,133.9,247.2,,,0,0,0,0
1776889980773475,1790684556.555443,6555,idle,1891.2,322.3,506.5,,,0,0,0,0
1776890120162943,1790684556.694832,6694,idle,2088.3,188.2,404.7,,,0,0,0,0
1776890260794908,1790684556.835464,6835,idle,2161.9,315.9,484.7,,,0,0,0,0
1776890400531821,1790684556.975202,6975,idle,3350.5,81.2,177.3,,,0,0,0,0
1776890539739920,1790684557.114410,7114,idle,1194.6,146.1,256.8,,,0,0,0,0
1776890681106525,1790684557.255776,7255,idle,2108.9,185.7,390.8,,,0,0,0,0
1776890820746849,1790684557.395416,7395,idle,2028.1,334.9,517.2,,,0,0,0,0
1776890959609036,1790684557.534279,7534,idle,1646.5,149.0,289.6,,,0,0,0,0
1776891099431295,1790684557.674101,7674,idle,947.0,76.2,148.8,,,0,0,0,0
1776891240132543,1790684557.814802,7814,idle,1030.1,106.7,222.0,,,0,0,0,0
1776891380403269,1790684557.955072,7955,idle,2205.8,185.7,403.6,,,0,0,0,0
1776891520462136,1790684558.095131,8095,idle,2157.7,182.0,390.5,,,0,0,0,0
1776891660874288,1790684558.235543,8235,idle,2235.8,196.0,414.2,,,0,0,0,0
1776891800847572,1790684558.375517,8375,idle,3858.2,284.0,403.4,,,0,0,0,0
1776891939681818,1790684558.514352,8514,idle,1001.0,131.0,218.5,,,0,0,0,0
1776892081343564,1790684558.656013,8656,idle,2238.3,194.5,419.6,,,0,0,0,0
1776892220470594,1790684558.795140,8795,idle,2280.8,131.7,403.5,,,0,0,0,0
1776892361071208,1790684558.935740,8935,idle,1992.9,118.2,306.5,,,0,0,0,0
1776892499679453,1790684559.074350,9074,idle,4901.4,108.1,172.4,,,0,0,0,0
1776892639809054,1790684559.214479,9214,idle,1666.8,295.9,431.5,,,0,0,0,0
1776892780582183,1790684559.355252,9355,idle,2296.0,166.4,358.9,,,0,0,0,0
1776892920266105,1790684559.494935,9494,idle,2162.9,152.6,358.6,,,0,0,0,0
1776893060496486,1790684559.635166,9635,idle,1094.8,74.5,181.5,,,0,0,0,0
1776893199584185,1790684559.774254,9774,idle,1183.2,110.0,179.0,,,0,0,0,0
1776893341055609,1790684559.915724,9915,idle,2569.4,123.6,308.5,,,0,0,0,0
1776893480929334,1790684560.055598,10055,idle,2190.7,141.8,351.8,,,0,0,0,0
1776893621121863,1790684560.195791,10195,idle,2389.2,146.6,380.3,,,0,0,0,0
1776893760444026,1790684560.335113,10335,idle,1548.4,129.6,284.1,,,0,0,0,0
1776893900192695,1790684560.474863,10474,idle,2900.4,75.5,135.8,,,0,0,0,0
1776894040270165,1790684560.614940,10614,idle,2020.3,153.7,333.0,,,0,0,0,0
1776894180198305,1790684560.754868,10754,idle,2273.8,154.3,364.4,,,0,0,0,0
1776894320177920,1790684560.894847,10894,idle,1817.7,138.0,271.1,,,0,0,0,0
1776894460138361,1790684561.034808,11034,idle,948.2,100.1,222.4,,,0,0,0,0
1776894600128665,1790684561.174798,11174,idle,5073.6,120.7,273.0,,,0,0,0,0
1776894740562473,1790684561.315232,11315,idle,2190.8,146.3,350.5,,,0,0,0,0
1776894880432992,1790684561.455102,11455,idle,2076.9,163.7,390.4,,,0,0,0,0
1776895020046692,1790684561.594717,11594,idle,1293.5,148.7,282.0,,,0,0,0,0
1776895159657438,1790684561.734328,11734,idle,1197.0,82.6,186.7,,,0,0,0,0
1776895300083634,1790684561.874753,11874,decode,7036.9,127.1,316.3,,,0,0,1,0
1776895440249679,1790684562.014919,12014,idle,2032.9,154.6,338.6,,,0,0,0,0
1776895579674684,1790684562.154345,12154,idle,1317.8,124.6,238.3,,,0,0,0,0
1776895720726834,1790684562.295397,12295,idle,1653.3,108.5,252.9,,,0,0,0,0
1776895859864926,1790684562.434535,12434,idle,1045.8,80.4,141.6,,,0,0,0,0
1776896001700532,1790684562.576370,12576,idle,7745.8,153.5,350.0,,,0,0,0,0
1776896140097780,1790684562.714767,12714,idle,2202.8,121.1,334.7,,,0,0,0,0
1776896280661085,1790684562.855330,12855,idle,2044.5,117.7,303.0,,,0,0,0,0
1776896419762830,1790684562.994433,12994,idle,872.8,77.8,165.9,,,0,0,0,0
1776896559674240,1790684563.134344,13134,idle,1104.8,78.6,149.9,,,0,0,0,0
1776896701109031,1790684563.275778,13275,idle,6240.8,126.1,324.1,,,0,0,0,0
1776896840636999,1790684563.415307,13415,idle,1848.0,117.5,294.7,,,0,0,0,0
1776896982969845,1790684563.557640,13557,idle,1676.1,212.3,369.4,,,0,0,0,0
1776897129771749,1790684563.704442,13704,idle,1348.8,93.8,221.7,,,0,0,0,0
1776897269819778,1790684563.844490,13844,idle,1267.6,88.0,199.2,,,0,0,0,0
1776897410584814,1790684563.985254,13985,idle,1952.4,123.7,331.5,,,0,0,0,0
1776897551207509,1790684564.125876,14125,idle,2524.4,131.8,329.0,,,0,0,0,0
1776897690854573,1790684564.265524,14265,idle,2336.9,264.3,518.6,,,0,0,0,0
1776897829075163,1790684564.403745,14403,decode,913.2,145.1,228.3,,,0,0,1,0
1776897970334082,1790684564.545004,14545,idle,1401.0,143.6,280.4,,,0,0,0,0
1776898111177811,1790684564.685847,14685,idle,2155.0,152.2,376.0,,,0,0,0,0
1776898250687696,1790684564.825357,14825,idle,2123.3,185.3,409.6,,,0,0,0,0
1776898390630607,1790684564.965300,14965,idle,2410.8,114.9,326.8,,,0,0,0,0
1776898535759725,1790684565.110430,110,tx,129236.7,69.9,174.3,,,1,0,0,1
1776898726185299,1790684565.300854,300,tx,52121.7,155.3,331.6,,,1,0,0,1
1776898869626561,1790684565.444296,444,tx,53875.7,204.5,438.8,,,1,0,0,1
1776899015731272,1790684565.590400,590,tx,54603.2,184.7,403.2,,,1,0,0,1
1776899161291705,1790684565.735962,735,tx,52204.4,114.4,196.0,,,1,0,0,1
1776899305578843,1790684565.880248,880,tx,55660.6,158.4,341.7,,,1,0,0,1
1776899452556318,1790684566.027225,1027,tx,55108.4,159.0,386.8,,,1,0,0,1
1776899597486728,1790684566.172157,1172,tx,51954.4,92.7,277.4,,,1,0,0,1
1776899741081975,1790684566.315752,1315,tx,52428.7,281.9,395.4,,,1,0,0,1
1776899884629831,1790684566.459300,1459,tx,51638.8,134.4,233.1,,,1,0,0,1
1776900027335762,1790684566.602005,1602,tx,52790.8,155.9,285.9,,,1,0,0,1
1776900171464617,1790684566.746134,1746,tx,52015.4,140.5,352.8,,,1,0,0,1
1776900314829244,1790684566.889499,1889,tx,53405.3,459.5,664.2,,,1,0,0,1
1776900459137037,1790684567.033807,2033,tx,52508.9,262.8,338.4,,,1,0,0,1
1776900603221591,1790684567.177891,2177,tx,56421.8,154.6,402.9,,,1,0,0,1
1776900741690802,1790684567.316360,2316,tx,52831.6,188.0,418.9,,,1,0,0,1
1776900886047417,1790684567.460717,2460,tx,52949.6,321.8,458.4,,,1,0,0,1
1776901030533037,1790684567.605203,2605,tx,52588.2,107.7,208.4,,,1,0,0,1
1776901174373687,1790684567.749043,2749,tx,51983.0,113.0,252.2,,,1,0,0,1
1776901317954398,1790684567.892623,2892,tx,52785.5,325.6,593.2,,,1,0,0,1
1776901463150226,1790684568.037819,3037,tx,89209.5,153.1,398.6,,,1,0,0,1
1776901608044635,1790684568.182714,3182,tx,53156.6,364.8,509.1,,,1,0,0,1
1776901752049724,1790684568.326720,3326,tx,52424.4,406.1,496.7,,,1,0,0,1
1776901896164073,1790684568.470833,3470,tx,52521.8,166.8,398.0,,,1,0,0,1
1776902040221063,1790684568.614890,3614,tx,52300.4,158.8,392.5,,,1,0,0,1
1776902183737173,1790684568.758406,3758,tx,52672.2,174.2,407.9,,,1,0,0,1
1776902327546366,1790684568.902216,3902,tx,52564.1,132.5,227.4,,,1,0,0,1
1776902471617121,1790684569.046286,4046,tx,52822.3,147.7,374.0,,,1,0,0,1
1776902616727284,1790684569.191397,4191,tx,53694.5,187.0,403.8,,,1,0,0,1
1776902761976319,1790684569.336645,4336,tx,52434.9,326.2,577.7,,,1,0,0,1
1776902906546108,1790684569.481215,4481,tx,53910.9,325.4,519.7,,,1,0,0,1
1776903051415690,1790684569.626086,4626,tx,52168.6,105.0,193.5,,,1,0,0,1
1776903195173014,1790684569.769842,4769,tx,52316.1,148.1,432.9,,,1,0,0,1
1776903339941730,1790684569.914611,4914,tx,53518.7,412.2,628.3,,,1,0,0,1
1776903485489950,1790684570.060159,5060,tx,52161.7,153.9,389.3,,,1,0,0,1
1776903628716519,1790684570.203386,5203,tx,52348.4,107.8,218.0,,,1,0,0,1
1776903772482495,1790684570.347152,5347,tx,51976.3,183.5,406.2,,,1,0,0,1
1776903916688797,1790684570.491358,5491,tx,53385.0,173.3,397.3,,,1,0,0,1
1776904061941059,1790684570.636610,5636,tx,52382.2,268.8,500.2,,,1,0,0,1
1776904206448240,1790684570.781117,5781,tx,54152.8,151.8,363.8,,,1,0,0,1
1776904350989390,1790684570.925659,5925,tx,52598.4,289.5,402.3,,,1,0,0,1
1776904495841497,1790684571.070510,6070,tx,52565.0,308.3,574.4,,,1,0,0,1
1776904640751513,1790684571.215421,6215,tx,52495.6,118.2,346.6,,,1,0,0,1
1776904785697326,1790684571.360366,6360,tx,52791.8,184.2,421.8,,,1,0,0,1
1776904929387634,1790684571.504057,6504,tx,52117.0,100.8,210.6,,,1,0,0,1
1776905073396556,1790684571.648066,6648,tx,87775.1,169.6,362.4,,,1,0,0,1
1776905218153790,1790684571.792824,6792,tx,51721.9,121.0,268.1,,,1,0,0,1
1776905361843022,1790684571.936512,6936,tx,52656.3,349.2,607.3,,,1,0,0,1
1776905506418253,1790684572.081088,7081,tx,63233.7,143.0,343.7,,,1,0,0,1
1776905650081874,1790684572.224752,7224,tx,52772.4,251.7,321.7,,,1,0,0,1
1776905794886856,1790684572.369556,7369,tx,52510.9,333.5,577.6,,,1,0,0,1
1776905938551185,1790684572.513221,7513,tx,52357.6,184.9,396.9,,,1,0,0,1
1776906082773237,1790684572.657443,7657,tx,52357.5,177.4,439.5,,,1,0,0,1
1776906226185037,1790684572.800855,7800,tx,52358.0,121.4,229.1,,,1,0,0,1
1776906369667226,1790684572.944337,7944,tx,51774.7,130.8,290.8,,,1,0,0,1
1776906513963873,1790684573.088633,8088,tx,54682.2,291.4,491.8,,,1,0,0,1
1776906660585930,1790684573.235255,8235,tx,52134.6,133.8,374.1,,,1,0,0,1
1776906804387551,1790684573.379057,8379,tx,56190.2,156.4,353.8,,,1,0,0,1
1776906951143334,1790684573.525814,8525,tx,52315.4,165.9,250.9,,,1,0,0,1
1776907095940315,1790684573.670609,8670,tx,52425.8,321.9,532.9,,,1,0,0,1
1776907240482069,1790684573.815151,8815,tx,52132.1,205.1,442.5,,,1,0,0,1
1776907384150052,1790684573.958819,8958,tx,53459.5,192.1,430.8,,,1,0,0,1
1776907528244468,1790684574.102915,9102,tx,52268.4,134.9,202.6,,,1,0,0,1
1776907672758871,1790684574.247428,9247,tx,52365.8,145.1,344.9,,,1,0,0,1
1776907816883616,1790684574.391553,9391,tx,52436.2,350.3,579.7,,,1,0,0,1
1776907960840810,1790684574.535510,9535,tx,51974.1,178.1,328.0,,,1,0,0,1
1776908105067388,1790684574.679737,9679,tx,55704.0,220.3,410.7,,,1,0,0,1
1776908251993172,1790684574.826663,9826,tx,51207.9,104.8,191.7,,,1,0,0,1
1776908395132953,1790684574.969802,9969,tx,52281.9,137.7,365.3,,,1,0,0,1
1776908534614176,1790684575.109284,10109,tx,52621.4,190.8,422.9,,,1,0,0,1
1776908679492181,1790684575.254161,10254,tx,88747.8,140.4,362.5,,,1,0,0,1
1776908823803938,1790684575.398474,10398,tx,52449.0,78.3,170.0,,,1,0,0,1
1776908967336122,1790684575.542005,10542,tx,52297.8,157.4,394.1,,,1,0,0,1
1776909111309367,1790684575.685979,10685,tx,52179.2,158.8,390.9,,,1,0,0,1
1776909255459027,1790684575.830127,10830,tx,51933.3,147.1,380.7,,,1,0,0,1
1776909399630394,1790684575.974300,10974,tx,59638.5,111.8,293.5,,,1,0,0,1
1776909540037369,1790684576.114707,11114,tx,51586.2,100.5,188.2,,,1,0,0,1
1776909683385299,1790684576.258055,11258,tx,52817.4,128.0,293.2,,,1,0,0,1
1776909827683801,1790684576.402354,11402,tx,53040.3,90.3,191.9,,,1,0,0,1
1776909966322385,1790684576.540992,11540,tx,54548.0,94.7,715.8,,,1,0,0,1
1776910111266698,1790684576.685937,11685,tx,52197.5,99.9,175.8,,,1,0,0,1
1776910255260650,1790684576.829930,11829,tx,51852.4,129.4,291.4,,,1,0,0,1
1776910399423021,1790684576.974092,11974,tx,58284.8,174.2,382.0,,,1,0,0,1
1776910539597630,1790684577.114267,12114,tx,52468.3,157.2,380.9,,,1,0,0,1
1776910683721473,1790684577.258391,12258,tx,53385.1,171.5,382.7,,,1,0,0,1
1776910828088851,1790684577.402759,12402,tx,52337.6,280.2,374.2,,,1,0,0,1
1776910971105594,1790684577.545776,12545,tx,51766.9,255.3,363.7,,,1,0,0,1
1776911114694514,1790684577.689364,12689,tx,52617.1,172.5,396.8,,,1,0,0,1
1776911258877828,1790684577.833547,12833,tx,52306.3,178.9,414.4,,,1,0,0,1
1776911402314030,1790684577.976984,12976,tx,55014.0,107.1,217.6,,,1,0,0,1
1776911548458310,1790684578.123128,13123,tx,51819.5,151.8,276.7,,,1,0,0,1
1776911692273852,1790684578.266943,13266,tx,52552.9,197.4,432.0,,,1,0,0,1
1776911836542772,1790684578.411212,13411,tx,51867.2,170.0,347.1,,,1,0,0,1
1776911979899305,1790684578.554569,13554,tx,53168.4,158.9,371.2,,123278.4,1,0,0,1
1776912123390437,1790684578.698060,13698,idle,51212.2,109.7,209.0,,,0,0,0,0
1776912267475993,1790684578.842145,13842,idle,87582.1,191.7,427.6,,,0,0,0,0
1776912433575194,1790684579.008245,14008,idle,3135.0,159.1,309.5,,,0,0,0,0
1776912576023983,1790684579.150694,14150,idle,1392.8,113.8,228.3,,,0,0,0,0
1776912716160675,1790684579.290831,14290,idle,1260.5,369.1,479.3,,,0,0,0,0
1776912855673168,1790684579.430343,14430,idle,1517.2,102.5,226.6,,,0,0,0,0
1776912996715845,1790684579.571385,14571,idle,2749.4,157.6,397.5,,,0,0,0,0
1776913140466754,1790684579.715136,14715,idle,2261.2,214.4,416.8,,,0,0,0,0
1776913286561306,1790684579.861231,14861,idle,2163.9,195.4,412.5,,,0,0,0,0
1776913425412088,1790684580.000082,0,idle,951.9,100.7,193.5,,,0,0,0,0
1776913566224611,1790684580.140893,140,idle,2507.1,221.8,409.9,,,0,0,0,0
1776913706045395,1790684580.280715,280,idle,7006.8,415.6,588.2,,,0,0,0,0
1776913846237590,1790684580.420907,420,idle,2506.6,160.7,422.1,,,0,0,0,0
1776913986057854,1790684580.560728,560,idle,1375.4,474.2,580.9,,,0,0,0,0
1776914126194673,1790684580.700865,700,idle,1766.9,221.7,420.6,,,0,0,0,0
1776914266769391,1790684580.841439,841,idle,2350.4,129.5,402.4,,,0,0,0,0
1776914406621786,1790684580.981291,981,idle,2998.5,108.4,311.4,,,0,0,0,0
1776914547081450,1790684581.121749,1121,idle,2571.7,348.9,596.8,,,0,0,0,0
1776914686064961,1790684581.260735,1260,idle,1595.3,426.7,573.6,,,0,0,0,0
1776914825219839,1790684581.399890,1399,idle,1101.0,335.0,424.0,,,0,0,0,0
1776914966113123,1790684581.540783,1540,idle,2061.8,793.7,906.5,,,0,0,0,0
1776915106495768,1790684581.681165,1681,idle,3240.2,138.6,326.6,,,0,0,0,0
1776915247062865,1790684581.821731,1821,idle,2658.3,349.2,596.8,,,0,0,0,0
1776915386163426,1790684581.960833,1960,idle,1380.2,378.2,494.1,,,0,0,0,0
1776915525780998,1790684582.100451,2100,idle,1198.2,82.3,162.9,,,0,0,0,0
1776915666858423,1790684582.241528,2241,idle,2671.1,127.6,378.0,,,0,0,0,0
1776915806617781,1790684582.381287,2381,idle,3293.1,121.5,307.1,,,0,0,0,0
1776915946059563,1790684582.520729,2520,idle,1496.6,95.0,203.7,,,0,0,0,0
1776916085443115,1790684582.660113,2660,idle,970.7,116.7,187.4,,,0,0,0,0
1776916225608915,1790684582.800279,2800,idle,1504.9,93.1,211.3,,,0,0,0,0
1776916367296906,1790684582.941966,2941,idle,2435.2,124.3,356.7,,,0,0,0,0
1776916506858599,1790684583.081528,3081,idle,9639.6,140.3,373.5,,,0,0,0,0
1776916646720888,1790684583.221390,3221,idle,2471.4,152.1,376.6,,,0,0,0,0
1776916785753434,1790684583.360423,3360,idle,1316.6,77.6,190.4,,,0,0,0,0
1776916925274099,1790684583.499944,3499,idle,1110.9,305.3,396.6,,,0,0,0,0
1776917065775125,1790684583.640444,3640,idle,1854.4,150.3,354.5,,,0,0,0,0
1776917205905433,1790684583.780576,3780,idle,1503.5,126.5,262.8,,,0,0,0,0
1776917346314591,1790684583.920984,3920,idle,2332.9,140.5,372.2,,,0,0,0,0
1776917485703782,1790684584.060374,4060,idle,807.1,74.0,149.6,,,0,0,0,0
1776917625375490,1790684584.200045,4200,idle,1099.6,113.2,237.3,,,0,0,0,0
1776917765717223,1790684584.340387,4340,idle,1416.3,86.8,265.6,,,0,0,0,0
1776917905990846,1790684584.480661,4480,idle,1215.9,118.4,228.5,,,0,0,0,0
1776918043662591,1790684584.618332,4618,idle,2022.4,155.0,373.7,,,0,0,0,0
1776918185999128,1790684584.760669,4760,idle,1198.2,104.5,211.8,,,0,0,0,0
1776918329962711,1790684584.904632,4904,idle,18228.1,108.2,1295.5,,,0,0,0,0
1776918476180022,1790684585.050849,5050,idle,2444.7,181.2,366.3,,,0,0,0,0
1776918616492486,1790684585.191162,5191,idle,2335.2,161.3,346.5,,,0,0,0,0
1776918756716618,1790684585.331387,5331,idle,1438.1,113.0,227.1,,,0,0,0,0
1776918895606805,1790684585.470277,5470,idle,1078.9,129.2,213.3,,,0,0,0,0
1776919039316021,1790684585.613985,5613,idle,2096.2,122.2,337.3,,,0,0,0,0
1776919185951142,1790684585.760621,5760,idle,1013.6,77.4,156.9,,,0,0,0,0
1776919326033049,1790684585.900703,5900,idle,1313.1,105.2,211.6,,,0,0,0,0
1776919465564247,1790684586.040234,6040,idle,806.5,78.9,147.0,,,0,0,0,0
1776919606577934,1790684586.181247,6181,idle,8399.8,147.7,337.5,,,0,0,0,0
1776919746834620,1790684586.321503,6321,idle,2159.5,149.8,412.0,,,0,0,0,0
1776919886303182,1790684586.460973,6460,idle,2282.6,182.7,417.6,,,0,0,0,0
1776920030234018,1790684586.604903,6604,idle,5570.9,111.3,2954.3,,,0,0,0,0
1776920176066519,1790684586.750737,6750,idle,1225.4,109.4,194.6,,,0,0,0,0
1776920316662069,1790684586.891331,6891,idle,2023.6,101.9,310.2,,,0,0,0,0
1776920456517976,1790684587.031188,7031,idle,2195.2,170.0,401.8,,,0,0,0,0
1776920596498121,1790684587.171167,7171,idle,2326.8,155.8,343.4,,,0,0,0,0
1776920741593639,1790684587.316263,7316,idle,1492.5,127.0,278.3,,,0,0,0,0
1776920885563245,1790684587.460233,7460,idle,1020.0,105.6,207.9,,,0,0,0,0
1776921025379303,1790684587.600049,7600,idle,4372.9,119.4,310.0,,,0,0,0,0
1776921166792587,1790684587.741462,7741,idle,2249.5,154.7,395.6,,,0,0,0,0
1776921306243352,1790684587.880913,7880,idle,8541.8,153.4,363.3,,,0,0,0,0
1776921445562639,1790684588.020232,8020,idle,1022.0,99.4,208.1,,,0,0,0,0
1776921585721288,1790684588.160391,8160,idle,1551.3,139.8,270.9,,,0,0,0,0
1776921728976342,1790684588.303646,8303,idle,1757.7,132.0,285.2,,,0,0,0,0
1776921866138112,1790684588.440807,8440,idle,2317.1,262.0,470.0,,,0,0,0,0
1776922005659102,1790684588.580329,8580,idle,3417.2,90.3,193.9,,,0,0,0,0
1776922145780325,1790684588.720450,8720,idle,1112.4,105.4,170.3,,,0,0,0,0
1776922287135016,1790684588.861804,8861,idle,2369.9,264.5,501.8,,,0,0,0,0
1776922429634626,1790684589.004304,9004,idle,1951.2,140.7,333.7,,,0,0,0,0
1776922576308631,1790684589.150978,9150,idle,2170.4,157.5,371.8,,,0,0,0,0
1776922716894147,1790684589.291564,9291,idle,2096.7,142.7,363.1,,,0,0,0,0
1776922856196063,1790684589.430866,9430,idle,1323.7,328.7,431.9,,,0,0,0,0
1776922996237213,1790684589.570907,9570,idle,2277.2,193.4,406.0,,,0,0,0,0
1776923142774370,1790684589.717444,9717,idle,1614.2,136.9,308.0,,,0,0,0,0
1776923287045245,1790684589.861714,9861,idle,2395.2,327.5,563.7,,,0,0,0,0
1776923427210446,1790684590.001880,10001,idle,4786.2,250.9,395.8,,,0,0,0,0
1776923565724512,1790684590.140394,10140,idle,1208.2,128.6,220.8,,,0,0,0,0
1776923706079522,1790684590.280749,10280,idle,8595.8,360.8,568.9,,,0,0,0,0
1776923846187787,1790684590.420857,10420,idle,2250.6,203.9,443.8,,,0,0,0,0
1776923985539129,1790684590.560209,10560,idle,1596.9,154.5,309.9,,,0,0,0,0
1776924129092699,1790684590.703763,10703,idle,1160.9,105.5,197.4,,,0,0,0,0
1776924275693456,1790684590.850363,10850,idle,1285.4,117.2,227.5,,,0,0,0,0
1776924416271368,1790684590.990941,10990,idle,2126.0,176.4,385.6,,,0,0,0,0
1776924563243347,1790684591.137913,11137,idle,1261.7,241.6,340.4,,,0,0,0,0
1776924707029443,1790684591.281698,11281,idle,7559.0,149.3,354.2,,,0,0,0,0
1776924845825019,1790684591.420495,11420,idle,1163.0,77.1,147.7,,,0,0,0,0
1776924985650625,1790684591.560321,11560,idle,1060.8,88.3,162.9,,,0,0,0,0
1776925129677988,1790684591.704347,11704,idle,1980.1,117.5,301.8,,,0,0,0,0
1776925276183497,1790684591.850853,11850,decode,1393.7,305.2,440.1,,,0,0,1,0
1776925416269543,1790684591.990938,11990,idle,2297.2,143.2,356.3,,,0,0,0,0
1776925555818482,1790684592.130489,12130,idle,773.8,78.6,145.3,,,0,0,0,0
1776925696566566,1790684592.271236,12271,idle,2196.9,153.6,374.9,,,0,0,0,0
1776925839814904,1790684592.414484,12414,idle,2000.8,120.1,355.2,,,0,0,0,0
1776925986878430,1790684592.561548,12561,idle,2243.5,130.8,378.8,,,0,0,0,0
1776926126859489,1790684592.701529,12701,idle,1418.8,85.5,299.4,,,0,0,0,0
1776926265653951,1790684592.840324,12840,idle,847.9,99.3,162.0,,,0,0,0,0
1776926406693021,1790684592.981362,12981,idle,3079.9,152.1,338.8,,,0,0,0,0
1776926545591596,1790684593.120261,13120,idle,2176.5,117.3,338.7,,,0,0,0,0
1776926686171594,1790684593.260841,13260,idle,2601.3,259.0,461.3,,,0,0,0,0
1776926825752149,1790684593.400422,13400,idle,958.6,76.9,189.4,,,0,0,0,0
1776926965951924,1790684593.540622,13540,idle,1128.7,118.5,213.6,,,0,0,0,0
1776927106681073,1790684593.681350,13681,idle,3716.9,145.4,348.8,,,0,0,0,0
1776927245904358,1790684593.820574,13820,idle,1415.7,121.1,272.4,,,0,0,0,0
1776927386518518,1790684593.961188,13961,idle,2433.4,161.6,360.4,,,0,0,0,0
1776927525909604,1790684594.100580,14100,idle,2553.9,69.6,153.4,,,0,0,0,0
1776927665783925,1790684594.240454,14240,idle,1466.5,164.7,301.3,,,0,0,0,0
1776927805736323,1790684594.380406,14380,decode,7822.4,94.0,622.8,,,0,0,1,0
1776927945942225,1790684594.520612,14520,idle,1141.8,106.7,203.7,,,0,0,0,0
1776928086175590,1790684594.660845,14660,idle,1789.9,307.2,447.4,,,0,0,0,0
1776928225014923,1790684594.799684,14799,idle,1023.3,104.5,205.7,,,0,0,0,0
1776928365865013,1790684594.940535,14940,idle,1758.7,150.3,352.4,,,0,0,0,0
1776928506136270,1790684595.080805,80,idle,162238.8,299.8,507.4,,,0,0,0,1
1776928728767793,1790684595.303437,303,tx,52748.9,120.0,320.9,,,1,0,0,1
1776928872985617,1790684595.447656,447,tx,51546.4,102.4,186.1,,,1,0,0,1
1776929016495484,1790684595.591165,591,tx,52426.6,144.8,386.1,,,1,0,0,1
1776929160160612,1790684595.734831,734,tx,53061.2,85.4,172.9,,,1,0,0,1
1776929304289584,1790684595.878959,878,tx,57968.2,383.5,505.0,,,1,0,0,1
1776929443676125,1790684596.018346,1018,tx,54627.0,276.0,2227.0,,,1,0,0,1
1776929589411111,1790684596.164081,1164,tx,51494.4,299.8,402.8,,,1,0,0,1
1776929735034373,1790684596.309704,1309,tx,51812.6,126.0,282.6,,,1,0,0,1
1776929878274184,1790684596.452944,1452,tx,53560.3,342.4,546.7,,,1,0,0,1
1776930023654667,1790684596.598324,1598,tx,93856.9,103.7,265.7,,,1,0,0,1
1776930166913508,1790684596.741583,1741,tx,52636.0,78.7,191.2,,,1,0,0,1
1776930311151394,1790684596.885821,1885,tx,53410.3,472.5,650.5,,,1,0,0,1
1776930455873018,1790684597.030542,2030,tx,51927.4,139.7,371.6,,,1,0,0,1
1776930599670373,1790684597.174340,2174,tx,65954.4,149.8,368.7,,,1,0,0,1
1776930736749280,1790684597.311418,2311,tx,53338.9,157.1,441.2,,,1,0,0,1
1776930882326609,1790684597.456996,2456,tx,52774.5,350.8,462.0,,,1,0,0,1
1776931025457478,1790684597.600127,2600,tx,51364.4,286.3,355.6,,,1,0,0,1
1776931168285459,1790684597.742955,2742,tx,53376.4,335.7,557.1,,,1,0,0,1
1776931312728079,1790684597.887398,2887,tx,53207.4,109.3,201.7,,,1,0,0,1
1776931457080893,1790684598.031750,3031,tx,53570.7,114.8,312.2,,,1,0,0,1
1776931601879881,1790684598.176549,3176,tx,52034.2,98.6,177.6,,,1,0,0,1
1776931745334808,1790684598.320004,3320,tx,53493.3,307.0,530.6,,,1,0,0,1
1776931891216602,1790684598.465886,3465,tx,53496.3,426.7,656.2,,,1,0,0,1
1776932036363629,1790684598.611033,3611,tx,53220.6,229.2,467.6,,,1,0,0,1
1776932180740674,1790684598.755410,3755,tx,52636.0,84.3,185.1,,,1,0,0,1
1776932324142736,1790684598.898813,3898,tx,51943.3,116.7,236.4,,,1,0,0,1
1776932468103168,1790684599.042773,4042,tx,53598.7,154.6,359.8,,,1,0,0,1
1776932613286350,1790684599.187955,4187,tx,52573.4,346.7,610.0,,,1,0,0,1
1776932757580435,1790684599.332250,4332,tx,53214.4,164.6,380.1,,,1,0,0,1
1776932901764693,1790684599.476435,4476,tx,51873.4,74.9,158.5,,,1,0,0,1
1776933044777495,1790684599.619447,4619,tx,51736.0,90.5,219.4,,,1,0,0,1
1776933188660339,1790684599.763330,4763,tx,51895.1,90.5,277.8,,,1,0,0,1
1776933334288614,1790684599.908958,4908,tx,52050.7,441.0,570.9,,,1,0,0,1
1776933477089012,1790684600.051759,5051,tx,52344.2,105.8,202.2,,,1,0,0,1
1776933621153020,1790684600.195823,5195,tx,90489.7,79.1,189.9,,,1,0,0,1
1776933765395122,1790684600.340065,5340,tx,51728.6,205.2,319.8,,,1,0,0,1
1776933908881620,1790684600.483551,5483,tx,53179.9,170.7,385.6,,,1,0,0,1
1776934053643856,1790684600.628313,5628,tx,53218.3,166.4,390.3,,,1,0,0,1
1776934198736311,1790684600.773407,5773,tx,52093.8,74.8,180.3,,,1,0,0,1
1776934342630793,1790684600.917300,5917,tx,51938.4,158.3,397.4,,,1,0,0,1
1776934486366676,1790684601.061036,6061,tx,52247.3,159.7,476.3,,,1,0,0,1
1776934630963264,1790684601.205632,6205,tx,52423.7,168.5,413.2,,,1,0,0,1
1776934774823927,1790684601.349494,6349,tx,52546.5,135.4,240.5,,,1,0,0,1
1776934919098012,1790684601.493767,6493,tx,53244.4,175.9,410.9,,,1,0,0,1
1776935064063930,1790684601.638734,6638,tx,52263.5,141.0,318.1,,,1,0,0,1
1776935208067807,1790684601.782737,6782,tx,52489.0,145.1,338.2,,,1,0,0,1
1776935352335124,1790684601.927004,6927,tx,52134.8,218.8,440.9,,,1,0,0,1
1776935495046954,1790684602.069716,7069,tx,52337.9,107.4,223.8,,,1,0,0,1
1776935638800329,1790684602.213470,7213,tx,52324.7,166.9,362.7,,,1,0,0,1
1776935783203710,1790684602.357873,7357,tx,52493.3,319.6,523.5,,,1,0,0,1
1776935928403340,1790684602.503073,7503,tx,52173.6,134.1,340.3,,,1,0,0,1
1776936071907668,1790684602.646577,7646,tx,51544.7,120.0,258.2,,,1,0,0,1
1776936214180200,1790684602.788850,7788,tx,52608.3,133.9,214.5,,,1,0,0,1
1776936358984795,1790684602.933654,7933,tx,52090.1,154.8,404.0,,,1,0,0,1
1776936502852370,1790684603.077522,8077,tx,64575.7,142.5,352.6,,,1,0,0,1
1776936648990412,1790684603.223660,8223,tx,55384.3,161.3,419.9,,,1,0,0,1
1776936793648483,1790684603.368318,8368,tx,51282.3,101.2,205.0,,,1,0,0,1
1776936936792107,1790684603.511461,8511,tx,52115.7,157.6,397.8,,,1,0,0,1
1776937081114897,1790684603.655784,8655,tx,52262.7,145.4,359.3,,,1,0,0,1
1776937225889142,1790684603.800558,8800,tx,87776.0,146.0,387.1,,,1,0,0,1
1776937369721681,1790684603.944391,8944,tx,52137.7,78.6,183.9,,,1,0,0,1
1776937513299147,1790684604.087969,9087,tx,53146.9,296.0,439.4,,,1,0,0,1
1776937658471568,1790684604.233141,9233,tx,52364.6,166.1,377.1,,,1,0,0,1
1776937802979861,1790684604.377649,9377,tx,57355.0,189.9,390.1,,,1,0,0,1
1776937941158307,1790684604.515828,9515,tx,52385.8,88.2,179.7,,,1,0,0,1
1776938084072205,1790684604.658742,9658,tx,52543.4,100.8,203.4,,,1,0,0,1
1776938229175869,1790684604.803845,9803,tx,53389.0,372.4,603.4,,,1,0,0,1
1776938374430245,1790684604.949099,9949,tx,52375.9,149.3,380.0,,,1,0,0,1
1776938518819260,1790684605.093489,10093,tx,52261.5,178.3,428.0,,,1,0,0,1
1776938662142788,1790684605.236813,10236,tx,52246.4,101.5,186.0,,,1,0,0,1
1776938806298972,1790684605.380968,10380,tx,54228.4,284.7,495.6,,,1,0,0,1
1776938952153500,1790684605.526823,10526,tx,52203.9,179.9,382.4,,,1,0,0,1
1776939096615067,1790684605.671284,10671,tx,52996.9,198.9,413.9,,,1,0,0,1
1776939240973724,1790684605.815643,10815,tx,52600.1,101.4,269.1,,,1,0,0,1
1776939384051201,1790684605.958721,10958,tx,51622.6,133.5,206.7,,,1,0,0,1
1776939527065443,1790684606.101734,11101,tx,52444.4,138.3,359.3,,,1,0,0,1
1776939671334114,1790684606.246004,11246,tx,56799.4,108.5,3825.7,,,1,0,0,1
1776939818245069,1790684606.392915,11392,tx,51708.6,307.8,475.2,,,1,0,0,1
1776939961349415,1790684606.536020,11536,tx,52197.1,265.0,373.5,,,1,0,0,1
1776940105160781,1790684606.679830,11679,tx,55730.2,112.5,308.8,,,1,0,0,1
1776940242273157,1790684606.816943,11816,tx,53050.7,297.6,497.9,,,1,0,0,1
1776940386787467,1790684606.961457,11961,tx,52372.4,185.7,450.6,,,1,0,0,1
1776940530975059,1790684607.105644,12105,tx,53144.2,139.7,389.1,,,1,0,0,1
1776940675734960,1790684607.250405,12250,tx,52161.3,78.9,161.2,,,1,0,0,1
1776940819103848,1790684607.393774,12393,tx,87462.8,140.1,297.8,,,1,0,0,1
1776940962683604,1790684607.537353,12537,tx,51727.0,133.6,287.1,,,1,0,0,1
1776941106849579,1790684607.681519,12681,tx,52214.0,124.8,338.6,,,1,0,0,1
1776941250870203,1790684607.825540,12825,tx,67667.2,94.2,191.2,,,1,0,0,1
1776941394216957,1790684607.968887,12968,tx,53035.4,72.0,165.5,,,1,0,0,1
1776941533919838,1790684608.108590,13108,tx,52693.5,122.9,318.8,,,1,0,0,1
1776941677972569,1790684608.252643,13252,tx,52671.1,142.9,273.7,,,1,0,0,1
1776941821940478,1790684608.396610,13396,tx,52184.8,166.8,385.9,,,1,0,0,1
1776941965145971,1790684608.539816,13539,tx,57101.8,110.9,224.2,,140146.8,1,0,0,1
1776942105334380,1790684608.680004,13680,idle,65585.4,90.9,1806.6,,,0,0,0,0
1776942242639525,1790684608.817308,13817,idle,64678.6,128.1,528.0,,,0,0,0,0
1776942429405553,1790684609.004076,14004,idle,8960.1,1822.4,2002.2,,,0,0,0,0
1776942566496060,1790684609.141166,14141,idle,2319.2,239.9,409.5,,,0,0,0,0
1776942706675639,1790684609.281346,14281,idle,1840.6,149.6,236.6,,,0,0,0,0
1776942846169672,1790684609.420840,14420,idle,1181.6,106.9,207.8,,,0,0,0,0
1776942986318902,1790684609.560989,14560,idle,1248.5,72.2,169.2,,,0,0,0,0
1776943128410607,1790684609.703081,14703,idle,2363.4,410.9,551.4,,,0,0,0,0
1776943266897407,1790684609.841567,14841,idle,1740.2,126.9,327.2,,,0,0,0,0
1776943406571483,1790684609.981241,14981,idle,11334.4,253.5,351.6,,,0,0,0,0
1776943546842447,1790684610.121512,121,idle,932.0,74.5,147.4,,,0,0,0,0
1776943685978733,1790684610.260649,260,idle,1211.2,104.0,205.3,,,0,0,0,0
1776943826380102,1790684610.401050,401,idle,1164.7,70.7,161.5,,,0,0,0,0
1776943965902325,1790684610.540572,540,idle,838.0,88.8,181.9,,,0,0,0,0
1776944106880814,1790684610.681551,681,idle,992.6,118.0,192.1,,,0,0,0,0
1776944246621960,1790684610.821292,821,idle,1137.9,192.4,305.4,,,0,0,0,0
1776944386280777,1790684610.960951,960,idle,1066.9,72.2,154.4,,,0,0,0,0
1776944526882067,1790684611.101551,1101,idle,2144.2,148.7,328.2,,,0,0,0,0
1776944667141919,1790684611.241811,1241,idle,2672.6,154.1,384.3,,,0,0,0,0
1776944807353988,1790684611.382024,1382,idle,1238.9,111.8,212.6,,,0,0,0,0
1776944946266719,1790684611.520937,1520,idle,1228.1,106.8,183.0,,,0,0,0,0
1776945086927714,1790684611.661597,1661,idle,2140.5,131.6,395.7,,,0,0,0,0
1776945228884026,1790684611.803553,1803,idle,2142.2,157.5,396.7,,,0,0,0,0
1776945367163597,1790684611.941833,1941,idle,2243.8,148.6,349.9,,,0,0,0,0
1776945506390297,1790684612.081060,2081,idle,1194.4,103.8,198.7,,,0,0,0,0
1776945646627433,1790684612.221297,2221,idle,2045.2,197.6,361.5,,,0,0,0,0
1776945786977020,1790684612.361646,2361,idle,2067.3,151.7,382.9,,,0,0,0,0
1776945929486905,1790684612.504155,2504,idle,2549.0,229.4,485.4,,,0,0,0,0
1776946067096786,1790684612.641766,2641,idle,2694.6,188.5,406.7,,,0,0,0,0
1776946206365956,1790684612.781036,2781,idle,1587.7,102.8,211.6,,,0,0,0,0
1776946347588174,1790684612.922258,2922,idle,1408.9,275.8,378.9,,,0,0,0,0
1776946486864531,1790684613.061533,3061,idle,2201.9,197.7,462.6,,,0,0,0,0
1776946629702438,1790684613.204371,3204,idle,2084.3,115.7,339.8,,,0,0,0,0
1776946767239903,1790684613.341909,3341,idle,2744.0,126.2,329.6,,,0,0,0,0
1776946906153214,1790684613.480823,3480,idle,1175.9,112.5,193.7,,,0,0,0,0
1776947047066660,1790684613.621737,3621,idle,1639.2,154.0,303.0,,,0,0,0,0
1776947187704204,1790684613.762374,3762,idle,2135.6,125.5,339.1,,,0,0,0,0
1776947329569303,1790684613.904238,3904,idle,2204.5,154.9,376.1,,,0,0,0,0
1776947467299757,1790684614.041970,4041,idle,1087.3,83.5,166.3,,,0,0,0,0
1776947606770492,1790684614.181441,4181,idle,933.1,125.7,207.2,,,0,0,0,0
1776947746862377,1790684614.321532,4321,idle,2385.7,188.8,434.3,,,0,0,0,0
1776947886503733,1790684614.461173,4461,idle,2172.9,198.8,385.6,,,0,0,0,0
1776948026533550,1790684614.601203,4601,idle,2419.5,151.1,363.2,,,0,0,0,0
1776948166129728,1790684614.740800,4740,idle,1066.3,106.4,186.0,,,0,0,0,0
1776948306206458,1790684614.880876,4880,idle,1607.6,141.4,288.4,,,0,0,0,0
1776948447123999,1790684615.021793,5021,idle,2402.1,180.7,414.1,,,0,0,0,0
1776948587635466,1790684615.162305,5162,idle,2043.7,110.8,314.6,,,0,0,0,0
1776948726504061,1790684615.301174,5301,idle,1301.0,303.8,404.2,,,0,0,0,0
1776948866716295,1790684615.441386,5441,idle,930.8,94.5,194.9,,,0,0,0,0
1776949007318260,1790684615.581988,5581,idle,5062.6,322.3,528.4,,,0,0,0,0
1776949147516220,1790684615.722185,5722,idle,2510.7,127.5,351.9,,,0,0,0,0
1776949286808363,1790684615.861478,5861,idle,1313.8,114.3,254.7,,,0,0,0,0
1776949427122453,1790684616.001792,6001,idle,1377.8,79.8,200.9,,,0,0,0,0
1776949566775836,1790684616.141446,6141,idle,1108.7,72.8,268.6,,,0,0,0,0
1776949707424293,1790684616.282093,6282,idle,4415.1,254.5,488.4,,,0,0,0,0
1776949848087726,1790684616.422757,6422,idle,2147.5,145.3,318.0,,,0,0,0,0
1776949986253864,1790684616.560924,6560,idle,1565.6,99.1,276.0,,,0,0,0,0
1776950132689490,1790684616.707359,6707,idle,1603.1,81.1,229.2,,,0,0,0,0
1776950276820101,1790684616.851490,6851,idle,930.2,106.7,217.8,,,0,0,0,0
1776950417592488,1790684616.992262,6992,idle,2044.5,119.2,343.2,,,0,0,0,0
1776950557103734,1790684617.131773,7131,idle,1932.9,114.7,299.3,,,0,0,0,0
1776950697092126,1790684617.271761,7271,idle,2132.6,153.4,371.9,,,0,0,0,0
1776950839344133,1790684617.414014,7414,idle,1194.2,104.2,214.9,,,0,0,0,0
1776950976779539,1790684617.551450,7551,idle,935.2,75.3,147.5,,,0,0,0,0
1776951117290418,1790684617.691960,7691,idle,2153.9,159.2,385.9,,,0,0,0,0
1776951258075962,1790684617.832745,7832,idle,2275.7,181.0,417.5,,,0,0,0,0
1776951398091298,1790684617.972761,7972,idle,2192.2,180.6,402.8,,,0,0,0,0
1776951541819996,1790684618.116490,8116,idle,1584.1,133.6,247.7,,,0,0,0,0
1776951686545775,1790684618.261216,8261,idle,1233.1,190.3,316.2,,,0,0,0,0
1776951826474065,1790684618.401144,8401,idle,17947.3,191.5,422.3,,,0,0,0,0
1776951966709860,1790684618.541380,8541,idle,1097.5,117.1,214.9,,,0,0,0,0
1776952107044027,1790684618.681713,8681,idle,2588.2,151.3,354.0,,,0,0,0,0
1776952246415936,1790684618.821086,8821,idle,1230.4,103.0,195.4,,,0,0,0,0
1776952386798760,1790684618.961469,8961,idle,874.4,77.9,171.5,,,0,0,0,0
1776952529145067,1790684619.103815,9103,idle,1586.1,163.7,316.3,,,0,0,0,0
1776952667304965,1790684619.241974,9241,idle,2375.9,186.8,389.4,,,0,0,0,0
1776952807120990,1790684619.381791,9381,idle,1246.6,112.7,200.9,,,0,0,0,0
1776952946805381,1790684619.521475,9521,idle,1089.8,78.1,170.3,,,0,0,0,0
1776953087130755,1790684619.661800,9661,idle,2137.8,187.8,380.1,,,0,0,0,0
1776953226971269,1790684619.801641,9801,idle,1234.2,87.9,216.2,,,0,0,0,0
1776953366839613,1790684619.941510,9941,idle,1014.9,114.1,214.4,,,0,0,0,0
1776953507040150,1790684620.081710,10081,idle,2887.7,78.3,190.1,,,0,0,0,0
1776953646038400,1790684620.220708,10220,idle,1173.4,106.4,179.0,,,0,0,0,0
1776953787218979,1790684620.361888,10361,idle,2253.2,194.1,414.4,,,0,0,0,0
1776953929432695,1790684620.504102,10504,idle,2038.9,274.0,492.8,,,0,0,0,0
1776954067323082,1790684620.641992,10641,idle,2428.8,159.5,368.1,,,0,0,0,0
1776954207222491,1790684620.781891,10781,idle,3905.9,141.5,361.4,,,0,0,0,0
1776954345995505,1790684620.920665,10920,idle,899.9,77.6,146.5,,,0,0,0,0
1776954487325728,1790684621.061995,11061,idle,2087.8,148.8,368.2,,,0,0,0,0
1776954629366472,1790684621.204036,11204,idle,2100.7,153.4,381.9,,,0,0,0,0
1776954766782603,1790684621.341452,11341,idle,1969.8,109.4,302.0,,,0,0,0,0
1776954907079681,1790684621.481749,11481,idle,1838.0,102.4,242.8,,,0,0,0,0
1776955049838423,1790684621.624508,11624,idle,934.7,73.5,143.1,,,0,0,0,0
1776955187034365,1790684621.761703,11761,idle,2078.5,151.9,358.6,,,0,0,0,0
1776955329539229,1790684621.904209,11904,decode,1180.9,288.8,369.2,,,0,0,1,0
1776955468652508,1790684622.043322,12043,idle,2092.7,145.1,403.8,,,0,0,0,0
1776955606615419,1790684622.181285,12181,idle,903.7,219.3,301.9,,,0,0,0,0
1776955746136546,1790684622.320807,12320,idle,1164.2,85.8,170.5,,,0,0,0,0
1776955887041756,1790684622.461711,12461,idle,2365.4,190.4,386.4,,,0,0,0,0
1776956029628797,1790684622.604298,12604,idle,2141.0,145.2,348.1,,,0,0,0,0
1776956167022266,1790684622.741670,12741,idle,2381.1,154.6,377.4,,,0,0,0,0
1776956306202895,1790684622.880873,12880,idle,955.6,85.2,148.6,,,0,0,0,0
1776956446871950,1790684623.021541,13021,idle,2249.3,126.0,373.2,,,0,0,0,0
1776956587076859,1790684623.161746,13161,idle,2076.9,122.2,320.3,,,0,0,0,0
1776956729370813,1790684623.304040,13304,idle,2156.3,159.4,382.5,,,0,0,0,0
1776956867140984,1790684623.441810,13441,idle,2072.6,122.8,331.2,,,0,0,0,0
1776957006698180,1790684623.581368,13581,idle,2255.8,81.8,1450.6,,,0,0,0,0
1776957146566008,1790684623.721236,13721,idle,1743.4,242.8,382.0,,,0,0,0,0
1776957287297001,1790684623.861966,13861,idle,2156.2,171.0,386.0,,,0,0,0,0
1776957429857833,1790684624.004527,14004,idle,2559.9,191.8,463.1,,,0,0,0,0
1776957577037114,1790684624.151706,14151,idle,2053.1,143.7,332.2,,,0,0,0,0
1776957716073088,1790684624.290743,14290,idle,977.5,104.2,174.4,,,0,0,0,0
1776957857065855,1790684624.431735,14431,decode,2115.2,113.4,298.1,,,0,0,1,0
1776957997043934,1790684624.571713,14571,idle,2569.6,158.3,418.5,,,0,0,0,0
1776958140683209,1790684624.715353,14715,idle,2543.9,193.3,416.2,,,0,0,0,0
1776958287324037,1790684624.861994,14861,idle,1132.9,133.1,245.9,,,0,0,0,0
1776958426633716,1790684625.001304,1,idle,1170.5,200.6,301.0,,,0,0,0,0
1776958615670138,1790684625.190339,190,tx,53371.9,159.0,320.7,,,1,0,0,1
1776958760883968,1790684625.335553,335,tx,53214.0,175.4,413.4,,,1,0,0,1
1776958904713041,1790684625.479383,479,tx,54216.4,469.0,548.7,,,1,0,0,1
1776959050153609,1790684625.624824,624,tx,52580.5,72.1,145.3,,,1,0,0,1
1776959193200128,1790684625.767870,767,tx,52549.9,95.8,212.0,,,1,0,0,1
1776959336598627,1790684625.911269,911,tx,52029.1,479.6,563.0,,,1,0,0,1
1776959480274934,1790684626.054944,1054,tx,53790.8,200.2,437.0,,,1,0,0,1
1776959625667960,1790684626.200338,1200,tx,53127.8,367.6,494.9,,,1,0,0,1
1776959769828461,1790684626.344498,1344,tx,52454.1,171.7,259.4,,,1,0,0,1
1776959913591389,1790684626.488261,1488,tx,52465.5,363.2,585.8,,,1,0,0,1
1776960057459451,1790684626.632129,1632,tx,51454.4,108.4,216.7,,,1,0,0,1
1776960201465374,1790684626.776135,1776,tx,59600.5,442.5,625.2,,,1,0,0,1
1776960341921721,1790684626.916592,1916,tx,51381.4,130.8,242.5,,,1,0,0,1
1776960485474423,1790684627.060143,2060,tx,52690.1,430.1,650.2,,,1,0,0,1
1776960630082198,1790684627.204751,2204,tx,52174.8,155.5,382.1,,,1,0,0,1
1776960774042364,1790684627.348711,2348,tx,52029.3,190.7,414.6,,,1,0,0,1
1776960917832713,1790684627.492502,2492,tx,53064.0,134.9,343.2,,,1,0,0,1
1776961061902540,1790684627.636573,2636,tx,52687.7,159.2,226.9,,,1,0,0,1
1776961206400379,1790684627.781069,2781,tx,53889.7,179.4,381.6,,,1,0,0,1
1776961352258315,1790684627.926928,2926,tx,52859.1,140.3,413.0,,,1,0,0,1
1776961497111004,1790684628.071780,3071,tx,52183.7,148.6,373.1,,,1,0,0,1
1776961640215039,1790684628.214885,3214,tx,52507.9,97.2,192.4,,,1,0,0,1
1776961784606140,1790684628.359276,3359,tx,52452.0,320.1,533.2,,,1,0,0,1
1776961928435530,1790684628.503104,3503,tx,52533.9,474.4,703.8,,,1,0,0,1
1776962073124534,1790684628.647794,3647,tx,88452.9,156.2,379.0,,,1,0,0,1
1776962217406923,1790684628.792077,3792,tx,52470.7,79.9,185.1,,,1,0,0,1
1776962361272475,1790684628.935943,3935,tx,51716.9,105.2,221.9,,,1,0,0,1
1776962505523652,1790684629.080193,4080,tx,62569.3,449.1,648.3,,,1,0,0,1
1776962649960085,1790684629.224629,4224,tx,53821.7,151.0,420.0,,,1,0,0,1
1776962794301233,1790684629.368970,4368,tx,53867.8,159.5,394.1,,,1,0,0,1
1776962938709348,1790684629.513379,4513,tx,51491.0,349.8,453.2,,,1,0,0,1
1776963082079714,1790684629.656747,4656,tx,52156.6,122.3,393.2,,,1,0,0,1
1776963225872438,1790684629.800542,4800,tx,52510.6,156.6,425.7,,,1,0,0,1
1776963370195885,1790684629.944865,4944,tx,52898.8,205.3,435.8,,,1,0,0,1
1776963514377836,1790684630.089048,5089,tx,52467.8,118.0,247.0,,,1,0,0,1
1776963657341065,1790684630.232011,5232,tx,52373.2,104.4,218.0,,,1,0,0,1
1776963800979520,1790684630.375648,5375,tx,58407.3,129.5,376.0,,,1,0,0,1
1776963941208090,1790684630.515877,5515,tx,52177.9,187.3,408.7,,,1,0,0,1
1776964085561663,1790684630.660231,5660,tx,53422.6,301.7,527.5,,,1,0,0,1
1776964229440865,1790684630.804110,5804,tx,52249.0,109.6,212.8,,,1,0,0,1
1776964373448129,1790684630.948117,5948,tx,52117.6,164.1,375.6,,,1,0,0,1
1776964517624407,1790684631.092294,6092,tx,53236.3,227.4,458.1,,,1,0,0,1
1776964662073465,1790684631.236743,6236,tx,52949.4,135.5,324.3,,,1,0,0,1
1776964806073542,1790684631.380744,6380,tx,52318.6,109.1,213.2,,,1,0,0,1
1776964948925577,1790684631.523596,6523,tx,51545.3,117.8,235.2,,,1,0,0,1
1776965092061893,1790684631.666731,6666,tx,52114.1,155.2,373.4,,,1,0,0,1
1776965238302964,1790684631.812972,6812,tx,52443.6,174.1,410.0,,,1,0,0,1
1776965382401275,1790684631.957071,6957,tx,53174.3,127.9,326.7,,,1,0,0,1
1776965526336897,1790684632.101007,7101,tx,51624.5,109.0,202.7,,,1,0,0,1
1776965670632624,1790684632.245302,7245,tx,91101.3,238.1,468.1,,,1,0,0,1
1776965815228010,1790684632.389898,7389,tx,51816.3,96.5,243.8,,,1,0,0,1
1776965958751918,1790684632.533422,7533,tx,52005.4,180.8,350.7,,,1,0,0,1
1776966101659221,1790684632.676329,7676,tx,54235.5,283.7,394.3,,,1,0,0,1
1776966246806076,1790684632.821475,7821,tx,52486.5,169.5,430.0,,,1,0,0,1
1776966391127044,1790684632.965796,7965,tx,53187.7,184.6,415.4,,,1,0,0,1
1776966536521661,1790684633.111191,8111,tx,52295.8,334.7,546.6,,,1,0,0,1
1776966680785214,1790684633.255455,8255,tx,53182.5,190.2,396.1,,,1,0,0,1
1776966825219819,1790684633.399890,8399,tx,51504.6,104.5,211.6,,,1,0,0,1
1776966968359037,1790684633.543029,8543,tx,52058.7,112.4,301.3,,,1,0,0,1
1776967112257182,1790684633.686927,8686,tx,53077.0,123.7,337.5,,,1,0,0,1
1776967257414529,1790684633.832084,8832,tx,52191.1,159.8,372.5,,,1,0,0,1
1776967401300638,1790684633.975970,8975,tx,58873.0,105.3,258.1,,,1,0,0,1
1776967541147484,1790684634.115818,9115,tx,52507.8,92.0,164.0,,,1,0,0,1
1776967685656910,1790684634.260326,9260,tx,52414.5,227.2,421.1,,,1,0,0,1
1776967829774652,1790684634.404444,9404,tx,52218.5,166.2,386.6,,,1,0,0,1
1776967973525916,1790684634.548196,9548,tx,52677.8,147.1,311.8,,,1,0,0,1
1776968116924239,1790684634.691594,9691,tx,51209.6,86.3,159.1,,,1,0,0,1
1776968259490878,1790684634.834160,9834,tx,52231.0,131.2,356.7,,,1,0,0,1
1776968404087433,1790684634.978757,9978,tx,55578.3,165.9,390.6,,,1,0,0,1
1776968551156199,1790684635.125825,10125,tx,53528.8,173.0,386.7,,,1,0,0,1
1776968696267697,1790684635.270937,10270,tx,52692.5,133.7,271.2,,,1,0,0,1
1776968840227761,1790684635.414898,10414,tx,52457.8,99.5,171.1,,,1,0,0,1
1776968984553620,1790684635.559223,10559,tx,52531.3,379.0,612.3,,,1,0,0,1
1776969129375768,1790684635.704045,10704,tx,52295.6,153.3,390.0,,,1,0,0,1
1776969272840742,1790684635.847510,10847,tx,91632.2,155.4,398.9,,,1,0,0,1
1776969416656641,1790684635.991327,10991,tx,51609.8,333.3,444.3,,,1,0,0,1
1776969560174876,1790684636.134844,11134,tx,53333.9,151.4,379.8,,,1,0,0,1
1776969705926601,1790684636.280596,11280,tx,54323.6,143.9,363.2,,,1,0,0,1
1776969852412799,1790684636.427082,11427,tx,53227.2,183.3,403.6,,,1,0,0,1
1776969996858204,1790684636.571528,11571,tx,52464.3,120.8,235.4,,,1,0,0,1
1776970140714718,1790684636.715384,11715,tx,51674.3,278.0,397.4,,,1,0,0,1
1776970284712108,1790684636.859381,11859,tx,52250.3,224.8,438.1,,,1,0,0,1
1776970428297287,1790684637.002967,12002,tx,52517.3,202.0,443.7,,,1,0,0,1
1776970572709746,1790684637.147379,12147,tx,53263.6,226.9,455.0,,,1,0,0,1
1776970716319266,1790684637.290989,12290,tx,51346.3,85.7,206.2,,,1,0,0,1
1776970859436156,1790684637.434105,12434,tx,52501.0,193.7,474.1,,,1,0,0,1
1776971003755866,1790684637.578425,12578,tx,56565.4,171.3,385.7,,,1,0,0,1
1776971142153233,1790684637.716822,12716,tx,52031.1,164.2,362.0,,,1,0,0,1
1776971285764421,1790684637.860434,12860,tx,53050.9,161.4,338.0,,,1,0,0,1
1776971429296221,1790684638.003966,13003,tx,52586.4,115.2,224.3,,,1,0,0,1
1776971573735626,1790684638.148405,13148,tx,53276.9,189.2,424.0,,,1,0,0,1
1776971718330570,1790684638.293000,13292,tx,52290.5,145.3,364.9,,,1,0,0,1
1776971862527179,1790684638.437196,13437,tx,52299.5,370.8,606.0,,,1,0,0,1
1776972005360286,1790684638.580030,13580,tx,52377.5,84.6,175.9,,98931.1,1,0,0,1
1776972148643843,1790684638.723314,13723,idle,55201.7,455.6,619.9,,,0,0,0,0
1776972294091122,1790684638.868761,13868,idle,52161.0,143.9,322.8,,,0,0,0,0
1776972455059126,1790684639.029729,14029,idle,1778.4,106.0,178.9,,,0,0,0,0
1776972592342161,1790684639.167011,14167,idle,2100.8,153.2,374.4,,,0,0,0,0
1776972731593539,1790684639.306263,14306,idle,1366.3,100.4,197.3,,,0,0,0,0
1776972873029806,1790684639.447700,14447,idle,1126.3,117.1,240.6,,,0,0,0,0
1776973013124384,1790684639.587794,14587,idle,2341.9,146.4,338.6,,,0,0,0,0
1776973153143194,1790684639.727812,14727,idle,2253.1,150.9,356.2,,,0,0,0,0
1776973292160959,1790684639.866831,14866,idle,919.6,104.8,197.5,,,0,0,0,0
1776973432423677,1790684640.007093,7,idle,1615.1,124.1,253.2,,,0,0,0,0
1776973573102360,1790684640.147772,147,idle,2169.5,146.5,350.8,,,0,0,0,0
1776973712264576,1790684640.286934,286,idle,2161.7,151.0,348.7,,,0,0,0,0
1776973852242954,1790684640.426912,426,idle,1986.7,153.3,366.5,,,0,0,0,0
1776973992083479,1790684640.566754,566,idle,979.4,129.2,214.9,,,0,0,0,0
1776974132436578,1790684640.707106,707,idle,1479.7,142.3,262.3,,,0,0,0,0
1776974272192550,1790684640.846862,846,idle,2289.3,194.0,379.8,,,0,0,0,0
1776974413177255,1790684640.987847,987,idle,2082.9,173.1,405.0,,,0,0,0,0
1776974552376289,1790684641.127045,1127,idle,1989.2,150.5,329.3,,,0,0,0,0
1776974692051995,1790684641.266722,1266,idle,1040.8,103.1,218.5,,,0,0,0,0
1776974833172259,1790684641.407840,1407,idle,2511.9,137.4,400.8,,,0,0,0,0
1776974971690006,1790684641.546360,1546,idle,1237.0,114.5,209.3,,,0,0,0,0
1776975113485114,1790684641.688154,1688,idle,2454.5,177.0,397.3,,,0,0,0,0
1776975252969526,1790684641.827639,1827,idle,2684.5,115.3,366.7,,,0,0,0,0
1776975391502199,1790684641.966172,1966,idle,1243.1,77.7,149.6,,,0,0,0,0
1776975531298641,1790684642.105969,2105,idle,864.3,78.6,141.0,,,0,0,0,0
1776975672671797,1790684642.247342,2247,idle,1755.8,443.6,589.2,,,0,0,0,0
1776975813162190,1790684642.387831,2387,idle,2270.3,128.7,329.2,,,0,0,0,0
1776975952444153,1790684642.527113,2527,idle,1895.6,121.4,309.5,,,0,0,0,0
1776976092117886,1790684642.666788,2666,idle,789.5,87.6,147.7,,,0,0,0,0
1776976233086769,1790684642.807756,2807,idle,2239.6,155.6,444.0,,,0,0,0,0
1776976372541260,1790684642.947210,2947,idle,2226.4,144.6,343.6,,,0,0,0,0
1776976511793936,1790684643.086463,3086,idle,2598.1,290.7,528.3,,,0,0,0,0
1776976652315079,1790684643.226985,3226,idle,1387.2,105.8,231.2,,,0,0,0,0
1776976792993887,1790684643.367663,3367,idle,2405.1,157.7,440.9,,,0,0,0,0
1776976931364569,1790684643.506035,3506,idle,930.8,74.0,157.1,,,0,0,0,0
1776977072466611,1790684643.647136,3647,idle,1300.8,112.2,202.8,,,0,0,0,0
1776977212342042,1790684643.787011,3787,idle,2320.0,175.5,383.0,,,0,0,0,0
1776977351952064,1790684643.926622,3926,idle,1013.6,130.2,240.3,,,0,0,0,0
1776977492129858,1790684644.066799,4066,idle,2103.0,151.1,363.6,,,0,0,0,0
1776977633087454,1790684644.207757,4207,idle,2160.8,124.4,325.4,,,0,0,0,0
1776977773368035,1790684644.348037,4348,idle,2040.5,145.4,346.4,,,0,0,0,0
1776977913040273,1790684644.487710,4487,idle,1339.9,146.7,285.0,,,0,0,0,0
1776978052462743,1790684644.627133,4627,idle,934.7,102.6,186.9,,,0,0,0,0
1776978192460141,1790684644.767129,4767,idle,2138.5,190.7,389.3,,,0,0,0,0
1776978332520712,1790684644.907190,4907,idle,2254.8,190.2,399.2,,,0,0,0,0
1776978472302939,1790684645.046973,5046,idle,2289.3,182.2,402.0,,,0,0,0,0
1776978612776974,1790684645.187446,5187,idle,2125.9,201.3,409.5,,,0,0,0,0
1776978752033779,1790684645.326704,5326,idle,982.0,106.0,213.7,,,0,0,0,0
1776978892827358,1790684645.467496,5467,idle,2171.4,121.3,354.2,,,0,0,0,0
1776979032887287,1790684645.607556,5607,idle,2130.2,124.6,360.4,,,0,0,0,0
1776979173237445,1790684645.747907,5747,idle,2131.6,159.7,379.6,,,0,0,0,0
1776979312854662,1790684645.887525,5887,idle,1012.6,242.3,343.2,,,0,0,0,0
1776979452411094,1790684646.027081,6027,idle,1177.1,112.4,216.4,,,0,0,0,0
1776979593136783,1790684646.167806,6167,idle,2321.1,151.6,445.4,,,0,0,0,0
1776979733068294,1790684646.307738,6307,idle,2209.0,154.3,376.2,,,0,0,0,0
1776979872435726,1790684646.447105,6447,idle,2311.9,149.6,379.5,,,0,0,0,0
1776980011646318,1790684646.586316,6586,idle,867.8,96.0,187.6,,,0,0,0,0
1776980153101284,1790684646.727770,6727,idle,2158.4,148.0,345.6,,,0,0,0,0
1776980293383340,1790684646.868053,6868,idle,2400.1,167.7,395.4,,,0,0,0,0
1776980432377971,1790684647.007047,7007,idle,2202.7,166.0,400.5,,,0,0,0,0
1776980573148179,1790684647.147817,7147,idle,2094.1,176.9,379.1,,,0,0,0,0
1776980711574214,1790684647.286244,7286,idle,995.4,81.4,166.5,,,0,0,0,0
1776980852375051,1790684647.427044,7427,idle,3353.4,150.2,364.1,,,0,0,0,0
1776980992974306,1790684647.567644,7567,idle,2332.7,181.3,440.8,,,0,0,0,0
1776981133214041,1790684647.707883,7707,idle,2210.3,164.1,438.6,,,0,0,0,0
1776981272147603,1790684647.846816,7846,idle,2194.0,148.1,386.4,,,0,0,0,0
1776981411296442,1790684647.985966,7985,idle,786.6,96.5,181.1,,,0,0,0,0
1776981557553183,1790684648.132222,8132,idle,2161.0,125.7,343.8,,,0,0,0,0
1776981702553204,1790684648.277222,8277,idle,7377.5,125.0,313.4,,,0,0,0,0
1776981843389311,1790684648.418059,8418,idle,2205.1,149.5,371.3,,,0,0,0,0
1776981982652768,1790684648.557323,8557,idle,1087.0,102.0,211.4,,,0,0,0,0
1776982122299999,1790684648.696970,8696,idle,835.6,80.8,179.6,,,0,0,0,0
1776982263333204,1790684648.838002,8838,idle,2032.4,151.6,383.6,,,0,0,0,0
1776982402418023,1790684648.977087,8977,idle,7552.8,113.9,304.3,,,0,0,0,0
1776982548186261,1790684649.122856,9122,idle,2223.4,185.2,403.8,,,0,0,0,0
1776982691740560,1790684649.266411,9266,idle,1003.2,73.9,157.9,,,0,0,0,0
1776982832994982,1790684649.407664,9407,idle,2280.4,153.9,393.6,,,0,0,0,0
1776982972933307,1790684649.547602,9547,idle,2754.0,189.1,459.7,,,0,0,0,0
1776983112729347,1790684649.687399,9687,idle,2217.1,313.5,515.6,,,0,0,0,0
1776983252767863,1790684649.827437,9827,idle,2464.4,303.5,522.5,,,0,0,0,0
1776983391484978,1790684649.966155,9966,idle,1030.0,79.8,148.6,,,0,0,0,0
1776983532912793,1790684650.107582,10107,idle,2211.2,107.1,362.2,,,0,0,0,0
1776983672915135,1790684650.247585,10247,idle,2234.2,119.9,407.4,,,0,0,0,0
1776983812949395,1790684650.387619,10387,idle,2173.2,125.8,397.2,,,0,0,0,0
1776983952559357,1790684650.527228,10527,idle,1988.0,102.8,288.5,,,0,0,0,0
1776984091504894,1790684650.666175,10666,idle,1120.3,80.2,149.0,,,0,0,0,0
1776984232445049,1790684650.807114,10807,idle,2098.5,144.5,363.0,,,0,0,0,0
1776984372424694,1790684650.947094,10947,idle,2062.3,128.4,344.9,,,0,0,0,0
1776984512395188,1790684651.087064,11087,idle,4758.0,135.7,324.1,,,0,0,0,0
1776984651983736,1790684651.226654,11226,idle,1348.9,134.3,265.3,,,0,0,0,0
1776984791883942,1790684651.366554,11366,idle,1109.9,307.4,365.1,,,0,0,0,0
1776984933832327,1790684651.508500,11508,idle,2330.6,171.8,415.5,,,0,0,0,0
1776985073060095,1790684651.647728,11647,idle,2282.5,152.7,377.4,,,0,0,0,0
1776985213079247,1790684651.787748,11787,idle,7911.6,102.8,320.4,,,0,0,0,0
1776985351444969,1790684651.926115,11926,idle,1144.8,77.5,139.7,,,0,0,0,0
1776985492534644,1790684652.067203,12067,idle,2244.7,152.2,379.2,,,0,0,0,0
1776985632348170,1790684652.207017,12207,idle,2167.5,150.1,374.4,,,0,0,0,0
1776985773057037,1790684652.347726,12347,idle,2348.9,146.6,391.0,,,0,0,0,0
1776985912917272,1790684652.487586,12487,idle,2385.2,189.6,384.0,,,0,0,0,0
1776986052048463,1790684652.626719,12626,idle,865.1,123.3,206.1,,,0,0,0,0
1776986192631789,1790684652.767301,12767,idle,2174.5,146.2,364.1,,,0,0,0,0
1776986333121844,1790684652.907791,12907,idle,2244.2,143.0,399.4,,,0,0,0,0
1776986473080373,1790684653.047750,13047,idle,1029.6,145.8,265.0,,,0,0,0,0
1776986611631235,1790684653.186301,13186,idle,1076.7,79.8,190.2,,,0,0,0,0
1776986752236423,1790684653.326906,13326,idle,1031.1,130.9,217.9,,,0,0,0,0
1776986893235328,1790684653.467904,13467,idle,2379.4,199.1,438.3,,,0,0,0,0
1776987031811260,1790684653.606481,13606,idle,2451.1,272.9,480.3,,,0,0,0,0
1776987173123897,1790684653.747793,13747,idle,2184.3,119.1,319.3,,,0,0,0,0
1776987312325161,1790684653.886995,13886,idle,902.0,122.1,213.1,,,0,0,0,0
1776987451968710,1790684654.026639,14026,idle,1323.1,148.6,304.5,,,0,0,0,0
1776987592344808,1790684654.167014,14167,idle,2033.2,151.7,379.3,,,0,0,0,0
1776987732165963,1790684654.306835,14306,idle,2184.3,179.6,410.8,,,0,0,0,0
1776987872379888,1790684654.447050,14447,decode,1187.9,132.3,243.1,,,0,0,1,0
1776988012160400,1790684654.586830,14586,idle,805.2,100.7,163.0,,,0,0,0,0
1776988152612940,1790684654.727282,14727,idle,2051.8,202.0,410.2,,,0,0,0,0
1776988292467966,1790684654.867137,14867,idle,1965.0,132.0,337.8,,,0,0,0,0
1776988432397853,1790684655.007067,7,idle,2135.8,163.4,391.5,,,0,0,0,0
1776988611707623,1790684655.186378,186,tx,52287.8,98.7,145.4,,,1,0,0,1
1776988755551018,1790684655.330220,330,tx,53240.9,195.5,397.6,,,1,0,0,1
1776988900810602,1790684655.475479,475,tx,64725.6,406.2,648.8,,,1,0,0,1
1776989047719367,1790684655.622389,622,tx,55156.2,526.2,749.1,,,1,0,0,1
1776989193307735,1790684655.767977,767,tx,53059.2,181.5,388.4,,,1,0,0,1
1776989337175862,1790684655.911846,911,tx,51406.7,179.3,267.8,,,1,0,0,1
1776989480447948,1790684656.055118,1055,tx,51919.5,159.4,347.4,,,1,0,0,1
1776989624312605,1790684656.198982,1198,tx,52277.8,147.7,381.7,,,1,0,0,1
1776989768397425,1790684656.343067,1343,tx,52144.0,156.7,376.0,,,1,0,0,1
1776989911607173,1790684656.486277,1486,tx,52600.9,107.7,214.9,,,1,0,0,1
1776990055579566,1790684656.630250,1630,tx,51496.4,120.5,272.6,,,1,0,0,1
1776990199792285,1790684656.774462,1774,tx,59588.1,386.1,667.1,,,1,0,0,1
1776990340198497,1790684656.914868,1914,tx,51838.3,121.6,281.3,,,1,0,0,1
1776990483854867,1790684657.058524,2058,tx,104399.1,411.3,607.5,,,1,0,0,1
1776990628392309,1790684657.203062,2203,tx,52764.8,135.4,250.1,,,1,0,0,1
1776990772573091,1790684657.347243,2347,tx,53018.8,89.6,231.3,,,1,0,0,1
1776990917603052,1790684657.492272,2492,tx,52781.2,146.4,329.9,,,1,0,0,1
1776991062709247,1790684657.637378,2637,tx,52593.1,169.4,387.2,,,1,0,0,1
1776991206519385,1790684657.781189,2781,tx,52753.9,112.4,212.9,,,1,0,0,1
1776991350205725,1790684657.924876,2924,tx,53256.2,129.2,256.2,,,1,0,0,1
1776991494504003,1790684658.069174,3069,tx,53049.5,128.5,312.7,,,1,0,0,1
1776991639527551,1790684658.214197,3214,tx,52152.4,131.9,357.1,,,1,0,0,1
1776991782918436,1790684658.357588,3357,tx,53035.5,350.0,545.3,,,1,0,0,1
1776991926763873,1790684658.501434,3501,tx,52724.4,78.8,201.2,,,1,0,0,1
1776992070899027,1790684658.645569,3645,tx,53463.4,462.5,614.2,,,1,0,0,1
1776992216514195,1790684658.791184,3791,tx,53023.7,149.7,374.6,,,1,0,0,1
1776992360855634,1790684658.935526,3935,tx,53214.9,454.8,622.2,,,1,0,0,1
1776992505472848,1790684659.080143,4080,tx,58782.4,109.8,233.8,,,1,0,0,1
1776992645169891,1790684659.219840,4219,tx,53009.2,211.1,299.5,,,1,0,0,1
1776992790093249,1790684659.364763,4364,tx,53499.9,248.1,415.6,,,1,0,0,1
1776992931799477,1790684659.506468,4506,tx,52641.0,412.1,663.8,,,1,0,0,1
1776993075788495,1790684659.650458,4650,tx,52300.5,156.4,315.5,,,1,0,0,1
1776993219095609,1790684659.793766,4793,tx,52393.0,297.5,398.4,,,1,0,0,1
1776993362720227,1790684659.937390,4937,tx,52680.9,108.8,227.8,,,1,0,0,1
1776993507527590,1790684660.082197,5082,tx,60553.6,192.1,396.6,,,1,0,0,1
1776993649573770,1790684660.224244,5224,tx,52749.8,121.5,238.5,,,1,0,0,1
1776993794125673,1790684660.368795,5368,tx,52087.5,135.9,361.5,,,1,0,0,1
1776993936995867,1790684660.511666,5511,tx,51442.4,212.6,323.3,,,1,0,0,1
1776994079516774,1790684660.654186,5654,tx,92171.9,134.5,289.9,,,1,0,0,1
1776994223354672,1790684660.798024,5798,tx,52796.7,123.5,244.2,,,1,0,0,1
1776994367567095,1790684660.942236,5942,tx,53468.8,163.9,404.2,,,1,0,0,1
1776994512226407,1790684661.086896,6086,tx,52281.8,121.3,278.9,,,1,0,0,1
1776994655227202,1790684661.229897,6229,tx,51682.0,162.9,397.4,,,1,0,0,1
1776994798115444,1790684661.372785,6372,tx,53166.6,167.9,398.8,,,1,0,0,1
1776994942693412,1790684661.517364,6517,tx,51560.3,80.5,212.0,,,1,0,0,1
1776995085164327,1790684661.659834,6659,tx,52477.1,117.0,257.2,,,1,0,0,1
1776995229081369,1790684661.803751,6803,tx,52267.4,126.5,267.9,,,1,0,0,1
1776995372338595,1790684661.947009,6947,tx,52549.1,112.2,239.2,,,1,0,0,1
1776995516363029,1790684662.091033,7091,tx,52541.6,90.5,193.0,,,1,0,0,1
1776995660067588,1790684662.234737,7234,tx,52634.4,129.6,337.9,,,1,0,0,1
1776995803727001,1790684662.378397,7378,tx,52732.9,123.2,237.3,,,1,0,0,1
1776995947872022,1790684662.522542,7522,tx,52007.6,77.7,161.3,,,1,0,0,1
1776996090890417,1790684662.665560,7665,tx,51747.0,274.1,449.8,,,1,0,0,1
1776996236684392,1790684662.811354,7811,tx,52687.7,94.9,239.4,,,1,0,0,1
1776996381318019,1790684662.955987,7955,tx,53008.1,173.3,393.4,,,1,0,0,1
1776996525064653,1790684663.099735,8099,tx,52532.5,192.5,275.9,,,1,0,0,1
1776996669272685,1790684663.243943,8243,tx,51519.6,88.9,215.7,,,1,0,0,1
1776996812239220,1790684663.386909,8386,tx,52336.8,162.2,385.9,,,1,0,0,1
1776996956110119,1790684663.530779,8530,tx,53151.4,124.1,334.1,,,1,0,0,1
1776997101924214,1790684663.676593,8676,tx,57973.4,262.6,491.6,,,1,0,0,1
1776997241445857,1790684663.816116,8816,tx,51579.9,95.8,237.6,,,1,0,0,1
1776997384670808,1790684663.959340,8959,tx,52288.9,160.6,364.3,,,1,0,0,1
1776997529447629,1790684664.104117,9104,tx,52135.6,123.5,348.2,,,1,0,0,1
1776997673593934,1790684664.248263,9248,tx,91865.8,126.6,358.5,,,1,0,0,1
1776997817722164,1790684664.392392,9392,tx,52381.6,98.4,176.5,,,1,0,0,1
1776997960945852,1790684664.535616,9535,tx,51629.4,107.9,217.5,,,1,0,0,1
1776998104647558,1790684664.679317,9679,tx,55753.8,121.6,320.3,,,1,0,0,1
1776998241927068,1790684664.816595,9816,tx,52504.0,239.4,499.9,,,1,0,0,1
1776998386291840,1790684664.960961,9960,tx,53075.1,159.5,402.2,,,1,0,0,1
1776998531173168,1790684665.105843,10105,tx,54720.4,122.7,2438.0,,,1,0,0,1
1776998677328977,1790684665.251999,10251,tx,51810.8,162.5,320.2,,,1,0,0,1
1776998820505778,1790684665.395176,10395,tx,51883.3,123.8,269.1,,,1,0,0,1
1776998964461877,1790684665.539131,10539,tx,52299.4,165.0,370.8,,,1,0,0,1
1776999108759317,1790684665.683428,10683,tx,53277.8,125.9,321.7,,,1,0,0,1
1776999252606102,1790684665.827276,10827,tx,52318.5,95.8,185.5,,,1,0,0,1
1776999395711389,1790684665.970381,10970,tx,52588.2,73.8,159.1,,,1,0,0,1
1776999539535530,1790684666.114205,11114,tx,52385.2,83.3,158.9,,,1,0,0,1
1776999683961661,1790684666.258631,11258,tx,52029.8,324.0,479.6,,,1,0,0,1
1776999827275347,1790684666.401945,11401,tx,53004.4,86.7,197.2,,,1,0,0,1
1776999971174692,1790684666.545845,11545,tx,52461.9,161.7,225.2,,,1,0,0,1
1777000115712382,1790684666.690382,11690,tx,52416.9,128.7,379.7,,,1,0,0,1
1777000260152578,1790684666.834822,11834,tx,52498.3,175.3,412.7,,,1,0,0,1
1777000404691236,1790684666.979361,11979,tx,55964.3,122.0,331.2,,,1,0,0,1
1777000551389226,1790684667.126059,12126,tx,52460.8,123.6,250.5,,,1,0,0,1
1777000695623018,1790684667.270293,12270,tx,52260.3,158.4,349.1,,,1,0,0,1
1777000839930708,1790684667.414600,12414,tx,52634.0,259.8,526.8,,,1,0,0,1
1777000983751118,1790684667.558421,12558,tx,51525.9,130.7,265.2,,,1,0,0,1
1777001126588533,1790684667.701258,12701,tx,52943.1,116.1,324.4,,,1,0,0,1
1777001270449032,1790684667.845119,12845,tx,88034.8,100.5,190.7,,,1,0,0,1
1777001414472295,1790684667.989142,12989,tx,52825.8,112.0,239.0,,,1,0,0,1
1777001559225476,1790684668.133895,13133,tx,52173.3,148.4,315.6,,,1,0,0,1
1777001702686709,1790684668.277356,13277,tx,60808.4,169.3,393.2,,,1,0,0,1
1777001844628393,1790684668.419298,13419,tx,52382.3,96.2,183.3,,,1,0,0,1
1777001988096706,1790684668.562767,13562,tx,52550.8,204.4,338.7,,119413.5,1,0,0,1
1777002132197080,1790684668.706867,13706,idle,52890.3,125.9,273.4,,,0,0,0,0
1777002276785288,1790684668.851454,13851,idle,52625.5,163.2,425.0,,,0,0,0,0
1777002442131674,1790684669.016802,14016,idle,2043.9,338.7,448.9,,,0,0,0,0
1777002579559146,1790684669.154229,14154,idle,1320.3,104.2,204.2,,,0,0,0,0
1777002719909269,1790684669.294578,14294,idle,2733.2,434.2,687.1,,,0,0,0,0
1777002859085755,1790684669.433755,14433,idle,2109.4,358.5,506.4,,,0,0,0,0
1777002999173000,1790684669.573843,14573,idle,7027.1,258.3,420.3,,,0,0,0,0
1777003139725097,1790684669.714395,14714,idle,1390.3,103.5,201.4,,,0,0,0,0
1777003279372982,1790684669.854043,14854,idle,1132.5,101.3,230.0,,,0,0,0,0
1777003420244789,1790684669.994914,14994,idle,2734.8,126.9,351.3,,,0,0,0,0
1777003560061626,1790684670.134731,134,idle,2241.9,360.8,542.7,,,0,0,0,0
1777003699780439,1790684670.274450,274,idle,8843.0,94.9,238.6,,,0,0,0,0
1777003840273055,1790684670.414943,414,idle,1760.5,139.2,401.9,,,0,0,0,0
1777003979030929,1790684670.553701,553,idle,1389.8,436.5,551.3,,,0,0,0,0
1777004119795366,1790684670.694465,694,idle,2818.8,124.4,311.2,,,0,0,0,0
1777004259269840,1790684670.833940,833,idle,2085.0,187.2,341.9,,,0,0,0,0
1777004399619304,1790684670.974288,974,idle,16299.1,174.7,440.2,,,0,0,0,0
1777004540080431,1790684671.114750,1114,idle,1226.5,414.3,507.6,,,0,0,0,0
1777004679543119,1790684671.254213,1254,idle,1741.5,133.9,261.6,,,0,0,0,0
1777004819590225,1790684671.394259,1394,idle,2069.8,136.5,337.3,,,0,0,0,0
1777004959401426,1790684671.534071,1534,idle,1072.8,138.2,247.1,,,0,0,0,0
1777005099999080,1790684671.674668,1674,idle,12670.7,365.1,607.5,,,0,0,0,0
1777005239559924,1790684671.814230,1814,idle,1012.0,111.2,183.8,,,0,0,0,0
1777005379268093,1790684671.953938,1953,idle,1170.8,217.6,330.6,,,0,0,0,0
1777005520205042,1790684672.094874,2094,idle,2282.4,186.4,397.9,,,0,0,0,0
1777005659718362,1790684672.234388,2234,idle,1473.6,82.3,222.9,,,0,0,0,0
1777005799260395,1790684672.373930,2373,idle,7144.7,133.1,327.5,,,0,0,0,0
1777005938859879,1790684672.513530,2513,idle,1278.9,80.5,197.0,,,0,0,0,0
1777006079999007,1790684672.654669,2654,idle,1392.0,110.7,192.7,,,0,0,0,0
1777006219575632,1790684672.794245,2794,idle,1001.8,101.1,183.8,,,0,0,0,0
1777006359728183,1790684672.934398,2934,idle,1413.2,94.6,228.0,,,0,0,0,0
1777006499558779,1790684673.074228,3074,idle,13129.1,135.8,298.6,,,0,0,0,0
1777006639412948,1790684673.214083,3214,idle,912.9,107.8,195.4,,,0,0,0,0
1777006779905707,1790684673.354575,3354,idle,2149.1,151.7,372.8,,,0,0,0,0
1777006920567164,1790684673.495237,3495,idle,1855.1,147.5,298.9,,,0,0,0,0
1777007059562240,1790684673.634231,3634,idle,2434.9,156.9,381.4,,,0,0,0,0
1777007199325322,1790684673.773995,3773,idle,1437.6,126.2,251.2,,,0,0,0,0
1777007338918953,1790684673.913589,3913,idle,1102.9,107.3,202.8,,,0,0,0,0
1777007479578354,1790684674.054247,4054,idle,2065.4,147.6,369.9,,,0,0,0,0
1777007619415627,1790684674.194085,4194,idle,2335.8,127.2,325.1,,,0,0,0,0
1777007758885031,1790684674.333555,4333,idle,963.4,117.9,177.9,,,0,0,0,0
1777007899206891,1790684674.473877,4473,idle,1104.8,174.7,277.2,,,0,0,0,0
1777008039592122,1790684674.614261,4614,idle,2438.2,193.4,439.8,,,0,0,0,0
1777008180381020,1790684674.755050,4755,idle,2548.4,145.8,362.9,,,0,0,0,0
1777008319796337,1790684674.894465,4894,idle,2043.9,187.6,416.4,,,0,0,0,0
1777008459811567,1790684675.034481,5034,idle,1663.0,125.7,260.3,,,0,0,0,0
1777008599153481,1790684675.173824,5173,idle,1147.9,261.5,358.3,,,0,0,0,0
1777008740305139,1790684675.314975,5314,idle,2228.0,186.5,400.6,,,0,0,0,0
1777008880231913,1790684675.454901,5454,idle,2262.3,173.6,387.6,,,0,0,0,0
1777009019974995,1790684675.594645,5594,idle,2535.1,321.0,570.3,,,0,0,0,0
1777009159480368,1790684675.734150,5734,idle,2297.5,150.8,345.0,,,0,0,0,0
1777009299554097,1790684675.874224,5874,idle,980.5,99.6,194.3,,,0,0,0,0
1777009440335292,1790684676.015005,6015,idle,2211.4,186.8,417.3,,,0,0,0,0
1777009579368362,1790684676.154038,6154,idle,2067.7,148.1,332.8,,,0,0,0,0
1777009720288960,1790684676.294958,6294,idle,2270.4,146.9,375.2,,,0,0,0,0
1777009859484413,1790684676.434154,6434,idle,2216.3,146.2,332.5,,,0,0,0,0
1777009999307016,1790684676.573977,6573,idle,1186.9,87.4,195.6,,,0,0,0,0
1777010140165449,1790684676.714835,6714,idle,2214.3,149.4,373.3,,,0,0,0,0
1777010279635650,1790684676.854305,6854,idle,2231.2,181.3,398.5,,,0,0,0,0
1777010419420164,1790684676.994090,6994,idle,1823.6,162.8,329.5,,,0,0,0,0
1777010559526392,1790684677.134197,7134,idle,1046.4,95.8,188.1,,,0,0,0,0
1777010699296525,1790684677.273966,7273,idle,6438.9,161.4,341.6,,,0,0,0,0
1777010839598555,1790684677.414268,7414,idle,1933.0,136.5,295.9,,,0,0,0,0
1777010979948125,1790684677.554618,7554,idle,2019.6,140.6,342.4,,,0,0,0,0
1777011119858409,1790684677.694528,7694,idle,2366.4,138.8,373.6,,,0,0,0,0
1777011258773951,1790684677.833444,7833,idle,1252.9,88.8,183.2,,,0,0,0,0
1777011399938193,1790684677.974608,7974,idle,7268.8,135.6,316.0,,,0,0,0,0
1777011539655857,1790684678.114326,8114,idle,1678.0,125.1,288.4,,,0,0,0,0
1777011680364902,1790684678.255033,8255,idle,2435.0,199.4,472.0,,,0,0,0,0
1777011820553266,1790684678.395222,8395,idle,2076.0,183.1,400.2,,,0,0,0,0
1777011958702306,1790684678.533372,8533,idle,1313.6,127.2,233.1,,,0,0,0,0
1777012100222199,1790684678.674891,8674,idle,9080.4,168.3,380.4,,,0,0,0,0
1777012239906584,1790684678.814576,8814,idle,1974.3,165.8,362.6,,,0,0,0,0
1777012379541730,1790684678.954211,8954,idle,2129.4,180.3,399.0,,,0,0,0,0
1777012519518297,1790684679.094187,9094,idle,2019.9,163.2,394.2,,,0,0,0,0
1777012658684303,1790684679.233354,9233,idle,1209.0,116.8,200.6,,,0,0,0,0
1777012800329665,1790684679.374999,9374,idle,9435.8,156.2,361.6,,,0,0,0,0
1777012940073448,1790684679.514743,9514,idle,1285.3,114.2,230.9,,,0,0,0,0
1777013079438903,1790684679.654109,9654,idle,1314.3,126.4,233.8,,,0,0,0,0
1777013219637201,1790684679.794307,9794,idle,1012.8,102.9,208.6,,,0,0,0,0
1777013359030065,1790684679.933700,9933,idle,898.2,71.7,140.2,,,0,0,0,0
1777013500492650,1790684680.075161,10075,idle,19367.4,121.2,359.5,,,0,0,0,0
1777013639714910,1790684680.214384,10214,idle,1715.4,147.0,312.7,,,0,0,0,0
1777013779673969,1790684680.354344,10354,idle,1388.2,102.0,235.0,,,0,0,0,0
1777013919821250,1790684680.494491,10494,idle,1408.5,138.1,283.2,,,0,0,0,0
1777014059185252,1790684680.633855,10633,idle,1355.5,245.2,361.3,,,0,0,0,0
1777014200446908,1790684680.775116,10775,idle,4968.1,102.4,275.4,,,0,0,0,0
1777014339394554,1790684680.914064,10914,idle,1828.3,158.3,342.0,,,0,0,0,0
1777014479802401,1790684681.054472,11054,idle,1341.0,159.9,295.9,,,0,0,0,0
1777014619442399,1790684681.194113,11194,idle,1062.3,106.1,234.2,,,0,0,0,0
1777014759309237,1790684681.333979,11333,idle,1194.8,145.0,282.1,,,0,0,0,0
1777014900113698,1790684681.474783,11474,idle,5070.6,303.1,413.7,,,0,0,0,0
1777015039490925,1790684681.614161,11614,idle,1146.9,148.2,252.7,,,0,0,0,0
1777015179674682,1790684681.754344,11754,idle,2439.1,151.7,374.6,,,0,0,0,0
1777015324700666,1790684681.899370,11899,idle,4460.5,124.2,3499.2,,,0,0,0,0
1777015469416571,1790684682.044086,12044,idle,1862.0,163.6,312.2,,,0,0,0,0
1777015610197965,1790684682.184867,12184,idle,1643.6,201.7,394.6,,,0,0,0,0
1777015749225836,1790684682.323895,12323,idle,1552.8,195.7,352.0,,,0,0,0,0
1777015889676100,1790684682.464346,12464,idle,1648.4,103.3,273.6,,,0,0,0,0
1777016029564802,1790684682.604235,12604,idle,1054.0,136.6,245.9,,,0,0,0,0
1777016169891214,1790684682.744561,12744,idle,1850.7,165.2,364.3,,,0,0,0,0
1777016310241862,1790684682.884910,12884,idle,2116.0,182.0,427.6,,,0,0,0,0
1777016449710469,1790684683.024380,13024,idle,1802.8,137.7,304.9,,,0,0,0,0
1777016589263236,1790684683.163933,13163,idle,1059.0,195.3,284.9,,,0,0,0,0
1777016729106370,1790684683.303776,13303,idle,1637.0,313.2,483.5,,,0,0,0,0
1777016869178142,1790684683.443848,13443,idle,1125.8,260.4,346.2,,,0,0,0,0
1777017009580128,1790684683.584250,13584,idle,974.9,105.7,213.5,,,0,0,0,0
1777017149417050,1790684683.724087,13724,idle,1382.7,124.0,267.6,,,0,0,0,0
1777017289788211,1790684683.864458,13864,idle,1284.6,75.7,199.4,,,0,0,0,0
1777017429787151,1790684684.004457,14004,idle,1347.6,84.6,222.3,,,0,0,0,0
1777017570467765,1790684684.145137,14145,idle,2378.1,155.5,335.6,,,0,0,0,0
1777017709568422,1790684684.284238,14284,idle,1093.3,121.0,249.9,,,0,0,0,0
1777017853333423,1790684684.428003,14428,decode,960.6,145.8,226.2,,,0,0,1,0
1777017999913341,1790684684.574583,14574,idle,5313.3,206.0,4671.4,,,0,0,0,0
1777018138716331,1790684684.713386,14713,idle,915.8,100.5,201.6,,,0,0,0,0
1777018280453559,1790684684.855123,14855,idle,2253.6,149.4,384.6,,,0,0,0,0
1777018420977955,1790684684.995647,14995,idle,2418.6,371.9,643.0,,,0,0,0,0
1777018618044984,1790684685.192715,192,tx,52607.8,84.1,130.9,,,1,0,0,1
1777018761948101,1790684685.336618,336,tx,52785.4,111.4,206.9,,,1,0,0,1
1777018906206793,1790684685.480876,480,tx,89779.9,386.5,526.0,,,1,0,0,1
1777019050298882,1790684685.624969,624,tx,53315.4,260.9,443.3,,,1,0,0,1
1777019194184853,1790684685.768855,768,tx,53340.0,355.4,550.9,,,1,0,0,1
1777019338293913,1790684685.912964,912,tx,52580.4,347.9,457.8,,,1,0,0,1
1777019481716076,1790684686.056386,1056,tx,52009.6,111.3,208.9,,,1,0,0,1
1777019624821910,1790684686.199491,1199,tx,51743.6,137.6,340.8,,,1,0,0,1
1777019767804079,1790684686.342474,1342,tx,51768.3,175.4,363.0,,,1,0,0,1
1777019910465661,1790684686.485136,1485,tx,54103.1,145.8,287.1,,,1,0,0,1
1777020055762707,1790684686.630433,1630,tx,52769.4,84.6,199.7,,,1,0,0,1
1777020199957567,1790684686.774627,1774,tx,54586.2,118.3,229.8,,,1,0,0,1
1777020346514990,1790684686.921184,1921,tx,52109.2,128.1,380.5,,,1,0,0,1
1777020489848997,1790684687.064518,2064,tx,51744.5,101.3,279.8,,,1,0,0,1
1777020635082151,1790684687.209752,2209,tx,52828.5,104.0,209.5,,,1,0,0,1
1777020779117770,1790684687.353787,2353,tx,53679.7,444.6,637.0,,,1,0,0,1
1777020924841749,1790684687.499511,2499,tx,52821.5,189.1,453.0,,,1,0,0,1
1777021070374845,1790684687.645045,2645,tx,52568.8,242.2,374.2,,,1,0,0,1
1777021214210048,1790684687.788880,2788,tx,53391.8,475.7,593.4,,,1,0,0,1
1777021358350565,1790684687.933020,2933,tx,51877.1,314.6,439.1,,,1,0,0,1
1777021502081386,1790684688.076751,3076,tx,66578.3,151.4,348.2,,,1,0,0,1
1777021640666644,1790684688.215336,3215,tx,53033.0,191.8,388.8,,,1,0,0,1
1777021785860620,1790684688.360530,3360,tx,53783.8,140.5,391.3,,,1,0,0,1
1777021930603452,1790684688.505273,3505,tx,52750.4,109.3,299.3,,,1,0,0,1
1777022074954944,1790684688.649625,3649,tx,52753.7,131.1,224.2,,,1,0,0,1
1777022219164844,1790684688.793834,3793,tx,52278.2,444.6,590.8,,,1,0,0,1
1777022363364880,1790684688.938034,3938,tx,53274.0,203.8,418.2,,,1,0,0,1
1777022508281348,1790684689.082951,4082,tx,99613.3,322.1,522.4,,,1,0,0,1
1777022648648719,1790684689.223319,4223,tx,53863.9,73.5,147.5,,,1,0,0,1
1777022792715247,1790684689.367385,4367,tx,53099.2,115.9,253.7,,,1,0,0,1
1777022937758755,1790684689.512429,4512,tx,52801.4,83.2,228.5,,,1,0,0,1
1777023082294496,1790684689.656964,4656,tx,52616.9,284.4,504.5,,,1,0,0,1
1777023226526206,1790684689.801196,4801,tx,52780.8,103.7,251.5,,,1,0,0,1
1777023369990134,1790684689.944660,4944,tx,52536.1,128.7,227.0,,,1,0,0,1
1777023514560274,1790684690.089230,5089,tx,54256.8,117.7,308.0,,,1,0,0,1
1777023660187705,1790684690.234858,5234,tx,52274.1,333.6,488.5,,,1,0,0,1
1777023803402547,1790684690.378072,5378,tx,56067.2,173.9,394.6,,,1,0,0,1
1777023949996562,1790684690.524667,5524,tx,52701.4,109.1,203.3,,,1,0,0,1
1777024093648120,1790684690.668318,5668,tx,52644.4,151.9,283.3,,,1,0,0,1
1777024237996764,1790684690.812666,5812,tx,52256.7,183.6,413.9,,,1,0,0,1
1777024381587799,1790684690.956258,5956,tx,51929.6,145.0,293.7,,,1,0,0,1
1777024524936926,1790684691.099607,6099,tx,52507.6,130.8,309.6,,,1,0,0,1
1777024668101836,1790684691.242772,6242,tx,51329.1,83.8,169.9,,,1,0,0,1
1777024811623259,1790684691.386292,6386,tx,51981.0,177.0,405.9,,,1,0,0,1
1777024954724220,1790684691.529394,6529,tx,52728.6,125.2,262.5,,,1,0,0,1
1777025099201359,1790684691.673871,6673,tx,52699.8,115.3,239.2,,,1,0,0,1
1777025242775232,1790684691.817445,6817,tx,52353.5,80.7,185.3,,,1,0,0,1
1777025386108052,1790684691.960778,6960,tx,52850.5,150.4,273.3,,,1,0,0,1
1777025530376790,1790684692.105046,7105,tx,53101.1,136.1,310.5,,,1,0,0,1
1777025674768777,1790684692.249439,7249,tx,52748.1,158.2,309.1,,,1,0,0,1
1777025819248085,1790684692.393918,7393,tx,52717.0,279.0,429.2,,,1,0,0,1
1777025962603487,1790684692.537274,7537,tx,52345.6,88.1,174.1,,,1,0,0,1
1777026106940165,1790684692.681609,7681,tx,90362.5,133.9,350.5,,,1,0,0,1
1777026252611909,1790684692.827282,7827,tx,52920.7,152.7,282.4,,,1,0,0,1
1777026397546081,1790684692.972215,7972,tx,53256.3,138.2,393.0,,,1,0,0,1
1777026542661607,1790684693.117332,8117,tx,52542.8,82.9,156.7,,,1,0,0,1
1777026685815341,1790684693.260485,8260,tx,51553.4,105.0,255.0,,,1,0,0,1
1777026828745700,1790684693.403415,8403,tx,53125.9,134.2,338.0,,,1,0,0,1
1777026973276884,1790684693.547947,8547,tx,51886.7,290.1,421.7,,,1,0,0,1
1777027116850851,1790684693.691520,8691,tx,52185.8,175.4,436.7,,,1,0,0,1
1777027259572137,1790684693.834242,8834,tx,50953.7,79.2,140.0,,,1,0,0,1
1777027401510488,1790684693.976180,8976,tx,61785.1,140.6,314.8,,,1,0,0,1
1777027544579489,1790684694.119249,9119,tx,53120.5,139.2,300.6,,,1,0,0,1
1777027689452008,1790684694.264122,9264,tx,53162.6,137.0,328.4,,,1,0,0,1
1777027828236070,1790684694.402906,9402,tx,52999.5,273.4,409.8,,,1,0,0,1
1777027972729610,1790684694.547400,9547,tx,51601.4,79.7,210.2,,,1,0,0,1
1777028115573948,1790684694.690243,9690,tx,52041.6,154.8,307.7,,,1,0,0,1
1777028258844898,1790684694.833514,9833,tx,52209.9,146.0,391.0,,,1,0,0,1
1777028402396978,1790684694.977067,9977,tx,56645.0,146.8,337.6,,,1,0,0,1
1777028539591638,1790684695.114261,10114,tx,52692.0,124.4,258.8,,,1,0,0,1
1777028683755864,1790684695.258426,10258,tx,52235.2,101.1,194.8,,,1,0,0,1
1777028827835237,1790684695.402504,10402,tx,53095.9,127.6,396.8,,,1,0,0,1
1777028971912155,1790684695.546582,10546,tx,51600.0,113.2,224.8,,,1,0,0,1
1777029115071050,1790684695.689740,10689,tx,52249.7,173.8,407.5,,,1,0,0,1
1777029259251421,1790684695.833921,10833,tx,52334.0,80.8,150.3,,,1,0,0,1
1777029402821393,1790684695.977491,10977,tx,54148.2,136.8,335.2,,,1,0,0,1
1777029548381355,1790684696.123051,11123,tx,54591.0,229.6,382.1,,,1,0,0,1
1777029692920033,1790684696.267590,11267,tx,90032.2,128.8,265.6,,,1,0,0,1
1777029836694555,1790684696.411364,11411,tx,52776.8,139.8,250.9,,,1,0,0,1
1777029979927110,1790684696.554597,11554,tx,52550.0,106.1,201.6,,,1,0,0,1
1777030124098157,1790684696.698767,11698,tx,52205.9,165.2,371.3,,,1,0,0,1
1777030267245908,1790684696.841915,11841,tx,51843.4,314.2,472.8,,,1,0,0,1
1777030410227108,1790684696.984897,11984,tx,52104.2,321.5,494.2,,,1,0,0,1
1777030553386246,1790684697.128056,12128,tx,56126.7,81.4,3752.7,,,1,0,0,1
1777030690562602,1790684697.265233,12265,tx,52412.6,116.7,218.9,,,1,0,0,1
1777030834686856,1790684697.409356,12409,tx,52145.6,125.1,350.1,,,1,0,0,1
1777030978222910,1790684697.552892,12552,tx,52250.9,334.3,544.2,,,1,0,0,1
1777031122304891,1790684697.696975,12696,tx,53066.7,302.0,448.3,,,1,0,0,1
1777031266948278,1790684697.841618,12841,tx,52376.1,83.3,187.3,,,1,0,0,1
1777031410563079,1790684697.985233,12985,tx,52689.3,146.1,294.3,,,1,0,0,1
1777031554282863,1790684698.128953,13128,tx,52743.9,281.4,425.9,,,1,0,0,1
1777031698349981,1790684698.273020,13273,tx,51874.0,275.8,395.1,,,1,0,0,1
1777031841677645,1790684698.416348,13416,tx,51815.4,127.6,256.2,,,1,0,0,1
1777031983806609,1790684698.558476,13558,tx,52651.0,112.6,248.3,,123013.2,1,0,0,1
1777032127106871,1790684698.701777,13701,idle,52402.5,101.3,246.8,,,0,0,0,0
1777032271239221,1790684698.845909,13845,idle,52487.1,454.9,615.9,,,0,0,0,0
1777032437653648,1790684699.012323,14012,idle,3397.0,151.3,275.3,,,0,0,0,0
1777032578871482,1790684699.153541,14153,idle,2094.9,144.7,425.4,,,0,0,0,0
1777032719552138,1790684699.294222,14294,idle,1434.8,170.3,334.4,,,0,0,0,0
1777032859654760,1790684699.434325,14434,idle,1265.6,118.8,236.4,,,0,0,0,0
1777032999723861,1790684699.574394,14574,idle,9664.4,117.6,293.7,,,0,0,0,0
1777033140826316,1790684699.715495,14715,idle,2068.1,144.9,350.3,,,0,0,0,0
1777033278925182,1790684699.853595,14853,idle,1446.4,109.0,256.8,,,0,0,0,0
1777033419152727,1790684699.993823,14993,idle,1731.2,148.7,290.1,,,0,0,0,0
1777033559626873,1790684700.134297,134,idle,1867.4,94.3,296.8,,,0,0,0,0
1777033699665738,1790684700.274335,274,idle,10889.9,129.1,307.0,,,0,0,0,0
1777033839393579,1790684700.414064,414,idle,1354.1,382.7,503.8,,,0,0,0,0
1777033978708976,1790684700.553379,553,idle,934.4,70.0,186.0,,,0,0,0,0
1777034120110420,1790684700.694779,694,idle,2646.8,182.5,445.1,,,0,0,0,0
1777034260131324,1790684700.834800,834,idle,2811.2,166.1,358.3,,,0,0,0,0
1777034399846814,1790684700.974517,974,idle,6639.8,131.7,297.8,,,0,0,0,0
1777034540850616,1790684701.115520,1115,idle,1589.1,119.4,277.9,,,0,0,0,0
1777034678862226,1790684701.253532,1253,idle,1396.6,105.3,268.3,,,0,0,0,0
1777034820030294,1790684701.394700,1394,idle,2716.5,164.2,388.0,,,0,0,0,0
1777034959487867,1790684701.534157,1534,idle,2049.1,261.3,437.1,,,0,0,0,0
1777035099688196,1790684701.674356,1674,idle,10931.1,158.4,419.3,,,0,0,0,0
1777035239077712,1790684701.813747,1813,idle,1526.7,131.2,289.0,,,0,0,0,0
1777035379023183,1790684701.953693,1953,idle,741.8,68.6,134.0,,,0,0,0,0
1777035519891783,1790684702.094561,2094,idle,2332.4,192.8,393.1,,,0,0,0,0
1777035659933490,1790684702.234603,2234,idle,2108.1,186.0,414.2,,,0,0,0,0
1777035799749592,1790684702.374419,2374,idle,16287.3,186.9,426.8,,,0,0,0,0
1777035939047583,1790684702.513717,2513,idle,1257.6,87.2,170.4,,,0,0,0,0
1777036079141843,1790684702.653812,2653,idle,1243.3,136.7,258.9,,,0,0,0,0
1777036220021161,1790684702.794670,2794,idle,2383.3,212.6,438.2,,,0,0,0,0
1777036359861072,1790684702.934530,2934,idle,2200.4,184.0,425.0,,,0,0,0,0
1777036499317129,1790684703.073986,3073,idle,30482.9,424.9,641.7,,,0,0,0,0
1777036638750110,1790684703.213420,3213,idle,948.6,102.8,202.2,,,0,0,0,0
1777036779829866,1790684703.354500,3354,idle,1645.0,127.3,274.1,,,0,0,0,0
1777036919292247,1790684703.493962,3493,idle,1315.0,105.3,226.8,,,0,0,0,0
1777037059112512,1790684703.633783,3633,idle,1252.4,105.1,219.2,,,0,0,0,0
1777037200435035,1790684703.775104,3775,idle,10652.3,185.3,402.2,,,0,0,0,0
1777037338483126,1790684703.913153,3913,idle,1096.0,237.4,312.4,,,0,0,0,0
1777037480155032,1790684704.054824,4054,idle,2228.5,154.9,345.0,,,0,0,0,0
1777037619675495,1790684704.194345,4194,idle,2425.0,159.0,454.4,,,0,0,0,0
1777037760274352,1790684704.334944,4334,idle,2381.2,330.9,562.0,,,0,0,0,0
1777037899709144,1790684704.474378,4474,idle,6519.3,114.0,318.7,,,0,0,0,0
1777038039679243,1790684704.614349,4614,idle,1006.1,101.3,208.2,,,0,0,0,0
1777038179538297,1790684704.754207,4754,idle,2589.9,190.0,436.8,,,0,0,0,0
1777038320271105,1790684704.894940,4894,idle,2719.3,358.5,575.3,,,0,0,0,0
1777038459467950,1790684705.034138,5034,idle,1570.9,190.4,329.3,,,0,0,0,0
1777038600107994,1790684705.174777,5174,idle,11198.2,156.4,344.7,,,0,0,0,0
1777038738994846,1790684705.313665,5313,idle,861.5,78.4,154.7,,,0,0,0,0
1777038879662839,1790684705.454332,5454,idle,2150.4,163.5,388.2,,,0,0,0,0
1777039019257709,1790684705.593927,5593,idle,1693.8,135.8,307.4,,,0,0,0,0
1777039159653639,1790684705.734323,5734,idle,2455.2,166.0,405.8,,,0,0,0,0
1777039299242698,1790684705.873913,5873,idle,1352.2,119.0,231.7,,,0,0,0,0
1777039439045405,1790684706.013716,6013,idle,1371.3,111.8,233.6,,,0,0,0,0
1777039580069535,1790684706.154739,6154,idle,2494.4,144.8,358.3,,,0,0,0,0
1777039719881868,1790684706.294551,6294,idle,1916.2,125.0,344.5,,,0,0,0,0
1777039860043883,1790684706.434713,6434,idle,2328.5,156.3,398.7,,,0,0,0,0
1777039999675833,1790684706.574346,6574,idle,3849.9,110.4,510.6,,,0,0,0,0
1777040138897788,1790684706.713568,6713,idle,818.6,72.5,145.9,,,0,0,0,0
1777040279592367,1790684706.854262,6854,idle,1258.7,111.2,275.7,,,0,0,0,0
1777040419374330,1790684706.994044,6994,idle,1157.1,114.5,219.6,,,0,0,0,0
1777040559599910,1790684707.134269,7134,idle,1882.5,103.5,329.4,,,0,0,0,0
1777040699064783,1790684707.273735,7273,idle,1191.1,135.3,227.6,,,0,0,0,0
1777040839063612,1790684707.413733,7413,idle,2174.5,142.4,358.5,,,0,0,0,0
1777040979250175,1790684707.553920,7553,idle,2111.0,120.2,342.1,,,0,0,0,0
1777041119673901,1790684707.694343,7694,idle,1618.0,98.4,300.4,,,0,0,0,0
1777041259887300,1790684707.834557,7834,idle,1455.9,83.2,239.3,,,0,0,0,0
1777041399875096,1790684707.974545,7974,idle,3483.1,98.9,189.4,,,0,0,0,0
1777041539530340,1790684708.114200,8114,idle,1427.3,130.8,292.0,,,0,0,0,0
1777041680024482,1790684708.254694,8254,idle,1628.4,132.0,318.4,,,0,0,0,0
1777041819579777,1790684708.394249,8394,idle,2038.5,103.6,303.9,,,0,0,0,0
1777041960265444,1790684708.534935,8534,idle,1763.9,141.6,312.3,,,0,0,0,0
1777042099006884,1790684708.673677,8673,idle,1124.2,110.2,183.3,,,0,0,0,0
1777042239186581,1790684708.813856,8813,idle,1993.6,167.5,352.0,,,0,0,0,0
1777042379687273,1790684708.954356,8954,idle,2164.6,120.7,346.6,,,0,0,0,0
1777042519327017,1790684709.093997,9093,idle,1239.2,112.6,221.1,,,0,0,0,0
1777042660153740,1790684709.234823,9234,idle,2199.1,154.5,357.3,,,0,0,0,0
1777042798792031,1790684709.373461,9373,idle,1188.5,115.2,271.1,,,0,0,0,0
1777042940259329,1790684709.514929,9514,idle,2405.8,150.6,362.7,,,0,0,0,0
1777043079266033,1790684709.653936,9653,idle,1613.4,156.0,305.6,,,0,0,0,0
1777043219882955,1790684709.794552,9794,idle,2280.2,182.7,400.6,,,0,0,0,0
1777043360112166,1790684709.934782,9934,idle,1225.6,121.0,249.7,,,0,0,0,0
1777043499093715,1790684710.073764,10073,idle,1151.3,103.9,193.6,,,0,0,0,0
1777043640083325,1790684710.214752,10214,idle,2345.7,186.8,425.6,,,0,0,0,0
1777043780590289,1790684710.355260,10355,idle,2105.1,123.2,360.3,,,0,0,0,0
1777043919918362,1790684710.494588,10494,idle,2070.6,148.8,386.2,,,0,0,0,0
1777044059416705,1790684710.634087,10634,idle,1003.6,79.5,156.6,,,0,0,0,0
1777044199224579,1790684710.773894,10773,idle,1553.3,128.9,283.2,,,0,0,0,0
1777044340050135,1790684710.914719,10914,idle,2067.8,186.5,390.7,,,0,0,0,0
1777044480118059,1790684711.054787,11054,idle,2493.5,179.4,419.1,,,0,0,0,0
1777044619992509,1790684711.194661,11194,idle,2135.7,193.4,435.9,,,0,0,0,0
1777044759250344,1790684711.333920,11333,idle,1022.5,107.6,193.6,,,0,0,0,0
1777044899435844,1790684711.474106,11474,idle,4494.3,304.6,436.6,,,0,0,0,0
1777045039610808,1790684711.614281,11614,idle,1153.2,156.1,267.4,,,0,0,0,0
1777045179484962,1790684711.754154,11754,idle,2246.7,210.3,419.8,,,0,0,0,0
1777045318448448,1790684711.893118,11893,idle,984.5,80.7,117.6,,,0,0,0,0
1777045458836105,1790684712.033506,12033,idle,1125.1,126.4,219.5,,,0,0,0,0
1777045599306302,1790684712.173975,12173,idle,8998.1,146.3,384.7,,,0,0,0,0
1777045741303460,1790684712.315973,12315,idle,1783.4,120.5,246.5,,,0,0,0,0
1777045879859848,1790684712.454529,12454,idle,2095.6,153.8,410.1,,,0,0,0,0
1777046019080705,1790684712.593751,12593,idle,1337.7,108.2,203.9,,,0,0,0,0
1777046159016375,1790684712.733686,12733,idle,1229.7,109.5,216.7,,,0,0,0,0
1777046299634406,1790684712.874304,12874,idle,9983.5,95.6,300.1,,,0,0,0,0
1777046439353610,1790684713.014023,13014,idle,2030.4,148.6,319.7,,,0,0,0,0
1777046579620919,1790684713.154291,13154,idle,1493.5,133.0,282.8,,,0,0,0,0
1777046718895629,1790684713.293566,13293,idle,911.0,82.0,162.9,,,0,0,0,0
1777046859316985,1790684713.433987,13433,idle,1002.3,83.1,184.6,,,0,0,0,0
1777046998710591,1790684713.573381,13573,idle,1214.3,143.4,301.0,,,0,0,0,0
1777047138980179,1790684713.713650,13713,idle,1729.9,110.0,286.8,,,0,0,0,0
1777047279552420,1790684713.854222,13854,idle,1225.9,194.7,320.0,,,0,0,0,0
1777047419243981,1790684713.993914,13993,idle,1128.9,100.9,201.9,,,0,0,0,0
1777047558844706,1790684714.133514,14133,idle,1120.3,116.2,236.9,,,0,0,0,0
1777047699825426,1790684714.274495,14274,idle,14419.4,166.5,429.7,,,0,0,0,0
1777047838799368,1790684714.413469,14413,decode,1218.0,98.0,213.6,,,0,0,1,0
1777047979060512,1790684714.553730,14553,idle,1488.0,128.1,310.5,,,0,0,0,0
1777048118798667,1790684714.693469,14693,idle,1034.2,72.9,148.7,,,0,0,0,0
1777048260207175,1790684714.834876,14834,idle,2272.0,180.1,395.8,,,0,0,0,0
1777048400184957,1790684714.974855,14974,idle,6240.7,89.6,285.9,,,0,0,0,0
1777048609977378,1790684715.184647,184,tx,52957.3,113.4,197.2,,,1,0,0,1
1777048754237583,1790684715.328907,328,tx,52197.3,90.0,222.7,,,1,0,0,1
1777048898174022,1790684715.472844,472,tx,51800.1,114.5,247.2,,,1,0,0,1
1777049041084886,1790684715.615755,615,tx,51905.6,142.3,341.9,,,1,0,0,1
1777049184470213,1790684715.759140,759,tx,53233.5,434.9,595.1,,,1,0,0,1
1777049328707084,1790684715.903377,903,tx,53111.7,238.9,337.3,,,1,0,0,1
1777049472913625,1790684716.047584,1047,tx,52566.1,119.7,268.1,,,1,0,0,1
1777049616573675,1790684716.191243,1191,tx,53149.7,345.9,504.8,,,1,0,0,1
1777049761022011,1790684716.335692,1335,tx,51683.3,142.4,273.5,,,1,0,0,1
1777049904071947,1790684716.478742,1478,tx,52993.5,140.5,255.1,,,1,0,0,1
1777050048262210,1790684716.622932,1622,tx,52693.4,92.3,171.9,,,1,0,0,1
1777050192385367,1790684716.767055,1767,tx,53832.0,475.5,682.1,,,1,0,0,1
1777050337376484,1790684716.912046,1912,tx,51869.6,163.1,314.1,,,1,0,0,1
1777050480693297,1790684717.055363,2055,tx,53257.0,231.1,420.9,,,1,0,0,1
1777050625236943,1790684717.199907,2199,tx,52578.6,113.2,218.9,,,1,0,0,1
1777050768908170,1790684717.343578,2343,tx,52930.4,139.3,251.6,,,1,0,0,1
1777050913631751,1790684717.488300,2488,tx,92345.9,269.8,496.4,,,1,0,0,1
1777051058972301,1790684717.633642,2633,tx,52790.6,138.2,306.4,,,1,0,0,1
1777051202944916,1790684717.777615,2777,tx,54175.4,100.7,215.5,,,1,0,0,1
1777051348047294,1790684717.922717,2922,tx,52844.3,137.1,244.6,,,1,0,0,1
1777051492268418,1790684718.066938,3066,tx,52547.8,152.7,379.6,,,1,0,0,1
1777051636020056,1790684718.210689,3210,tx,51878.9,110.3,271.6,,,1,0,0,1
1777051779126456,1790684718.353796,3353,tx,51922.2,104.0,295.3,,,1,0,0,1
1777051922397846,1790684718.497068,3497,tx,52738.8,109.4,216.4,,,1,0,0,1
1777052066340463,1790684718.641011,3641,tx,52608.9,133.2,237.3,,,1,0,0,1
1777052210247089,1790684718.784917,3784,tx,52690.9,111.2,253.9,,,1,0,0,1
1777052354494598,1790684718.929164,3929,tx,53528.0,414.8,591.2,,,1,0,0,1
1777052499557228,1790684719.074227,4074,tx,66545.1,340.4,572.5,,,1,0,0,1
1777052636819669,1790684719.211490,4211,tx,52426.7,184.5,280.6,,,1,0,0,1
1777052780690666,1790684719.355360,4355,tx,53133.9,268.6,435.6,,,1,0,0,1
1777052925136222,1790684719.499805,4499,tx,53108.6,161.0,417.9,,,1,0,0,1
1777053070101096,1790684719.644771,4644,tx,51773.9,113.8,257.8,,,1,0,0,1
1777053213587595,1790684719.788257,4788,tx,53001.6,327.4,503.0,,,1,0,0,1
1777053357305795,1790684719.931976,4931,tx,52764.8,131.0,228.1,,,1,0,0,1
1777053501387302,1790684720.076057,5076,tx,57062.8,113.0,189.5,,,1,0,0,1
1777053639936393,1790684720.214606,5214,tx,52441.8,92.4,229.6,,,1,0,0,1
1777053783066401,1790684720.357736,5357,tx,52423.1,106.7,193.9,,,1,0,0,1
1777053927211578,1790684720.501882,5501,tx,52484.7,108.8,220.1,,,1,0,0,1
1777054070927377,1790684720.645597,5645,tx,52695.8,128.5,223.8,,,1,0,0,1
1777054215705231,1790684720.790374,5790,tx,53389.3,177.2,410.1,,,1,0,0,1
1777054360977834,1790684720.935647,5935,tx,53251.9,200.1,423.1,,,1,0,0,1
1777054506283279,1790684721.080952,6080,tx,97607.9,110.2,327.3,,,1,0,0,1
1777054646623001,1790684721.221293,6221,tx,51510.3,246.1,353.6,,,1,0,0,1
1777054790303855,1790684721.364973,6364,tx,52309.5,133.1,348.0,,,1,0,0,1
1777054935073388,1790684721.509742,6509,tx,52771.4,133.1,313.1,,,1,0,0,1
1777055080051467,1790684721.654721,6654,tx,52089.5,144.0,372.9,,,1,0,0,1
1777055224267011,1790684721.798936,6798,tx,53246.3,127.7,328.6,,,1,0,0,1
1777055368358954,1790684721.943029,6943,tx,52357.4,133.8,244.0,,,1,0,0,1
1777055512234094,1790684722.086904,7086,tx,54068.1,143.2,346.1,,,1,0,0,1
1777055657677850,1790684722.232347,7232,tx,53422.5,172.1,392.9,,,1,0,0,1
1777055803277087,1790684722.377946,7377,tx,57048.6,150.2,355.5,,,1,0,0,1
1777055940792613,1790684722.515463,7515,tx,52292.5,114.0,190.1,,,1,0,0,1
1777056085508490,1790684722.660178,7660,tx,52558.4,336.9,559.3,,,1,0,0,1
1777056229952342,1790684722.804622,7804,tx,52231.2,185.2,383.3,,,1,0,0,1
1777056374156953,1790684722.948826,7948,tx,52302.9,199.7,413.3,,,1,0,0,1
1777056518927659,1790684723.093596,8093,tx,54315.6,162.0,401.1,,,1,0,0,1
1777056663783334,1790684723.238453,8238,tx,51514.9,108.7,232.6,,,1,0,0,1
1777056807124255,1790684723.381793,8381,tx,52977.8,164.5,392.5,,,1,0,0,1
1777056951505340,1790684723.526174,8526,tx,51658.6,144.8,307.6,,,1,0,0,1
1777057095266332,1790684723.669936,8669,tx,52701.2,184.5,420.5,,,1,0,0,1
1777057239062871,1790684723.813733,8813,tx,52880.4,107.7,212.1,,,1,0,0,1
1777057383638352,1790684723.958308,8958,tx,51664.6,241.7,394.5,,,1,0,0,1
1777057527067836,1790684724.101736,9101,tx,52125.8,175.8,400.2,,,1,0,0,1
1777057671028475,1790684724.245697,9245,tx,53131.5,161.6,391.8,,,1,0,0,1
1777057816231194,1790684724.390900,9390,tx,51897.0,156.4,388.3,,,1,0,0,1
1777057959692237,1790684724.534362,9534,tx,51388.7,228.8,322.0,,,1,0,0,1
1777058102654498,1790684724.677324,9677,tx,89174.2,242.6,381.5,,,1,0,0,1
1777058248269176,1790684724.822939,9822,tx,51786.9,157.3,279.7,,,1,0,0,1
1777058391540550,1790684724.966210,9966,tx,53349.1,374.1,548.7,,,1,0,0,1
1777058529172981,1790684725.103843,10103,tx,52732.9,111.7,214.2,,,1,0,0,1
1777058672340241,1790684725.247010,10247,tx,51469.6,135.9,221.9,,,1,0,0,1
1777058815653578,1790684725.390323,10390,tx,53233.3,213.8,446.2,,,1,0,0,1
1777058959872419,1790684725.534542,10534,tx,51680.9,127.0,273.1,,,1,0,0,1
1777059102842004,1790684725.677511,10677,tx,60366.9,155.2,405.9,,,1,0,0,1
1777059244507667,1790684725.819177,10819,tx,51366.3,107.4,206.4,,,1,0,0,1
1777059388131834,1790684725.962801,10962,tx,53331.9,198.5,435.9,,,1,0,0,1
1777059527153210,1790684726.101822,11101,tx,53216.9,142.2,353.4,,,1,0,0,1
1777059671828219,1790684726.246497,11246,tx,53491.3,187.2,445.1,,,1,0,0,1
1777059816775006,1790684726.391444,11391,tx,52699.6,152.2,309.7,,,1,0,0,1
1777059960083271,1790684726.534753,11534,tx,52530.6,130.8,214.0,,,1,0,0,1
1777060103274862,1790684726.677945,11677,tx,52295.0,103.9,172.9,,,1,0,0,1
1777060246881027,1790684726.821551,11821,tx,51920.2,146.7,292.5,,,1,0,0,1
1777060390822704,1790684726.965492,11965,tx,52261.0,162.6,448.1,,,1,0,0,1
1777060535944457,1790684727.110614,12110,tx,52555.6,126.6,247.8,,,1,0,0,1
1777060680088787,1790684727.254758,12254,tx,52209.1,187.6,402.9,,,1,0,0,1
1777060823566870,1790684727.398236,12398,tx,53261.9,250.3,512.4,,,1,0,0,1
1777060967762019,1790684727.542432,12542,tx,54714.2,197.6,316.1,,,1,0,0,1
1777061110781942,1790684727.685452,12685,tx,53412.3,146.2,439.9,,,1,0,0,1
1777061255303504,1790684727.829973,12829,tx,53495.3,84.0,169.7,,,1,0,0,1
1777061399182599,1790684727.973852,12973,tx,51731.1,130.7,268.9,,,1,0,0,1
1777061537311604,1790684728.111982,13111,tx,53462.9,144.0,407.1,,,1,0,0,1
1777061682724396,1790684728.257394,13257,tx,113349.6,181.9,303.7,,,1,0,0,1
1777061826574218,1790684728.401244,13401,tx,53048.3,255.6,495.5,,,1,0,0,1
1777061970808597,1790684728.545478,13545,tx,51856.3,98.8,230.4,,133069.8,1,0,0,1
1777062114270921,1790684728.688940,13688,idle,57622.2,312.3,849.9,,,0,0,0,0
1777062253324858,1790684728.827994,13827,idle,52519.7,142.7,334.3,,,0,0,0,0
1777062430639318,1790684729.005309,14005,idle,22490.1,415.4,578.2,,,0,0,0,0
1777062571990969,1790684729.146661,14146,idle,1987.9,147.7,332.7,,,0,0,0,0
1777062711832800,1790684729.286503,14286,idle,2341.9,130.3,507.1,,,0,0,0,0
1777062851705146,1790684729.426375,14426,idle,1318.7,341.7,499.4,,,0,0,0,0
1777062992688152,1790684729.567358,14567,idle,2014.3,317.5,520.0,,,0,0,0,0
1777063137917819,1790684729.712588,14712,idle,2256.6,130.4,543.0,,,0,0,0,0
1777063282071764,1790684729.856742,14856,idle,2475.2,152.1,302.0,,,0,0,0,0
1777063424051904,1790684729.998722,14998,idle,1052.1,110.8,234.0,,,0,0,0,0
1777063562464965,1790684730.137134,137,idle,3243.2,408.5,736.1,,,0,0,0,0
1777063702561565,1790684730.277231,277,idle,22878.7,473.9,678.7,,,0,0,0,0
1777063841705280,1790684730.416375,416,idle,10545.7,364.5,504.9,,,0,0,0,0
1777063981969492,1790684730.556639,556,idle,1952.3,131.2,363.1,,,0,0,0,0
1777064128644854,1790684730.703315,703,idle,1452.3,362.4,542.5,,,0,0,0,0
1777064271381265,1790684730.846051,846,idle,1337.3,113.1,220.2,,,0,0,0,0
1777064412506590,1790684730.987176,987,idle,1618.5,112.3,282.8,,,0,0,0,0
1777064552274891,1790684731.126945,1126,idle,1422.3,84.2,207.7,,,0,0,0,0
1777064692067806,1790684731.266738,1266,idle,1636.6,120.3,281.3,,,0,0,0,0
1777064829886228,1790684731.404555,1404,idle,3220.7,139.4,1476.2,,,0,0,0,0
1777064971864655,1790684731.546534,1546,idle,1950.7,263.3,366.2,,,0,0,0,0
1777065112066232,1790684731.686736,1686,idle,2339.9,120.4,323.7,,,0,0,0,0
1777065252313857,1790684731.826983,1826,idle,1968.9,153.3,348.1,,,0,0,0,0
1777065391767409,1790684731.966437,1966,idle,1508.3,343.3,467.1,,,0,0,0,0
1777065536164430,1790684732.110834,2110,idle,1411.2,110.2,213.5,,,0,0,0,0
1777065681595799,1790684732.256266,2256,idle,1255.3,103.2,190.0,,,0,0,0,0
1777065826146007,1790684732.400816,2400,idle,1877.9,170.2,388.4,,,0,0,0,0
1777065972246041,1790684732.546916,2546,idle,1506.7,100.0,240.6,,,0,0,0,0
1777066112080395,1790684732.686750,2686,idle,2038.9,98.6,309.6,,,0,0,0,0
1777066251796945,1790684732.826467,2826,idle,2378.7,1137.1,1238.1,,,0,0,0,0
1777066391889995,1790684732.966560,2966,idle,1479.0,207.8,356.8,,,0,0,0,0
1777066538401403,1790684733.113071,3113,idle,2283.8,171.2,358.2,,,0,0,0,0
1777066683207252,1790684733.257876,3257,idle,2109.8,125.4,331.5,,,0,0,0,0
1777066829491183,1790684733.404160,3404,idle,2910.4,484.6,777.4,,,0,0,0,0
1777066972773472,1790684733.547443,3547,idle,1310.2,345.9,467.1,,,0,0,0,0
1777067112411768,1790684733.687080,3687,idle,2218.2,183.0,401.1,,,0,0,0,0
1777067252427885,1790684733.827097,3827,idle,2191.2,155.0,350.4,,,0,0,0,0
1777067392766946,1790684733.967437,3967,idle,1811.9,112.2,314.5,,,0,0,0,0
1777067531734164,1790684734.106404,4106,idle,1374.8,265.3,376.0,,,0,0,0,0
1777067672183791,1790684734.246854,4246,idle,4789.5,90.7,2985.6,,,0,0,0,0
1777067811792851,1790684734.386463,4386,idle,1894.1,130.4,419.8,,,0,0,0,0
1777067952600902,1790684734.527269,4527,idle,2635.5,324.5,521.2,,,0,0,0,0
1777068092683862,1790684734.667352,4667,idle,2490.0,179.2,570.2,,,0,0,0,0
1777068239401305,1790684734.814070,4814,idle,2751.8,153.9,392.7,,,0,0,0,0
1777068381625078,1790684734.956295,4956,idle,1226.0,132.8,239.7,,,0,0,0,0
1777068522533522,1790684735.097203,5097,idle,1874.4,152.7,327.9,,,0,0,0,0
1777068662046992,1790684735.236716,5236,idle,2245.4,143.8,336.4,,,0,0,0,0
1777068801662703,1790684735.376332,5376,idle,3605.4,344.7,483.9,,,0,0,0,0
1777068942164463,1790684735.516834,5516,idle,1359.1,115.6,222.7,,,0,0,0,0
1777069082069596,1790684735.656739,5656,idle,1249.0,78.8,232.7,,,0,0,0,0
1777069226321592,1790684735.800991,5800,idle,1326.7,119.7,251.3,,,0,0,0,0
1777069372344305,1790684735.947014,5947,idle,2511.4,194.4,415.6,,,0,0,0,0
1777069511670326,1790684736.086340,6086,idle,1614.8,312.9,477.4,,,0,0,0,0
1777069652709060,1790684736.227379,6227,idle,1509.8,284.8,429.3,,,0,0,0,0
1777069791641873,1790684736.366312,6366,idle,1242.9,105.0,209.8,,,0,0,0,0
1777069938527838,1790684736.513197,6513,idle,2144.8,185.8,416.1,,,0,0,0,0
1777070082845713,1790684736.657516,6657,idle,1183.9,159.1,297.6,,,0,0,0,0
1777070221697143,1790684736.796367,6796,idle,1642.6,335.0,476.1,,,0,0,0,0
1777070361374655,1790684736.936044,6936,idle,1284.9,87.5,196.0,,,0,0,0,0
1777070501901380,1790684737.076571,7076,idle,4525.3,119.3,236.1,,,0,0,0,0
1777070642027446,1790684737.216697,7216,idle,1649.7,158.7,326.7,,,0,0,0,0
1777070781959028,1790684737.356629,7356,idle,1429.1,135.4,308.6,,,0,0,0,0
1777070921900642,1790684737.496570,7496,idle,1419.1,99.2,252.8,,,0,0,0,0
1777071061843429,1790684737.636513,7636,idle,1038.2,228.0,303.0,,,0,0,0,0
1777071201283078,1790684737.775953,7775,idle,2311.8,104.5,194.2,,,0,0,0,0
1777071342079914,1790684737.916749,7916,idle,2137.0,183.1,398.1,,,0,0,0,0
1777071481968490,1790684738.056638,8056,idle,1437.8,156.0,306.2,,,0,0,0,0
1777071626960407,1790684738.201630,8201,idle,2099.1,178.0,416.8,,,0,0,0,0
1777071771690374,1790684738.346360,8346,idle,1236.6,99.4,182.2,,,0,0,0,0
1777071912327906,1790684738.486998,8486,idle,1500.1,152.5,303.3,,,0,0,0,0
1777072052353764,1790684738.627023,8627,idle,1411.7,151.0,286.2,,,0,0,0,0
1777072192430080,1790684738.767099,8767,idle,2304.8,158.9,404.2,,,0,0,0,0
1777072335398078,1790684738.910068,8910,idle,1414.7,226.3,316.2,,,0,0,0,0
1777072481352273,1790684739.056022,9056,idle,1276.6,134.7,244.5,,,0,0,0,0
1777072624316227,1790684739.198986,9198,idle,1469.6,159.1,287.8,,,0,0,0,0
1777072762581253,1790684739.337251,9337,idle,1678.7,98.8,233.2,,,0,0,0,0
1777072902457862,1790684739.477127,9477,idle,5481.1,181.4,389.8,,,0,0,0,0
1777073041528473,1790684739.616198,9616,idle,1134.9,143.2,244.1,,,0,0,0,0
1777073181192394,1790684739.755862,9755,idle,1298.5,206.5,296.8,,,0,0,0,0
1777073326137369,1790684739.900807,9900,idle,1378.1,138.9,243.2,,,0,0,0,0
1777073472756852,1790684740.047426,10047,idle,1899.1,226.5,438.9,,,0,0,0,0
1777073611580602,1790684740.186250,10186,idle,1552.8,156.7,300.5,,,0,0,0,0
1777073751904973,1790684740.326575,10326,idle,1162.4,173.2,273.6,,,0,0,0,0
1777073891682317,1790684740.466352,10466,idle,1236.6,137.8,237.9,,,0,0,0,0
1777074032197732,1790684740.606868,10606,idle,1426.8,103.1,231.8,,,0,0,0,0
1777074171944664,1790684740.746614,10746,idle,1258.3,133.9,273.3,,,0,0,0,0
1777074312069915,1790684740.886739,10886,idle,1668.5,141.8,317.1,,,0,0,0,0
1777074451786082,1790684741.026456,11026,idle,1229.4,280.2,354.3,,,0,0,0,0
1777074591964084,1790684741.166634,11166,idle,1010.3,84.3,204.6,,,0,0,0,0
1777074736962737,1790684741.311633,11311,idle,1401.3,122.1,282.0,,,0,0,0,0
1777074882217929,1790684741.456887,11456,idle,1960.1,144.7,355.9,,,0,0,0,0
1777075024228469,1790684741.598898,11598,idle,1288.3,144.0,257.8,,,0,0,0,0
1777075171294839,1790684741.745965,11745,idle,960.8,78.7,156.3,,,0,0,0,0
1777075312150389,1790684741.886820,11886,decode,1026.5,107.4,226.5,,,0,0,1,0
1777075452098328,1790684742.026768,12026,idle,2470.4,157.7,376.5,,,0,0,0,0
1777075591709113,1790684742.166379,12166,idle,1536.5,116.4,251.2,,,0,0,0,0
1777075736949027,1790684742.311619,12311,idle,2190.6,110.9,327.4,,,0,0,0,0
1777075881534653,1790684742.456204,12456,idle,1182.9,82.4,186.0,,,0,0,0,0
1777076027489766,1790684742.602160,12602,idle,1404.8,124.1,250.4,,,0,0,0,0
1777076172941267,1790684742.747600,12747,idle,2115.7,151.0,364.1,,,0,0,0,0
1777076312151591,1790684742.886821,12886,idle,1490.7,113.6,283.9,,,0,0,0,0
1777076451810100,1790684743.026480,13026,idle,1133.2,270.3,347.2,,,0,0,0,0
1777076591796327,1790684743.166466,13166,idle,1326.9,311.7,412.1,,,0,0,0,0
1777076729063527,1790684743.303733,13303,idle,2469.4,141.5,354.1,,,0,0,0,0
1777076872367804,1790684743.447037,13447,idle,1777.6,114.2,296.9,,,0,0,0,0
1777077012332987,1790684743.587002,13587,idle,1637.1,117.9,299.7,,,0,0,0,0
1777077151616915,1790684743.726287,13726,idle,1070.5,140.5,214.7,,,0,0,0,0
1777077291562536,1790684743.866233,13866,idle,1289.1,113.6,229.2,,,0,0,0,0
1777077434150358,1790684744.008820,14008,idle,1193.1,112.4,245.8,,,0,0,0,0
1777077571428025,1790684744.146098,14146,idle,1336.2,116.0,282.5,,,0,0,0,0
1777077711837923,1790684744.286508,14286,idle,1521.8,222.6,366.7,,,0,0,0,0
1777077850250310,1790684744.424920,14424,idle,800.4,78.3,130.2,,,0,0,0,0
1777077992037563,1790684744.566707,14566,idle,1245.4,115.6,250.6,,,0,0,0,0
1777078138624310,1790684744.713293,14713,idle,2207.1,128.6,339.9,,,0,0,0,0
1777078282248497,1790684744.856919,14856,idle,1342.2,148.2,269.0,,,0,0,0,0
1777078424911952,1790684744.999582,14999,idle,1216.6,199.9,308.1,,,0,0,0,0
