t_send_ns,t_unix,phase_ms,window,lat_status_us,lat_rts_us,lat_unkey_us,was_tx,rts_before,decoding,transmitting
1443579001218299,1790351245.575888,10575,idle,39486.9,,,0,0,0,0
1443579161050510,1790351245.735720,10735,idle,841.0,,,0,0,0,0
1443579317484147,1790351245.892154,10892,idle,811.9,,,0,0,0,0
1443579469045602,1790351246.043715,11043,idle,845.2,,,0,0,0,0
1443579625775956,1790351246.200445,11200,idle,845.3,,,0,0,0,0
1443579777258200,1790351246.351928,11351,idle,841.0,,,0,0,0,0
1443579933792396,1790351246.508462,11508,idle,831.9,,,0,0,0,0
1443580085591357,1790351246.660261,11660,idle,824.1,,,0,0,0,0
1443580242438218,1790351246.817108,11817,idle,880.9,,,0,0,0,0
1443580394028009,1790351246.968698,11968,idle,1085.8,,,0,0,0,0
1443580550615165,1790351247.125285,12125,idle,792.6,,,0,0,0,0
1443580707244121,1790351247.281914,12281,idle,1087.6,,,0,0,0,0
1443580859207483,1790351247.433876,12433,idle,1017.2,,,0,0,0,0
1443581016064282,1790351247.590734,12590,idle,774.1,,,0,0,0,0
1443581169267410,1790351247.743936,12743,idle,3226.8,,,0,0,0,0
1443581327963861,1790351247.902632,12902,idle,2666.1,,,0,0,0,0
1443581481306637,1790351248.055976,13055,idle,1885.7,,,0,0,0,0
1443581637432039,1790351248.212102,13212,idle,853.1,,,0,0,0,0
1443581791133886,1790351248.365803,13365,idle,2408.8,,,0,0,0,0
1443581949557788,1790351248.524227,13524,idle,2324.6,,,0,0,0,0
1443582102094700,1790351248.676764,13676,idle,7641.7,,,0,0,0,0
1443582254499409,1790351248.829169,13829,idle,781.9,,,0,0,0,0
1443582414028784,1790351248.988697,13988,idle,2466.5,,,0,0,0,0
1443582567766671,1790351249.142436,14142,idle,3397.2,,,0,0,0,0
1443582725890727,1790351249.300560,14300,idle,2947.6,,,0,0,0,0
1443582885188751,1790351249.459858,14459,idle,2043.1,,,0,0,0,0
1443583043360588,1790351249.618029,14618,idle,2763.2,,,0,0,0,0
1443583196679374,1790351249.771349,14771,idle,1209.7,,,0,0,0,0
1443583349541021,1790351249.924210,14924,idle,2542.5,,,0,0,0,0
1443583502912212,1790351250.077582,77,idle,38867.0,,,0,0,0,0
1443583662527493,1790351250.237197,237,idle,1317.6,,,0,0,0,0
1443583819590579,1790351250.394258,394,idle,2765.4,,,0,0,0,0
1443583972661072,1790351250.547330,547,idle,2690.9,,,0,0,0,0
1443584131332418,1790351250.706002,706,idle,2193.1,,,0,0,0,0
1443584283140295,1790351250.857810,857,idle,878.8,,,0,0,0,0
1443584441346188,1790351251.016015,1016,idle,2060.7,,,0,0,0,0
1443584593806150,1790351251.168475,1168,idle,2054.8,,,0,0,0,0
1443584752202520,1790351251.326872,1326,idle,2303.0,,,0,0,0,0
1443584909228914,1790351251.483899,1483,idle,960.1,,,0,0,0,0
1443585065782185,1790351251.640451,1640,idle,2614.4,,,0,0,0,0
1443585224665676,1790351251.799335,1799,idle,2106.9,,,0,0,0,0
1443585379040289,1790351251.953709,1953,idle,2843.8,,,0,0,0,0
1443585536992133,1790351252.111662,2111,idle,967.1,,,0,0,0,0
1443585688852241,1790351252.263521,2263,idle,1370.0,,,0,0,0,0
1443585847438696,1790351252.422108,2422,idle,2522.6,,,0,0,0,0
1443585999724621,1790351252.574394,2574,idle,1720.8,,,0,0,0,0
1443586152741734,1790351252.727411,2727,idle,2298.2,,,0,0,0,0
1443586309487596,1790351252.884157,2884,idle,1028.7,,,0,0,0,0
1443586462273924,1790351253.036942,3036,idle,2317.7,,,0,0,0,0
1443586621195715,1790351253.195865,3195,idle,2272.7,,,0,0,0,0
1443586774936337,1790351253.349605,3349,idle,2894.1,,,0,0,0,0
1443586931967992,1790351253.506638,3506,idle,880.9,,,0,0,0,0
1443587084961317,1790351253.659630,3659,idle,2951.9,,,0,0,0,0
1443587244175920,1790351253.818845,3818,idle,2987.2,,,0,0,0,0
1443587398250863,1790351253.972920,3972,idle,2609.7,,,0,0,0,0
1443587552772237,1790351254.127441,4127,idle,2050.3,,,0,0,0,0
1443587711359417,1790351254.286028,4286,idle,2912.4,,,0,0,0,0
1443587864951285,1790351254.439620,4439,idle,2435.0,,,0,0,0,0
1443588022496148,1790351254.597166,4597,idle,20872.9,,,0,0,0,0
1443588173636447,1790351254.748306,4748,idle,1086.8,,,0,0,0,0
1443588330448367,1790351254.905118,4905,idle,1442.7,,,0,0,0,0
1443588481748201,1790351255.056417,5056,idle,2844.8,,,0,0,0,0
1443588641176322,1790351255.215845,5215,idle,3466.9,,,0,0,0,0
1443588795815329,1790351255.370484,5370,idle,3374.2,,,0,0,0,0
1443588951775385,1790351255.526445,5526,idle,938.4,,,0,0,0,0
1443589109626677,1790351255.684296,5684,idle,3600.6,,,0,0,0,0
1443589263868383,1790351255.838537,5838,idle,2531.2,,,0,0,0,0
1443589422389377,1790351255.997059,5997,idle,1113.6,,,0,0,0,0
1443589582146284,1790351256.156816,6156,idle,799.0,,,0,0,0,0
1443589740523668,1790351256.315192,6315,idle,3686.9,,,0,0,0,0
1443589893326475,1790351256.467995,6467,idle,3727.3,,,0,0,0,0
1443590051151403,1790351256.625820,6625,idle,4478.5,,,0,0,0,0
1443590208380928,1790351256.783051,6783,idle,1026.5,,,0,0,0,0
1443590362549970,1790351256.937218,6937,idle,3608.5,,,0,0,0,0
1443590516455312,1790351257.091124,7091,idle,3089.8,,,0,0,0,0
1443590669459231,1790351257.244128,7244,idle,1867.3,,,0,0,0,0
1443590826929993,1790351257.401600,7401,idle,1187.3,,,0,0,0,0
1443590979058013,1790351257.553727,7553,idle,1647.8,,,0,0,0,0
1443591138053871,1790351257.712723,7712,idle,3747.2,,,0,0,0,0
1443591291115466,1790351257.865785,7865,idle,2313.4,,,0,0,0,0
1443591449499918,1790351258.024170,8024,idle,1083.2,,,0,0,0,0
1443591600312112,1790351258.174982,8174,idle,761.2,,,0,0,0,0
1443591751979443,1790351258.326649,8326,idle,757.7,,,0,0,0,0
1443591908470171,1790351258.483140,8483,idle,1150.5,,,0,0,0,0
1443592059604736,1790351258.634274,8634,idle,1007.3,,,0,0,0,0
1443592216156183,1790351258.790826,8790,idle,877.2,,,0,0,0,0
1443592369682694,1790351258.944351,8944,idle,2505.3,,,0,0,0,0
1443592528752015,1790351259.103421,9103,idle,17555.4,,,0,0,0,0
1443592686937302,1790351259.261606,9261,idle,3271.6,,,0,0,0,0
1443592843990432,1790351259.418660,9418,idle,1205.1,,,0,0,0,0
1443592996413267,1790351259.571082,9571,idle,3153.7,,,0,0,0,0
1443593153058782,1790351259.727728,9727,idle,1891.1,,,0,0,0,0
1443593312062582,1790351259.886731,9886,idle,3093.7,,,0,0,0,0
1443593464147969,1790351260.038817,10038,idle,808.0,,,0,0,0,0
1443593621283741,1790351260.195953,10195,idle,2659.2,,,0,0,0,0
1443593774486819,1790351260.349156,10349,idle,3631.7,,,0,0,0,0
1443593930922960,1790351260.505592,10505,idle,2503.8,,,0,0,0,0
1443594085498461,1790351260.660168,10660,idle,1622.4,,,0,0,0,0
1443594242276498,1790351260.816947,10816,idle,899.3,,,0,0,0,0
1443594396142155,1790351260.970810,10970,idle,2681.8,,,0,0,0,0
1443594554800300,1790351261.129469,11129,idle,2999.5,,,0,0,0,0
1443594714189114,1790351261.288858,11288,idle,2440.2,,,0,0,0,0
1443594866088520,1790351261.440758,11440,idle,832.4,,,0,0,0,0
1443595023863611,1790351261.598533,11598,idle,2594.0,,,0,0,0,0
1443595178719104,1790351261.753388,11753,idle,2902.5,,,0,0,0,0
1443595330174716,1790351261.904845,11904,idle,845.2,,,0,0,0,0
1443595482349384,1790351262.057019,12057,idle,937.2,,,0,0,0,0
1443595639692875,1790351262.214362,12214,idle,2477.0,,,0,0,0,0
1443595793638646,1790351262.368307,12368,idle,2592.5,,,0,0,0,0
1443595952150519,1790351262.526820,12526,idle,2026.1,,,0,0,0,0
1443596111862297,1790351262.686532,12686,idle,982.1,,,0,0,0,0
1443596263696753,1790351262.838367,12838,idle,1123.7,,,0,0,0,0
1443596418185111,1790351262.992853,12992,idle,2488.5,,,0,0,0,0
1443596571905981,1790351263.146576,13146,idle,811.3,,,0,0,0,0
1443596728715616,1790351263.303385,13303,idle,1259.2,,,0,0,0,0
1443596879385073,1790351263.454055,13454,idle,827.0,,,0,0,0,0
1443597038697021,1790351263.613365,13613,idle,9226.7,,,0,0,0,0
1443597188999726,1790351263.763669,13763,idle,3581.4,,,0,0,0,0
1443597348097947,1790351263.922767,13922,idle,3156.5,,,0,0,0,0
1443597500054582,1790351264.074723,14074,idle,1606.3,,,0,0,0,0
1443597653578829,1790351264.228248,14228,idle,2609.2,,,0,0,0,0
1443597804075443,1790351264.378744,14378,decode,5986.4,,,0,0,1,0
1443597958692822,1790351264.533362,14533,idle,1891.7,,,0,0,0,0
1443598116040554,1790351264.690710,14690,idle,861.6,,,0,0,0,0
1443598267881722,1790351264.842551,14842,idle,1711.6,,,0,0,0,0
1443598426291785,1790351265.000961,0,idle,2075.8,,,0,0,0,0
1443598585445835,1790351265.160115,160,idle,2503.6,,,0,0,0,0
1443598744069487,1790351265.318739,318,idle,1014.7,,,0,0,0,0
1443598896010487,1790351265.470680,470,idle,833.9,,,0,0,0,0
1443599052303702,1790351265.626972,626,idle,2479.2,,,0,0,0,0
1443599211483090,1790351265.786151,786,idle,3886.6,,,0,0,0,0
1443599368251884,1790351265.942921,942,idle,2472.5,,,0,0,0,0
1443599525085097,1790351266.099755,1099,idle,1104.5,,,0,0,0,0
1443599678992043,1790351266.253660,1253,idle,3535.9,,,0,0,0,0
1443599838365000,1790351266.413034,1413,idle,2670.7,,,0,0,0,0
1443599991247822,1790351266.565917,1565,idle,1750.0,,,0,0,0,0
1443600147529806,1790351266.722199,1722,idle,1229.5,,,0,0,0,0
1443600299938228,1790351266.874607,1874,idle,2719.0,,,0,0,0,0
1443600454302595,1790351267.028972,2028,idle,2301.0,,,0,0,0,0
1443600612134097,1790351267.186803,2186,idle,2592.2,,,0,0,0,0
1443600766005949,1790351267.340670,2340,idle,814.9,,,0,0,0,0
1443600922762589,1790351267.497432,2497,idle,1159.3,,,0,0,0,0
1443601076834892,1790351267.651504,2651,idle,1447.0,,,0,0,0,0
1443601233568934,1790351267.808239,2808,idle,1122.3,,,0,0,0,0
1443601386160690,1790351267.960829,2960,idle,2947.0,,,0,0,0,0
1443601542940249,1790351268.117610,3117,idle,990.2,,,0,0,0,0
1443601697061640,1790351268.271730,3271,idle,3528.1,,,0,0,0,0
1443601853802887,1790351268.428472,3428,idle,2530.8,,,0,0,0,0
1443602011078917,1790351268.585748,3585,idle,2663.4,,,0,0,0,0
1443602163071278,1790351268.737741,3737,idle,998.1,,,0,0,0,0
1443602321499140,1790351268.896168,3896,idle,3614.0,,,0,0,0,0
1443602474335697,1790351269.049005,4049,idle,3085.9,,,0,0,0,0
1443602631900166,1790351269.206569,4206,idle,1690.5,,,0,0,0,0
1443602784687491,1790351269.359357,4359,idle,840.0,,,0,0,0,0
1443602941564277,1790351269.516234,4516,idle,1199.4,,,0,0,0,0
1443603097118405,1790351269.671787,4671,idle,3451.8,,,0,0,0,0
1443603253732193,1790351269.828401,4828,idle,2592.1,,,0,0,0,0
1443603413227714,1790351269.987897,4987,idle,1475.7,,,0,0,0,0
1443603565272407,1790351270.139942,5139,idle,823.5,,,0,0,0,0
1443603723893512,1790351270.298562,5298,idle,3143.8,,,0,0,0,0
1443603879295299,1790351270.453965,5453,idle,1001.4,,,0,0,0,0
1443604036451967,1790351270.611120,5611,idle,3158.5,,,0,0,0,0
1443604187311604,1790351270.761981,5761,idle,979.1,,,0,0,0,0
1443604346618067,1790351270.921287,5921,idle,3606.2,,,0,0,0,0
1443604500540858,1790351271.075209,6075,idle,42075.4,,,0,0,0,0
1443604654178447,1790351271.228847,6228,idle,2536.8,,,0,0,0,0
1443604811734506,1790351271.386403,6386,idle,835.4,,,0,0,0,0
1443604962812060,1790351271.537482,6537,idle,1216.3,,,0,0,0,0
1443605121925858,1790351271.696595,6696,idle,2365.2,,,0,0,0,0
1443605275566139,1790351271.850234,6850,idle,3020.0,,,0,0,0,0
1443605428793222,1790351272.003463,7003,idle,930.8,,,0,0,0,0
1443605581256217,1790351272.155926,7155,idle,854.6,,,0,0,0,0
1443605739735208,1790351272.314404,7314,idle,2547.1,,,0,0,0,0
1443605894061507,1790351272.468729,7468,idle,3014.3,,,0,0,0,0
1443606051456055,1790351272.626125,7626,idle,3287.0,,,0,0,0,0
1443606202519064,1790351272.777189,7777,idle,2413.8,,,0,0,0,0
1443606357110393,1790351272.931779,7931,idle,2911.7,,,0,0,0,0
1443606516305751,1790351273.090975,8090,idle,3251.4,,,0,0,0,0
1443606670355717,1790351273.245025,8245,idle,3270.9,,,0,0,0,0
1443606827359380,1790351273.402029,8402,idle,1336.4,,,0,0,0,0
1443606979506585,1790351273.554174,8554,idle,2751.0,,,0,0,0,0
1443607133187773,1790351273.707857,8707,idle,2807.4,,,0,0,0,0
1443607287143402,1790351273.861812,8861,idle,3776.0,,,0,0,0,0
1443607446512484,1790351274.021182,9021,idle,1255.4,,,0,0,0,0
1443607597637747,1790351274.172306,9172,idle,814.0,,,0,0,0,0
1443607754584354,1790351274.329253,9329,idle,3079.7,,,0,0,0,0
1443607913688171,1790351274.488357,9488,idle,3253.2,,,0,0,0,0
1443608067412372,1790351274.642082,9642,idle,2080.0,,,0,0,0,0
1443608224464845,1790351274.799135,9799,idle,970.9,,,0,0,0,0
1443608378625224,1790351274.953294,9953,idle,2777.8,,,0,0,0,0
1443608537234082,1790351275.111902,10111,idle,2447.9,,,0,0,0,0
1443608690154849,1790351275.264824,10264,idle,2514.4,,,0,0,0,0
1443608847062365,1790351275.421732,10421,idle,4104.6,,,0,0,0,0
1443609000198846,1790351275.574869,10574,idle,906.3,,,0,0,0,0
1443609154716340,1790351275.729386,10729,idle,894.9,,,0,0,0,0
1443609305428210,1790351275.880098,10880,idle,804.1,,,0,0,0,0
1443609459639028,1790351276.034309,11034,idle,1041.2,,,0,0,0,0
1443609615492450,1790351276.190162,11190,idle,997.7,,,0,0,0,0
1443609770174006,1790351276.344843,11344,idle,2459.9,,,0,0,0,0
1443609929500691,1790351276.504169,11504,idle,3248.8,,,0,0,0,0
1443610082981798,1790351276.657650,11657,idle,3649.2,,,0,0,0,0
1443610239830286,1790351276.814500,11814,idle,856.5,,,0,0,0,0
1443610392095786,1790351276.966765,11966,idle,2720.5,,,0,0,0,0
1443610551655345,1790351277.126325,12126,idle,1367.9,,,0,0,0,0
1443610706108771,1790351277.280777,12280,idle,2588.8,,,0,0,0,0
1443610859017958,1790351277.433687,12433,idle,1130.6,,,0,0,0,0
1443611016255658,1790351277.590925,12590,idle,3891.2,,,0,0,0,0
1443611169972634,1790351277.744642,12744,idle,2473.5,,,0,0,0,0
1443611328970999,1790351277.903640,12903,idle,2955.2,,,0,0,0,0
1443611483775497,1790351278.058445,13058,idle,988.2,,,0,0,0,0
1443611640136157,1790351278.214806,13214,idle,1117.5,,,0,0,0,0
1443611793898015,1790351278.368565,13368,idle,2862.5,,,0,0,0,0
1443611953085905,1790351278.527755,13527,idle,12794.3,,,0,0,0,0
1443612112413947,1790351278.687082,13687,idle,4369.6,,,0,0,0,0
1443612266718494,1790351278.841388,13841,idle,794.5,,,0,0,0,0
1443612418342788,1790351278.993012,13993,idle,2565.5,,,0,0,0,0
1443612571996950,1790351279.146666,14146,idle,2606.4,,,0,0,0,0
1443612731199393,1790351279.305868,14305,idle,2472.2,,,0,0,0,0
1443612884061101,1790351279.458731,14458,idle,774.2,,,0,0,0,0
1443613041498593,1790351279.616168,14616,idle,2728.2,,,0,0,0,0
1443613194453564,1790351279.769122,14769,idle,2988.0,,,0,0,0,0
1443613353224524,1790351279.927892,14927,idle,2657.0,,,0,0,0,0
1443613510510597,1790351280.085180,85,idle,31964.2,,,0,0,0,0
1443613662989698,1790351280.237658,237,idle,2230.6,,,0,0,0,0
1443613821983912,1790351280.396653,396,idle,4588.6,,,0,0,0,0
1443613975864751,1790351280.550534,550,idle,1388.2,,,0,0,0,0
1443614134485720,1790351280.709155,709,idle,1456.6,,,0,0,0,0
1443614286258929,1790351280.860929,860,idle,891.9,,,0,0,0,0
1443614445597764,1790351281.020266,1020,idle,1588.4,,,0,0,0,0
1443614599523978,1790351281.174193,1174,idle,2473.8,,,0,0,0,0
1443614753096196,1790351281.327765,1327,idle,2490.2,,,0,0,0,0
1443614910083978,1790351281.484752,1484,idle,1137.2,,,0,0,0,0
1443615061906889,1790351281.636576,1636,idle,1069.5,,,0,0,0,0
1443615218381175,1790351281.793051,1793,idle,832.3,,,0,0,0,0
1443615370074996,1790351281.944743,1944,idle,957.9,,,0,0,0,0
1443615526985832,1790351282.101655,2101,idle,922.3,,,0,0,0,0
1443615678686125,1790351282.253356,2253,idle,780.1,,,0,0,0,0
1443615835460355,1790351282.410130,2410,idle,926.7,,,0,0,0,0
1443615988765788,1790351282.563436,2563,idle,2208.6,,,0,0,0,0
1443616144166736,1790351282.718834,2718,idle,995.5,,,0,0,0,0
1443616296149833,1790351282.870819,2870,idle,2379.2,,,0,0,0,0
1443616452284096,1790351283.026953,3026,idle,3885.0,,,0,0,0,0
1443616608529269,1790351283.183199,3183,idle,1453.2,,,0,0,0,0
1443616761493177,1790351283.336162,3336,idle,2076.5,,,0,0,0,0
1443616918764000,1790351283.493434,3493,idle,1043.0,,,0,0,0,0
1443617071160431,1790351283.645830,3645,idle,1063.1,,,0,0,0,0
1443617228508799,1790351283.803178,3803,idle,1698.4,,,0,0,0,0
1443617382098710,1790351283.956768,3956,idle,1240.4,,,0,0,0,0
1443617538904017,1790351284.113574,4113,idle,1011.1,,,0,0,0,0
1443617692311104,1790351284.266980,4266,idle,1250.5,,,0,0,0,0
1443617850368743,1790351284.425038,4425,idle,1816.1,,,0,0,0,0
1443618007429427,1790351284.582099,4582,idle,34890.1,,,0,0,0,0
1443618162750794,1790351284.737420,4737,idle,884.7,,,0,0,0,0
1443618319971211,1790351284.894640,4894,idle,2553.8,,,0,0,0,0
1443618472149950,1790351285.046820,5046,idle,819.4,,,0,0,0,0
1443618630378028,1790351285.205048,5205,idle,1090.3,,,0,0,0,0
1443618784076354,1790351285.358746,5358,idle,4597.6,,,0,0,0,0
1443618934078248,1790351285.508747,5508,idle,1026.4,,,0,0,0,0
1443619089127993,1790351285.663798,5663,idle,1091.9,,,0,0,0,0
1443619248255005,1790351285.822923,5822,idle,3372.6,,,0,0,0,0
1443619403206919,1790351285.977876,5977,idle,3876.9,,,0,0,0,0
1443619562498442,1790351286.137168,6137,idle,1280.5,,,0,0,0,0
1443619719295373,1790351286.293964,6293,idle,1660.0,,,0,0,0,0
1443619872046268,1790351286.446716,6446,idle,2581.7,,,0,0,0,0
1443620029336444,1790351286.604006,6604,idle,2039.9,,,0,0,0,0
1443620181341795,1790351286.756011,6756,idle,4041.2,,,0,0,0,0
1443620340260196,1790351286.914930,6914,idle,982.6,,,0,0,0,0
1443620493324958,1790351287.067994,7067,idle,2278.7,,,0,0,0,0
1443620650855367,1790351287.225524,7225,idle,2017.9,,,0,0,0,0
1443620808521254,1790351287.383191,7383,idle,1790.2,,,0,0,0,0
1443620959229798,1790351287.533900,7533,idle,868.1,,,0,0,0,0
1443621116664245,1790351287.691333,7691,idle,2032.9,,,0,0,0,0
1443621269188179,1790351287.843857,7843,idle,1722.2,,,0,0,0,0
1443621426794036,1790351288.001463,8001,idle,1735.5,,,0,0,0,0
1443621582376659,1790351288.157047,8157,idle,926.3,,,0,0,0,0
1443621740891371,1790351288.315560,8315,idle,1782.5,,,0,0,0,0
1443621894092667,1790351288.468761,8468,idle,2402.0,,,0,0,0,0
1443622051983730,1790351288.626653,8626,idle,1033.3,,,0,0,0,0
1443622208917935,1790351288.783587,8783,idle,881.4,,,0,0,0,0
1443622360700836,1790351288.935370,8935,idle,1052.1,,,0,0,0,0
1443622512950458,1790351289.087620,9087,idle,31035.3,,,0,0,0,0
1443622665493695,1790351289.240163,9240,idle,2768.4,,,0,0,0,0
1443622823018122,1790351289.397687,9397,idle,1070.4,,,0,0,0,0
1443622974930818,1790351289.549601,9549,idle,834.8,,,0,0,0,0
1443623132612992,1790351289.707281,9707,idle,1871.6,,,0,0,0,0
1443623284721729,1790351289.859391,9859,idle,1765.7,,,0,0,0,0
1443623442708303,1790351290.017378,10017,idle,1928.1,,,0,0,0,0
1443623594850903,1790351290.169521,10169,idle,1381.2,,,0,0,0,0
1443623751749699,1790351290.326419,10326,idle,2412.5,,,0,0,0,0
1443623909459309,1790351290.484128,10484,idle,1838.0,,,0,0,0,0
1443624063555481,1790351290.638225,10638,idle,1392.7,,,0,0,0,0
1443624220550611,1790351290.795220,10795,idle,1367.8,,,0,0,0,0
1443624372260560,1790351290.946930,10946,idle,1219.2,,,0,0,0,0
1443624530226178,1790351291.104894,11104,idle,2205.2,,,0,0,0,0
1443624683156684,1790351291.257826,11257,idle,1018.9,,,0,0,0,0
1443624840275568,1790351291.414945,11414,idle,1074.5,,,0,0,0,0
1443624992145364,1790351291.566815,11566,idle,816.6,,,0,0,0,0
1443625150326335,1790351291.724995,11724,idle,1606.2,,,0,0,0,0
1443625302471930,1790351291.877141,11877,decode,866.7,,,0,0,1,0
1443625456037108,1790351292.030706,12030,idle,2411.9,,,0,0,0,0
1443625612415698,1790351292.187085,12187,idle,1037.0,,,0,0,0,0
1443625765988242,1790351292.340657,12340,idle,2648.0,,,0,0,0,0
1443625925580380,1790351292.500248,12500,idle,2937.0,,,0,0,0,0
1443626078496919,1790351292.653166,12653,idle,3380.9,,,0,0,0,0
1443626232884262,1790351292.807554,12807,idle,1072.6,,,0,0,0,0
1443626385077900,1790351292.959747,12959,idle,3568.1,,,0,0,0,0
1443626542413207,1790351293.117083,13117,idle,1232.6,,,0,0,0,0
1443626695202872,1790351293.269872,13269,idle,2443.6,,,0,0,0,0
1443626852779382,1790351293.427449,13427,idle,921.6,,,0,0,0,0
1443627009707061,1790351293.584377,13584,idle,30949.0,,,0,0,0,0
1443627162843250,1790351293.737512,13737,idle,3272.5,,,0,0,0,0
1443627320661747,1790351293.895331,13895,idle,1292.1,,,0,0,0,0
1443627472258333,1790351294.046928,14046,idle,1134.8,,,0,0,0,0
1443627630140544,1790351294.204810,14204,idle,841.0,,,0,0,0,0
1443627783757995,1790351294.358427,14358,idle,1838.3,,,0,0,0,0
1443627940630058,1790351294.515299,14515,idle,3738.8,,,0,0,0,0
1443628093721025,1790351294.668390,14668,idle,2448.5,,,0,0,0,0
1443628250877430,1790351294.825547,14825,idle,1678.3,,,0,0,0,0
1443628408094505,1790351294.982763,14982,idle,2277.4,,,0,0,0,0
1443628565186135,1790351295.139855,139,idle,2084.1,,,0,0,0,0
1443628722428690,1790351295.297098,297,idle,1281.3,,,0,0,0,0
1443628874638062,1790351295.449308,449,idle,980.0,,,0,0,0,0
1443629031470039,1790351295.606139,606,idle,2835.4,,,0,0,0,0
1443629184458198,1790351295.759127,759,idle,2920.8,,,0,0,0,0
1443629337326960,1790351295.911995,911,idle,2583.2,,,0,0,0,0
1443629488591241,1790351296.063261,1063,idle,1098.5,,,0,0,0,0
1443629644595031,1790351296.219265,1219,idle,823.3,,,0,0,0,0
1443629797846435,1790351296.372515,1372,idle,3545.2,,,0,0,0,0
1443629953600899,1790351296.528270,1528,idle,1321.5,,,0,0,0,0
1443630105633126,1790351296.680302,1680,idle,1969.4,,,0,0,0,0
1443630257653118,1790351296.832323,1832,idle,910.3,,,0,0,0,0
1443630415033557,1790351296.989703,1989,idle,1706.3,,,0,0,0,0
1443630567432668,1790351297.142102,2142,idle,2279.6,,,0,0,0,0
1443630725869279,1790351297.300538,2300,idle,2653.9,,,0,0,0,0
1443630880168517,1790351297.454838,2454,idle,3470.4,,,0,0,0,0
1443631032509348,1790351297.607179,2607,idle,1048.6,,,0,0,0,0
1443631186025110,1790351297.760693,2760,idle,6002.5,,,0,0,0,0
1443631337460837,1790351297.912128,2912,idle,3464.3,,,0,0,0,0
1443631490271403,1790351298.064940,3064,idle,2494.6,,,0,0,0,0
1443631646873416,1790351298.221543,3221,idle,881.8,,,0,0,0,0
1443631800263540,1790351298.374933,3374,idle,1309.7,,,0,0,0,0
1443631953153791,1790351298.527823,3527,idle,1366.4,,,0,0,0,0
1443632111577303,1790351298.686247,3686,idle,2197.6,,,0,0,0,0
1443632262839542,1790351298.837507,3837,idle,1525.8,,,0,0,0,0
1443632419797384,1790351298.994467,3994,idle,1491.9,,,0,0,0,0
1443632572643509,1790351299.147313,4147,idle,1122.5,,,0,0,0,0
1443632729342429,1790351299.304012,4304,idle,919.8,,,0,0,0,0
1443632882357241,1790351299.457027,4457,idle,874.9,,,0,0,0,0
1443633039245948,1790351299.613915,4613,idle,3558.6,,,0,0,0,0
1443633193947626,1790351299.768617,4768,idle,1789.5,,,0,0,0,0
1443633351515231,1790351299.926183,4926,idle,1530.5,,,0,0,0,0
1443633509096556,1790351300.083766,5083,idle,1376.1,,,0,0,0,0
1443633660921915,1790351300.235592,5235,idle,1186.0,,,0,0,0,0
1443633819273640,1790351300.393943,5393,idle,2820.5,,,0,0,0,0
1443633972501386,1790351300.547170,5547,idle,2237.2,,,0,0,0,0
1443634130101480,1790351300.704770,5704,idle,2549.4,,,0,0,0,0
1443634282485147,1790351300.857155,5857,idle,917.2,,,0,0,0,0
1443634441768687,1790351301.016437,6016,idle,2569.0,,,0,0,0,0
1443634594297711,1790351301.168967,6168,idle,1770.1,,,0,0,0,0
1443634752338722,1790351301.327008,6327,idle,2364.4,,,0,0,0,0
1443634909492587,1790351301.484162,6484,idle,1707.3,,,0,0,0,0
1443635060737492,1790351301.635407,6635,idle,1598.5,,,0,0,0,0
1443635218396554,1790351301.793066,6793,idle,1868.7,,,0,0,0,0
1443635371109225,1790351301.945779,6945,idle,2314.5,,,0,0,0,0
1443635528056313,1790351302.102726,7102,idle,1263.1,,,0,0,0,0
1443635680221831,1790351302.254892,7254,idle,997.8,,,0,0,0,0
1443635837310150,1790351302.411979,7411,idle,1618.5,,,0,0,0,0
1443635991077407,1790351302.565747,7565,idle,1409.6,,,0,0,0,0
1443636149759313,1790351302.724428,7724,idle,3146.2,,,0,0,0,0
1443636306786213,1790351302.881456,7881,idle,1076.9,,,0,0,0,0
1443636458533259,1790351303.033202,8033,idle,2693.3,,,0,0,0,0
1443636616235764,1790351303.190905,8190,idle,1653.8,,,0,0,0,0
1443636769797449,1790351303.344466,8344,idle,2611.2,,,0,0,0,0
1443636927249581,1790351303.501919,8501,idle,839.2,,,0,0,0,0
1443637079310115,1790351303.653980,8653,idle,1106.7,,,0,0,0,0
1443637237897340,1790351303.812566,8812,idle,2893.3,,,0,0,0,0
1443637392647943,1790351303.967316,8967,idle,2767.1,,,0,0,0,0
1443637551399701,1790351304.126069,9126,idle,1580.0,,,0,0,0,0
1443637708388089,1790351304.283057,9283,idle,3411.0,,,0,0,0,0
1443637861530546,1790351304.436199,9436,idle,3976.9,,,0,0,0,0
1443638016141253,1790351304.590811,9590,idle,1509.2,,,0,0,0,0
1443638169647127,1790351304.744316,9744,idle,3476.9,,,0,0,0,0
1443638326433720,1790351304.901103,9901,idle,1031.5,,,0,0,0,0
1443638480685982,1790351305.055355,10055,idle,3808.7,,,0,0,0,0
1443638639280119,1790351305.213950,10213,idle,1233.7,,,0,0,0,0
1443638791892030,1790351305.366560,10366,idle,2696.2,,,0,0,0,0
1443638948938140,1790351305.523607,10523,idle,891.8,,,0,0,0,0
1443639100858852,1790351305.675528,10675,idle,13623.6,,,0,0,0,0
1443639255505679,1790351305.830173,10830,idle,3081.8,,,0,0,0,0
1443639410606981,1790351305.985276,10985,idle,3762.0,,,0,0,0,0
1443639563321406,1790351306.137991,11137,idle,802.5,,,0,0,0,0
1443639720236520,1790351306.294906,11294,idle,1328.1,,,0,0,0,0
1443639873765457,1790351306.448434,11448,idle,3053.3,,,0,0,0,0
1443640031516568,1790351306.606185,11606,idle,2862.8,,,0,0,0,0
1443640184288672,1790351306.758958,11758,idle,1261.3,,,0,0,0,0
1443640344236185,1790351306.918906,11918,idle,825.5,,,0,0,0,0
1443640498106590,1790351307.072775,12072,idle,2447.8,,,0,0,0,0
1443640654385175,1790351307.229053,12229,idle,2973.0,,,0,0,0,0
1443640813764123,1790351307.388433,12388,idle,1686.9,,,0,0,0,0
1443640965492950,1790351307.540163,12540,idle,848.2,,,0,0,0,0
1443641123230442,1790351307.697899,12697,idle,2597.5,,,0,0,0,0
1443641276501333,1790351307.851170,12851,idle,2887.0,,,0,0,0,0
1443641435189954,1790351308.009858,13009,idle,2501.7,,,0,0,0,0
1443641587246864,1790351308.161916,13161,idle,1331.6,,,0,0,0,0
1443641744778468,1790351308.319447,13319,idle,2792.3,,,0,0,0,0
1443641899241668,1790351308.473911,13473,idle,2986.5,,,0,0,0,0
1443642055219925,1790351308.629889,13629,idle,2662.2,,,0,0,0,0
1443642214849119,1790351308.789519,13789,idle,884.3,,,0,0,0,0
1443642366611443,1790351308.941281,13941,idle,1448.4,,,0,0,0,0
1443642525367997,1790351309.100037,14100,idle,3558.1,,,0,0,0,0
1443642678355442,1790351309.253025,14253,idle,1910.1,,,0,0,0,0
1443642834509086,1790351309.409179,14409,decode,1157.9,,,0,0,1,0
1443642986417174,1790351309.561087,14561,idle,814.5,,,0,0,0,0
1443643146130930,1790351309.720798,14720,idle,2848.0,,,0,0,0,0
1443643300235887,1790351309.874905,14874,idle,2693.6,,,0,0,0,0
1443643453786631,1790351310.028456,28,idle,2692.7,,,0,0,0,0
1443643610964363,1790351310.185634,185,idle,803.9,,,0,0,0,0
1443643766836013,1790351310.341505,341,idle,2482.4,,,0,0,0,0
1443643925581143,1790351310.500250,500,idle,2859.4,,,0,0,0,0
1443644077988678,1790351310.652657,652,idle,2859.8,,,0,0,0,0
1443644234964014,1790351310.809634,809,idle,820.9,,,0,0,0,0
1443644388582430,1790351310.963251,963,idle,3073.8,,,0,0,0,0
1443644541276487,1790351311.115945,1115,idle,4066.9,,,0,0,0,0
1443644694691808,1790351311.269361,1269,idle,2710.9,,,0,0,0,0
1443644853210340,1790351311.427880,1427,idle,2908.1,,,0,0,0,0
1443645011702229,1790351311.586372,1586,idle,30403.6,,,0,0,0,0
1443645164770673,1790351311.739440,1739,idle,2488.2,,,0,0,0,0
1443645324245489,1790351311.898913,1898,idle,2645.4,,,0,0,0,0
1443645477743792,1790351312.052413,2052,idle,2377.7,,,0,0,0,0
1443645634709229,1790351312.209379,2209,idle,1126.1,,,0,0,0,0
1443645787312163,1790351312.361981,2361,idle,3227.0,,,0,0,0,0
1443645946813101,1790351312.521482,2521,idle,3465.6,,,0,0,0,0
1443646100877268,1790351312.675546,2675,idle,2927.4,,,0,0,0,0
1443646252818463,1790351312.827488,2827,idle,771.0,,,0,0,0,0
1443646411049650,1790351312.985717,2985,idle,2765.2,,,0,0,0,0
1443646567731703,1790351313.142401,3142,idle,4012.7,,,0,0,0,0
1443646726721311,1790351313.301390,3301,idle,4164.5,,,0,0,0,0
1443646879077095,1790351313.453747,3453,idle,984.6,,,0,0,0,0
1443647038266383,1790351313.612935,3612,idle,3175.3,,,0,0,0,0
1443647191201272,1790351313.765870,3765,idle,2978.3,,,0,0,0,0
1443647350127635,1790351313.924796,3924,idle,2580.5,,,0,0,0,0
1443647509472363,1790351314.084142,4084,idle,921.9,,,0,0,0,0
1443647661255180,1790351314.235925,4235,idle,950.2,,,0,0,0,0
1443647820177425,1790351314.394846,4394,idle,3786.9,,,0,0,0,0
1443647973313334,1790351314.547982,4547,idle,2053.1,,,0,0,0,0
1443648132080195,1790351314.706748,4706,idle,3483.0,,,0,0,0,0
1443648284186356,1790351314.858856,4858,idle,835.1,,,0,0,0,0
1443648442720557,1790351315.017389,5017,idle,2865.8,,,0,0,0,0
1443648596624826,1790351315.171294,5171,idle,2659.1,,,0,0,0,0
1443648753350098,1790351315.328019,5328,idle,3401.7,,,0,0,0,0
1443648910219214,1790351315.484889,5484,idle,1378.3,,,0,0,0,0
1443649062630804,1790351315.637299,5637,idle,3440.9,,,0,0,0,0
1443649220521348,1790351315.795191,5795,idle,2421.0,,,0,0,0,0
1443649373273257,1790351315.947942,5947,idle,2845.8,,,0,0,0,0
1443649530262722,1790351316.104930,6104,idle,11819.8,,,0,0,0,0
1443649682994852,1790351316.257664,6257,idle,1868.0,,,0,0,0,0
1443649841809270,1790351316.416478,6416,idle,2926.5,,,0,0,0,0
1443649995908881,1790351316.570578,6570,idle,1575.9,,,0,0,0,0
1443650154231571,1790351316.728901,6728,idle,1652.6,,,0,0,0,0
1443650311161225,1790351316.885831,6885,idle,1103.6,,,0,0,0,0
1443650465060044,1790351317.039728,7039,idle,3535.8,,,0,0,0,0
1443650624392920,1790351317.199061,7199,idle,4025.3,,,0,0,0,0
1443650777399008,1790351317.352068,7352,idle,3570.8,,,0,0,0,0
1443650934532216,1790351317.509202,7509,idle,929.4,,,0,0,0,0
1443651086480908,1790351317.661150,7661,idle,2749.4,,,0,0,0,0
1443651242687043,1790351317.817356,7817,idle,2748.7,,,0,0,0,0
1443651396488092,1790351317.971155,7971,idle,2486.4,,,0,0,0,0
1443651547806446,1790351318.122476,8122,idle,804.4,,,0,0,0,0
1443651700026839,1790351318.274670,8274,idle,2906.2,,,0,0,0,0
1443651854132292,1790351318.428801,8428,idle,3750.5,,,0,0,0,0
1443652012186078,1790351318.586855,8586,idle,1975.7,,,0,0,0,0
1443652166395739,1790351318.741066,8741,idle,1211.6,,,0,0,0,0
1443652323334909,1790351318.898005,8898,idle,1063.5,,,0,0,0,0
1443652476808275,1790351319.051477,9051,idle,2376.0,,,0,0,0,0
1443652635933189,1790351319.210602,9210,idle,2520.2,,,0,0,0,0
1443652789568478,1790351319.364237,9364,idle,3330.3,,,0,0,0,0
1443652946560212,1790351319.521230,9521,idle,791.3,,,0,0,0,0
1443653099609546,1790351319.674278,9674,idle,2968.2,,,0,0,0,0
1443653253732178,1790351319.828401,9828,idle,2807.1,,,0,0,0,0
1443653411337565,1790351319.986007,9986,idle,1320.0,,,0,0,0,0
1443653562573527,1790351320.137243,10137,idle,921.2,,,0,0,0,0
1443653719478276,1790351320.294146,10294,idle,2520.6,,,0,0,0,0
1443653872195371,1790351320.446864,10446,idle,3649.9,,,0,0,0,0
1443654031081401,1790351320.605751,10605,idle,11368.6,,,0,0,0,0
1443654183151535,1790351320.757821,10757,idle,923.9,,,0,0,0,0
1443654339853988,1790351320.914524,10914,idle,1554.8,,,0,0,0,0
1443654493722610,1790351321.068391,11068,idle,2935.5,,,0,0,0,0
1443654652371550,1790351321.227041,11227,idle,2974.9,,,0,0,0,0
1443654802806815,1790351321.377476,11377,idle,2211.5,,,0,0,0,0
1443654955116069,1790351321.529786,11529,idle,767.0,,,0,0,0,0
1443655114589706,1790351321.689259,11689,idle,2761.2,,,0,0,0,0
1443655264648341,1790351321.839316,11839,decode,5685.8,,,0,0,1,0
1443655424698508,1790351321.999368,11999,idle,3393.3,,,0,0,0,0
1443655582905289,1790351322.157575,12157,idle,898.4,,,0,0,0,0
1443655741651095,1790351322.316320,12316,idle,3393.7,,,0,0,0,0
1443655895994026,1790351322.470663,12470,idle,2529.2,,,0,0,0,0
1443656052920564,1790351322.627589,12627,idle,2749.6,,,0,0,0,0
1443656211193981,1790351322.785864,12785,idle,1077.9,,,0,0,0,0
1443656362964912,1790351322.937634,12937,idle,1192.2,,,0,0,0,0
1443656521393208,1790351323.096062,13096,idle,2636.0,,,0,0,0,0
1443656674321384,1790351323.248991,13248,idle,3047.1,,,0,0,0,0
1443656834240062,1790351323.408910,13408,idle,1091.1,,,0,0,0,0
1443656993110888,1790351323.567780,13567,idle,1165.3,,,0,0,0,0
1443657151381091,1790351323.726050,13726,idle,2092.2,,,0,0,0,0
1443657309522644,1790351323.884192,13884,idle,2761.5,,,0,0,0,0
1443657462215437,1790351324.036883,14036,idle,2463.9,,,0,0,0,0
1443657618703144,1790351324.193373,14193,idle,1213.9,,,0,0,0,0
1443657771616193,1790351324.346285,14346,idle,2649.9,,,0,0,0,0
1443657929422227,1790351324.504092,14504,idle,1570.6,,,0,0,0,0
1443658083035623,1790351324.657704,14657,idle,2719.8,,,0,0,0,0
1443658241771703,1790351324.816441,14816,idle,1104.4,,,0,0,0,0
1443658393808524,1790351324.968477,14968,idle,3320.5,,,0,0,0,0
1443658551117312,1790351325.125787,125,idle,1323.3,,,0,0,0,0
1443658708687679,1790351325.283356,283,idle,7675.6,,,0,0,0,0
1443658864934260,1790351325.439604,439,idle,3779.5,,,0,0,0,0
1443659017273353,1790351325.591943,591,idle,1103.1,,,0,0,0,0
1443659170447222,1790351325.745116,745,idle,1645.8,,,0,0,0,0
1443659328144808,1790351325.902814,902,idle,1700.4,,,0,0,0,0
1443659480856339,1790351326.055526,1055,idle,1664.8,,,0,0,0,0
1443659638148799,1790351326.212818,1212,idle,901.0,,,0,0,0,0
1443659790058629,1790351326.364728,1364,idle,1534.5,,,0,0,0,0
1443659947049102,1790351326.521719,1521,idle,1579.4,,,0,0,0,0
1443660099431206,1790351326.674101,1674,idle,1981.1,,,0,0,0,0
1443660252629587,1790351326.827299,1827,idle,1496.4,,,0,0,0,0
1443660406166148,1790351326.980835,1980,idle,2565.1,,,0,0,0,0
1443660558444513,1790351327.133114,2133,idle,1044.6,,,0,0,0,0
1443660715267068,1790351327.289937,2289,idle,1217.2,,,0,0,0,0
1443660868395879,1790351327.443063,2443,idle,1158.9,,,0,0,0,0
1443661025076961,1790351327.599747,2599,idle,986.6,,,0,0,0,0
1443661179214941,1790351327.753883,2753,idle,2623.6,,,0,0,0,0
1443661336231743,1790351327.910902,2910,idle,797.1,,,0,0,0,0
1443661489786443,1790351328.064456,3064,idle,2995.1,,,0,0,0,0
1443661647417136,1790351328.222087,3222,idle,840.2,,,0,0,0,0
1443661801141862,1790351328.375811,3375,idle,2293.8,,,0,0,0,0
1443661955181377,1790351328.529851,3529,idle,1858.6,,,0,0,0,0
1443662113462107,1790351328.688131,3688,idle,2610.9,,,0,0,0,0
1443662264872365,1790351328.839542,3839,idle,1013.1,,,0,0,0,0
1443662423396725,1790351328.998066,3998,idle,2533.9,,,0,0,0,0
1443662576795817,1790351329.151465,4151,idle,2990.7,,,0,0,0,0
1443662736203598,1790351329.310872,4310,idle,2901.9,,,0,0,0,0
1443662889183414,1790351329.463853,4463,idle,902.7,,,0,0,0,0
1443663046087166,1790351329.620755,4620,idle,2933.2,,,0,0,0,0
1443663200608858,1790351329.775277,4775,idle,3106.9,,,0,0,0,0
1443663356516752,1790351329.931186,4931,idle,3586.7,,,0,0,0,0
1443663509226118,1790351330.083895,5083,idle,1666.4,,,0,0,0,0
1443663661248725,1790351330.235919,5235,idle,840.3,,,0,0,0,0
1443663819707814,1790351330.394377,5394,idle,2908.3,,,0,0,0,0
1443663974184508,1790351330.548854,5548,idle,1912.5,,,0,0,0,0
1443664132790196,1790351330.707458,5707,idle,2682.5,,,0,0,0,0
1443664285166346,1790351330.859836,5859,idle,864.8,,,0,0,0,0
1443664443527143,1790351331.018196,6018,idle,3544.2,,,0,0,0,0
1443664596612573,1790351331.171281,6171,idle,3579.6,,,0,0,0,0
1443664754292116,1790351331.328962,6328,idle,776.5,,,0,0,0,0
1443664911083104,1790351331.485753,6485,idle,820.6,,,0,0,0,0
1443665063564596,1790351331.638232,6638,idle,3528.8,,,0,0,0,0
1443665220540189,1790351331.795210,6795,idle,955.8,,,0,0,0,0
1443665371385721,1790351331.946055,6946,idle,2545.4,,,0,0,0,0
1443665529932276,1790351332.104602,7104,idle,1576.4,,,0,0,0,0
1443665681460804,1790351332.256131,7256,idle,919.4,,,0,0,0,0
1443665839834057,1790351332.414503,7414,idle,2718.1,,,0,0,0,0
1443665993957901,1790351332.568628,7568,idle,1147.1,,,0,0,0,0
1443666153037102,1790351332.727706,7727,idle,2986.8,,,0,0,0,0
1443666309835849,1790351332.884506,7884,idle,754.5,,,0,0,0,0
1443666463643879,1790351333.038313,8038,idle,1292.8,,,0,0,0,0
1443666618094756,1790351333.192764,8192,idle,2943.4,,,0,0,0,0
1443666772386735,1790351333.347056,8347,idle,2428.0,,,0,0,0,0
1443666929169121,1790351333.503839,8503,idle,1399.6,,,0,0,0,0
1443667082077935,1790351333.656747,8656,idle,2716.8,,,0,0,0,0
1443667240766020,1790351333.815435,8815,idle,2565.0,,,0,0,0,0
1443667394526795,1790351333.969196,8969,idle,2777.8,,,0,0,0,0
1443667547330905,1790351334.122001,9122,idle,1141.6,,,0,0,0,0
1443667699225280,1790351334.273895,9273,idle,1510.5,,,0,0,0,0
1443667854032923,1790351334.428702,9428,idle,2553.4,,,0,0,0,0
1443668012659635,1790351334.587328,9587,idle,2604.5,,,0,0,0,0
1443668166596885,1790351334.741265,9741,idle,2723.6,,,0,0,0,0
1443668323672865,1790351334.898343,9898,idle,800.0,,,0,0,0,0
1443668476309134,1790351335.050978,10050,idle,2598.8,,,0,0,0,0
1443668635151943,1790351335.209821,10209,idle,3302.9,,,0,0,0,0
1443668788157076,1790351335.362826,10362,idle,2505.4,,,0,0,0,0
1443668945234855,1790351335.519905,10519,idle,1102.9,,,0,0,0,0
1443669098783372,1790351335.673452,10673,idle,2607.7,,,0,0,0,0
1443669254289713,1790351335.828959,10828,idle,2578.3,,,0,0,0,0
1443669413043428,1790351335.987712,10987,idle,2544.8,,,0,0,0,0
1443669565525697,1790351336.140196,11140,idle,822.7,,,0,0,0,0
1443669722413714,1790351336.297083,11297,idle,3748.3,,,0,0,0,0
1443669873766833,1790351336.448436,11448,idle,3970.0,,,0,0,0,0
1443670032606912,1790351336.607276,11607,idle,3774.1,,,0,0,0,0
1443670186837848,1790351336.761508,11761,idle,1623.7,,,0,0,0,0
1443670343550476,1790351336.918220,11918,idle,947.0,,,0,0,0,0
1443670496219104,1790351337.070888,12070,idle,3837.9,,,0,0,0,0
1443670654140378,1790351337.228809,12228,idle,2539.9,,,0,0,0,0
1443670812778463,1790351337.387447,12387,idle,3493.1,,,0,0,0,0
1443670965032846,1790351337.539703,12539,idle,1131.0,,,0,0,0,0
1443671123896800,1790351337.698566,12698,idle,2516.2,,,0,0,0,0
1443671278062919,1790351337.852732,12852,idle,2569.8,,,0,0,0,0
1443671437024520,1790351338.011693,13011,idle,2542.4,,,0,0,0,0
1443671588335009,1790351338.163005,13163,idle,1255.1,,,0,0,0,0
1443671745907281,1790351338.320576,13320,idle,2513.2,,,0,0,0,0
1443671899631521,1790351338.474301,13474,idle,2522.1,,,0,0,0,0
1443672055525596,1790351338.630194,13630,idle,2432.4,,,0,0,0,0
1443672209907784,1790351338.784578,13784,idle,828.2,,,0,0,0,0
1443672361741252,1790351338.936411,13936,idle,1471.2,,,0,0,0,0
1443672519098720,1790351339.093767,14093,idle,2536.9,,,0,0,0,0
1443672673084122,1790351339.247753,14247,idle,2649.6,,,0,0,0,0
1443672824389679,1790351339.399058,14399,decode,2559.7,,,0,0,1,0
1443672975691460,1790351339.550361,14550,idle,788.1,,,0,0,0,0
1443673133527534,1790351339.708196,14708,idle,2649.4,,,0,0,0,0
1443673286480937,1790351339.861150,14861,idle,2583.2,,,0,0,0,0
1443673442362290,1790351340.017031,17,idle,2673.1,,,0,0,0,0
1443673594153968,1790351340.168824,168,idle,1143.0,,,0,0,0,0
1443673751971597,1790351340.326641,326,idle,2529.4,,,0,0,0,0
1443673910623774,1790351340.485293,485,idle,2628.5,,,0,0,0,0
1443674064758014,1790351340.639427,639,idle,2740.2,,,0,0,0,0
1443674222608924,1790351340.797279,797,idle,1266.7,,,0,0,0,0
1443674373661263,1790351340.948330,948,idle,2715.8,,,0,0,0,0
1443674532797528,1790351341.107466,1107,idle,2825.9,,,0,0,0,0
1443674686946743,1790351341.261616,1261,idle,2828.4,,,0,0,0,0
1443674845588107,1790351341.420258,1420,idle,1087.9,,,0,0,0,0
1443674996756447,1790351341.571426,1571,idle,968.2,,,0,0,0,0
1443675153474368,1790351341.728143,1728,idle,2498.6,,,0,0,0,0
1443675312370458,1790351341.887039,1887,idle,2853.8,,,0,0,0,0
1443675465290990,1790351342.039960,2039,idle,2902.4,,,0,0,0,0
1443675621661783,1790351342.196332,2196,idle,811.8,,,0,0,0,0
1443675774329606,1790351342.348998,2348,idle,2483.1,,,0,0,0,0
1443675932963093,1790351342.507632,2507,idle,2534.5,,,0,0,0,0
1443676086895318,1790351342.661564,2661,idle,2732.2,,,0,0,0,0
1443676243849279,1790351342.818519,2818,idle,1247.0,,,0,0,0,0
1443676396132946,1790351342.970802,2970,idle,2642.7,,,0,0,0,0
1443676546279824,1790351343.120949,3120,idle,4503.0,,,0,0,0,0
1443676702190973,1790351343.276860,3276,idle,2697.0,,,0,0,0,0
1443676855998106,1790351343.430668,3430,idle,2862.8,,,0,0,0,0
1443677014510335,1790351343.589180,3589,idle,1262.1,,,0,0,0,0
1443677166993422,1790351343.741662,3741,idle,2936.5,,,0,0,0,0
1443677325738128,1790351343.900407,3900,idle,2467.2,,,0,0,0,0
1443677479555960,1790351344.054223,4054,idle,3914.8,,,0,0,0,0
1443677637131519,1790351344.211802,4211,idle,814.5,,,0,0,0,0
1443677790600916,1790351344.365270,4365,idle,2665.0,,,0,0,0,0
1443677949092122,1790351344.523760,4523,idle,2656.5,,,0,0,0,0
1443678102190390,1790351344.676859,4676,idle,2661.3,,,0,0,0,0
1443678254090300,1790351344.828760,4828,idle,939.6,,,0,0,0,0
1443678411897287,1790351344.986566,4986,idle,3474.7,,,0,0,0,0
1443678565776893,1790351345.140446,5140,idle,2925.0,,,0,0,0,0
1443678724699596,1790351345.299369,5299,idle,2526.7,,,0,0,0,0
1443678878530910,1790351345.453201,5453,idle,871.1,,,0,0,0,0
1443679035171305,1790351345.609840,5609,idle,2361.4,,,0,0,0,0
1443679188252194,1790351345.762921,5762,idle,2644.8,,,0,0,0,0
1443679347022628,1790351345.921691,5921,idle,2452.8,,,0,0,0,0
1443679500868364,1790351346.075537,6075,idle,42146.6,,,0,0,0,0
1443679652977506,1790351346.227648,6227,idle,695.0,,,0,0,0,0
1443679811455976,1790351346.386125,6386,idle,2810.3,,,0,0,0,0
1443679962494235,1790351346.537164,6537,idle,1013.9,,,0,0,0,0
1443680121104439,1790351346.695773,6695,idle,2502.1,,,0,0,0,0
1443680273054329,1790351346.847724,6847,idle,793.6,,,0,0,0,0
1443680431578562,1790351347.006248,7006,idle,2572.6,,,0,0,0,0
1443680585864334,1790351347.160533,7160,idle,2469.2,,,0,0,0,0
1443680744509974,1790351347.319179,7319,idle,2456.9,,,0,0,0,0
1443680895604172,1790351347.470274,7470,idle,844.2,,,0,0,0,0
1443681046187575,1790351347.620857,7620,idle,4300.4,,,0,0,0,0
1443681201221798,1790351347.775889,7775,idle,2708.1,,,0,0,0,0
1443681354300820,1790351347.928970,7928,idle,2678.5,,,0,0,0,0
1443681513826836,1790351348.088497,8088,idle,1020.5,,,0,0,0,0
1443681665520653,1790351348.240191,8240,idle,1041.0,,,0,0,0,0
1443681824051031,1790351348.398720,8398,idle,3827.8,,,0,0,0,0
1443681978050970,1790351348.552720,8552,idle,1634.7,,,0,0,0,0
1443682136809274,1790351348.711479,8711,idle,865.2,,,0,0,0,0
1443682288559080,1790351348.863229,8863,idle,991.1,,,0,0,0,0
1443682447273367,1790351349.021942,9021,idle,4001.8,,,0,0,0,0
1443682600278731,1790351349.174948,9174,idle,2984.2,,,0,0,0,0
1443682754405720,1790351349.329075,9329,idle,2740.4,,,0,0,0,0
1443682911227182,1790351349.485897,9485,idle,1212.8,,,0,0,0,0
1443683063651275,1790351349.638320,9638,idle,2477.6,,,0,0,0,0
1443683222476076,1790351349.797145,9797,idle,2620.4,,,0,0,0,0
1443683375756034,1790351349.950424,9950,idle,3172.0,,,0,0,0,0
1443683533968535,1790351350.108638,10108,idle,816.4,,,0,0,0,0
1443683686278632,1790351350.260947,10260,idle,2535.7,,,0,0,0,0
1443683845126753,1790351350.419796,10419,idle,2816.6,,,0,0,0,0
1443683998756596,1790351350.573426,10573,idle,2890.8,,,0,0,0,0
1443684155144569,1790351350.729814,10729,idle,1322.5,,,0,0,0,0
1443684312175770,1790351350.886845,10886,idle,1249.7,,,0,0,0,0
1443684465683560,1790351351.040352,11040,idle,3566.6,,,0,0,0,0
1443684624961540,1790351351.199630,11199,idle,3131.4,,,0,0,0,0
1443684778819936,1790351351.353489,11353,idle,3616.1,,,0,0,0,0
1443684935711514,1790351351.510381,11510,idle,846.4,,,0,0,0,0
1443685088814605,1790351351.663483,11663,idle,3603.9,,,0,0,0,0
1443685247435204,1790351351.822104,11822,idle,3498.8,,,0,0,0,0
1443685398569725,1790351351.973238,11973,idle,2667.7,,,0,0,0,0
1443685551994307,1790351352.126664,12126,idle,747.2,,,0,0,0,0
1443685710304303,1790351352.284973,12284,idle,2427.6,,,0,0,0,0
1443685866617396,1790351352.441286,12441,idle,3137.3,,,0,0,0,0
1443686024550799,1790351352.599219,12599,idle,2966.0,,,0,0,0,0
1443686177681360,1790351352.752351,12752,idle,2154.7,,,0,0,0,0
1443686335678167,1790351352.910347,12910,idle,3820.7,,,0,0,0,0
1443686489410616,1790351353.064079,13064,idle,2698.8,,,0,0,0,0
1443686647802129,1790351353.222470,13222,idle,2504.5,,,0,0,0,0
1443686801728341,1790351353.376398,13376,idle,1416.8,,,0,0,0,0
1443686952278119,1790351353.526948,13526,idle,5449.7,,,0,0,0,0
1443687105507800,1790351353.680177,13680,idle,3639.8,,,0,0,0,0
1443687259658494,1790351353.834327,13834,idle,2879.0,,,0,0,0,0
1443687418608526,1790351353.993277,13993,idle,2872.9,,,0,0,0,0
1443687570906177,1790351354.145576,14145,idle,870.3,,,0,0,0,0
1443687729462130,1790351354.304131,14304,idle,2656.2,,,0,0,0,0
1443687879590947,1790351354.454261,14454,idle,980.2,,,0,0,0,0
1443688038573817,1790351354.613243,14613,idle,2873.2,,,0,0,0,0
1443688190780968,1790351354.765451,14765,idle,788.3,,,0,0,0,0
1443688349258874,1790351354.923928,14923,idle,2445.0,,,0,0,0,0
1443688503464896,1790351355.078134,78,idle,39529.3,,,0,0,0,0
1443688654232333,1790351355.228901,228,idle,2691.7,,,0,0,0,0
1443688816055367,1790351355.390725,390,idle,1321.5,,,0,0,0,0
1443688968076753,1790351355.542746,542,idle,2824.9,,,0,0,0,0
1443689125262551,1790351355.699932,699,idle,1071.7,,,0,0,0,0
1443689277269547,1790351355.851939,851,idle,1068.9,,,0,0,0,0
1443689435675369,1790351356.010343,1010,idle,2903.5,,,0,0,0,0
1443689588241315,1790351356.162911,1162,idle,910.9,,,0,0,0,0
1443689746618247,1790351356.321286,1321,idle,2482.0,,,0,0,0,0
1443689900534031,1790351356.475202,1475,idle,2693.2,,,0,0,0,0
1443690054138387,1790351356.628807,1628,idle,2576.5,,,0,0,0,0
1443690211178627,1790351356.785849,1785,idle,1151.6,,,0,0,0,0
1443690364052226,1790351356.938721,1938,idle,2539.1,,,0,0,0,0
1443690522777981,1790351357.097447,2097,idle,2802.5,,,0,0,0,0
1443690676903357,1790351357.251572,2251,idle,2653.8,,,0,0,0,0
1443690835457330,1790351357.410127,2410,idle,917.2,,,0,0,0,0
1443690987469565,1790351357.562138,2562,idle,3612.5,,,0,0,0,0
1443691141201541,1790351357.715870,2715,idle,2967.1,,,0,0,0,0
1443691295439598,1790351357.870108,2870,idle,2696.9,,,0,0,0,0
1443691450363322,1790351358.025033,3025,idle,3381.4,,,0,0,0,0
1443691607724023,1790351358.182394,3182,idle,958.7,,,0,0,0,0
1443691760818870,1790351358.335488,3335,idle,2612.5,,,0,0,0,0
1443691919777300,1790351358.494446,3494,idle,2749.6,,,0,0,0,0
1443692073756999,1790351358.648426,3648,idle,2704.5,,,0,0,0,0
1443692230530507,1790351358.805200,3805,idle,866.4,,,0,0,0,0
1443692383329308,1790351358.957998,3957,idle,3706.5,,,0,0,0,0
1443692542207254,1790351359.116876,4116,idle,3537.5,,,0,0,0,0
1443692695976524,1790351359.270646,4270,idle,2575.6,,,0,0,0,0
1443692852232048,1790351359.426902,4426,idle,1181.7,,,0,0,0,0
1443693009449940,1790351359.584119,4584,idle,35433.9,,,0,0,0,0
1443693166714335,1790351359.741383,4741,idle,2513.6,,,0,0,0,0
1443693325408304,1790351359.900077,4900,idle,2544.4,,,0,0,0,0
1443693478323821,1790351360.052994,5052,idle,1015.9,,,0,0,0,0
1443693635273332,1790351360.209943,5209,idle,933.9,,,0,0,0,0
1443693787216915,1790351360.361887,5361,idle,1596.9,,,0,0,0,0
1443693946193905,1790351360.520862,5520,idle,2610.1,,,0,0,0,0
1443694099893549,1790351360.674562,5674,idle,3347.3,,,0,0,0,0
1443694251828626,1790351360.826499,5826,idle,844.4,,,0,0,0,0
1443694410553707,1790351360.985222,5985,idle,2932.0,,,0,0,0,0
1443694566779306,1790351361.141448,6141,idle,2660.9,,,0,0,0,0
1443694725919586,1790351361.300588,6300,idle,2638.3,,,0,0,0,0
1443694877836690,1790351361.452506,6452,idle,839.7,,,0,0,0,0
1443695035019901,1790351361.609690,6609,idle,959.8,,,0,0,0,0
1443695188717509,1790351361.763386,6763,idle,2913.5,,,0,0,0,0
1443695347874731,1790351361.922544,6922,idle,2529.3,,,0,0,0,0
1443695501723709,1790351362.076393,7076,idle,2435.7,,,0,0,0,0
1443695656056172,1790351362.230725,7230,idle,2421.7,,,0,0,0,0
1443695814704425,1790351362.389373,7389,idle,2926.9,,,0,0,0,0
1443695971627672,1790351362.546297,7546,idle,1517.8,,,0,0,0,0
1443696129815671,1790351362.704486,7704,idle,1739.2,,,0,0,0,0
1443696281589990,1790351362.856259,7856,idle,3122.9,,,0,0,0,0
1443696438540289,1790351363.013209,8013,idle,2148.5,,,0,0,0,0
1443696592331051,1790351363.167000,8167,idle,3040.3,,,0,0,0,0
1443696751146060,1790351363.325815,8325,idle,3732.5,,,0,0,0,0
1443696907902331,1790351363.482572,8482,idle,1096.7,,,0,0,0,0
1443697061396620,1790351363.636065,8636,idle,2972.9,,,0,0,0,0
1443697220588513,1790351363.795257,8795,idle,2772.3,,,0,0,0,0
1443697374703880,1790351363.949373,8949,idle,2701.6,,,0,0,0,0
1443697531545291,1790351364.106215,9106,idle,10069.3,,,0,0,0,0
1443697683513468,1790351364.258182,9258,idle,2560.4,,,0,0,0,0
1443697836636060,1790351364.411304,9411,idle,2498.9,,,0,0,0,0
1443697990412297,1790351364.565081,9565,idle,2647.6,,,0,0,0,0
1443698148645272,1790351364.723315,9723,idle,878.1,,,0,0,0,0
1443698299458870,1790351364.874128,9874,idle,2689.5,,,0,0,0,0
1443698454615159,1790351365.029284,10029,idle,2952.3,,,0,0,0,0
1443698614792505,1790351365.189461,10189,idle,2682.6,,,0,0,0,0
1443698768889645,1790351365.343558,10343,idle,2929.5,,,0,0,0,0
1443698925902280,1790351365.500572,10500,idle,786.5,,,0,0,0,0
1443699076419812,1790351365.651089,10651,idle,2710.5,,,0,0,0,0
1443699235118769,1790351365.809787,10809,idle,2652.1,,,0,0,0,0
1443699387670995,1790351365.962340,10962,idle,3104.5,,,0,0,0,0
1443699544383398,1790351366.119053,11119,idle,819.1,,,0,0,0,0
1443699698037635,1790351366.272706,11272,idle,2623.7,,,0,0,0,0
1443699854172177,1790351366.428841,11428,idle,2551.9,,,0,0,0,0
1443700012724913,1790351366.587394,11587,idle,1004.6,,,0,0,0,0
1443700163422089,1790351366.738092,11738,idle,812.5,,,0,0,0,0
1443700322420705,1790351366.897091,11897,decode,896.2,,,0,0,1,0
1443700475970123,1790351367.050639,12050,idle,2492.1,,,0,0,0,0
1443700634432806,1790351367.209101,12209,idle,2968.3,,,0,0,0,0
1443700787142640,1790351367.361813,12361,idle,1207.3,,,0,0,0,0
1443700944032361,1790351367.518701,12518,idle,1103.8,,,0,0,0,0
1443701097598747,1790351367.672267,12672,idle,3146.9,,,0,0,0,0
1443701253550168,1790351367.828219,12828,idle,2561.0,,,0,0,0,0
1443701411359495,1790351367.986028,12986,idle,4498.6,,,0,0,0,0
1443701565125960,1790351368.139796,13139,idle,807.8,,,0,0,0,0
1443701723881086,1790351368.298549,13298,idle,2865.2,,,0,0,0,0
1443701878015991,1790351368.452686,13452,idle,1251.8,,,0,0,0,0
1443702034735880,1790351368.609406,13609,idle,7176.4,,,0,0,0,0
1443702192317732,1790351368.766988,13766,idle,869.5,,,0,0,0,0
1443702348892059,1790351368.923562,13923,idle,1251.4,,,0,0,0,0
1443702501084221,1790351369.075753,14075,idle,6644.5,,,0,0,0,0
1443702659909888,1790351369.234580,14234,idle,1164.6,,,0,0,0,0
1443702811829926,1790351369.386500,14386,decode,869.9,,,0,0,1,0
1443702965322984,1790351369.539992,14539,idle,1827.9,,,0,0,0,0
1443703123534625,1790351369.698203,14698,idle,2551.2,,,0,0,0,0
1443703276225898,1790351369.850895,14850,idle,2492.6,,,0,0,0,0
1443703433386692,1790351370.008056,8,idle,1684.9,,,0,0,0,0
1443703592418177,1790351370.167087,167,idle,3795.5,,,0,0,0,0
1443703751171809,1790351370.325841,325,idle,3928.6,,,0,0,0,0
1443703910188401,1790351370.484857,484,idle,3727.2,,,0,0,0,0
1443704063710924,1790351370.638381,638,idle,1259.0,,,0,0,0,0
1443704220350186,1790351370.795020,795,idle,1676.2,,,0,0,0,0
1443704374207364,1790351370.948876,948,idle,2631.2,,,0,0,0,0
1443704532685262,1790351371.107355,1107,idle,1104.5,,,0,0,0,0
1443704685682882,1790351371.260352,1260,idle,2463.2,,,0,0,0,0
1443704842453190,1790351371.417123,1417,idle,801.2,,,0,0,0,0
1443704996242102,1790351371.570911,1570,idle,2660.1,,,0,0,0,0
1443705151850822,1790351371.726521,1726,idle,1053.9,,,0,0,0,0
1443705310505388,1790351371.885174,1885,idle,2637.9,,,0,0,0,0
1443705461724441,1790351372.036394,2036,idle,1086.6,,,0,0,0,0
1443705618115563,1790351372.192783,2192,idle,3662.7,,,0,0,0,0
1443705770916828,1790351372.345586,2345,idle,2767.2,,,0,0,0,0
1443705929779717,1790351372.504449,2504,idle,2991.1,,,0,0,0,0
1443706083518583,1790351372.658189,2658,idle,1224.0,,,0,0,0,0
1443706240121894,1790351372.814792,2814,idle,1243.4,,,0,0,0,0
1443706393700452,1790351372.968369,2968,idle,2739.7,,,0,0,0,0
1443706552480972,1790351373.127150,3127,idle,2535.9,,,0,0,0,0
1443706706494301,1790351373.281162,3281,idle,2494.4,,,0,0,0,0
1443706859852575,1790351373.434522,3434,idle,868.2,,,0,0,0,0
1443707018295586,1790351373.592964,3592,idle,2648.4,,,0,0,0,0
1443707171270397,1790351373.745939,3745,idle,2569.4,,,0,0,0,0
1443707330258743,1790351373.904927,3904,idle,2681.8,,,0,0,0,0
1443707482108509,1790351374.056778,4056,idle,917.1,,,0,0,0,0
1443707641211542,1790351374.215880,4215,idle,2841.8,,,0,0,0,0
1443707794480400,1790351374.369149,4369,idle,2442.1,,,0,0,0,0
1443707947688845,1790351374.522358,4522,idle,3765.2,,,0,0,0,0
1443708102272955,1790351374.676941,4676,idle,1252.1,,,0,0,0,0
1443708254288684,1790351374.828958,4828,idle,2595.8,,,0,0,0,0
1443708413392423,1790351374.988061,4988,idle,2567.9,,,0,0,0,0
1443708567230430,1790351375.141900,5141,idle,2546.5,,,0,0,0,0
1443708726289978,1790351375.300959,5300,idle,1852.1,,,0,0,0,0
1443708878219988,1790351375.452888,5452,idle,2500.5,,,0,0,0,0
1443709037148607,1790351375.611818,5611,idle,2430.5,,,0,0,0,0
1443709190896086,1790351375.765565,5765,idle,2642.5,,,0,0,0,0
1443709349746331,1790351375.924415,5924,idle,2787.7,,,0,0,0,0
1443709507293084,1790351376.081963,6081,idle,34740.7,,,0,0,0,0
1443709664309690,1790351376.238979,6238,idle,2669.8,,,0,0,0,0
1443709823124110,1790351376.397793,6397,idle,2406.0,,,0,0,0,0
1443709976832726,1790351376.551502,6551,idle,974.5,,,0,0,0,0
1443710133856041,1790351376.708526,6708,idle,880.5,,,0,0,0,0
1443710287522210,1790351376.862191,6862,idle,3256.8,,,0,0,0,0
1443710442310338,1790351377.016979,7016,idle,2538.7,,,0,0,0,0
1443710596028405,1790351377.170697,7170,idle,2581.0,,,0,0,0,0
1443710752196017,1790351377.326866,7326,idle,778.4,,,0,0,0,0
1443710910674835,1790351377.485344,7485,idle,2570.4,,,0,0,0,0
1443711065138521,1790351377.639807,7639,idle,2854.8,,,0,0,0,0
1443711224058471,1790351377.798727,7798,idle,2531.5,,,0,0,0,0
1443711378256049,1790351377.952926,7952,idle,947.2,,,0,0,0,0
1443711535239055,1790351378.109908,8109,idle,2985.3,,,0,0,0,0
1443711689388326,1790351378.264057,8264,idle,2755.7,,,0,0,0,0
1443711848169726,1790351378.422838,8422,idle,2651.6,,,0,0,0,0
1443712002131686,1790351378.576799,8576,idle,2710.9,,,0,0,0,0
1443712154108166,1790351378.728777,8728,idle,2834.6,,,0,0,0,0
1443712313080382,1790351378.887749,8887,idle,2581.5,,,0,0,0,0
1443712466800838,1790351379.041469,9041,idle,2702.7,,,0,0,0,0
1443712626094470,1790351379.200763,9200,idle,2845.3,,,0,0,0,0
1443712778041438,1790351379.352711,9352,idle,828.4,,,0,0,0,0
1443712936700284,1790351379.511369,9511,idle,3577.8,,,0,0,0,0
1443713090245384,1790351379.664913,9664,idle,2705.6,,,0,0,0,0
1443713249528106,1790351379.824197,9824,idle,3661.2,,,0,0,0,0
1443713401137956,1790351379.975807,9975,idle,1151.4,,,0,0,0,0
1443713554490332,1790351380.129159,10129,idle,2286.8,,,0,0,0,0
1443713713642897,1790351380.288312,10288,idle,3807.1,,,0,0,0,0
1443713867435723,1790351380.442105,10442,idle,3950.3,,,0,0,0,0
1443714020825501,1790351380.595495,10595,idle,21474.5,,,0,0,0,0
1443714174711492,1790351380.749381,10749,idle,2870.1,,,0,0,0,0
1443714333516620,1790351380.908185,10908,idle,2427.9,,,0,0,0,0
1443714486426713,1790351381.061096,11061,idle,2609.9,,,0,0,0,0
1443714645101130,1790351381.219770,11219,idle,3665.4,,,0,0,0,0
1443714797572934,1790351381.372243,11372,idle,797.6,,,0,0,0,0
1443714954156798,1790351381.528826,11528,idle,1188.9,,,0,0,0,0
1443715110990290,1790351381.685659,11685,idle,2582.0,,,0,0,0,0
1443715265083959,1790351381.839752,11839,decode,7010.7,,,0,0,1,0
1443715424477595,1790351381.999147,11999,idle,850.5,,,0,0,0,0
1443715576999358,1790351382.151668,12151,idle,2441.4,,,0,0,0,0
1443715735568600,1790351382.310237,12310,idle,4215.6,,,0,0,0,0
1443715889509531,1790351382.464178,12464,idle,2676.6,,,0,0,0,0
1443716040302110,1790351382.614972,12614,idle,837.3,,,0,0,0,0
1443716193799887,1790351382.768468,12768,idle,2709.4,,,0,0,0,0
1443716352602217,1790351382.927271,12927,idle,2803.9,,,0,0,0,0
1443716511515277,1790351383.086184,13086,idle,2777.1,,,0,0,0,0
1443716663978928,1790351383.238649,13238,idle,1197.3,,,0,0,0,0
1443716820812257,1790351383.395481,13395,idle,2631.7,,,0,0,0,0
1443716973456346,1790351383.548124,13548,idle,1922.1,,,0,0,0,0
1443717132420249,1790351383.707089,13707,idle,2994.1,,,0,0,0,0
1443717285969122,1790351383.860638,13860,idle,3603.4,,,0,0,0,0
1443717443142513,1790351384.017812,14017,idle,3641.3,,,0,0,0,0
1443717596935831,1790351384.171604,14171,idle,2507.3,,,0,0,0,0
1443717753878276,1790351384.328547,14328,idle,3652.1,,,0,0,0,0
1443717904968042,1790351384.479638,14479,idle,1389.9,,,0,0,0,0
1443718056770477,1790351384.631440,14631,idle,1104.7,,,0,0,0,0
1443718210096486,1790351384.784765,14784,idle,4201.8,,,0,0,0,0
1443718364424766,1790351384.939093,14939,idle,2362.8,,,0,0,0,0
1443718523211875,1790351385.097881,97,idle,22708.7,,,0,0,0,0
1443718675072181,1790351385.249742,249,idle,837.3,,,0,0,0,0
1443718832720488,1790351385.407387,407,idle,3703.2,,,0,0,0,0
1443718986814891,1790351385.561484,561,idle,1867.8,,,0,0,0,0
1443719146504715,1790351385.721174,721,idle,2929.1,,,0,0,0,0
1443719299214078,1790351385.873884,873,idle,820.0,,,0,0,0,0
1443719451905737,1790351386.026575,1026,idle,1751.4,,,0,0,0,0
1443719611351051,1790351386.186019,1186,idle,3011.0,,,0,0,0,0
1443719764505564,1790351386.339175,1339,idle,2752.6,,,0,0,0,0
1443719917389772,1790351386.492059,1492,idle,1472.4,,,0,0,0,0
1443720071817404,1790351386.646487,1646,idle,1923.8,,,0,0,0,0
1443720230457161,1790351386.805127,1805,idle,1346.5,,,0,0,0,0
1443720384521135,1790351386.959190,1959,idle,2770.3,,,0,0,0,0
1443720538498249,1790351387.113167,2113,idle,2485.5,,,0,0,0,0
1443720690222806,1790351387.264893,2264,idle,899.3,,,0,0,0,0
1443720848420658,1790351387.423090,2423,idle,2446.3,,,0,0,0,0
1443721000496182,1790351387.575166,2575,idle,3672.1,,,0,0,0,0
1443721154313470,1790351387.728982,2728,idle,2659.6,,,0,0,0,0
1443721311392742,1790351387.886062,2886,idle,1112.8,,,0,0,0,0
1443721463031269,1790351388.037701,3037,idle,931.6,,,0,0,0,0
1443721622583295,1790351388.197252,3197,idle,2753.5,,,0,0,0,0
1443721776520702,1790351388.351190,3351,idle,2776.2,,,0,0,0,0
1443721930250066,1790351388.504920,3504,idle,947.4,,,0,0,0,0
1443722082287308,1790351388.656957,3656,idle,1029.1,,,0,0,0,0
1443722241183933,1790351388.815853,3815,idle,2669.3,,,0,0,0,0
1443722395726055,1790351388.970395,3970,idle,2967.9,,,0,0,0,0
1443722546583383,1790351389.121252,4121,idle,3956.5,,,0,0,0,0
1443722698356720,1790351389.273026,4273,idle,891.1,,,0,0,0,0
1443722854463933,1790351389.429133,4429,idle,3605.5,,,0,0,0,0
1443723013466770,1790351389.588136,4588,idle,30846.8,,,0,0,0,0
1443723166280406,1790351389.740949,4740,idle,2441.9,,,0,0,0,0
1443723323582132,1790351389.898252,4898,idle,1217.0,,,0,0,0,0
1443723474611301,1790351390.049280,5049,idle,2462.8,,,0,0,0,0
1443723634071728,1790351390.208740,5208,idle,2545.7,,,0,0,0,0
1443723788451283,1790351390.363120,5363,idle,2684.2,,,0,0,0,0
1443723947462605,1790351390.522132,5522,idle,930.6,,,0,0,0,0
1443724098574598,1790351390.673244,5673,idle,3579.8,,,0,0,0,0
1443724253356099,1790351390.828025,5828,idle,2473.2,,,0,0,0,0
1443724412234185,1790351390.986902,5986,idle,2758.6,,,0,0,0,0
1443724567180859,1790351391.141849,6141,idle,2792.9,,,0,0,0,0
1443724724193755,1790351391.298863,6298,idle,2483.8,,,0,0,0,0
1443724878369208,1790351391.453036,6453,idle,2686.8,,,0,0,0,0
1443725035237897,1790351391.609908,6609,idle,1188.4,,,0,0,0,0
1443725187243629,1790351391.761913,6761,idle,1090.7,,,0,0,0,0
1443725343861271,1790351391.918531,6918,idle,836.6,,,0,0,0,0
1443725497096540,1790351392.071765,7071,idle,2455.3,,,0,0,0,0
1443725653587433,1790351392.228255,7228,idle,2603.7,,,0,0,0,0
1443725812252353,1790351392.386921,7386,idle,2735.6,,,0,0,0,0
1443725964585656,1790351392.539256,7539,idle,1159.2,,,0,0,0,0
1443726122937895,1790351392.697606,7697,idle,2689.1,,,0,0,0,0
1443726277342362,1790351392.852011,7852,idle,4408.1,,,0,0,0,0
1443726436543428,1790351393.011212,8011,idle,4628.0,,,0,0,0,0
1443726589954868,1790351393.164625,8164,idle,1123.7,,,0,0,0,0
1443726746686929,1790351393.321356,8321,idle,3710.0,,,0,0,0,0
1443726901024630,1790351393.475693,8475,idle,2860.3,,,0,0,0,0
1443727054116943,1790351393.628785,8628,idle,2407.2,,,0,0,0,0
1443727212890101,1790351393.787558,8787,idle,2892.6,,,0,0,0,0
1443727364953414,1790351393.939623,8939,idle,875.1,,,0,0,0,0
1443727523366497,1790351394.098036,9098,idle,21453.1,,,0,0,0,0
1443727674954144,1790351394.249620,9249,idle,3074.5,,,0,0,0,0
1443727834072033,1790351394.408741,9408,idle,3050.3,,,0,0,0,0
1443727985986248,1790351394.560656,9560,idle,840.5,,,0,0,0,0
1443728144798144,1790351394.719467,9719,idle,2521.1,,,0,0,0,0
1443728298689967,1790351394.873359,9873,idle,2543.1,,,0,0,0,0
1443728454261125,1790351395.028930,10028,idle,2500.0,,,0,0,0,0
1443728613220101,1790351395.187890,10187,idle,919.1,,,0,0,0,0
1443728767033953,1790351395.341703,10341,idle,3121.2,,,0,0,0,0
1443728925663764,1790351395.500333,10500,idle,2383.1,,,0,0,0,0
1443729085285981,1790351395.659955,10659,idle,2490.0,,,0,0,0,0
1443729244076130,1790351395.818746,10818,idle,1556.3,,,0,0,0,0
1443729395940010,1790351395.970610,10970,idle,918.3,,,0,0,0,0
1443729555311302,1790351396.129980,11129,idle,2705.9,,,0,0,0,0
1443729713326238,1790351396.287996,11287,idle,1598.3,,,0,0,0,0
1443729867653971,1790351396.442322,11442,idle,2851.2,,,0,0,0,0
1443730024890919,1790351396.599561,11599,idle,1121.5,,,0,0,0,0
1443730178833430,1790351396.753502,11753,idle,3702.2,,,0,0,0,0
1443730329970948,1790351396.904641,11904,idle,817.0,,,0,0,0,0
1443730483586547,1790351397.058255,12058,idle,2599.5,,,0,0,0,0
1443730640935685,1790351397.215605,12215,idle,1227.6,,,0,0,0,0
1443730793274428,1790351397.367944,12367,idle,3722.6,,,0,0,0,0
1443730951943925,1790351397.526612,12526,idle,1944.6,,,0,0,0,0
1443731111295946,1790351397.685964,12685,idle,2809.7,,,0,0,0,0
1443731263828629,1790351397.838499,12838,idle,851.0,,,0,0,0,0
1443731420667452,1790351397.995337,12995,idle,1592.0,,,0,0,0,0
1443731575608713,1790351398.150277,13150,idle,2535.5,,,0,0,0,0
1443731734361080,1790351398.309030,13309,idle,3146.2,,,0,0,0,0
1443731887180970,1790351398.461850,13461,idle,2928.9,,,0,0,0,0
1443732044213968,1790351398.618884,13618,idle,1714.5,,,0,0,0,0
1443732198661764,1790351398.773330,13773,idle,2939.2,,,0,0,0,0
1443732354157481,1790351398.928826,13928,idle,2491.7,,,0,0,0,0
1443732513112563,1790351399.087781,14087,idle,2720.1,,,0,0,0,0
1443732665591789,1790351399.240262,14240,idle,820.1,,,0,0,0,0
1443732824590965,1790351399.399259,14399,decode,2654.6,,,0,0,1,0
1443732976138724,1790351399.550808,14550,idle,2684.0,,,0,0,0,0
1443733134837711,1790351399.709507,14709,idle,2934.1,,,0,0,0,0
1443733287150835,1790351399.861820,14861,idle,838.8,,,0,0,0,0
1443733444488127,1790351400.019157,19,idle,2646.1,,,0,0,0,0
1443733597313090,1790351400.171982,171,idle,2579.4,,,0,0,0,0
1443733754365996,1790351400.329035,329,idle,2827.3,,,0,0,0,0
1443733913443744,1790351400.488114,488,idle,960.9,,,0,0,0,0
1443734064412293,1790351400.639082,639,idle,1151.6,,,0,0,0,0
1443734223227269,1790351400.797896,797,idle,2625.3,,,0,0,0,0
1443734376260238,1790351400.950928,950,idle,2805.8,,,0,0,0,0
1443734534958992,1790351401.109628,1109,idle,2947.9,,,0,0,0,0
1443734687025692,1790351401.261696,1261,idle,792.7,,,0,0,0,0
1443734845320208,1790351401.419989,1419,idle,3777.7,,,0,0,0,0
1443734998070958,1790351401.572740,1572,idle,1489.2,,,0,0,0,0
1443735153568789,1790351401.728238,1728,idle,2147.3,,,0,0,0,0
1443735310400897,1790351401.885071,1885,idle,836.8,,,0,0,0,0
1443735463213376,1790351402.037882,2037,idle,4465.8,,,0,0,0,0
1443735613314036,1790351402.187983,2187,idle,2568.3,,,0,0,0,0
1443735764451161,1790351402.339121,2339,idle,1068.1,,,0,0,0,0
1443735921801236,1790351402.496471,2496,idle,903.1,,,0,0,0,0
1443736074010198,1790351402.648680,2648,idle,1171.6,,,0,0,0,0
1443736232792144,1790351402.807461,2807,idle,2758.5,,,0,0,0,0
1443736386812423,1790351402.961482,2961,idle,2926.3,,,0,0,0,0
1443736543968770,1790351403.118638,3118,idle,2397.4,,,0,0,0,0
1443736696012433,1790351403.270682,3270,idle,1014.6,,,0,0,0,0
1443736853386558,1790351403.428056,3428,idle,2530.5,,,0,0,0,0
1443737012143834,1790351403.586812,3586,idle,2623.7,,,0,0,0,0
1443737165867603,1790351403.740536,3740,idle,3567.9,,,0,0,0,0
1443737322975247,1790351403.897645,3897,idle,856.3,,,0,0,0,0
1443737476751653,1790351404.051420,4051,idle,2928.4,,,0,0,0,0
1443737635368570,1790351404.210037,4210,idle,2766.0,,,0,0,0,0
1443737788745166,1790351404.363414,4363,idle,2637.0,,,0,0,0,0
1443737945720854,1790351404.520391,4520,idle,1165.1,,,0,0,0,0
1443738098059997,1790351404.672728,4672,idle,2727.9,,,0,0,0,0
1443738253664783,1790351404.828333,4828,idle,2475.8,,,0,0,0,0
1443738412457766,1790351404.987126,4987,idle,2482.5,,,0,0,0,0
1443738565127614,1790351405.139797,5139,idle,859.8,,,0,0,0,0
1443738722068783,1790351405.296738,5296,idle,1627.8,,,0,0,0,0
1443738875946169,1790351405.450615,5450,idle,2977.3,,,0,0,0,0
1443739034135436,1790351405.608804,5608,idle,3043.5,,,0,0,0,0
1443739188426521,1790351405.763096,5763,idle,2767.0,,,0,0,0,0
1443739345233950,1790351405.919904,5919,idle,803.7,,,0,0,0,0
1443739499076030,1790351406.073745,6073,idle,2546.8,,,0,0,0,0
1443739653992032,1790351406.228661,6228,idle,2618.6,,,0,0,0,0
1443739812694637,1790351406.387364,6387,idle,2711.7,,,0,0,0,0
1443739965105502,1790351406.539775,6539,idle,989.4,,,0,0,0,0
1443740124072120,1790351406.698741,6698,idle,2668.0,,,0,0,0,0
1443740278498076,1790351406.853167,6853,idle,2604.7,,,0,0,0,0
1443740432101300,1790351407.006771,7006,idle,1268.5,,,0,0,0,0
1443740584743514,1790351407.159413,7159,idle,855.8,,,0,0,0,0
1443740736358280,1790351407.311028,7311,idle,1951.3,,,0,0,0,0
1443740889342728,1790351407.464012,7464,idle,2504.4,,,0,0,0,0
1443741047987742,1790351407.622657,7622,idle,2730.0,,,0,0,0,0
1443741202098806,1790351407.776768,7776,idle,8147.5,,,0,0,0,0
1443741359276973,1790351407.933947,7933,idle,778.9,,,0,0,0,0
1443741517831836,1790351408.092501,8092,idle,3102.4,,,0,0,0,0
1443741671730369,1790351408.246399,8246,idle,3760.7,,,0,0,0,0
1443741830763163,1790351408.405432,8405,idle,3713.0,,,0,0,0,0
1443741983078538,1790351408.557749,8557,idle,797.2,,,0,0,0,0
1443742141377817,1790351408.716048,8716,idle,993.9,,,0,0,0,0
1443742295249013,1790351408.869918,8869,idle,2720.5,,,0,0,0,0
1443742454351351,1790351409.029020,9029,idle,2980.7,,,0,0,0,0
1443742611542206,1790351409.186212,9186,idle,826.1,,,0,0,0,0
1443742763260115,1790351409.337929,9337,idle,2616.0,,,0,0,0,0
1443742922089897,1790351409.496759,9496,idle,2905.5,,,0,0,0,0
1443743075723561,1790351409.650393,9650,idle,3577.8,,,0,0,0,0
1443743234186018,1790351409.808856,9808,idle,866.3,,,0,0,0,0
1443743386087255,1790351409.960756,9960,idle,2000.7,,,0,0,0,0
1443743545173768,1790351410.119843,10119,idle,1431.6,,,0,0,0,0
1443743698842015,1790351410.273511,10273,idle,1995.1,,,0,0,0,0
1443743852157615,1790351410.426827,10426,idle,2049.1,,,0,0,0,0
1443744010776662,1790351410.585446,10585,idle,30761.6,,,0,0,0,0
1443744162775763,1790351410.737445,10737,idle,2554.9,,,0,0,0,0
1443744321748322,1790351410.896417,10896,idle,2897.2,,,0,0,0,0
1443744475786480,1790351411.050456,11050,idle,2813.3,,,0,0,0,0
1443744632438597,1790351411.207108,11207,idle,842.2,,,0,0,0,0
1443744786494714,1790351411.361164,11361,idle,3028.4,,,0,0,0,0
1443744939238981,1790351411.513907,11513,idle,3009.3,,,0,0,0,0
1443745092825460,1790351411.667494,11667,idle,2679.0,,,0,0,0,0
1443745250197133,1790351411.824867,11824,idle,823.2,,,0,0,0,0
1443745407450640,1790351411.982120,11982,idle,3927.5,,,0,0,0,0
1443745566342315,1790351412.141011,12141,idle,2386.9,,,0,0,0,0
1443745725178739,1790351412.299848,12299,idle,2593.4,,,0,0,0,0
1443745879311929,1790351412.453982,12453,idle,906.5,,,0,0,0,0
1443746036132889,1790351412.610803,12610,idle,1188.0,,,0,0,0,0
1443746189581578,1790351412.764250,12764,idle,2550.0,,,0,0,0,0
1443746348780173,1790351412.923449,12923,idle,2865.0,,,0,0,0,0
1443746502859455,1790351413.077528,13077,idle,7804.4,,,0,0,0,0
1443746658301565,1790351413.232971,13232,idle,843.2,,,0,0,0,0
1443746816757279,1790351413.391426,13391,idle,2668.1,,,0,0,0,0
1443746976530381,1790351413.551200,13551,idle,1466.1,,,0,0,0,0
1443747134531327,1790351413.709200,13709,idle,3080.1,,,0,0,0,0
1443747285377734,1790351413.860048,13860,idle,848.5,,,0,0,0,0
1443747444623751,1790351414.019293,14019,idle,2799.0,,,0,0,0,0
1443747598419151,1790351414.173088,14173,idle,2618.3,,,0,0,0,0
1443747754102973,1790351414.328772,14328,idle,2631.0,,,0,0,0,0
1443747911600081,1790351414.486270,14486,idle,833.5,,,0,0,0,0
1443748062525345,1790351414.637193,14637,idle,2571.3,,,0,0,0,0
1443748218143772,1790351414.792812,14792,idle,3703.3,,,0,0,0,0
1443748371921256,1790351414.946590,14946,idle,2556.5,,,0,0,0,0
1443748531700854,1790351415.106371,106,idle,11676.6,,,0,0,0,0
1443748683490639,1790351415.258161,258,idle,1107.2,,,0,0,0,0
1443748842740084,1790351415.417409,417,idle,2477.0,,,0,0,0,0
1443748996697892,1790351415.571367,571,idle,2280.3,,,0,0,0,0
1443749151978011,1790351415.726647,726,idle,2803.0,,,0,0,0,0
1443749308875802,1790351415.883546,883,idle,1228.1,,,0,0,0,0
1443749462117920,1790351416.036788,1036,idle,1132.9,,,0,0,0,0
1443749618962518,1790351416.193633,1193,idle,787.1,,,0,0,0,0
1443749772353627,1790351416.347022,1347,idle,2578.4,,,0,0,0,0
1443749929236176,1790351416.503906,1503,idle,799.1,,,0,0,0,0
1443750082405880,1790351416.657075,1657,idle,3941.3,,,0,0,0,0
1443750240954173,1790351416.815622,1815,idle,2942.2,,,0,0,0,0
1443750395070468,1790351416.969739,1969,idle,2615.4,,,0,0,0,0
1443750554190493,1790351417.128860,2128,idle,912.7,,,0,0,0,0
1443750711159828,1790351417.285827,2285,idle,2826.0,,,0,0,0,0
1443750865336382,1790351417.440005,2440,idle,2800.1,,,0,0,0,0
1443751022732593,1790351417.597402,2597,idle,2913.2,,,0,0,0,0
1443751175207414,1790351417.749877,2749,idle,1017.4,,,0,0,0,0
1443751331932223,1790351417.906602,2906,idle,1299.7,,,0,0,0,0
1443751485528821,1790351418.060198,3060,idle,5211.4,,,0,0,0,0
1443751637182786,1790351418.211852,3211,idle,2447.3,,,0,0,0,0
1443751791224768,1790351418.365893,3365,idle,2468.4,,,0,0,0,0
1443751948085291,1790351418.522755,3522,idle,787.9,,,0,0,0,0
1443752101686029,1790351418.676355,3676,idle,2701.3,,,0,0,0,0
1443752255693440,1790351418.830362,3830,idle,4078.6,,,0,0,0,0
1443752414569595,1790351418.989238,3989,idle,2801.1,,,0,0,0,0
1443752565701140,1790351419.140371,4140,idle,867.1,,,0,0,0,0
1443752724267891,1790351419.298937,4298,idle,2563.3,,,0,0,0,0
1443752878439106,1790351419.453108,4453,idle,2662.3,,,0,0,0,0
1443753035889984,1790351419.610559,4610,idle,9317.2,,,0,0,0,0
1443753194627848,1790351419.769298,4769,idle,1025.9,,,0,0,0,0
1443753351442680,1790351419.926112,4926,idle,1548.2,,,0,0,0,0
1443753510358787,1790351420.085027,5085,idle,3725.7,,,0,0,0,0
1443753661186878,1790351420.235857,5235,idle,849.1,,,0,0,0,0
1443753818073277,1790351420.392743,5392,idle,1278.5,,,0,0,0,0
1443753969787785,1790351420.544457,5544,idle,1713.4,,,0,0,0,0
1443754129672465,1790351420.704341,5704,idle,2704.4,,,0,0,0,0
1443754283627564,1790351420.858296,5858,idle,3804.2,,,0,0,0,0
1443754442431250,1790351421.017100,6017,idle,3016.3,,,0,0,0,0
1443754593944187,1790351421.168614,6168,idle,795.8,,,0,0,0,0
1443754752669287,1790351421.327338,6327,idle,4191.4,,,0,0,0,0
1443754910659610,1790351421.485328,6485,idle,3893.2,,,0,0,0,0
1443755065158345,1790351421.639827,6639,idle,3498.7,,,0,0,0,0
1443755222332331,1790351421.797002,6797,idle,831.2,,,0,0,0,0
1443755376200208,1790351421.950868,6950,idle,2787.0,,,0,0,0,0
1443755535098724,1790351422.109768,7109,idle,1213.5,,,0,0,0,0
1443755688797900,1790351422.263467,7263,idle,2588.7,,,0,0,0,0
1443755845847831,1790351422.420518,7420,idle,834.9,,,0,0,0,0
1443755997925975,1790351422.572595,7572,idle,2614.5,,,0,0,0,0
1443756154039033,1790351422.728708,7728,idle,2495.9,,,0,0,0,0
1443756312800280,1790351422.887469,7887,idle,2571.8,,,0,0,0,0
1443756466642622,1790351423.041312,8041,idle,3685.6,,,0,0,0,0
1443756626185433,1790351423.200855,8200,idle,981.3,,,0,0,0,0
1443756779593815,1790351423.354261,8354,idle,4022.4,,,0,0,0,0
1443756938417634,1790351423.513087,8513,idle,2726.8,,,0,0,0,0
1443757091966958,1790351423.666636,8666,idle,2560.2,,,0,0,0,0
1443757248872362,1790351423.823542,8823,idle,829.4,,,0,0,0,0
1443757402389013,1790351423.977058,8977,idle,2646.2,,,0,0,0,0
1443757556685086,1790351424.131353,9131,idle,2433.9,,,0,0,0,0
1443757715579844,1790351424.290248,9290,idle,3811.2,,,0,0,0,0
1443757867523834,1790351424.442194,9442,idle,908.2,,,0,0,0,0
1443758024613243,1790351424.599282,9599,idle,3371.6,,,0,0,0,0
1443758178513094,1790351424.753182,9753,idle,1782.7,,,0,0,0,0
1443758336235576,1790351424.910905,9910,idle,2571.7,,,0,0,0,0
1443758490203492,1790351425.064873,10064,idle,1036.3,,,0,0,0,0
1443758647171585,1790351425.221840,10221,idle,2479.2,,,0,0,0,0
1443758801613973,1790351425.376283,10376,idle,3564.7,,,0,0,0,0
1443758953344572,1790351425.528014,10528,idle,798.1,,,0,0,0,0
1443759110146401,1790351425.684816,10684,idle,1146.9,,,0,0,0,0
1443759261641014,1790351425.836311,10836,idle,1690.3,,,0,0,0,0
1443759420295730,1790351425.994965,10994,idle,2535.6,,,0,0,0,0
1443759574036659,1790351426.148706,11148,idle,1492.9,,,0,0,0,0
1443759732461991,1790351426.307131,11307,idle,2216.1,,,0,0,0,0
1443759884206403,1790351426.458876,11458,idle,815.7,,,0,0,0,0
1443760041145562,1790351426.615814,11615,idle,2551.6,,,0,0,0,0
1443760195134932,1790351426.769804,11769,idle,2529.4,,,0,0,0,0
1443760352451974,1790351426.927121,11927,idle,3668.2,,,0,0,0,0
1443760509277641,1790351427.083947,12083,idle,32443.9,,,0,0,0,0
1443760663203377,1790351427.237872,12237,idle,2412.9,,,0,0,0,0
1443760822628970,1790351427.397298,12397,idle,1605.7,,,0,0,0,0
1443760975106610,1790351427.549775,12549,idle,1864.4,,,0,0,0,0
1443761131746045,1790351427.706416,12706,idle,734.9,,,0,0,0,0
1443761282673802,1790351427.857342,12857,idle,3562.9,,,0,0,0,0
1443761440721572,1790351428.015390,13015,idle,3207.4,,,0,0,0,0
1443761594297453,1790351428.168966,13168,idle,2566.5,,,0,0,0,0
1443761752221168,1790351428.326890,13326,idle,1166.2,,,0,0,0,0
1443761911202832,1790351428.485872,13485,idle,2795.8,,,0,0,0,0
1443762067128882,1790351428.641797,13641,idle,2951.2,,,0,0,0,0
1443762226562820,1790351428.801231,13801,idle,4112.1,,,0,0,0,0
1443762380691557,1790351428.955361,13955,idle,2493.7,,,0,0,0,0
1443762537415531,1790351429.112086,14112,idle,816.7,,,0,0,0,0
1443762689509541,1790351429.264179,14264,idle,1554.7,,,0,0,0,0
1443762842347412,1790351429.417017,14417,decode,1083.7,,,0,0,1,0
1443762994283989,1790351429.568953,14568,idle,3260.2,,,0,0,0,0
1443763151252059,1790351429.725921,14725,idle,969.1,,,0,0,0,0
1443763308091247,1790351429.882761,14882,idle,1034.7,,,0,0,0,0
1443763461996760,1790351430.036665,36,idle,2067.7,,,0,0,0,0
1443763620353131,1790351430.195020,195,idle,5334.7,,,0,0,0,0
1443763777238490,1790351430.351903,351,idle,6668.7,,,0,0,0,0
1443763928467259,1790351430.503136,503,idle,3454.8,,,0,0,0,0
1443764082152090,1790351430.656822,656,idle,1286.1,,,0,0,0,0
1443764239790984,1790351430.814461,814,idle,1296.6,,,0,0,0,0
1443764393071799,1790351430.967741,967,idle,2681.2,,,0,0,0,0
1443764552193296,1790351431.126861,1126,idle,3235.4,,,0,0,0,0
1443764709482780,1790351431.284153,1284,idle,993.4,,,0,0,0,0
1443764860996401,1790351431.435666,1435,idle,1085.8,,,0,0,0,0
1443765018258775,1790351431.592927,1592,idle,29188.8,,,0,0,0,0
1443765177747906,1790351431.752417,1752,idle,3531.8,,,0,0,0,0
1443765336595014,1790351431.911263,1911,idle,7970.0,,,0,0,0,0
1443765492772465,1790351432.067442,2067,idle,870.1,,,0,0,0,0
1443765648782188,1790351432.223452,2223,idle,1250.2,,,0,0,0,0
1443765800689399,1790351432.375358,2375,idle,3731.4,,,0,0,0,0
1443765954284289,1790351432.528954,2528,idle,1614.2,,,0,0,0,0
1443766112018818,1790351432.686688,2686,idle,1099.3,,,0,0,0,0
1443766264071311,1790351432.838741,2838,idle,1151.1,,,0,0,0,0
1443766517130671,1790351433.091799,3091,tx,170611.9,,,1,0,0,1
1443766800623100,1790351433.375293,3375,tx,165985.1,,,1,0,0,1
1443767080503369,1790351433.655173,3655,tx,172722.3,,320654.4,1,0,0,1
1443767364879936,1790351433.939550,3939,tx,185997.4,,,0,0,0,0
1443767670809269,1790351434.245479,4245,idle,166662.0,,,0,0,0,0
1443767935244514,1790351434.509914,4509,idle,3724.8,,,0,0,0,0
1443768090069641,1790351434.664739,4664,idle,859.3,,,0,0,0,0
1443768246984836,1790351434.821655,4821,idle,1118.3,,,0,0,0,0
1443768400634537,1790351434.975304,4975,idle,1386.8,,,0,0,0,0
1443768554485313,1790351435.129155,5129,idle,1941.8,,,0,0,0,0
1443768712454119,1790351435.287123,5287,idle,3905.6,,,0,0,0,0
1443768864775292,1790351435.439445,5439,idle,1163.6,,,0,0,0,0
1443769021985255,1790351435.596655,5596,idle,21627.6,,,0,0,0,0
1443769173257590,1790351435.747927,5747,idle,1840.3,,,0,0,0,0
1443769330766399,1790351435.905435,5905,idle,2565.7,,,0,0,0,0
1443769483057211,1790351436.057727,6057,idle,849.9,,,0,0,0,0
1443769640435069,1790351436.215104,6215,idle,2047.2,,,0,0,0,0
1443769792737192,1790351436.367407,6367,idle,2208.3,,,0,0,0,0
1443769950926621,1790351436.525596,6525,idle,1246.9,,,0,0,0,0
1443770107956581,1790351436.682626,6682,idle,832.1,,,0,0,0,0
1443770259842239,1790351436.834512,6834,idle,1369.0,,,0,0,0,0
1443770418093389,1790351436.992762,6992,idle,1987.7,,,0,0,0,0
1443770574800375,1790351437.149469,7149,idle,1819.6,,,0,0,0,0
1443770731785107,1790351437.306455,7306,idle,906.1,,,0,0,0,0
1443770886040743,1790351437.460710,7460,idle,983.4,,,0,0,0,0
1443771043238632,1790351437.617908,7617,idle,3428.5,,,0,0,0,0
1443771197274447,1790351437.771943,7771,idle,2851.5,,,0,0,0,0
1443771354247957,1790351437.928916,7928,idle,2519.3,,,0,0,0,0
1443771511555023,1790351438.086225,8086,idle,1181.3,,,0,0,0,0
1443771662392746,1790351438.237062,8237,idle,2134.3,,,0,0,0,0
1443771820217982,1790351438.394887,8394,idle,1473.8,,,0,0,0,0
1443771973306808,1790351438.547976,8547,idle,1626.8,,,0,0,0,0
1443772133239142,1790351438.707908,8707,idle,4111.1,,,0,0,0,0
1443772287880415,1790351438.862550,8862,idle,866.2,,,0,0,0,0
1443772444961908,1790351439.019631,9019,idle,1838.4,,,0,0,0,0
1443772598385668,1790351439.173054,9173,idle,1139.9,,,0,0,0,0
1443772752335357,1790351439.327005,9327,idle,1104.5,,,0,0,0,0
1443772910469912,1790351439.485138,9485,idle,1198.1,,,0,0,0,0
1443773064307174,1790351439.638977,9638,idle,3476.8,,,0,0,0,0
1443773216607399,1790351439.791276,9791,idle,986.7,,,0,0,0,0
1443773369394615,1790351439.944063,9944,idle,3676.2,,,0,0,0,0
1443773526782430,1790351440.101452,10101,idle,15190.6,,,0,0,0,0
1443773682240436,1790351440.256910,10256,idle,1179.3,,,0,0,0,0
1443773841322080,1790351440.415992,10415,idle,2041.8,,,0,0,0,0
1443773993951159,1790351440.568621,10568,idle,1143.1,,,0,0,0,0
1443774150940525,1790351440.725610,10725,idle,764.9,,,0,0,0,0
1443774301240749,1790351440.875910,10875,idle,805.2,,,0,0,0,0
1443774453033871,1790351441.027704,11027,idle,775.2,,,0,0,0,0
1443774609673043,1790351441.184343,11184,idle,830.4,,,0,0,0,0
1443774760743513,1790351441.335413,11335,idle,846.0,,,0,0,0,0
1443774917667185,1790351441.492337,11492,idle,905.1,,,0,0,0,0
1443775072368625,1790351441.647038,11647,idle,1757.5,,,0,0,0,0
1443775223926146,1790351441.798596,11798,idle,1111.2,,,0,0,0,0
1443775377525867,1790351441.952195,11952,idle,2583.8,,,0,0,0,0
1443775528866403,1790351442.103536,12103,idle,794.8,,,0,0,0,0
1443775682496230,1790351442.257166,12257,idle,1868.0,,,0,0,0,0
1443775840899616,1790351442.415568,12415,idle,3325.5,,,0,0,0,0
1443775994689959,1790351442.569359,12569,idle,2043.9,,,0,0,0,0
1443776153289720,1790351442.727960,12727,idle,1159.2,,,0,0,0,0
1443776309933821,1790351442.884603,12884,idle,1479.8,,,0,0,0,0
1443776463515959,1790351443.038185,13038,idle,2349.1,,,0,0,0,0
1443776617298526,1790351443.191967,13191,idle,2414.5,,,0,0,0,0
1443776770548399,1790351443.345218,13345,idle,2471.8,,,0,0,0,0
1443776927737617,1790351443.502407,13502,idle,1020.9,,,0,0,0,0
1443777081052835,1790351443.655722,13655,idle,3435.4,,,0,0,0,0
1443777239717669,1790351443.814387,13814,idle,3672.6,,,0,0,0,0
1443777391926018,1790351443.966596,13966,idle,855.6,,,0,0,0,0
1443777548406372,1790351444.123076,14123,idle,956.4,,,0,0,0,0
1443777702069669,1790351444.276739,14276,idle,2300.9,,,0,0,0,0
1443777855900658,1790351444.430569,14430,idle,11495.4,,,0,0,0,0
1443778011486198,1790351444.586154,14586,idle,33060.5,,,0,0,0,0
1443778164658869,1790351444.739329,14739,idle,803.6,,,0,0,0,0
1443778323461012,1790351444.898130,14898,idle,2639.7,,,0,0,0,0
1443778476458305,1790351445.051127,51,idle,2726.7,,,0,0,0,0
1443778634833972,1790351445.209503,209,idle,2645.5,,,0,0,0,0
1443778786901337,1790351445.361571,361,idle,826.8,,,0,0,0,0
1443778945596894,1790351445.520265,520,idle,2619.1,,,0,0,0,0
1443779100604014,1790351445.675273,675,idle,2716.8,,,0,0,0,0
1443779254875594,1790351445.829544,829,idle,3481.1,,,0,0,0,0
1443779413558632,1790351445.988229,988,idle,1053.9,,,0,0,0,0
1443779563662354,1790351446.138332,1138,idle,863.2,,,0,0,0,0
1443779722284229,1790351446.296953,1296,idle,2549.7,,,0,0,0,0
1443779875545884,1790351446.450215,1450,idle,2576.1,,,0,0,0,0
1443780026793432,1790351446.601463,1601,idle,804.2,,,0,0,0,0
1443780178296105,1790351446.752966,1752,idle,1233.3,,,0,0,0,0
1443780336982709,1790351446.911651,1911,idle,2519.9,,,0,0,0,0
1443780490929944,1790351447.065598,2065,idle,3970.5,,,0,0,0,0
1443780649567584,1790351447.224236,2224,idle,2729.0,,,0,0,0,0
1443780807791954,1790351447.382462,2382,idle,720.7,,,0,0,0,0
1443780961446976,1790351447.536116,2536,idle,1465.2,,,0,0,0,0
1443781119421500,1790351447.694091,2694,idle,2289.0,,,0,0,0,0
1443781272228877,1790351447.846898,2846,idle,2457.1,,,0,0,0,0
1443781429074411,1790351448.003744,3003,idle,757.0,,,0,0,0,0
1443781581643619,1790351448.156312,3156,idle,2649.3,,,0,0,0,0
1443781740911387,1790351448.315581,3315,idle,1750.1,,,0,0,0,0
1443781894496246,1790351448.469165,3469,idle,2651.0,,,0,0,0,0
1443782048282499,1790351448.622952,3622,idle,865.4,,,0,0,0,0
1443782200055327,1790351448.774725,3774,idle,939.4,,,0,0,0,0
1443782353380846,1790351448.928050,3928,idle,2518.7,,,0,0,0,0
1443782505543650,1790351449.080211,4080,idle,37278.2,,,0,0,0,0
1443782665128819,1790351449.239799,4239,idle,1204.1,,,0,0,0,0
1443782822036237,1790351449.396704,4396,idle,2535.7,,,0,0,0,0
1443782975865238,1790351449.550533,4550,idle,2508.5,,,0,0,0,0
1443783132563837,1790351449.707234,4707,idle,1038.1,,,0,0,0,0
1443783284277334,1790351449.858947,4858,idle,890.8,,,0,0,0,0
1443783441019303,1790351450.015689,5015,idle,744.0,,,0,0,0,0
1443783594357590,1790351450.169026,5169,idle,2374.3,,,0,0,0,0
1443783753186698,1790351450.327855,5327,idle,2856.1,,,0,0,0,0
1443783912310837,1790351450.486980,5486,idle,2862.7,,,0,0,0,0
1443784071667572,1790351450.646337,5646,idle,1013.5,,,0,0,0,0
1443784230256878,1790351450.804925,5804,idle,2859.3,,,0,0,0,0
1443784383448341,1790351450.958117,5958,idle,2521.1,,,0,0,0,0
1443784542461550,1790351451.117131,6117,idle,1421.0,,,0,0,0,0
1443784693300210,1790351451.267970,6267,idle,812.1,,,0,0,0,0
1443784850338419,1790351451.425007,6425,idle,2355.9,,,0,0,0,0
1443785008234689,1790351451.582904,6582,idle,1247.0,,,0,0,0,0
1443785162169152,1790351451.736838,6736,idle,2646.2,,,0,0,0,0
1443785320906851,1790351451.895576,6895,idle,777.1,,,0,0,0,0
1443785472962022,1790351452.047631,7047,idle,1440.3,,,0,0,0,0
1443785632047061,1790351452.206712,7206,idle,3297.9,,,0,0,0,0
1443785786039891,1790351452.360710,7360,idle,789.8,,,0,0,0,0
1443785942857608,1790351452.517527,7517,idle,1106.3,,,0,0,0,0
1443786095026331,1790351452.669696,7669,idle,807.2,,,0,0,0,0
1443786253487555,1790351452.828157,7828,idle,2540.4,,,0,0,0,0
1443786412421740,1790351452.987090,7987,idle,2753.5,,,0,0,0,0
1443786564307954,1790351453.138977,8138,idle,1751.9,,,0,0,0,0
1443786721186591,1790351453.295856,8295,idle,805.3,,,0,0,0,0
1443786875587134,1790351453.450255,8450,idle,2732.9,,,0,0,0,0
1443787033783564,1790351453.608452,8608,idle,11352.9,,,0,0,0,0
1443787186540050,1790351453.761209,8761,idle,2662.5,,,0,0,0,0
1443787343426587,1790351453.918096,8918,idle,770.8,,,0,0,0,0
1443787495774390,1790351454.070443,9070,idle,2606.8,,,0,0,0,0
1443787654065164,1790351454.228734,9228,idle,11037.4,,,0,0,0,0
1443787810675334,1790351454.385344,9385,idle,3529.1,,,0,0,0,0
1443787963216801,1790351454.537887,9537,idle,839.2,,,0,0,0,0
1443788120396241,1790351454.695065,9695,idle,2574.7,,,0,0,0,0
1443788272124639,1790351454.846794,9846,idle,1219.1,,,0,0,0,0
1443788429020176,1790351455.003690,10003,idle,823.4,,,0,0,0,0
1443788582597186,1790351455.157267,10157,idle,1845.3,,,0,0,0,0
1443788736423009,1790351455.311093,10311,idle,921.5,,,0,0,0,0
1443788891138541,1790351455.465806,10465,idle,3647.1,,,0,0,0,0
1443789041729206,1790351455.616399,10616,idle,1270.2,,,0,0,0,0
1443789195174772,1790351455.769844,10769,idle,2900.8,,,0,0,0,0
1443789352101267,1790351455.926771,10926,idle,4255.9,,,0,0,0,0
1443789512027986,1790351456.086697,11086,idle,1235.1,,,0,0,0,0
1443789664823096,1790351456.239492,11239,idle,1648.9,,,0,0,0,0
1443789822382584,1790351456.397052,11397,idle,1750.6,,,0,0,0,0
1443789975389068,1790351456.550059,11550,idle,951.1,,,0,0,0,0
1443790132156153,1790351456.706826,11706,idle,918.8,,,0,0,0,0
1443790292050367,1790351456.866720,11866,decode,9314.3,,,0,0,1,0
1443790443549153,1790351457.018219,12018,decode,2982.9,,,0,0,1,0
1443790597355192,1790351457.172024,12172,idle,1303.4,,,0,0,0,0
1443790752059987,1790351457.326730,12326,idle,902.6,,,0,0,0,0
1443790909725158,1790351457.484394,12484,idle,2421.0,,,0,0,0,0
1443791062465221,1790351457.637134,12637,idle,1912.3,,,0,0,0,0
1443791220378726,1790351457.795048,12795,idle,1905.8,,,0,0,0,0
1443791375461597,1790351457.950131,12950,idle,863.8,,,0,0,0,0
1443791532386319,1790351458.107056,13107,idle,10789.1,,,0,0,0,0
1443791683910334,1790351458.258580,13258,idle,1650.0,,,0,0,0,0
1443791841799695,1790351458.416469,13416,idle,1806.7,,,0,0,0,0
1443791991932764,1790351458.566602,13566,decode,1198.7,,,0,0,1,0
1443792149168552,1790351458.723838,13723,idle,1426.9,,,0,0,0,0
1443792302062132,1790351458.876731,13876,idle,2300.4,,,0,0,0,0
1443792454851989,1790351459.029521,14029,idle,1628.7,,,0,0,0,0
1443792613048113,1790351459.187717,14187,idle,2341.8,,,0,0,0,0
1443792764878877,1790351459.339549,14339,idle,827.2,,,0,0,0,0
1443792921406867,1790351459.496077,14496,decode,862.2,,,0,0,1,0
1443793078395227,1790351459.653064,14653,idle,1518.5,,,0,0,0,0
1443793235186844,1790351459.809856,14809,idle,1315.6,,,0,0,0,0
1443793387403031,1790351459.962072,14962,idle,977.6,,,0,0,0,0
1443793545124836,1790351460.119793,119,idle,1596.4,,,0,0,0,0
1443793698081844,1790351460.272751,272,idle,1656.5,,,0,0,0,0
1443793852766681,1790351460.427436,427,idle,1991.4,,,0,0,0,0
1443794009743001,1790351460.584413,584,idle,913.4,,,0,0,0,0
1443794160437374,1790351460.735106,735,idle,1509.4,,,0,0,0,0
1443794318956270,1790351460.893625,893,idle,3474.5,,,0,0,0,0
1443794472772618,1790351461.047442,1047,idle,1923.2,,,0,0,0,0
1443794630494028,1790351461.205164,1205,idle,898.5,,,0,0,0,0
1443794782347574,1790351461.357017,1357,idle,2079.2,,,0,0,0,0
1443794939179990,1790351461.513850,1513,idle,1153.2,,,0,0,0,0
1443795091583317,1790351461.666252,1666,idle,3783.4,,,0,0,0,0
1443795249841274,1790351461.824511,1824,idle,1821.2,,,0,0,0,0
1443795406636175,1790351461.981306,1981,idle,1018.7,,,0,0,0,0
1443795560760512,1790351462.135429,2135,idle,2406.0,,,0,0,0,0
1443795719166655,1790351462.293836,2293,idle,2441.4,,,0,0,0,0
1443795872109365,1790351462.446779,2446,idle,988.8,,,0,0,0,0
1443796028851214,1790351462.603521,2603,idle,12843.7,,,0,0,0,0
1443796184423078,1790351462.759093,2759,idle,1070.6,,,0,0,0,0
1443796343527606,1790351462.918197,2918,idle,2220.4,,,0,0,0,0
1443796495086791,1790351463.069756,3069,idle,1384.6,,,0,0,0,0
1443796652815489,1790351463.227485,3227,idle,992.6,,,0,0,0,0
1443796809881043,1790351463.384550,3384,idle,1753.4,,,0,0,0,0
1443796963086077,1790351463.537755,3537,idle,1209.9,,,0,0,0,0
1443797121172045,1790351463.695841,3695,idle,1890.4,,,0,0,0,0
1443797274082430,1790351463.848752,3848,idle,1598.1,,,0,0,0,0
1443797431205972,1790351464.005876,4005,idle,893.7,,,0,0,0,0
1443797584605766,1790351464.159275,4159,idle,1741.2,,,0,0,0,0
1443797737750821,1790351464.312420,4312,idle,2104.1,,,0,0,0,0
1443797891126018,1790351464.465795,4465,idle,2379.2,,,0,0,0,0
1443798048201395,1790351464.622871,4622,idle,853.6,,,0,0,0,0
1443798200559703,1790351464.775229,4775,idle,2026.5,,,0,0,0,0
1443798353321050,1790351464.927990,4927,idle,1500.3,,,0,0,0,0
1443798512220108,1790351465.086890,5086,idle,1868.7,,,0,0,0,0
1443798664306755,1790351465.238976,5238,idle,1256.1,,,0,0,0,0
1443798821146332,1790351465.395816,5395,idle,964.5,,,0,0,0,0
1443798973819012,1790351465.548488,5548,idle,2039.2,,,0,0,0,0
1443799132195626,1790351465.706865,5706,idle,2760.5,,,0,0,0,0
1443799284980660,1790351465.859650,5859,idle,2217.8,,,0,0,0,0
1443799441963570,1790351466.016633,6016,idle,784.5,,,0,0,0,0
1443799595104238,1790351466.169774,6169,idle,1668.7,,,0,0,0,0
1443799752590062,1790351466.327259,6327,idle,13510.9,,,0,0,0,0
1443799911953367,1790351466.486622,6486,idle,2479.7,,,0,0,0,0
1443800063374742,1790351466.638044,6638,idle,940.6,,,0,0,0,0
1443800221325953,1790351466.795995,6795,idle,2415.6,,,0,0,0,0
1443800373946881,1790351466.948615,6948,idle,3022.3,,,0,0,0,0
1443800533466471,1790351467.108135,7108,idle,12972.4,,,0,0,0,0
1443800686712930,1790351467.261383,7261,idle,854.1,,,0,0,0,0
1443800840575225,1790351467.415243,7415,idle,1498.5,,,0,0,0,0
1443800992229199,1790351467.566899,7566,idle,1449.7,,,0,0,0,0
1443801150254570,1790351467.724923,7724,idle,2522.9,,,0,0,0,0
1443801308617292,1790351467.883286,7883,idle,5187.5,,,0,0,0,0
1443801460793233,1790351468.035463,8035,idle,826.3,,,0,0,0,0
1443801618171709,1790351468.192841,8192,idle,1616.9,,,0,0,0,0
1443801772109289,1790351468.346778,8346,idle,3224.8,,,0,0,0,0
1443801929052116,1790351468.503722,8503,idle,1422.3,,,0,0,0,0
1443802082183951,1790351468.656854,8656,idle,836.7,,,0,0,0,0
1443802239163005,1790351468.813833,8813,idle,871.2,,,0,0,0,0
1443802393389956,1790351468.968058,8968,idle,3161.3,,,0,0,0,0
1443802552028811,1790351469.126698,9126,idle,1849.3,,,0,0,0,0
1443802711650759,1790351469.286320,9286,idle,943.0,,,0,0,0,0
1443802862470033,1790351469.437140,9437,idle,1177.2,,,0,0,0,0
1443803019792006,1790351469.594462,9594,idle,1441.1,,,0,0,0,0
1443803172040256,1790351469.746710,9746,idle,842.1,,,0,0,0,0
1443803328836946,1790351469.903507,9903,idle,1003.4,,,0,0,0,0
1443803480579319,1790351470.055249,10055,idle,925.7,,,0,0,0,0
1443803637815425,1790351470.212485,10212,idle,2085.8,,,0,0,0,0
1443803791367843,1790351470.366036,10366,idle,3237.6,,,0,0,0,0
1443803949302477,1790351470.523972,10523,idle,1968.4,,,0,0,0,0
1443804100336226,1790351470.675006,10675,idle,823.6,,,0,0,0,0
1443804252374026,1790351470.827044,10827,idle,1427.8,,,0,0,0,0
1443804410265513,1790351470.984935,10984,idle,1330.6,,,0,0,0,0
1443804562710015,1790351471.137379,11137,idle,1702.5,,,0,0,0,0
1443804719559628,1790351471.294230,11294,idle,815.0,,,0,0,0,0
1443804872924593,1790351471.447594,11447,idle,2657.0,,,0,0,0,0
1443805030368379,1790351471.605036,11605,idle,14553.6,,,0,0,0,0
1443805185580224,1790351471.760249,11760,idle,2063.7,,,0,0,0,0
1443805336360601,1790351471.911030,11911,decode,8781.9,,,0,0,1,0
1443805487549460,1790351472.062219,12062,idle,747.4,,,0,0,0,0
1443805644326958,1790351472.218996,12218,idle,1818.1,,,0,0,0,0
1443805797609655,1790351472.372279,12372,idle,1694.4,,,0,0,0,0
1443805953163985,1790351472.527834,12527,idle,765.0,,,0,0,0,0
1443806110056751,1790351472.684726,12684,idle,1085.1,,,0,0,0,0
1443806262769938,1790351472.837439,12837,idle,2390.5,,,0,0,0,0
1443806421285715,1790351472.995955,12995,idle,1938.8,,,0,0,0,0
1443806574987198,1790351473.149656,13149,idle,2836.5,,,0,0,0,0
1443806732911497,1790351473.307581,13307,idle,2400.2,,,0,0,0,0
1443806884588590,1790351473.459258,13459,idle,1225.7,,,0,0,0,0
1443807042082493,1790351473.616752,13616,idle,878.0,,,0,0,0,0
1443807196099563,1790351473.770769,13770,idle,1713.5,,,0,0,0,0
1443807352082514,1790351473.926752,13926,idle,1371.2,,,0,0,0,0
1443807509064201,1790351474.083734,14083,idle,1152.4,,,0,0,0,0
1443807662260575,1790351474.236930,14236,idle,2014.2,,,0,0,0,0
1443807815302615,1790351474.389972,14389,decode,1222.5,,,0,0,1,0
1443807967342163,1790351474.542012,14542,idle,973.2,,,0,0,0,0
1443808124046800,1790351474.698716,14698,idle,1288.0,,,0,0,0,0
1443808276335684,1790351474.851005,14851,idle,1332.2,,,0,0,0,0
1443808433734142,1790351475.008403,8,idle,1521.6,,,0,0,0,0
1443808586303380,1790351475.160973,160,idle,747.2,,,0,0,0,0
1443808743331342,1790351475.318001,318,idle,800.9,,,0,0,0,0
1443808894959184,1790351475.469629,469,idle,888.6,,,0,0,0,0
1443809051019700,1790351475.625690,625,idle,2111.5,,,0,0,0,0
1443809302133892,1790351475.876804,876,tx,164478.7,,,1,0,0,1
1443809580620291,1790351476.155290,1155,tx,172438.8,,,1,0,0,1
1443809867673424,1790351476.442343,1442,tx,165247.5,,,1,0,0,1
1443810147940185,1790351476.722610,1722,tx,184269.0,,,1,0,0,1
1443810445721682,1790351477.020391,2020,tx,167338.9,,,1,0,0,1
1443810733995752,1790351477.308666,2308,tx,164503.8,,,1,0,0,1
1443811011558961,1790351477.586229,2586,tx,167966.5,,,1,0,0,1
1443811294091059,1790351477.868760,2868,tx,185815.4,,,1,0,0,1
1443811594731743,1790351478.169401,3169,tx,170747.3,,,1,0,0,1
1443811880572134,1790351478.455241,3455,tx,165943.8,,,1,0,0,1
1443812166819395,1790351478.741489,3741,tx,166453.9,,,1,0,0,1
1443812447159275,1790351479.021829,4021,tx,187153.9,,,1,0,0,1
1443812747698531,1790351479.322368,4322,tx,165591.7,,,1,0,0,1
1443813026745764,1790351479.601415,4601,tx,168944.4,,,1,0,0,1
1443813310070492,1790351479.884740,4884,tx,166243.5,,,1,0,0,1
1443813590125163,1790351480.164794,5164,tx,189843.6,,,1,0,0,1
1443813894047002,1790351480.468715,5468,tx,164299.0,,,1,0,0,1
1443814172034747,1790351480.746704,5746,tx,167850.7,,,1,0,0,1
1443814452986651,1790351481.027657,6027,tx,166529.9,,,1,0,0,1
1443814743349513,1790351481.318020,6318,tx,189227.8,,,1,0,0,1
1443815044882066,1790351481.619552,6619,tx,165819.3,,,1,0,0,1
1443815325919826,1790351481.900589,6900,tx,165717.1,,,1,0,0,1
1443815605294336,1790351482.179964,7179,tx,167011.3,,,1,0,0,1
1443815884770462,1790351482.459440,7459,tx,184546.9,,,1,0,0,1
1443816190125692,1790351482.764795,7764,tx,167434.3,,,1,0,0,1
1443816470148539,1790351483.044818,8044,tx,164911.0,,,1,0,0,1
1443816747577531,1790351483.322248,8322,tx,165230.9,,,1,0,0,1
1443817025278273,1790351483.599948,8599,tx,188591.6,,,1,0,0,1
1443817325712793,1790351483.900383,8900,tx,164833.4,,,1,0,0,1
1443817606388819,1790351484.181059,9181,tx,175187.4,,,1,0,0,1
1443817893786698,1790351484.468457,9468,tx,163687.4,,,1,0,0,1
1443818170167573,1790351484.744837,9744,tx,187954.0,,,1,0,0,1
1443818472386846,1790351485.047056,10047,tx,167890.3,,,1,0,0,1
1443818759335395,1790351485.334006,10334,tx,166008.7,,,1,0,0,1
1443819038986581,1790351485.613656,10613,tx,168831.8,,,1,0,0,1
1443819319348158,1790351485.894018,10894,tx,191810.6,,,1,0,0,1
1443819620737054,1790351486.195406,11195,tx,166872.9,,,1,0,0,1
1443819901963735,1790351486.476633,11476,tx,166249.0,,,1,0,0,1
1443820190678112,1790351486.765347,11765,tx,168223.0,,,1,0,0,1
1443820472389411,1790351487.047058,12047,tx,186235.4,,,1,0,0,1
1443820772667806,1790351487.347337,12347,tx,168486.7,,,1,0,0,1
1443821052117915,1790351487.626788,12626,tx,167405.5,,,1,0,0,1
1443821330773761,1790351487.905444,12905,tx,164579.0,,,1,0,0,1
1443821609355282,1790351488.184024,13184,tx,194041.1,,,1,0,0,1
1443821916417161,1790351488.491086,13491,tx,165730.6,,185738.6,1,0,0,1
1443822194518019,1790351488.769188,13769,idle,164005.5,,,0,0,0,0
1443822362637532,1790351488.937307,13937,idle,5892.2,,,0,0,0,0
1443822513112698,1790351489.087781,14087,idle,4380.1,,,0,0,0,0
1443822665611337,1790351489.240281,14240,idle,783.5,,,0,0,0,0
1443822824474109,1790351489.399143,14399,idle,2694.6,,,0,0,0,0
1443822977103082,1790351489.551772,14551,idle,1956.0,,,0,0,0,0
1443823135296944,1790351489.709966,14709,idle,3336.6,,,0,0,0,0
1443823287409498,1790351489.862079,14862,idle,1099.9,,,0,0,0,0
1443823444350176,1790351490.019019,19,idle,2278.1,,,0,0,0,0
1443823597695740,1790351490.172365,172,idle,3439.8,,,0,0,0,0
1443823753324781,1790351490.327994,327,idle,2302.6,,,0,0,0,0
1443823912073837,1790351490.486743,486,idle,1244.8,,,0,0,0,0
1443824064297208,1790351490.638966,638,idle,1502.5,,,0,0,0,0
1443824223186729,1790351490.797855,797,idle,3907.8,,,0,0,0,0
1443824377248266,1790351490.951916,951,idle,3981.8,,,0,0,0,0
1443824530248447,1790351491.104917,1104,idle,4636.2,,,0,0,0,0
1443824684054463,1790351491.258724,1258,idle,745.6,,,0,0,0,0
1443824842911696,1790351491.417581,1417,idle,2700.0,,,0,0,0,0
1443824996947878,1790351491.571617,1571,idle,2194.9,,,0,0,0,0
1443825153852185,1790351491.728521,1728,idle,11977.8,,,0,0,0,0
1443825310280683,1790351491.884951,1884,idle,1155.1,,,0,0,0,0
1443825463912042,1790351492.038580,2038,idle,3933.0,,,0,0,0,0
1443825622637400,1790351492.197306,2197,idle,3557.0,,,0,0,0,0
1443825775427957,1790351492.350097,2350,idle,2439.3,,,0,0,0,0
1443825932571529,1790351492.507241,2507,idle,773.2,,,0,0,0,0
1443826084087607,1790351492.658757,2658,idle,1115.8,,,0,0,0,0
1443826242453441,1790351492.817122,2817,idle,2828.9,,,0,0,0,0
1443826397229308,1790351492.971898,2971,idle,4022.1,,,0,0,0,0
1443826556947566,1790351493.131617,3131,idle,1390.5,,,0,0,0,0
1443826713601494,1790351493.288271,3288,idle,1749.9,,,0,0,0,0
1443826866571078,1790351493.441240,3441,idle,2452.1,,,0,0,0,0
1443827018306062,1790351493.592975,3592,idle,2367.5,,,0,0,0,0
1443827172842106,1790351493.747511,3747,idle,5234.3,,,0,0,0,0
1443827329114243,1790351493.903784,3903,idle,1347.7,,,0,0,0,0
1443827484145694,1790351494.058815,4058,idle,1148.8,,,0,0,0,0
1443827642888279,1790351494.217557,4217,idle,2077.8,,,0,0,0,0
1443827796099094,1790351494.370768,4370,idle,1850.1,,,0,0,0,0
1443827953039438,1790351494.527709,4527,idle,871.9,,,0,0,0,0
1443828110477767,1790351494.685146,4685,idle,3232.0,,,0,0,0,0
1443828262416108,1790351494.837085,4837,idle,3530.9,,,0,0,0,0
1443828417172292,1790351494.991842,4991,idle,1076.1,,,0,0,0,0
1443828570595383,1790351495.145265,5145,idle,1311.0,,,0,0,0,0
1443828727275707,1790351495.301946,5301,idle,949.9,,,0,0,0,0
1443828881348429,1790351495.456017,5456,idle,2689.3,,,0,0,0,0
1443829038142586,1790351495.612812,5612,idle,776.0,,,0,0,0,0
1443829189773896,1790351495.764443,5764,idle,1771.0,,,0,0,0,0
1443829347153412,1790351495.921824,5921,idle,1116.8,,,0,0,0,0
1443829500720746,1790351496.075389,6075,idle,15998.3,,,0,0,0,0
1443829654936705,1790351496.229607,6229,idle,1148.1,,,0,0,0,0
1443829807268814,1790351496.381938,6381,idle,3562.5,,,0,0,0,0
1443829959244835,1790351496.533915,6533,idle,1057.9,,,0,0,0,0
1443830118569193,1790351496.693238,6693,idle,3052.8,,,0,0,0,0
1443830272678144,1790351496.847347,6847,idle,2642.2,,,0,0,0,0
1443830431310702,1790351497.005979,7005,idle,3195.1,,,0,0,0,0
1443830584333894,1790351497.159004,7159,idle,893.2,,,0,0,0,0
1443830741174198,1790351497.315843,7315,idle,2395.3,,,0,0,0,0
1443830894912054,1790351497.469580,7469,idle,3549.8,,,0,0,0,0
1443831045784088,1790351497.620453,7620,idle,2417.4,,,0,0,0,0
1443831197800422,1790351497.772470,7772,idle,807.5,,,0,0,0,0
1443831352369900,1790351497.927037,7927,idle,3809.5,,,0,0,0,0
1443831511628694,1790351498.086297,8086,idle,17572.7,,,0,0,0,0
1443831668443325,1790351498.243111,8243,idle,3486.5,,,0,0,0,0
1443831827056151,1790351498.401724,8401,idle,1249.9,,,0,0,0,0
1443831979345866,1790351498.554016,8554,idle,891.3,,,0,0,0,0
1443832137969783,1790351498.712637,8712,idle,2577.9,,,0,0,0,0
1443832292026087,1790351498.866694,8866,idle,2614.4,,,0,0,0,0
1443832450671462,1790351499.025340,9025,idle,3120.8,,,0,0,0,0
1443832607591738,1790351499.182262,9182,idle,759.6,,,0,0,0,0
1443832760262225,1790351499.334931,9334,idle,2528.4,,,0,0,0,0
1443832919237538,1790351499.493906,9493,idle,2496.1,,,0,0,0,0
1443833072785316,1790351499.647455,9647,idle,2521.8,,,0,0,0,0
1443833229903007,1790351499.804572,9804,idle,1155.3,,,0,0,0,0
1443833383160694,1790351499.957830,9957,idle,1207.5,,,0,0,0,0
1443833541613483,1790351500.116282,10116,idle,3630.2,,,0,0,0,0
1443833695729633,1790351500.270399,10270,idle,3406.2,,,0,0,0,0
1443833851672591,1790351500.426343,10426,idle,1060.3,,,0,0,0,0
1443834011551063,1790351500.586220,10586,idle,4285.9,,,0,0,0,0
1443834165313610,1790351500.739983,10739,idle,3412.4,,,0,0,0,0
1443834324100852,1790351500.898770,10898,idle,2508.6,,,0,0,0,0
1443834477679858,1790351501.052349,11052,idle,951.7,,,0,0,0,0
1443834633499148,1790351501.208169,11208,idle,1054.4,,,0,0,0,0
1443834786286654,1790351501.360955,11360,idle,2496.9,,,0,0,0,0
1443834944979014,1790351501.519647,11519,idle,2491.8,,,0,0,0,0
1443835098429199,1790351501.673096,11673,idle,3702.2,,,0,0,0,0
1443835251068925,1790351501.825739,11825,decode,2193.8,,,0,0,1,0
1443835408754701,1790351501.983425,11983,decode,997.7,,,0,0,1,0
1443835559133302,1790351502.133802,12133,idle,2404.4,,,0,0,0,0
1443835717961434,1790351502.292630,12292,idle,2435.6,,,0,0,0,0
1443835870191750,1790351502.444861,12444,idle,1149.0,,,0,0,0,0
1443836028311518,1790351502.602980,12602,idle,3354.6,,,0,0,0,0
1443836179452881,1790351502.754123,12754,idle,863.6,,,0,0,0,0
1443836338474785,1790351502.913144,12913,idle,3096.3,,,0,0,0,0
1443836490602566,1790351503.065273,13065,idle,1069.3,,,0,0,0,0
1443836647058843,1790351503.221728,13221,idle,2190.0,,,0,0,0,0
1443836800924912,1790351503.375594,13375,idle,3396.9,,,0,0,0,0
1443836952495977,1790351503.527165,13527,decode,4202.1,,,0,0,1,0
1443837102546162,1790351503.677215,13677,idle,2214.4,,,0,0,0,0
1443837253274321,1790351503.827944,13827,idle,1898.7,,,0,0,0,0
1443837412405273,1790351503.987073,13987,idle,2426.5,,,0,0,0,0
1443837566188123,1790351504.140857,14140,idle,3652.0,,,0,0,0,0
1443837725400808,1790351504.300069,14300,idle,2557.9,,,0,0,0,0
1443837878269669,1790351504.452940,14452,decode,4293.1,,,0,0,1,0
1443838033174794,1790351504.607845,14607,idle,789.7,,,0,0,0,0
1443838186986253,1790351504.761655,14761,idle,3693.5,,,0,0,0,0
1443838345671558,1790351504.920341,14920,idle,3630.3,,,0,0,0,0
1443838498935635,1790351505.073605,73,idle,1192.1,,,0,0,0,0
1443838715215087,1790351505.289884,289,tx,168179.3,,,1,0,0,1
1443838995852242,1790351505.570522,570,tx,185574.1,,,1,0,0,1
1443839302441716,1790351505.877111,877,tx,168691.1,,,1,0,0,1
1443839585418110,1790351506.160087,1160,tx,167931.0,,,1,0,0,1
1443839865729804,1790351506.440400,1440,tx,166382.4,,,1,0,0,1
1443840146665989,1790351506.721335,1721,tx,189740.1,,,1,0,0,1
1443840448705065,1790351507.023375,2023,tx,166286.4,,,1,0,0,1
1443840736393180,1790351507.311063,2311,tx,167407.4,,,1,0,0,1
1443841018476965,1790351507.593146,2593,tx,167149.4,,,1,0,0,1
1443841299683678,1790351507.874353,2874,tx,189541.9,,,1,0,0,1
1443841603374011,1790351508.178043,3178,tx,168173.3,,,1,0,0,1
1443841884603274,1790351508.459273,3459,tx,167835.7,,,1,0,0,1
1443842173981257,1790351508.748650,3748,tx,168689.1,,,1,0,0,1
1443842455212823,1790351509.029883,4029,tx,186623.3,,,1,0,0,1
1443842756878467,1790351509.331547,4331,tx,167713.7,,,1,0,0,1
1443843037881864,1790351509.612551,4612,tx,166139.0,,,1,0,0,1
1443843316739315,1790351509.891409,4891,tx,164005.9,,,1,0,0,1
1443843594715009,1790351510.169384,5169,tx,191157.0,,,1,0,0,1
1443843899732295,1790351510.474401,5474,tx,168325.7,,,1,0,0,1
1443844182377325,1790351510.757046,5757,tx,166255.7,,,1,0,0,1
1443844460651887,1790351511.035322,6035,tx,167064.6,,,1,0,0,1
1443844748887995,1790351511.323558,6323,tx,187446.9,,,1,0,0,1
1443845048344279,1790351511.623014,6623,tx,165766.3,,,1,0,0,1
1443845327408251,1790351511.902077,6902,tx,167993.1,,,1,0,0,1
1443845609931865,1790351512.184600,7184,tx,167711.0,,,1,0,0,1
1443845891209220,1790351512.465878,7465,tx,189456.4,,,1,0,0,1
1443846203172399,1790351512.777842,7777,tx,164486.1,,,1,0,0,1
1443846481405116,1790351513.056074,8056,tx,167361.2,,,1,0,0,1
1443846763219664,1790351513.337889,8337,tx,165648.0,,,1,0,0,1
1443847041081186,1790351513.615751,8615,tx,187681.9,,,1,0,0,1
1443847342722340,1790351513.917391,8917,tx,168905.4,,,1,0,0,1
1443847630976116,1790351514.205646,9205,tx,166903.9,,,1,0,0,1
1443847911175956,1790351514.485844,9485,tx,168535.7,,,1,0,0,1
1443848194269141,1790351514.768939,9768,tx,185612.4,,,1,0,0,1
1443848494139363,1790351515.068809,10068,tx,166960.0,,,1,0,0,1
1443848785261559,1790351515.359931,10359,tx,173638.6,,,1,0,0,1
1443849068995959,1790351515.643666,10643,tx,166623.5,,,1,0,0,1
1443849349391962,1790351515.924061,10924,tx,189246.4,,,1,0,0,1
1443849652718762,1790351516.227388,11227,tx,165464.4,,,1,0,0,1
1443849932461234,1790351516.507130,11507,tx,167014.0,,,1,0,0,1
1443850220576449,1790351516.795246,11795,tx,171490.8,,,1,0,0,1
1443850501759857,1790351517.076429,12076,tx,192118.6,,,1,0,0,1
1443850807589368,1790351517.382259,12382,tx,164758.4,,,1,0,0,1
1443851086972454,1790351517.661641,12661,tx,169385.2,,,1,0,0,1
1443851368961500,1790351517.943630,12943,tx,165967.7,,,1,0,0,1
1443851656109104,1790351518.230778,13230,tx,188220.4,,445360.2,1,0,0,1
1443851956930749,1790351518.531601,13531,tx,165000.5,,,0,0,0,0
1443852236765864,1790351518.811435,13811,idle,166673.8,,,0,0,0,0
1443852405903987,1790351518.980574,13980,idle,1767.3,,,0,0,0,0
1443852563089411,1790351519.137758,14137,idle,2797.4,,,0,0,0,0
1443852720927938,1790351519.295596,14295,idle,6013.0,,,0,0,0,0
1443852874137630,1790351519.448805,14448,idle,3048.9,,,0,0,0,0
1443853032368899,1790351519.607038,14607,idle,2256.3,,,0,0,0,0
1443853185479297,1790351519.760148,14760,idle,1514.6,,,0,0,0,0
1443853343640583,1790351519.918309,14918,idle,2857.7,,,0,0,0,0
1443853497878929,1790351520.072548,72,idle,17517.1,,,0,0,0,0
1443853657603856,1790351520.232273,232,idle,3494.3,,,0,0,0,0
1443853815770398,1790351520.390440,390,idle,1658.9,,,0,0,0,0
1443853970184214,1790351520.544853,544,idle,1452.8,,,0,0,0,0
1443854127144700,1790351520.701813,701,idle,2599.1,,,0,0,0,0
1443854280340356,1790351520.855009,855,idle,6239.6,,,0,0,0,0
1443854431534723,1790351521.006204,1006,idle,3616.0,,,0,0,0,0
1443854584120840,1790351521.158789,1158,idle,3795.3,,,0,0,0,0
1443854741578924,1790351521.316249,1316,idle,1043.7,,,0,0,0,0
1443854893639008,1790351521.468308,1468,idle,1002.4,,,0,0,0,0
1443855051611317,1790351521.626281,1626,idle,1004.3,,,0,0,0,0
1443855211401941,1790351521.786072,1786,idle,1831.2,,,0,0,0,0
1443855364200381,1790351521.938870,1938,idle,1049.0,,,0,0,0,0
1443855521444817,1790351522.096114,2096,idle,1802.0,,,0,0,0,0
1443855675527999,1790351522.250196,2250,idle,2696.5,,,0,0,0,0
1443855832936735,1790351522.407606,2407,idle,1871.0,,,0,0,0,0
1443855986023222,1790351522.560690,2560,idle,3478.0,,,0,0,0,0
1443856143145400,1790351522.717814,2717,idle,2557.0,,,0,0,0,0
1443856296194353,1790351522.870864,2870,idle,1797.0,,,0,0,0,0
1443856452471155,1790351523.027140,3027,idle,3124.3,,,0,0,0,0
1443856606595449,1790351523.181264,3181,idle,2218.2,,,0,0,0,0
1443856759323159,1790351523.333993,3333,idle,955.2,,,0,0,0,0
1443856917722581,1790351523.492391,3492,idle,2985.1,,,0,0,0,0
1443857070056442,1790351523.644726,3644,idle,878.9,,,0,0,0,0
1443857228699179,1790351523.803368,3803,idle,3734.8,,,0,0,0,0
1443857380790336,1790351523.955460,3955,idle,1803.8,,,0,0,0,0
1443857538186870,1790351524.112856,4112,idle,2480.2,,,0,0,0,0
1443857692139735,1790351524.266808,4266,idle,9203.3,,,0,0,0,0
1443857852161289,1790351524.426831,4426,idle,831.7,,,0,0,0,0
1443858011393466,1790351524.586063,4586,idle,1883.6,,,0,0,0,0
1443858164428864,1790351524.739097,4739,idle,2959.4,,,0,0,0,0
1443858317171512,1790351524.891841,4891,idle,1228.5,,,0,0,0,0
1443858470700475,1790351525.045370,5045,idle,3445.7,,,0,0,0,0
1443858630156684,1790351525.204826,5204,idle,1231.1,,,0,0,0,0
1443858781919599,1790351525.356590,5356,idle,860.1,,,0,0,0,0
1443858940406706,1790351525.515074,5515,idle,2305.7,,,0,0,0,0
1443859091882077,1790351525.666552,5666,idle,813.1,,,0,0,0,0
1443859250677790,1790351525.825346,5825,idle,3124.7,,,0,0,0,0
1443859407766905,1790351525.982436,5982,idle,801.0,,,0,0,0,0
1443859566787855,1790351526.141456,6141,idle,2323.1,,,0,0,0,0
1443859725696740,1790351526.300366,6300,idle,2546.7,,,0,0,0,0
1443859879881034,1790351526.454550,6454,idle,2445.1,,,0,0,0,0
1443860036835194,1790351526.611505,6611,idle,1137.2,,,0,0,0,0
1443860188487478,1790351526.763156,6763,idle,3474.0,,,0,0,0,0
1443860341394773,1790351526.916064,6916,idle,3453.3,,,0,0,0,0
1443860494516850,1790351527.069185,7069,idle,2390.2,,,0,0,0,0
1443860649391180,1790351527.224061,7224,idle,4386.3,,,0,0,0,0
1443860799808766,1790351527.374478,7374,idle,3051.8,,,0,0,0,0
1443860952810684,1790351527.527480,7527,idle,2670.8,,,0,0,0,0
1443861112389812,1790351527.687059,7687,idle,3346.4,,,0,0,0,0
1443861265146597,1790351527.839815,7839,idle,3510.6,,,0,0,0,0
1443861422280139,1790351527.996950,7996,idle,753.8,,,0,0,0,0
1443861574365880,1790351528.149035,8149,idle,1656.5,,,0,0,0,0
1443861733099228,1790351528.307768,8307,idle,2548.3,,,0,0,0,0
1443861887274129,1790351528.461943,8461,idle,2474.3,,,0,0,0,0
1443862046432550,1790351528.621101,8621,idle,878.9,,,0,0,0,0
1443862200195775,1790351528.774864,8774,idle,2663.6,,,0,0,0,0
1443862354118381,1790351528.928787,8928,idle,2726.9,,,0,0,0,0
1443862511318379,1790351529.085988,9085,idle,1703.3,,,0,0,0,0
1443862667117167,1790351529.241787,9241,idle,808.0,,,0,0,0,0
1443862824057194,1790351529.398726,9398,idle,2426.8,,,0,0,0,0
1443862977939561,1790351529.552606,9552,idle,2452.9,,,0,0,0,0
1443863136562209,1790351529.711231,9711,idle,2594.0,,,0,0,0,0
1443863290412725,1790351529.865082,9865,idle,997.2,,,0,0,0,0
1443863447228865,1790351530.021898,10021,idle,1075.5,,,0,0,0,0
1443863601136202,1790351530.175805,10175,idle,2445.6,,,0,0,0,0
1443863755288671,1790351530.329958,10329,idle,2397.9,,,0,0,0,0
1443863914154000,1790351530.488823,10488,idle,3471.8,,,0,0,0,0
1443864065530271,1790351530.640200,10640,idle,784.9,,,0,0,0,0
1443864224106613,1790351530.798775,10798,idle,3413.6,,,0,0,0,0
1443864377889291,1790351530.952558,10952,idle,2496.2,,,0,0,0,0
1443864536975412,1790351531.111645,11111,idle,2547.3,,,0,0,0,0
1443864688904318,1790351531.263574,11263,idle,964.4,,,0,0,0,0
1443864847470090,1790351531.422139,11422,idle,2463.1,,,0,0,0,0
1443865000718982,1790351531.575385,11575,idle,32479.4,,,0,0,0,0
1443865155168855,1790351531.729838,11729,idle,3537.9,,,0,0,0,0
1443865310033296,1790351531.884703,11884,decode,8939.7,,,0,0,1,0
1443865460323169,1790351532.034993,12034,decode,4764.0,,,0,0,1,0
1443865619790417,1790351532.194460,12194,idle,1818.0,,,0,0,0,0
1443865773041806,1790351532.347711,12347,idle,2986.3,,,0,0,0,0
1443865931280760,1790351532.505949,12505,idle,3446.0,,,0,0,0,0
1443866082661309,1790351532.657331,12657,idle,877.2,,,0,0,0,0
1443866240359783,1790351532.815029,12815,idle,3706.9,,,0,0,0,0
1443866393380235,1790351532.968050,12968,idle,3753.3,,,0,0,0,0
1443866546046308,1790351533.120714,13120,idle,4122.1,,,0,0,0,0
1443866700866050,1790351533.275535,13275,idle,1686.9,,,0,0,0,0
1443866852855962,1790351533.427526,13427,idle,742.9,,,0,0,0,0
1443867011206988,1790351533.585877,13585,decode,1977.9,,,0,0,1,0
1443867165673022,1790351533.740342,13740,idle,2469.0,,,0,0,0,0
1443867324933900,1790351533.899602,13899,idle,2398.3,,,0,0,0,0
1443867476915411,1790351534.051585,14051,idle,804.9,,,0,0,0,0
1443867636930775,1790351534.211600,14211,idle,2352.1,,,0,0,0,0
1443867790770072,1790351534.365438,14365,idle,2429.9,,,0,0,0,0
1443867947800059,1790351534.522470,14522,decode,874.5,,,0,0,1,0
1443868099863337,1790351534.674533,14674,idle,852.2,,,0,0,0,0
1443868253469650,1790351534.828139,14828,idle,3506.1,,,0,0,0,0
1443868409420208,1790351534.984089,14984,idle,5431.3,,,0,0,0,0
1443868568724144,1790351535.143394,143,tx,238855.1,,,1,0,0,1
1443868922522428,1790351535.497191,497,tx,189673.1,,,1,0,0,1
1443869233786915,1790351535.808456,808,tx,166061.6,,,1,0,0,1
1443869514724966,1790351536.089394,1089,tx,174366.9,,,1,0,0,1
1443869801876449,1790351536.376546,1376,tx,166504.1,,,1,0,0,1
1443870082605855,1790351536.657274,1657,tx,192812.4,,,1,0,0,1
1443870390970930,1790351536.965640,1965,tx,175396.6,,,1,0,0,1
1443870687591827,1790351537.262261,2262,tx,168208.4,,,1,0,0,1
1443870968534808,1790351537.543205,2543,tx,167229.1,,,1,0,0,1
1443871251493387,1790351537.826162,2826,tx,188421.4,,,1,0,0,1
1443871554880442,1790351538.129550,3129,tx,170302.1,,,1,0,0,1
1443871838879048,1790351538.413548,3413,tx,165199.6,,,1,0,0,1
1443872125772100,1790351538.700441,3700,tx,168338.4,,,1,0,0,1
1443872407509446,1790351538.982178,3982,tx,186200.0,,,1,0,0,1
1443872706806734,1790351539.281477,4281,tx,166443.3,,,1,0,0,1
1443872986795084,1790351539.561465,4561,tx,166279.7,,,1,0,0,1
1443873273585706,1790351539.848256,4848,tx,167123.9,,,1,0,0,1
1443873554859705,1790351540.129529,5129,tx,192221.5,,,1,0,0,1
1443873860940278,1790351540.435609,5435,tx,166040.2,,,1,0,0,1
1443874140642333,1790351540.715312,5715,tx,165353.5,,,1,0,0,1
1443874420317156,1790351540.994986,5994,tx,165911.2,,,1,0,0,1
1443874706491781,1790351541.281162,6281,tx,187853.1,,,1,0,0,1
1443875007337200,1790351541.582006,6582,tx,168574.9,,,1,0,0,1
1443875287921951,1790351541.862592,6862,tx,165207.0,,,1,0,0,1
1443875567114823,1790351542.141783,7141,tx,172002.6,,,1,0,0,1
1443875852766028,1790351542.427435,7427,tx,186009.1,,,1,0,0,1
1443876158924526,1790351542.733594,7733,tx,164101.1,,,1,0,0,1
1443876435476659,1790351543.010147,8010,tx,164012.3,,,1,0,0,1
1443876712325307,1790351543.286995,8286,tx,164629.0,,,1,0,0,1
1443876989375101,1790351543.564045,8564,tx,184414.0,,,1,0,0,1
1443877293355333,1790351543.868025,8868,tx,163724.0,,,1,0,0,1
1443877569741256,1790351544.144411,9144,tx,165900.4,,,1,0,0,1
1443877848183644,1790351544.422853,9422,tx,164366.5,,,1,0,0,1
1443878125620456,1790351544.700290,9700,tx,184313.2,,,1,0,0,1
1443878422513669,1790351544.997183,9997,tx,164390.9,,,1,0,0,1
1443878706993357,1790351545.281663,10281,tx,164220.3,,,1,0,0,1
1443878984203214,1790351545.558873,10558,tx,164506.2,,,1,0,0,1
1443879261231273,1790351545.835901,10835,tx,184162.8,,,1,0,0,1
1443879558259405,1790351546.132929,11132,tx,165184.0,,,1,0,0,1
1443879836860183,1790351546.411530,11411,tx,164310.4,,,1,0,0,1
1443880121058069,1790351546.695728,11695,tx,164568.8,,,1,0,0,1
1443880398332945,1790351546.973003,11973,tx,184140.7,,,1,0,0,1
1443880695709919,1790351547.270380,12270,tx,164397.4,,,1,0,0,1
1443880973523300,1790351547.548193,12548,tx,164774.5,,,1,0,0,1
1443881258991153,1790351547.833661,12833,tx,165299.7,,,1,0,0,1
1443881536744524,1790351548.111414,13111,tx,185248.5,,,1,0,0,1
1443881834389331,1790351548.409059,13409,tx,164812.0,,267726.5,1,0,0,1
1443882112754586,1790351548.687424,13687,idle,168482.8,,,0,0,0,0
1443882393092604,1790351548.967762,13967,idle,163889.0,,,0,0,0,0
1443882661289963,1790351549.235960,14235,idle,1416.4,,,0,0,0,0
1443882818961860,1790351549.393631,14393,idle,1628.3,,,0,0,0,0
1443882971021297,1790351549.545691,14545,idle,1125.9,,,0,0,0,0
1443883128043311,1790351549.702713,14702,idle,727.5,,,0,0,0,0
1443883279778589,1790351549.854448,14854,idle,1291.7,,,0,0,0,0
1443883437056625,1790351550.011726,11,idle,1338.4,,,0,0,0,0
1443883589322708,1790351550.163993,163,idle,1633.4,,,0,0,0,0
1443883746232729,1790351550.320901,320,idle,3491.9,,,0,0,0,0
1443883898285685,1790351550.472955,472,idle,2462.5,,,0,0,0,0
1443884055375565,1790351550.630044,630,idle,2733.2,,,0,0,0,0
1443884214030906,1790351550.788699,788,idle,3521.9,,,0,0,0,0
1443884366767270,1790351550.941437,941,idle,940.6,,,0,0,0,0
1443884522106665,1790351551.096775,1096,idle,3507.2,,,0,0,0,0
1443884676193353,1790351551.250862,1250,idle,3441.9,,,0,0,0,0
1443884835079970,1790351551.409750,1409,idle,1045.2,,,0,0,0,0
1443884986830310,1790351551.561500,1561,idle,1157.9,,,0,0,0,0
1443885145618135,1790351551.720287,1720,idle,2304.7,,,0,0,0,0
1443885299176153,1790351551.873845,1873,idle,2299.0,,,0,0,0,0
1443885452256196,1790351552.026926,2026,idle,771.2,,,0,0,0,0
1443885608697728,1790351552.183367,2183,idle,952.0,,,0,0,0,0
1443885759589692,1790351552.334259,2334,idle,1454.4,,,0,0,0,0
1443885918154148,1790351552.492823,2492,idle,2431.7,,,0,0,0,0
1443886072206610,1790351552.646876,2646,idle,2550.2,,,0,0,0,0
1443886231513088,1790351552.806182,2806,idle,1411.4,,,0,0,0,0
1443886382225192,1790351552.956895,2956,idle,1190.9,,,0,0,0,0
1443886540524990,1790351553.115195,3115,idle,1216.9,,,0,0,0,0
1443886692694806,1790351553.267364,3267,idle,2434.1,,,0,0,0,0
1443886851330752,1790351553.426000,3425,idle,1856.1,,,0,0,0,0
1443887008087231,1790351553.582757,3582,idle,33227.1,,,0,0,0,0
1443887164245012,1790351553.738914,3738,idle,3796.6,,,0,0,0,0
1443887323391625,1790351553.898061,3898,idle,3440.2,,,0,0,0,0
1443887476460316,1790351554.051129,4051,idle,3071.5,,,0,0,0,0
1443887631371612,1790351554.206041,4206,idle,1196.3,,,0,0,0,0
1443887783804932,1790351554.358474,4358,idle,3449.6,,,0,0,0,0
1443887942536449,1790351554.517205,4517,idle,3528.5,,,0,0,0,0
1443888095307631,1790351554.669976,4669,idle,3568.2,,,0,0,0,0
1443888249040509,1790351554.823710,4823,idle,1139.4,,,0,0,0,0
1443888401338483,1790351554.976007,4976,idle,2560.9,,,0,0,0,0
1443888555265134,1790351555.129934,5129,idle,2241.4,,,0,0,0,0
1443888713657196,1790351555.288327,5288,idle,2303.6,,,0,0,0,0
1443888867288665,1790351555.441958,5441,idle,1197.7,,,0,0,0,0
1443889024122547,1790351555.598792,5598,idle,1055.5,,,0,0,0,0
1443889177697717,1790351555.752367,5752,idle,2360.2,,,0,0,0,0
1443889336509360,1790351555.911178,5911,idle,2278.0,,,0,0,0,0
1443889489412441,1790351556.064081,6064,idle,2480.2,,,0,0,0,0
1443889646203041,1790351556.220873,6220,idle,783.4,,,0,0,0,0
1443889800043761,1790351556.374712,6374,idle,2569.1,,,0,0,0,0
1443889953702132,1790351556.528372,6528,idle,2122.7,,,0,0,0,0
1443890112564772,1790351556.687233,6687,idle,2543.9,,,0,0,0,0
1443890264629603,1790351556.839300,6839,idle,781.9,,,0,0,0,0
1443890422166969,1790351556.996835,6996,idle,2349.0,,,0,0,0,0
1443890576414988,1790351557.151083,7151,idle,2536.8,,,0,0,0,0
1443890735134381,1790351557.309803,7309,idle,2544.1,,,0,0,0,0
1443890889279180,1790351557.463949,7463,idle,1060.3,,,0,0,0,0
1443891046143729,1790351557.620813,7620,idle,2431.2,,,0,0,0,0
1443891199927265,1790351557.774595,7774,idle,3592.9,,,0,0,0,0
1443891353550173,1790351557.928219,7928,idle,3486.2,,,0,0,0,0
1443891506095779,1790351558.080764,8080,idle,36601.0,,,0,0,0,0
1443891662823291,1790351558.237493,8237,idle,1850.3,,,0,0,0,0
1443891821510094,1790351558.396179,8396,idle,2420.9,,,0,0,0,0
1443891974264492,1790351558.548934,8548,idle,1427.3,,,0,0,0,0
1443892133248990,1790351558.707918,8707,idle,2485.8,,,0,0,0,0
1443892285134027,1790351558.859804,8859,idle,775.4,,,0,0,0,0
1443892443526264,1790351559.018195,9018,idle,2781.2,,,0,0,0,0
1443892595187557,1790351559.169856,9169,idle,4419.7,,,0,0,0,0
1443892754256753,1790351559.328924,9328,idle,2588.5,,,0,0,0,0
1443892912392407,1790351559.487062,9487,idle,1077.6,,,0,0,0,0
1443893065151357,1790351559.639820,9639,idle,3010.6,,,0,0,0,0
1443893224129903,1790351559.798799,9798,idle,3490.9,,,0,0,0,0
1443893377839965,1790351559.952510,9952,idle,998.7,,,0,0,0,0
1443893536238381,1790351560.110908,10110,idle,906.2,,,0,0,0,0
1443893688208961,1790351560.262879,10262,idle,985.7,,,0,0,0,0
1443893846794354,1790351560.421463,10421,idle,2860.3,,,0,0,0,0
1443894000518867,1790351560.575188,10575,idle,2782.2,,,0,0,0,0
1443894153943874,1790351560.728611,10728,idle,3815.1,,,0,0,0,0
1443894311373589,1790351560.886043,10886,idle,1288.2,,,0,0,0,0
1443894464418078,1790351561.039087,11039,idle,2642.1,,,0,0,0,0
1443894623327981,1790351561.197997,11197,idle,2573.7,,,0,0,0,0
1443894776866188,1790351561.351535,11351,idle,2970.4,,,0,0,0,0
1443894933904075,1790351561.508574,11508,idle,801.6,,,0,0,0,0
1443895086424066,1790351561.661093,11661,idle,2715.2,,,0,0,0,0
1443895241822443,1790351561.816492,11816,idle,3455.1,,,0,0,0,0
1443895399036122,1790351561.973706,11973,decode,799.9,,,0,0,1,0
1443895552870331,1790351562.127540,12127,idle,745.9,,,0,0,0,0
1443895709509198,1790351562.284178,12284,idle,2287.9,,,0,0,0,0
1443895862153657,1790351562.436822,12436,idle,2372.0,,,0,0,0,0
1443896019510219,1790351562.594179,12594,idle,26272.8,,,0,0,0,0
1443896176387327,1790351562.751057,12751,idle,1372.3,,,0,0,0,0
1443896333178351,1790351562.907848,12907,idle,935.8,,,0,0,0,0
1443896487455704,1790351563.062124,13062,idle,2455.1,,,0,0,0,0
1443896645731822,1790351563.220402,13220,idle,774.7,,,0,0,0,0
1443896798251236,1790351563.372920,13372,idle,2597.5,,,0,0,0,0
1443896951224169,1790351563.525894,13525,decode,2322.0,,,0,0,1,0
1443897109608487,1790351563.684278,13684,idle,2524.6,,,0,0,0,0
1443897263553719,1790351563.838223,13838,idle,2541.0,,,0,0,0,0
1443897418746679,1790351563.993415,13993,idle,2301.1,,,0,0,0,0
1443897572732215,1790351564.147402,14147,idle,842.2,,,0,0,0,0
1443897731348806,1790351564.306014,14306,idle,2541.1,,,0,0,0,0
1443897889116664,1790351564.463787,14463,decode,797.4,,,0,0,1,0
1443898046254258,1790351564.620922,14620,idle,2424.3,,,0,0,0,0
1443898199564332,1790351564.774234,14774,idle,2129.6,,,0,0,0,0
1443898351992607,1790351564.926662,14926,idle,1019.1,,,0,0,0,0
1443898510510857,1790351565.085179,85,idle,329621.9,,,0,0,0,1
1443898952798595,1790351565.527468,527,tx,166389.9,,,1,0,0,1
1443899241826511,1790351565.816495,816,tx,168110.2,,,1,0,0,1
1443899522684787,1790351566.097354,1097,tx,186428.2,,,1,0,0,1
1443899823858576,1790351566.398528,1398,tx,166386.5,,,1,0,0,1
1443900104161439,1790351566.678831,1678,tx,168704.1,,,1,0,0,1
1443900386969411,1790351566.961639,1961,tx,169406.3,,,1,0,0,1
1443900679316383,1790351567.253986,2253,tx,186004.6,,,1,0,0,1
1443900979079685,1790351567.553749,2553,tx,166021.5,,,1,0,0,1
1443901260407060,1790351567.835076,2835,tx,169470.2,,,1,0,0,1
1443901541570712,1790351568.116241,3116,tx,165883.9,,,1,0,0,1
1443901821643705,1790351568.396313,3396,tx,188461.8,,,1,0,0,1
1443902130965238,1790351568.705635,3705,tx,165202.1,,,1,0,0,1
1443902410150614,1790351568.984820,3984,tx,168489.6,,,1,0,0,1
1443902692893543,1790351569.267562,4267,tx,166545.6,,,1,0,0,1
1443902973230121,1790351569.547899,4547,tx,189971.4,,,1,0,0,1
1443903285666525,1790351569.860336,4860,tx,166521.4,,,1,0,0,1
1443903564315049,1790351570.138985,5138,tx,163509.9,,,1,0,0,1
1443903842146369,1790351570.416815,5416,tx,168649.1,,,1,0,0,1
1443904123512795,1790351570.698183,5698,tx,188509.7,,,1,0,0,1
1443904425964556,1790351571.000634,6000,tx,167568.7,,,1,0,0,1
1443904714821794,1790351571.289491,6289,tx,165717.6,,,1,0,0,1
1443904993624730,1790351571.568294,6568,tx,167529.1,,,1,0,0,1
1443905275191508,1790351571.849860,6849,tx,185586.9,,,1,0,0,1
1443905573631065,1790351572.148301,7148,tx,166878.6,,,1,0,0,1
1443905853984943,1790351572.428654,7428,tx,167928.9,,,1,0,0,1
1443906140576287,1790351572.715246,7715,tx,166410.2,,,1,0,0,1
1443906420889822,1790351572.995559,7995,tx,186544.4,,,1,0,0,1
1443906720652161,1790351573.295322,8295,tx,165997.0,,,1,0,0,1
1443907000182004,1790351573.574851,8574,tx,168521.6,,,1,0,0,1
1443907282901806,1790351573.857571,8857,tx,165690.6,,,1,0,0,1
1443907563500982,1790351574.138170,9138,tx,193440.9,,,1,0,0,1
1443907870489378,1790351574.445159,9445,tx,164448.3,,,1,0,0,1
1443908148540839,1790351574.723209,9723,tx,167621.2,,,1,0,0,1
1443908430197149,1790351575.004865,10004,tx,167883.1,,,1,0,0,1
1443908717324209,1790351575.291994,10291,tx,188217.8,,,1,0,0,1
1443909019084376,1790351575.593753,10593,tx,169206.9,,,1,0,0,1
1443909300505272,1790351575.875175,10875,tx,164421.7,,,1,0,0,1
1443909579041438,1790351576.153710,11153,tx,172458.3,,,1,0,0,1
1443909866436723,1790351576.441106,11441,tx,187020.1,,,1,0,0,1
1443910175475489,1790351576.750144,11750,tx,167089.8,,,1,0,0,1
1443910456407888,1790351577.031077,12031,tx,165035.3,,,1,0,0,1
1443910735534543,1790351577.310204,12310,tx,167422.5,,,1,0,0,1
1443911016518380,1790351577.591188,12591,tx,190454.1,,,1,0,0,1
1443911319709186,1790351577.894379,12894,tx,166290.6,,,1,0,0,1
1443911600198310,1790351578.174867,13174,tx,171815.8,,,1,0,0,1
1443911885445137,1790351578.460115,13460,tx,164984.6,,217904.4,1,0,0,1
1443912163439897,1790351578.738110,13738,idle,185506.5,,,0,0,0,0
1443912353102043,1790351578.927771,13927,idle,5328.0,,,0,0,0,0
1443912504289372,1790351579.078958,14078,idle,9344.0,,,0,0,0,0
1443912663072679,1790351579.237743,14237,idle,786.0,,,0,0,0,0
1443912821629825,1790351579.396298,14396,idle,2422.2,,,0,0,0,0
1443912975919270,1790351579.550588,14550,idle,2445.0,,,0,0,0,0
1443913134642251,1790351579.709311,14709,idle,2343.5,,,0,0,0,0
1443913288962621,1790351579.863632,14863,idle,950.7,,,0,0,0,0
1443913446485372,1790351580.021153,21,idle,2448.0,,,0,0,0,0
1443913599649252,1790351580.174318,174,idle,2742.6,,,0,0,0,0
1443913753866986,1790351580.328537,328,idle,1076.7,,,0,0,0,0
1443913912152762,1790351580.486823,486,idle,1087.6,,,0,0,0,0
1443914064408438,1790351580.639078,639,idle,1509.7,,,0,0,0,0
1443914222921742,1790351580.797591,797,idle,2677.9,,,0,0,0,0
1443914375612218,1790351580.950281,950,idle,2791.9,,,0,0,0,0
1443914534653157,1790351581.109323,1109,idle,1749.3,,,0,0,0,0
1443914686429698,1790351581.261100,1261,idle,791.3,,,0,0,0,0
1443914845029204,1790351581.419698,1419,idle,2500.6,,,0,0,0,0
1443914998824578,1790351581.573494,1573,idle,1724.6,,,0,0,0,0
1443915154102592,1790351581.728771,1728,idle,12164.4,,,0,0,0,0
1443915310233551,1790351581.884903,1884,idle,852.9,,,0,0,0,0
1443915463931632,1790351582.038600,2038,idle,2555.9,,,0,0,0,0
1443915623179264,1790351582.197848,2197,idle,3616.5,,,0,0,0,0
1443915777179541,1790351582.351848,2351,idle,2648.4,,,0,0,0,0
1443915934247207,1790351582.508917,2508,idle,1090.4,,,0,0,0,0
1443916085840230,1790351582.660510,2660,idle,747.8,,,0,0,0,0
1443916242986680,1790351582.817656,2817,idle,1008.8,,,0,0,0,0
1443916394952096,1790351582.969622,2969,idle,947.9,,,0,0,0,0
1443916552838966,1790351583.127509,3127,idle,816.0,,,0,0,0,0
1443916709328284,1790351583.283998,3283,idle,855.0,,,0,0,0,0
1443916861228891,1790351583.435899,3435,idle,770.9,,,0,0,0,0
1443917018032882,1790351583.592703,3592,idle,930.6,,,0,0,0,0
1443917169617805,1790351583.744287,3744,idle,1450.3,,,0,0,0,0
1443917320840764,1790351583.895511,3895,idle,1032.5,,,0,0,0,0
1443917472691642,1790351584.047362,4047,idle,1098.0,,,0,0,0,0
1443917629015562,1790351584.203685,4203,idle,1176.3,,,0,0,0,0
1443917780669494,1790351584.355339,4355,idle,868.6,,,0,0,0,0
1443917937456002,1790351584.512126,4512,idle,760.5,,,0,0,0,0
1443918089161303,1790351584.663830,4663,idle,811.0,,,0,0,0,0
1443918245688650,1790351584.820359,4820,idle,799.8,,,0,0,0,0
1443918396356156,1790351584.971026,4971,idle,1285.7,,,0,0,0,0
1443918553218671,1790351585.127889,5127,idle,1116.6,,,0,0,0,0
1443918709849443,1790351585.284519,5284,idle,838.4,,,0,0,0,0
1443918861576435,1790351585.436246,5436,idle,810.1,,,0,0,0,0
1443919018091332,1790351585.592761,5592,idle,851.7,,,0,0,0,0
1443919170138610,1790351585.744808,5744,idle,924.9,,,0,0,0,0
1443919326986928,1790351585.901657,5901,idle,1185.2,,,0,0,0,0
1443919478649984,1790351586.053319,6053,idle,774.6,,,0,0,0,0
1443919635248055,1790351586.209918,6209,idle,827.8,,,0,0,0,0
1443919786961662,1790351586.361631,6361,idle,884.9,,,0,0,0,0
1443919943594500,1790351586.518264,6518,idle,1125.7,,,0,0,0,0
1443920094438983,1790351586.669109,6669,idle,843.6,,,0,0,0,0
1443920251137042,1790351586.825807,6825,idle,876.2,,,0,0,0,0
1443920408221139,1790351586.982891,6982,idle,1319.6,,,0,0,0,0
1443920560043010,1790351587.134712,7134,idle,812.9,,,0,0,0,0
1443920716967855,1790351587.291637,7291,idle,1253.9,,,0,0,0,0
1443920868678322,1790351587.443348,7443,idle,791.5,,,0,0,0,0
1443921025399728,1790351587.600069,7600,idle,8158.4,,,0,0,0,0
1443921184490391,1790351587.759160,7759,idle,977.6,,,0,0,0,0
1443921341043022,1790351587.915713,7915,idle,1094.8,,,0,0,0,0
1443921492880234,1790351588.067550,8067,idle,1080.1,,,0,0,0,0
1443921649855961,1790351588.224525,8224,idle,766.8,,,0,0,0,0
1443921806592501,1790351588.381262,8381,idle,956.0,,,0,0,0,0
1443921958219092,1790351588.532889,8532,idle,1159.5,,,0,0,0,0
1443922114418183,1790351588.689088,8689,idle,1178.8,,,0,0,0,0
1443922266324776,1790351588.840995,8840,idle,1134.6,,,0,0,0,0
1443922423252503,1790351588.997922,8997,idle,1050.3,,,0,0,0,0
1443922573349025,1790351589.148019,9148,idle,962.0,,,0,0,0,0
1443922730239141,1790351589.304909,9304,idle,1037.5,,,0,0,0,0
1443922882033507,1790351589.456703,9456,idle,876.1,,,0,0,0,0
1443923038614739,1790351589.613285,9613,idle,1171.4,,,0,0,0,0
1443923189352779,1790351589.764022,9764,idle,807.2,,,0,0,0,0
1443923345962139,1790351589.920632,9920,idle,794.5,,,0,0,0,0
1443923497658856,1790351590.072329,10072,idle,798.1,,,0,0,0,0
1443923651868650,1790351590.226538,10226,idle,1035.7,,,0,0,0,0
1443923808447581,1790351590.383116,10383,idle,791.9,,,0,0,0,0
1443923960081589,1790351590.534751,10534,idle,806.2,,,0,0,0,0
1443924117517624,1790351590.692187,10692,idle,813.3,,,0,0,0,0
1443924269470552,1790351590.844140,10844,idle,1155.3,,,0,0,0,0
1443924426034001,1790351591.000704,11000,idle,763.5,,,0,0,0,0
1443924578021453,1790351591.152691,11152,idle,802.8,,,0,0,0,0
1443924734525555,1790351591.309195,11309,idle,786.6,,,0,0,0,0
1443924886150541,1790351591.460820,11460,idle,820.6,,,0,0,0,0
1443925042721682,1790351591.617391,11617,idle,820.8,,,0,0,0,0
1443925193379333,1790351591.768049,11768,idle,841.0,,,0,0,0,0
1443925344980584,1790351591.919651,11919,decode,3206.4,,,0,0,1,0
1443925498739552,1790351592.073409,12073,idle,1194.7,,,0,0,0,0
1443925649584199,1790351592.224254,12224,idle,795.9,,,0,0,0,0
1443925800507728,1790351592.375177,12375,idle,823.0,,,0,0,0,0
1443925951930683,1790351592.526600,12526,idle,770.0,,,0,0,0,0
1443926108742395,1790351592.683412,12683,idle,1090.4,,,0,0,0,0
1443926259767943,1790351592.834438,12834,idle,1101.2,,,0,0,0,0
1443926410330524,1790351592.985000,12985,idle,1082.1,,,0,0,0,0
1443926562201290,1790351593.136871,13136,idle,1108.7,,,0,0,0,0
1443926718718321,1790351593.293388,13293,idle,1122.1,,,0,0,0,0
1443926869538095,1790351593.444207,13444,idle,1319.7,,,0,0,0,0
1443927026890279,1790351593.601560,13601,decode,7675.1,,,0,0,1,0
1443927184967391,1790351593.759637,13759,idle,820.7,,,0,0,0,0
1443927341560382,1790351593.916230,13916,idle,801.8,,,0,0,0,0
1443927493245739,1790351594.067915,14067,idle,1069.6,,,0,0,0,0
1443927650402651,1790351594.225072,14225,idle,826.9,,,0,0,0,0
1443927802123492,1790351594.376793,14376,decode,6195.1,,,0,0,1,0
1443927958462206,1790351594.533132,14533,idle,1091.9,,,0,0,0,0
1443928114491356,1790351594.689161,14689,idle,916.2,,,0,0,0,0
1443928266328181,1790351594.840998,14840,idle,940.2,,,0,0,0,0
1443928422912403,1790351594.997582,14997,idle,809.7,,,0,0,0,0
1443928644797904,1790351595.219468,219,tx,165004.7,,,1,0,0,1
1443928921615731,1790351595.496285,496,tx,164187.0,,,1,0,0,1
1443929205813049,1790351595.780483,780,tx,163747.1,,,1,0,0,1
1443929481796794,1790351596.056467,1056,tx,184792.7,,,1,0,0,1
1443929779024617,1790351596.353695,1353,tx,163991.5,,,1,0,0,1
1443930056386498,1790351596.631056,1631,tx,164699.0,,,1,0,0,1
1443930333559206,1790351596.908229,1908,tx,164018.5,,,1,0,0,1
1443930610693810,1790351597.185363,2185,tx,190888.1,,,1,0,0,1
1443930913749545,1790351597.488420,2488,tx,164176.4,,,1,0,0,1
1443931190771190,1790351597.765441,2765,tx,164313.5,,,1,0,0,1
1443931467768592,1790351598.042439,3042,tx,163900.5,,,1,0,0,1
1443931751612834,1790351598.326283,3326,tx,184700.7,,,1,0,0,1
1443932048903927,1790351598.623574,3623,tx,164678.5,,,1,0,0,1
1443932326059610,1790351598.900730,3900,tx,164314.9,,,1,0,0,1
1443932603333329,1790351599.178003,4178,tx,166381.8,,,1,0,0,1
1443932882424804,1790351599.457094,4457,tx,185435.2,,,1,0,0,1
1443933188172721,1790351599.762843,4762,tx,164202.2,,,1,0,0,1
1443933464955912,1790351600.039626,5039,tx,164145.6,,,1,0,0,1
1443933742118892,1790351600.316788,5316,tx,164634.0,,,1,0,0,1
1443934019436399,1790351600.594106,5594,tx,185329.8,,,1,0,0,1
1443934318038643,1790351600.892709,5892,tx,164407.1,,,1,0,0,1
1443934594705053,1790351601.169375,6169,tx,171800.2,,,1,0,0,1
1443934879126172,1790351601.453796,6453,tx,164032.6,,,1,0,0,1
1443935155748833,1790351601.730419,6730,tx,185025.0,,,1,0,0,1
1443935453816406,1790351602.028486,7028,tx,163066.4,,,1,0,0,1
1443935737115182,1790351602.311785,7311,tx,163877.2,,,1,0,0,1
1443936016132565,1790351602.590802,7590,tx,165505.6,,,1,0,0,1
1443936294102470,1790351602.868773,7868,tx,183744.1,,,1,0,0,1
1443936590133395,1790351603.164803,8164,tx,166111.2,,,1,0,0,1
1443936868847840,1790351603.443518,8443,tx,164454.4,,,1,0,0,1
1443937153310738,1790351603.727981,8727,tx,164955.3,,,1,0,0,1
1443937430994667,1790351604.005665,9005,tx,184847.1,,,1,0,0,1
1443937729081492,1790351604.303751,9303,tx,165071.7,,,1,0,0,1
1443938006247301,1790351604.580917,9580,tx,165308.5,,,1,0,0,1
1443938284240492,1790351604.858910,9858,tx,165055.5,,,1,0,0,1
1443938561771187,1790351605.136441,10136,tx,192642.3,,,1,0,0,1
1443938866974848,1790351605.441644,10441,tx,164359.2,,,1,0,0,1
1443939144276607,1790351605.718946,10718,tx,165359.3,,,1,0,0,1
1443939422224656,1790351605.996894,10996,tx,163868.7,,,1,0,0,1
1443939706359667,1790351606.281030,11281,tx,184997.1,,,1,0,0,1
1443940004400590,1790351606.579071,11579,tx,165261.7,,,1,0,0,1
1443940282257594,1790351606.856927,11856,tx,164279.8,,,1,0,0,1
1443940560119502,1790351607.134789,12134,tx,166547.0,,,1,0,0,1
1443940838245389,1790351607.412915,12412,tx,184938.5,,,1,0,0,1
1443941143054047,1790351607.717724,12717,tx,164289.9,,,1,0,0,1
1443941419965966,1790351607.994636,12994,tx,164026.6,,,1,0,0,1
1443941697080123,1790351608.271750,13271,tx,164250.4,,404136.5,1,0,0,1
1443941974170437,1790351608.548841,13548,tx,184198.1,,,0,0,0,0
1443942278868196,1790351608.853538,13853,idle,163536.7,,,0,0,0,0
1443942444397506,1790351609.019066,14019,idle,1319.9,,,0,0,0,0
1443942596409672,1790351609.171079,14171,idle,792.2,,,0,0,0,0
1443942753454580,1790351609.328125,14328,idle,1899.1,,,0,0,0,0
1443942911236171,1790351609.485906,14485,idle,995.7,,,0,0,0,0
1443943063509815,1790351609.638180,14638,idle,1321.7,,,0,0,0,0
1443943220272921,1790351609.794943,14794,idle,964.9,,,0,0,0,0
1443943372340969,1790351609.947011,14947,idle,1022.6,,,0,0,0,0
1443943529364719,1790351610.104034,104,idle,12694.2,,,0,0,0,0
1443943682705258,1790351610.257375,257,idle,954.8,,,0,0,0,0
1443943833307739,1790351610.407978,407,idle,884.9,,,0,0,0,0
1443943985658109,1790351610.560327,560,idle,3611.9,,,0,0,0,0
1443944135653343,1790351610.710323,710,idle,837.1,,,0,0,0,0
1443944286305012,1790351610.860975,860,idle,871.8,,,0,0,0,0
1443944443181929,1790351611.017851,1017,idle,1839.7,,,0,0,0,0
1443944594555750,1790351611.169225,1169,idle,1694.9,,,0,0,0,0
1443944751407897,1790351611.326078,1326,idle,1185.1,,,0,0,0,0
1443944908061923,1790351611.482732,1482,idle,996.5,,,0,0,0,0
1443945061987731,1790351611.636658,1636,idle,779.1,,,0,0,0,0
1443945218626696,1790351611.793296,1793,idle,1127.3,,,0,0,0,0
1443945369340318,1790351611.944010,1944,idle,1109.3,,,0,0,0,0
1443945526144052,1790351612.100814,2100,idle,966.2,,,0,0,0,0
1443945677923164,1790351612.252593,2252,idle,860.8,,,0,0,0,0
1443945834574899,1790351612.409245,2409,idle,838.7,,,0,0,0,0
1443945985643255,1790351612.560313,2560,idle,865.4,,,0,0,0,0
1443946141899465,1790351612.716569,2716,idle,1240.6,,,0,0,0,0
1443946293775197,1790351612.868445,2868,idle,842.8,,,0,0,0,0
1443946450677315,1790351613.025347,3025,idle,1038.3,,,0,0,0,0
1443946606787901,1790351613.181458,3181,idle,1051.5,,,0,0,0,0
1443946758494244,1790351613.333164,3333,idle,905.0,,,0,0,0,0
1443946915327059,1790351613.489997,3489,idle,1188.9,,,0,0,0,0
1443947066315220,1790351613.640985,3640,idle,1139.9,,,0,0,0,0
1443947223172731,1790351613.797842,3797,idle,1084.6,,,0,0,0,0
1443947374925726,1790351613.949595,3949,idle,1094.0,,,0,0,0,0
1443947531485772,1790351614.106156,4106,idle,836.5,,,0,0,0,0
1443947683238665,1790351614.257909,4257,idle,939.6,,,0,0,0,0
1443947839876694,1790351614.414546,4414,idle,968.4,,,0,0,0,0
1443947991750381,1790351614.566420,4566,idle,1057.9,,,0,0,0,0
1443948148762691,1790351614.723433,4723,idle,1018.8,,,0,0,0,0
1443948300998810,1790351614.875668,4875,idle,878.8,,,0,0,0,0
1443948452706979,1790351615.027377,5027,idle,1070.0,,,0,0,0,0
1443948603834506,1790351615.178504,5178,idle,981.7,,,0,0,0,0
1443948758544527,1790351615.333214,5333,idle,1265.4,,,0,0,0,0
1443948915160399,1790351615.489830,5489,idle,1027.3,,,0,0,0,0
1443949067107330,1790351615.641777,5641,idle,767.9,,,0,0,0,0
1443949223815631,1790351615.798486,5798,idle,1128.3,,,0,0,0,0
1443949376083024,1790351615.950752,5950,idle,6755.7,,,0,0,0,0
1443949529455051,1790351616.104125,6104,idle,12390.3,,,0,0,0,0
1443949682553980,1790351616.257224,6257,idle,851.6,,,0,0,0,0
1443949839223654,1790351616.413893,6413,idle,840.8,,,0,0,0,0
1443949990418875,1790351616.565089,6565,idle,836.5,,,0,0,0,0
1443950147370153,1790351616.722040,6722,idle,1099.7,,,0,0,0,0
1443950299120804,1790351616.873790,6873,idle,1005.0,,,0,0,0,0
1443950451696886,1790351617.026367,7026,idle,1073.0,,,0,0,0,0
1443950607486505,1790351617.182156,7182,idle,1084.2,,,0,0,0,0
1443950759152925,1790351617.333822,7333,idle,4425.1,,,0,0,0,0
1443950918710214,1790351617.493380,7493,idle,805.6,,,0,0,0,0
1443951071970712,1790351617.646640,7646,idle,857.7,,,0,0,0,0
1443951228970063,1790351617.803640,7803,idle,1220.2,,,0,0,0,0
1443951381427207,1790351617.956097,7956,idle,1122.1,,,0,0,0,0
1443951538131675,1790351618.112802,8112,idle,856.8,,,0,0,0,0
1443951689759329,1790351618.264429,8264,idle,967.7,,,0,0,0,0
1443951846387949,1790351618.421057,8421,idle,789.1,,,0,0,0,0
1443951998019703,1790351618.572689,8572,idle,1216.0,,,0,0,0,0
1443952151621426,1790351618.726291,8726,idle,1157.8,,,0,0,0,0
1443952308384576,1790351618.883054,8883,idle,918.8,,,0,0,0,0
1443952460111345,1790351619.034781,9034,idle,785.9,,,0,0,0,0
1443952616763717,1790351619.191432,9191,idle,872.0,,,0,0,0,0
1443952767779809,1790351619.342449,9342,idle,1080.3,,,0,0,0,0
1443952920603607,1790351619.495273,9495,idle,1001.5,,,0,0,0,0
1443953071644998,1790351619.646314,9646,idle,857.3,,,0,0,0,0
1443953228222905,1790351619.802892,9802,idle,1558.4,,,0,0,0,0
1443953380053160,1790351619.954722,9954,idle,3364.9,,,0,0,0,0
1443953538475374,1790351620.113145,10113,idle,856.1,,,0,0,0,0
1443953689728792,1790351620.264399,10264,idle,1238.5,,,0,0,0,0
1443953840657884,1790351620.415328,10415,idle,1160.6,,,0,0,0,0
1443953991979612,1790351620.566649,10566,idle,1388.1,,,0,0,0,0
1443954148384081,1790351620.723053,10723,idle,911.5,,,0,0,0,0
1443954300112030,1790351620.874782,10874,idle,839.2,,,0,0,0,0
1443954451767005,1790351621.026437,11026,idle,866.3,,,0,0,0,0
1443954607528817,1790351621.182198,11182,idle,891.1,,,0,0,0,0
1443954759010687,1790351621.333680,11333,idle,1094.9,,,0,0,0,0
1443954915649383,1790351621.490319,11490,idle,865.0,,,0,0,0,0
1443955066880268,1790351621.641550,11641,idle,1076.7,,,0,0,0,0
1443955223546289,1790351621.798216,11798,idle,781.2,,,0,0,0,0
1443955374464695,1790351621.949134,11949,decode,1321.1,,,0,0,1,0
1443955531399428,1790351622.106068,12106,idle,10658.0,,,0,0,0,0
1443955682802868,1790351622.257473,12257,idle,1110.1,,,0,0,0,0
1443955839296125,1790351622.413966,12413,idle,773.8,,,0,0,0,0
1443955991054837,1790351622.565725,12565,idle,1154.7,,,0,0,0,0
1443956148078301,1790351622.722748,12722,idle,1649.7,,,0,0,0,0
1443956299541401,1790351622.874211,12874,idle,855.5,,,0,0,0,0
1443956452094131,1790351623.026764,13026,idle,1270.1,,,0,0,0,0
1443956608966108,1790351623.183636,13183,idle,1150.0,,,0,0,0,0
1443956760874043,1790351623.335544,13335,idle,1260.8,,,0,0,0,0
1443956917661395,1790351623.492331,13492,idle,994.5,,,0,0,0,0
1443957072734194,1790351623.647404,13647,idle,949.0,,,0,0,0,0
1443957224385103,1790351623.799055,13799,idle,946.9,,,0,0,0,0
1443957377159383,1790351623.951829,13951,idle,1129.0,,,0,0,0,0
1443957533817415,1790351624.108487,14108,idle,831.3,,,0,0,0,0
1443957685711659,1790351624.260381,14260,idle,858.5,,,0,0,0,0
1443957842579455,1790351624.417249,14417,decode,795.4,,,0,0,1,0
1443957995064215,1790351624.569734,14569,idle,806.4,,,0,0,0,0
1443958151976216,1790351624.726646,14726,idle,812.1,,,0,0,0,0
1443958308556435,1790351624.883226,14883,idle,840.3,,,0,0,0,0
1443958460385726,1790351625.035055,35,idle,803.8,,,0,0,0,0
1443958677287798,1790351625.251958,251,tx,163910.8,,,1,0,0,1
1443958954107801,1790351625.528778,528,tx,164212.2,,,1,0,0,1
1443959231387712,1790351625.806058,806,tx,164112.0,,,1,0,0,1
1443959507854352,1790351626.082524,1082,tx,184277.7,,,1,0,0,1
1443959804581972,1790351626.379252,1379,tx,165024.4,,,1,0,0,1
1443960082458323,1790351626.657128,1657,tx,171818.6,,,1,0,0,1
1443960367249185,1790351626.941919,1941,tx,164311.6,,,1,0,0,1
1443960644422633,1790351627.219092,2219,tx,186947.4,,,1,0,0,1
1443960944488799,1790351627.519158,2519,tx,164089.3,,,1,0,0,1
1443961228430081,1790351627.803100,2803,tx,163979.8,,,1,0,0,1
1443961505251112,1790351628.079921,3079,tx,164333.2,,,1,0,0,1
1443961781906754,1790351628.356576,3356,tx,184419.1,,,1,0,0,1
1443962079441593,1790351628.654111,3654,tx,164495.0,,,1,0,0,1
1443962356957803,1790351628.931628,3931,tx,164352.9,,,1,0,0,1
1443962641274397,1790351629.215944,4215,tx,164487.4,,,1,0,0,1
1443962918381216,1790351629.493051,4493,tx,183732.0,,,1,0,0,1
1443963214900801,1790351629.789571,4789,tx,164848.2,,,1,0,0,1
1443963492388324,1790351630.067058,5067,tx,164588.3,,,1,0,0,1
1443963777204223,1790351630.351874,5351,tx,163741.2,,,1,0,0,1
1443964053419188,1790351630.628089,5628,tx,184548.1,,,1,0,0,1
1443964350253377,1790351630.924923,5924,tx,164217.6,,,1,0,0,1
1443964626963098,1790351631.201633,6201,tx,164629.7,,,1,0,0,1
1443964904410160,1790351631.479080,6479,tx,163863.1,,,1,0,0,1
1443965188115463,1790351631.762784,6762,tx,184135.6,,,1,0,0,1
1443965485126183,1790351632.059796,7059,tx,164207.4,,,1,0,0,1
1443965762103263,1790351632.336773,7336,tx,164633.0,,,1,0,0,1
1443966039310164,1790351632.613980,7613,tx,164746.8,,,1,0,0,1
1443966316925284,1790351632.891595,7891,tx,183896.5,,,1,0,0,1
1443966620997731,1790351633.195668,8195,tx,164155.3,,,1,0,0,1
1443966897390813,1790351633.472061,8472,tx,164143.2,,,1,0,0,1
1443967174371483,1790351633.749041,8749,tx,164043.5,,,1,0,0,1
1443967451272556,1790351634.025942,9025,tx,184415.9,,,1,0,0,1
1443967755482577,1790351634.330153,9330,tx,164580.7,,,1,0,0,1
1443968032703814,1790351634.607374,9607,tx,164740.7,,,1,0,0,1
1443968310326803,1790351634.884997,9884,tx,163866.1,,,1,0,0,1
1443968586982893,1790351635.161653,10161,tx,184384.5,,,1,0,0,1
1443968884398489,1790351635.459068,10459,tx,164115.4,,,1,0,0,1
1443969169463545,1790351635.744133,10744,tx,164071.2,,,1,0,0,1
1443969446246729,1790351636.020917,11020,tx,164031.1,,,1,0,0,1
1443969723374246,1790351636.298044,11298,tx,183643.1,,,1,0,0,1
1443970019294227,1790351636.593964,11593,tx,164354.3,,,1,0,0,1
1443970296016332,1790351636.870686,11870,tx,164376.1,,,1,0,0,1
1443970573522120,1790351637.148192,12148,tx,169839.8,,,1,0,0,1
1443970856144888,1790351637.430815,12430,tx,185704.8,,,1,0,0,1
1443971154245585,1790351637.728916,12728,tx,164229.1,,,1,0,0,1
1443971431417574,1790351638.006088,13006,tx,163683.8,,,1,0,0,1
1443971715360816,1790351638.290030,13290,tx,164323.3,,388769.4,1,0,0,1
1443971992312118,1790351638.566982,13566,tx,187444.0,,,0,0,0,0
1443972293426996,1790351638.868097,13868,idle,163678.8,,,0,0,0,0
1443972459460390,1790351639.034130,14034,idle,1321.6,,,0,0,0,0
1443972616794792,1790351639.191464,14191,idle,817.3,,,0,0,0,0
1443972768627445,1790351639.343297,14343,idle,1144.8,,,0,0,0,0
1443972925241888,1790351639.499912,14499,idle,1143.7,,,0,0,0,0
1443973076613638,1790351639.651284,14651,idle,1139.8,,,0,0,0,0
1443973233156586,1790351639.807827,14807,idle,783.5,,,0,0,0,0
1443973384827400,1790351639.959497,14959,idle,959.6,,,0,0,0,0
1443973541323757,1790351640.115993,115,idle,1034.7,,,0,0,0,0
1443973693181892,1790351640.267852,267,idle,831.0,,,0,0,0,0
1443973849841836,1790351640.424512,424,idle,783.1,,,0,0,0,0
1443974006670025,1790351640.581339,581,idle,1084.6,,,0,0,0,0
1443974157333736,1790351640.732004,732,idle,799.0,,,0,0,0,0
1443974314236905,1790351640.888906,888,idle,990.8,,,0,0,0,0
1443974465881233,1790351641.040551,1040,idle,787.4,,,0,0,0,0
1443974623154120,1790351641.197824,1197,idle,1045.6,,,0,0,0,0
1443974775166883,1790351641.349837,1349,idle,996.6,,,0,0,0,0
1443974932079555,1790351641.506749,1506,idle,1299.9,,,0,0,0,0
1443975083423153,1790351641.658093,1658,idle,815.4,,,0,0,0,0
1443975240047034,1790351641.814717,1814,idle,825.9,,,0,0,0,0
1443975391648470,1790351641.966318,1966,idle,831.0,,,0,0,0,0
1443975548405219,1790351642.123075,2123,idle,915.1,,,0,0,0,0
1443975700028540,1790351642.274697,2274,idle,828.7,,,0,0,0,0
1443975851551338,1790351642.426221,2426,idle,877.2,,,0,0,0,0
1443976008157611,1790351642.582827,2582,idle,2113.1,,,0,0,0,0
1443976161050453,1790351642.735720,2735,idle,819.1,,,0,0,0,0
1443976318108927,1790351642.892779,2892,idle,1038.2,,,0,0,0,0
1443976469865323,1790351643.044535,3044,idle,853.6,,,0,0,0,0
1443976627094630,1790351643.201764,3201,idle,777.0,,,0,0,0,0
1443976778894978,1790351643.353565,3353,idle,883.2,,,0,0,0,0
1443976935725806,1790351643.510395,3510,idle,1297.9,,,0,0,0,0
1443977087068646,1790351643.661738,3661,idle,989.4,,,0,0,0,0
1443977243882504,1790351643.818552,3818,idle,945.8,,,0,0,0,0
1443977395701383,1790351643.970371,3970,idle,1018.8,,,0,0,0,0
1443977550784127,1790351644.125454,4125,idle,948.7,,,0,0,0,0
1443977701528803,1790351644.276199,4276,idle,813.6,,,0,0,0,0
1443977853218602,1790351644.427888,4427,idle,1107.0,,,0,0,0,0
1443978007572567,1790351644.582242,4582,idle,25449.6,,,0,0,0,0
1443978164269229,1790351644.738939,4738,idle,1129.9,,,0,0,0,0
1443978321340551,1790351644.896009,4896,idle,1124.6,,,0,0,0,0
1443978473081896,1790351645.047752,5047,idle,864.9,,,0,0,0,0
1443978629922281,1790351645.204592,5204,idle,1142.9,,,0,0,0,0
1443978781685793,1790351645.356355,5356,idle,930.2,,,0,0,0,0
1443978938246830,1790351645.512917,5512,idle,785.2,,,0,0,0,0
1443979089549267,1790351645.664219,5664,idle,833.1,,,0,0,0,0
1443979246042337,1790351645.820712,5820,idle,811.6,,,0,0,0,0
1443979397650912,1790351645.972321,5972,idle,1053.9,,,0,0,0,0
1443979553602783,1790351646.128272,6128,idle,877.0,,,0,0,0,0
1443979710131137,1790351646.284801,6284,idle,817.0,,,0,0,0,0
1443979861787156,1790351646.436457,6436,idle,865.1,,,0,0,0,0
1443980018234606,1790351646.592904,6592,idle,970.3,,,0,0,0,0
1443980170253913,1790351646.744923,6744,idle,5060.4,,,0,0,0,0
1443980327273596,1790351646.901943,6901,idle,1046.5,,,0,0,0,0
1443980479517409,1790351647.054187,7054,idle,961.1,,,0,0,0,0
1443980637391381,1790351647.212061,7212,idle,1893.5,,,0,0,0,0
1443980795714056,1790351647.370384,7370,idle,7009.0,,,0,0,0,0
1443980948061044,1790351647.522731,7522,idle,4300.2,,,0,0,0,0
1443981104158359,1790351647.678828,7678,idle,2717.9,,,0,0,0,0
1443981256995463,1790351647.831665,7831,idle,1443.5,,,0,0,0,0
1443981414678850,1790351647.989349,7989,idle,2400.2,,,0,0,0,0
1443981567685345,1790351648.142355,8142,idle,2489.8,,,0,0,0,0
1443981720588985,1790351648.295259,8295,idle,1299.9,,,0,0,0,0
1443981872707981,1790351648.447377,8447,idle,939.4,,,0,0,0,0
1443982029410090,1790351648.604080,8604,idle,1089.0,,,0,0,0,0
1443982180698014,1790351648.755368,8755,idle,4452.4,,,0,0,0,0
1443982331112588,1790351648.905782,8905,idle,20008.9,,,0,0,0,0
1443982486925223,1790351649.061595,9061,idle,6205.6,,,0,0,0,0
1443982642235384,1790351649.216905,9216,idle,4764.6,,,0,0,0,0
1443982794930079,1790351649.369600,9369,idle,1419.8,,,0,0,0,0
1443982952262441,1790351649.526932,9526,idle,3270.2,,,0,0,0,0
1443983104068324,1790351649.678738,9678,idle,2482.8,,,0,0,0,0
1443983257556161,1790351649.832226,9832,idle,4689.4,,,0,0,0,0
1443983408578537,1790351649.983248,9983,idle,1316.7,,,0,0,0,0
1443983564668798,1790351650.139338,10139,idle,5859.1,,,0,0,0,0
1443983722200800,1790351650.296870,10296,idle,10916.8,,,0,0,0,0
1443983874447500,1790351650.449116,10449,idle,2419.5,,,0,0,0,0
1443984030815888,1790351650.605486,10605,idle,2996.7,,,0,0,0,0
1443984184538458,1790351650.759208,10759,idle,971.1,,,0,0,0,0
1443984341224054,1790351650.915894,10915,idle,1022.8,,,0,0,0,0
1443984496045894,1790351651.070715,11070,idle,4051.6,,,0,0,0,0
1443984652119814,1790351651.226789,11226,idle,2234.7,,,0,0,0,0
1443984810660297,1790351651.385330,11385,idle,1223.3,,,0,0,0,0
1443984961515560,1790351651.536185,11536,idle,1271.2,,,0,0,0,0
1443985118749239,1790351651.693419,11693,idle,1108.3,,,0,0,0,0
1443985271204076,1790351651.845872,11845,decode,5716.8,,,0,0,1,0
1443985423412397,1790351651.998082,11998,decode,3416.8,,,0,0,1,0
1443985574286835,1790351652.148957,12148,idle,1130.2,,,0,0,0,0
1443985731168951,1790351652.305838,12305,idle,1316.9,,,0,0,0,0
1443985883075632,1790351652.457745,12457,idle,1275.4,,,0,0,0,0
1443986040080130,1790351652.614750,12614,idle,1083.6,,,0,0,0,0
1443986192995107,1790351652.767665,12767,idle,3142.6,,,0,0,0,0
1443986352152630,1790351652.926822,12926,idle,1139.0,,,0,0,0,0
1443986510367088,1790351653.085037,13085,idle,1705.5,,,0,0,0,0
1443986664978434,1790351653.239648,13239,idle,11665.0,,,0,0,0,0
1443986818055014,1790351653.392725,13392,idle,2039.7,,,0,0,0,0
1443986975059448,1790351653.549729,13549,decode,12058.4,,,0,0,1,0
1443987129189577,1790351653.703859,13703,idle,9031.2,,,0,0,0,0
1443987282796492,1790351653.857466,13857,idle,10297.8,,,0,0,0,0
1443987440979688,1790351654.015649,14015,idle,7065.0,,,0,0,0,0
1443987599073861,1790351654.173743,14173,idle,7356.6,,,0,0,0,0
1443987757969748,1790351654.332639,14332,idle,2669.6,,,0,0,0,0
1443987917696555,1790351654.492366,14492,decode,6434.9,,,0,0,1,0
1443988073972200,1790351654.648633,14648,decode,10287.0,,,0,0,1,0
1443988232080211,1790351654.806750,14806,decode,10515.5,,,0,0,1,0
1443988389949478,1790351654.964619,14964,idle,8796.3,,,0,0,0,0
1443988543730243,1790351655.118400,118,idle,323413.8,,,0,0,0,1
1443988977106462,1790351655.551776,551,tx,171635.6,,,1,0,0,1
1443989274874418,1790351655.849544,849,tx,169660.4,,,1,0,0,1
1443989560088324,1790351656.134758,1134,tx,187363.1,,,1,0,0,1
1443989863138097,1790351656.437808,1437,tx,188384.6,,,1,0,0,1
1443990169040527,1790351656.743710,1743,tx,172623.8,,,1,0,0,1
1443990455493800,1790351657.030163,2030,tx,203197.1,,,1,0,0,1
1443990786546325,1790351657.361216,2361,tx,165834.5,,,1,0,0,1
1443991067708153,1790351657.642378,2642,tx,178959.6,,,1,0,0,1
1443991361100492,1790351657.935770,2935,tx,168832.0,,,1,0,0,1
1443991644312164,1790351658.218982,3218,tx,195655.7,,,1,0,0,1
1443991958712401,1790351658.533382,3533,tx,171908.5,,,1,0,0,1
1443992260895029,1790351658.835565,3835,tx,182193.5,,,1,0,0,1
1443992558145140,1790351659.132815,4132,tx,181778.8,,,1,0,0,1
1443992853983874,1790351659.428653,4428,tx,190342.1,,,1,0,0,1
1443993166317616,1790351659.740987,4740,tx,178651.4,,,1,0,0,1
1443993459233965,1790351660.033904,5033,tx,174848.2,,,1,0,0,1
1443993752876352,1790351660.327546,5327,tx,176737.9,,,1,0,0,1
1443994047374278,1790351660.622044,5622,tx,198503.0,,,1,0,0,1
1443994359114203,1790351660.933784,5933,tx,180280.3,,,1,0,0,1
1443994657171414,1790351661.231841,6231,tx,185508.5,,,1,0,0,1
1443994957097076,1790351661.531767,6531,tx,196363.4,,,1,0,0,1
1443995275273571,1790351661.849943,6849,tx,178315.0,,,1,0,0,1
1443995568344365,1790351662.143014,7143,tx,177526.3,,,1,0,0,1
1443995859205586,1790351662.433875,7433,tx,173629.0,,,1,0,0,1
1443996151813687,1790351662.726483,7726,tx,188754.5,,,1,0,0,1
1443996475811028,1790351663.050479,8050,tx,169860.5,,,1,0,0,1
1443996765772080,1790351663.340442,8340,tx,182137.6,,,1,0,0,1
1443997064724645,1790351663.639394,8639,tx,171541.6,,,1,0,0,1
1443997353913186,1790351663.928583,8928,tx,190692.0,,,1,0,0,1
1443997661038586,1790351664.235708,9235,tx,178714.4,,,1,0,0,1
1443997971343094,1790351664.546013,9546,tx,176222.5,,,1,0,0,1
1443998272434023,1790351664.847104,9847,tx,170935.8,,,1,0,0,1
1443998559301107,1790351665.133971,10133,tx,182897.6,,,1,0,0,1
1443998875936619,1790351665.450606,10450,tx,203816.8,,,1,0,0,1
1443999199647215,1790351665.774317,10774,tx,174792.7,,,1,0,0,1
1443999489110370,1790351666.063780,11063,tx,190040.8,,,1,0,0,1
1443999801799119,1790351666.376468,11376,tx,172791.6,,,1,0,0,1
1444000087509111,1790351666.662179,11662,tx,182824.0,,,1,0,0,1
1444000382032891,1790351666.956702,11956,tx,181583.6,,,1,0,0,1
1444000684737227,1790351667.259407,12259,tx,206724.4,,,1,0,0,1
1444001004150262,1790351667.578820,12578,tx,180179.4,,,1,0,0,1
1444001299274215,1790351667.873944,12873,tx,175298.6,,,1,0,0,1
1444001588909581,1790351668.163579,13163,tx,170246.8,,,1,0,0,1
1444001876482732,1790351668.451152,13451,tx,197405.6,,225349.5,1,0,0,1
1444002199299874,1790351668.773969,13773,idle,171568.7,,,0,0,0,0
1444002384198826,1790351668.958868,13958,idle,13925.3,,,0,0,0,0
1444002538251574,1790351669.112921,14112,idle,3047.8,,,0,0,0,0
1444002691738791,1790351669.266408,14266,idle,12443.9,,,0,0,0,0
1444002846062533,1790351669.420732,14420,idle,7642.9,,,0,0,0,0
1444003001801917,1790351669.576471,14576,idle,3882.3,,,0,0,0,0
1444003157602145,1790351669.732272,14732,idle,10347.0,,,0,0,0,0
1444003312340532,1790351669.887010,14887,idle,1946.0,,,0,0,0,0
1444003468615998,1790351670.043286,43,idle,11496.6,,,0,0,0,0
1444003620548882,1790351670.195218,195,idle,7595.7,,,0,0,0,0
1444003777753019,1790351670.352422,352,idle,6415.6,,,0,0,0,0
1444003961152061,1790351670.535820,535,idle,35988.1,,,0,0,0,0
1444004112265862,1790351670.686936,686,idle,2572.2,,,0,0,0,0
1444004267494601,1790351670.842164,842,idle,11340.0,,,0,0,0,0
1444004425633329,1790351671.000302,1000,idle,9790.8,,,0,0,0,0
1444004579057266,1790351671.153727,1153,idle,25090.1,,,0,0,0,0
1444004731876750,1790351671.306546,1306,idle,10479.8,,,0,0,0,0
1444004888059741,1790351671.462729,1462,idle,6566.3,,,0,0,0,0
1444005047589890,1790351671.622259,1622,idle,4404.5,,,0,0,0,0
1444005197701968,1790351671.772372,1772,idle,10386.3,,,0,0,0,0
1444005357217315,1790351671.931887,1931,idle,5892.8,,,0,0,0,0
1444005510731010,1790351672.085401,2085,idle,22657.1,,,0,0,0,0
1444005669147249,1790351672.243817,2243,idle,10721.0,,,0,0,0,0
1444005820626020,1790351672.395295,2395,idle,4497.6,,,0,0,0,0
1444005971839330,1790351672.546509,2546,idle,6693.1,,,0,0,0,0
1444006124031997,1790351672.698701,2698,idle,8082.3,,,0,0,0,0
1444006281584186,1790351672.856254,2856,idle,10216.5,,,0,0,0,0
1444006436627943,1790351673.011297,3011,idle,11616.8,,,0,0,0,0
1444006591682657,1790351673.166352,3166,idle,5451.7,,,0,0,0,0
1444006746517494,1790351673.321187,3321,idle,9552.9,,,0,0,0,0
1444006900972716,1790351673.475642,3475,idle,1329.4,,,0,0,0,0
1444007056236205,1790351673.630906,3630,idle,9101.5,,,0,0,0,0
1444007208965553,1790351673.783635,3783,idle,1802.9,,,0,0,0,0
1444007373189703,1790351673.947859,3947,idle,5846.4,,,0,0,0,0
1444007525628548,1790351674.100298,4100,idle,11488.2,,,0,0,0,0
1444007678151456,1790351674.252821,4252,idle,14624.9,,,0,0,0,0
1444007835536422,1790351674.410206,4410,idle,15958.5,,,0,0,0,0
1444007993333041,1790351674.568002,4568,idle,4780.0,,,0,0,0,0
1444008153043374,1790351674.727712,4727,idle,11059.0,,,0,0,0,0
1444008310098946,1790351674.884768,4884,idle,1720.3,,,0,0,0,0
1444008466077988,1790351675.040747,5040,idle,12052.0,,,0,0,0,0
1444008622253367,1790351675.196923,5196,idle,39682.9,,,0,0,0,0
1444008781310961,1790351675.355980,5355,idle,13832.5,,,0,0,0,0
1444008938189877,1790351675.512859,5512,idle,8896.1,,,0,0,0,0
1444009088881049,1790351675.663550,5663,idle,11213.7,,,0,0,0,0
1444009240356028,1790351675.815026,5815,idle,8040.7,,,0,0,0,0
1444009399759157,1790351675.974429,5974,idle,1826.9,,,0,0,0,0
1444009551222396,1790351676.125892,6125,idle,13701.7,,,0,0,0,0
1444009710486393,1790351676.285156,6285,idle,11937.8,,,0,0,0,0
1444009868442221,1790351676.443112,6443,idle,6268.4,,,0,0,0,0
1444010028288251,1790351676.602958,6602,idle,14038.8,,,0,0,0,0
1444010187843866,1790351676.762514,6762,idle,4239.1,,,0,0,0,0
1444010346772116,1790351676.921442,6921,idle,9290.4,,,0,0,0,0
1444010501374248,1790351677.076042,7076,idle,19707.3,,,0,0,0,0
1444010659078225,1790351677.233748,7233,idle,6134.2,,,0,0,0,0
1444010814505871,1790351677.389176,7389,idle,1437.6,,,0,0,0,0
1444010966048892,1790351677.540718,7540,idle,6910.5,,,0,0,0,0
1444011118234423,1790351677.692904,7692,idle,5013.8,,,0,0,0,0
1444011278161753,1790351677.852831,7852,idle,6314.0,,,0,0,0,0
1444011430282561,1790351678.004952,8004,idle,16438.3,,,0,0,0,0
1444011610131625,1790351678.184801,8184,idle,6860.5,,,0,0,0,0
1444011767700370,1790351678.342370,8342,idle,1637.9,,,0,0,0,0
1444011922147513,1790351678.496817,8496,idle,1924.9,,,0,0,0,0
1444012074928561,1790351678.649598,8649,idle,2476.3,,,0,0,0,0
1444012228079841,1790351678.802749,8802,idle,12770.5,,,0,0,0,0
1444012388174400,1790351678.962844,8962,idle,1177.5,,,0,0,0,0
1444012546311255,1790351679.120981,9120,idle,1898.1,,,0,0,0,0
1444012699850131,1790351679.274519,9274,idle,2494.5,,,0,0,0,0
1444012854993634,1790351679.429663,9429,idle,4156.1,,,0,0,0,0
1444013006522863,1790351679.581192,9581,idle,10840.7,,,0,0,0,0
1444013156771937,1790351679.731441,9731,idle,7319.4,,,0,0,0,0
1444013307272629,1790351679.881942,9881,idle,11835.9,,,0,0,0,0
1444013466369424,1790351680.041039,10041,idle,8750.4,,,0,0,0,0
1444013621258254,1790351680.195928,10195,idle,11793.9,,,0,0,0,0
1444013777140785,1790351680.351810,10351,idle,7525.7,,,0,0,0,0
1444013928871248,1790351680.503541,10503,idle,14724.1,,,0,0,0,0
1444014094104700,1790351680.668774,10668,idle,3995.9,,,0,0,0,0
1444014250400568,1790351680.825070,10825,idle,1411.5,,,0,0,0,0
1444014411284218,1790351680.985954,10985,idle,9210.6,,,0,0,0,0
1444014562080113,1790351681.136750,11136,idle,2082.0,,,0,0,0,0
1444014721439762,1790351681.296109,11296,idle,3509.2,,,0,0,0,0
1444014873248571,1790351681.447918,11447,idle,3074.7,,,0,0,0,0
1444015029828958,1790351681.604498,11604,idle,4003.6,,,0,0,0,0
1444015184762837,1790351681.759433,11759,idle,1539.2,,,0,0,0,0
1444015342051292,1790351681.916721,11916,decode,4748.4,,,0,0,1,0
1444015493058201,1790351682.067728,12067,decode,3451.7,,,0,0,1,0
1444015652696182,1790351682.227366,12227,decode,9662.3,,,0,0,1,0
1444015812036214,1790351682.386705,12386,idle,6893.3,,,0,0,0,0
1444015968439585,1790351682.543109,12543,idle,2678.9,,,0,0,0,0
1444016127700536,1790351682.702370,12702,idle,3411.0,,,0,0,0,0
1444016287147736,1790351682.861817,12861,idle,2195.2,,,0,0,0,0
1444016446497114,1790351683.021167,13021,idle,7681.8,,,0,0,0,0
1444016600560921,1790351683.175231,13175,idle,4517.8,,,0,0,0,0
1444016754983943,1790351683.329654,13329,idle,3194.5,,,0,0,0,0
1444016908927724,1790351683.483597,13483,idle,3431.2,,,0,0,0,0
1444017066501697,1790351683.641171,13641,decode,5923.5,,,0,0,1,0
1444017226556884,1790351683.801226,13801,idle,3754.6,,,0,0,0,0
1444017381770133,1790351683.956440,13956,idle,4336.7,,,0,0,0,0
1444017539435047,1790351684.114104,14114,idle,3418.9,,,0,0,0,0
1444017691431780,1790351684.266101,14266,idle,2653.8,,,0,0,0,0
1444017845454379,1790351684.420124,14420,decode,6146.7,,,0,0,1,0
1444017997400240,1790351684.572069,14572,decode,6284.0,,,0,0,1,0
1444018154806522,1790351684.729476,14729,decode,6139.8,,,0,0,1,0
1444018307961662,1790351684.882631,14882,idle,9883.0,,,0,0,0,0
1444018468396223,1790351685.043066,43,idle,4756.8,,,0,0,0,0
1444018689198187,1790351685.263868,263,tx,169892.9,,,1,0,0,1
1444018973324056,1790351685.547994,547,tx,171768.0,,,1,0,0,1
1444019257115489,1790351685.831784,831,tx,172540.0,,,1,0,0,1
1444019543049926,1790351686.117720,1117,tx,196879.4,,,1,0,0,1
1444019873498021,1790351686.448168,1448,tx,169355.8,,,1,0,0,1
1444020158851590,1790351686.733520,1733,tx,173876.4,,,1,0,0,1
1444020446119965,1790351687.020790,2020,tx,199014.6,,,1,0,0,1
1444020765022123,1790351687.339692,2339,tx,173104.3,,,1,0,0,1
1444021054369433,1790351687.629039,2629,tx,179039.1,,,1,0,0,1
1444021349093027,1790351687.923763,2923,tx,170996.0,,,1,0,0,1
1444021636234052,1790351688.210904,3210,tx,189850.5,,,1,0,0,1
1444021943221529,1790351688.517891,3517,tx,168764.8,,,1,0,0,1
1444022239692738,1790351688.814362,3814,tx,174926.2,,,1,0,0,1
1444022530093952,1790351689.104764,4104,tx,177156.6,,,1,0,0,1
1444022817609907,1790351689.392280,4392,tx,198990.8,,,1,0,0,1
1444023132087936,1790351689.706757,4706,tx,177110.8,,,1,0,0,1
1444023424135985,1790351689.998806,4998,tx,173814.8,,,1,0,0,1
1444023721132825,1790351690.295803,5295,tx,170902.8,,,1,0,0,1
1444024010141397,1790351690.584811,5584,tx,198588.2,,,1,0,0,1
1444024324640834,1790351690.899311,5899,tx,167527.0,,,1,0,0,1
1444024606681737,1790351691.181351,6181,tx,171394.8,,,1,0,0,1
1444024893524646,1790351691.468194,6468,tx,176610.9,,,1,0,0,1
1444025194444375,1790351691.769114,6769,tx,193225.6,,,1,0,0,1
1444025505235331,1790351692.079905,7079,tx,187592.3,,,1,0,0,1
1444025809246977,1790351692.383917,7383,tx,173291.9,,,1,0,0,1
1444026099937595,1790351692.674607,7674,tx,180231.5,,,1,0,0,1
1444026395657879,1790351692.970328,7970,tx,195079.5,,,1,0,0,1
1444026705260228,1790351693.279930,8279,tx,180787.4,,,1,0,0,1
1444026998608143,1790351693.573278,8573,tx,173353.9,,,1,0,0,1
1444027286610760,1790351693.861280,8861,tx,186506.2,,,1,0,0,1
1444027589320722,1790351694.163990,9163,tx,208271.4,,,1,0,0,1
1444027902651228,1790351694.477321,9477,tx,177055.1,,,1,0,0,1
1444028200373108,1790351694.775043,9775,tx,174599.0,,,1,0,0,1
1444028486840706,1790351695.061510,10061,tx,200832.2,,,1,0,0,1
1444028811817298,1790351695.386487,10386,tx,173663.6,,,1,0,0,1
1444029099937655,1790351695.674607,10674,tx,184150.5,,,1,0,0,1
1444029397924589,1790351695.972594,10972,tx,173653.9,,,1,0,0,1
1444029690495303,1790351696.265165,11265,tx,194288.6,,,1,0,0,1
1444029997744248,1790351696.572414,11572,tx,180298.8,,,1,0,0,1
1444030294427647,1790351696.869097,11869,tx,167668.3,,,1,0,0,1
1444030579495809,1790351697.154166,12154,tx,182399.4,,,1,0,0,1
1444030878383902,1790351697.453053,12453,tx,197421.6,,,1,0,0,1
1444031196547011,1790351697.771217,12771,tx,173653.7,,,1,0,0,1
1444031482400587,1790351698.057070,13057,tx,176296.7,,,1,0,0,1
1444031775436728,1790351698.350106,13350,tx,173942.9,,337340.1,1,0,0,1
1444032064853840,1790351698.639523,13639,tx,204371.6,,,0,0,0,0
1444032402530564,1790351698.977200,13977,idle,167399.3,,,0,0,0,0
1444032671519580,1790351699.246189,14246,idle,18764.9,,,0,0,0,0
1444032829082047,1790351699.403752,14403,idle,13597.3,,,0,0,0,0
1444032984079224,1790351699.558748,14558,idle,19490.0,,,0,0,0,0
1444033142188904,1790351699.716854,14716,idle,3746.9,,,0,0,0,0
1444033294061576,1790351699.868731,14868,idle,50655.4,,,0,0,0,0
1444033451122753,1790351700.025793,25,idle,9828.8,,,0,0,0,0
1444033606375475,1790351700.181045,181,idle,7247.5,,,0,0,0,0
1444033763506283,1790351700.338175,338,idle,36246.3,,,0,0,0,0
1444033916784964,1790351700.491454,491,idle,3090.2,,,0,0,0,0
1444034069214392,1790351700.643884,643,idle,5086.2,,,0,0,0,0
1444034220781187,1790351700.795451,795,idle,5524.4,,,0,0,0,0
1444034383120075,1790351700.957789,957,idle,5468.8,,,0,0,0,0
1444034533425833,1790351701.108095,1108,idle,3848.9,,,0,0,0,0
1444034686620944,1790351701.261291,1261,idle,1982.6,,,0,0,0,0
1444034841606761,1790351701.416276,1416,idle,8546.1,,,0,0,0,0
1444034998692482,1790351701.573362,1573,idle,2874.2,,,0,0,0,0
1444035152743793,1790351701.727412,1727,idle,15332.6,,,0,0,0,0
1444035305580351,1790351701.880250,1880,idle,3102.6,,,0,0,0,0
1444035461892351,1790351702.036562,2036,idle,35203.6,,,0,0,0,0
1444035615175393,1790351702.189845,2189,idle,1627.5,,,0,0,0,0
1444035770593625,1790351702.345263,2345,idle,12543.5,,,0,0,0,0
1444035922284590,1790351702.496954,2496,idle,7805.0,,,0,0,0,0
1444036082083500,1790351702.656752,2656,idle,4643.7,,,0,0,0,0
1444036233082004,1790351702.807752,2807,idle,7316.8,,,0,0,0,0
1444036383752106,1790351702.958421,2958,idle,5348.5,,,0,0,0,0
1444036536239365,1790351703.110909,3110,idle,12234.7,,,0,0,0,0
1444036689997259,1790351703.264667,3264,idle,1514.3,,,0,0,0,0
1444036851075639,1790351703.425745,3425,idle,5593.2,,,0,0,0,0
1444037003640987,1790351703.578311,3578,idle,20948.3,,,0,0,0,0
1444037162792393,1790351703.737462,3737,idle,15412.2,,,0,0,0,0
1444037320871568,1790351703.895541,3895,idle,1349.6,,,0,0,0,0
1444037475057997,1790351704.049727,4049,idle,2155.7,,,0,0,0,0
1444037633620286,1790351704.208290,4208,idle,3061.5,,,0,0,0,0
1444037789157892,1790351704.363827,4363,idle,2757.9,,,0,0,0,0
1444037941460902,1790351704.516130,4516,idle,6713.5,,,0,0,0,0
1444038094498057,1790351704.669168,4669,idle,5279.5,,,0,0,0,0
1444038248168532,1790351704.822838,4822,idle,5644.9,,,0,0,0,0
1444038402097449,1790351704.976767,4976,idle,5950.8,,,0,0,0,0
1444038557343155,1790351705.132013,5132,idle,9292.8,,,0,0,0,0
1444038708855150,1790351705.283524,5283,idle,8937.1,,,0,0,0,0
1444038867448118,1790351705.442117,5442,idle,4650.9,,,0,0,0,0
1444039026164784,1790351705.600835,5600,idle,6192.9,,,0,0,0,0
1444039183040414,1790351705.757710,5757,idle,7625.3,,,0,0,0,0
1444039334826431,1790351705.909496,5909,idle,1752.9,,,0,0,0,0
1444039489156995,1790351706.063826,6063,idle,2638.3,,,0,0,0,0
1444039641171127,1790351706.215841,6215,idle,9506.6,,,0,0,0,0
1444039796462050,1790351706.371131,6371,idle,7644.9,,,0,0,0,0
1444039950657370,1790351706.525326,6525,idle,18453.8,,,0,0,0,0
1444040102435362,1790351706.677105,6677,idle,1711.1,,,0,0,0,0
1444040255602638,1790351706.830272,6830,idle,2952.3,,,0,0,0,0
1444040411083865,1790351706.985753,6985,idle,7024.8,,,0,0,0,0
1444040567365152,1790351707.142035,7142,idle,6839.7,,,0,0,0,0
1444040724451677,1790351707.299121,7299,idle,7750.7,,,0,0,0,0
1444040875271022,1790351707.449940,7449,idle,4828.6,,,0,0,0,0
1444041033058852,1790351707.607728,7607,idle,7831.3,,,0,0,0,0
1444041192127030,1790351707.766797,7766,idle,7787.2,,,0,0,0,0
1444041343662653,1790351707.918332,7918,idle,10437.3,,,0,0,0,0
1444041501880066,1790351708.076550,8076,idle,27215.7,,,0,0,0,0
1444041659891189,1790351708.234560,8234,idle,9211.7,,,0,0,0,0
1444041816886665,1790351708.391556,8391,idle,8086.7,,,0,0,0,0
1444041969074846,1790351708.543744,8543,idle,11021.7,,,0,0,0,0
1444042123053585,1790351708.697723,8697,idle,11059.8,,,0,0,0,0
1444042282629929,1790351708.857300,8857,idle,2741.6,,,0,0,0,0
1444042434685090,1790351709.009355,9009,idle,7878.5,,,0,0,0,0
1444042593894695,1790351709.168564,9168,idle,11096.6,,,0,0,0,0
1444042744403759,1790351709.319073,9319,idle,11069.7,,,0,0,0,0
1444042902451020,1790351709.477120,9477,idle,15612.8,,,0,0,0,0
1444043058052738,1790351709.632722,9632,idle,6621.1,,,0,0,0,0
1444043214181589,1790351709.788851,9788,idle,54854.1,,,0,0,0,0
1444043386721567,1790351709.961390,9961,idle,19431.2,,,0,0,0,0
1444043544834553,1790351710.119503,10119,idle,65282.7,,,0,0,0,0
1444043707111145,1790351710.281781,10281,idle,24658.2,,,0,0,0,0
1444043858965776,1790351710.433635,10433,idle,12189.1,,,0,0,0,0
1444044014940086,1790351710.589610,10589,idle,36754.4,,,0,0,0,0
1444044179081161,1790351710.753750,10753,idle,19099.4,,,0,0,0,0
1444044333498151,1790351710.908167,10908,idle,10882.9,,,0,0,0,0
1444044494205181,1790351711.068872,11068,idle,23094.4,,,0,0,0,0
