t_send_ns,t_unix,phase_ms,window,lat_status_us,lat_rts_us,lat_unkey_us,was_tx,rts_before,decoding,transmitting
1450708000991948,1790358374.575662,14575,decode,39886.4,,,0,0,1,0
1450708151789262,1790358374.726459,14726,idle,206.8,,,0,0,0,0
1450708303037924,1790358374.877707,14877,idle,7243.4,,,0,0,0,0
1450708461945836,1790358375.036615,36,idle,352.6,,,0,0,0,0
1450708612464448,1790358375.187134,187,idle,392.6,,,0,0,0,0
1450708763069259,1790358375.337739,337,idle,263.4,,,0,0,0,0
1450708922506771,1790358375.497176,497,idle,326.4,,,0,0,0,0
1450709082293982,1790358375.656963,656,idle,374.1,,,0,0,0,0
1450709242277229,1790358375.816947,816,idle,434.7,,,0,0,0,0
1450709402371143,1790358375.977041,977,idle,2223.0,,,0,0,0,0
1450709561450530,1790358376.136120,1136,idle,182.0,,,0,0,0,0
1450709712450717,1790358376.287119,1287,idle,4288.8,,,0,0,0,0
1450709862590484,1790358376.437259,1437,idle,4970.3,,,0,0,0,0
1450710022457318,1790358376.597126,1597,idle,505.1,,,0,0,0,0
1450710181982675,1790358376.756652,1756,idle,351.6,,,0,0,0,0
1450710332970828,1790358376.907640,1907,idle,284.3,,,0,0,0,0
1450710492899233,1790358377.067569,2067,idle,774.5,,,0,0,0,0
1450710649487545,1790358377.224157,2224,idle,422.3,,,0,0,0,0
1450710801992923,1790358377.376662,2376,idle,1260.3,,,0,0,0,0
1450710960315063,1790358377.534985,2534,idle,236.3,,,0,0,0,0
1450711111710964,1790358377.686381,2686,idle,195.5,,,0,0,0,0
1450711261966580,1790358377.836636,2836,idle,255.7,,,0,0,0,0
1450711412470018,1790358377.987140,2987,idle,212.2,,,0,0,0,0
1450711572338210,1790358378.147007,3147,idle,462.4,,,0,0,0,0
1450711732274875,1790358378.306944,3306,idle,469.7,,,0,0,0,0
1450711882339186,1790358378.457008,3457,idle,522.0,,,0,0,0,0
1450712040321090,1790358378.614991,3614,idle,232.6,,,0,0,0,0
1450712192999504,1790358378.767669,3767,idle,320.3,,,0,0,0,0
1450712346102080,1790358378.920771,3920,idle,339.4,,,0,0,0,0
1450712503103083,1790358379.077772,4077,idle,38234.0,,,0,0,0,0
1450712662761310,1790358379.237430,4237,idle,750.8,,,0,0,0,0
1450712822342426,1790358379.397012,4397,idle,242.4,,,0,0,0,0
1450712982325445,1790358379.556995,4556,idle,395.3,,,0,0,0,0
1450713141121487,1790358379.715789,4715,idle,517.6,,,0,0,0,0
1450713293567026,1790358379.868236,4868,idle,580.5,,,0,0,0,0
1450713444888216,1790358380.019558,5019,idle,227.5,,,0,0,0,0
1450713602866826,1790358380.177535,5177,idle,8229.0,,,0,0,0,0
1450713752960373,1790358380.327629,5327,idle,565.2,,,0,0,0,0
1450713903191957,1790358380.477861,5477,idle,10274.6,,,0,0,0,0
1450714061466565,1790358380.636136,5636,idle,245.3,,,0,0,0,0
1450714212879883,1790358380.787550,5787,idle,260.9,,,0,0,0,0
1450714372408085,1790358380.947078,5947,idle,241.5,,,0,0,0,0
1450714522450163,1790358381.097120,6097,idle,4828.3,,,0,0,0,0
1450714682176550,1790358381.256846,6256,idle,203.6,,,0,0,0,0
1450714832761840,1790358381.407431,6407,idle,636.7,,,0,0,0,0
1450714982901025,1790358381.557570,6557,idle,396.1,,,0,0,0,0
1450715136739536,1790358381.711408,6711,idle,436.2,,,0,0,0,0
1450715292918254,1790358381.867587,6867,idle,626.5,,,0,0,0,0
1450715443635776,1790358382.018306,7018,idle,257.7,,,0,0,0,0
1450715601625499,1790358382.176294,7176,idle,10629.6,,,0,0,0,0
1450715761375882,1790358382.336045,7336,idle,421.7,,,0,0,0,0
1450715912644892,1790358382.487313,7487,idle,4061.2,,,0,0,0,0
1450716071691611,1790358382.646361,7646,idle,216.5,,,0,0,0,0
1450716231723899,1790358382.806393,7806,idle,430.7,,,0,0,0,0
1450716391707347,1790358382.966375,7966,idle,638.7,,,0,0,0,0
1450716550316289,1790358383.124986,8124,idle,296.0,,,0,0,0,0
1450716701833846,1790358383.276503,8276,idle,976.2,,,0,0,0,0
1450716861940925,1790358383.436608,8436,idle,678.1,,,0,0,0,0
1450717012031433,1790358383.586699,8586,idle,30567.5,,,0,0,0,0
1450717163907109,1790358383.738576,8738,idle,435.1,,,0,0,0,0
1450717314505349,1790358383.889175,8889,idle,276.9,,,0,0,0,0
1450717474034013,1790358384.048704,9048,idle,228.3,,,0,0,0,0
1450717624297840,1790358384.198967,9198,idle,400.4,,,0,0,0,0
1450717784278143,1790358384.358947,9358,idle,402.4,,,0,0,0,0
1450717936826418,1790358384.511496,9511,idle,447.1,,,0,0,0,0
1450718093745319,1790358384.668414,9668,idle,630.3,,,0,0,0,0
1450718246720456,1790358384.821388,9821,idle,422.1,,,0,0,0,0
1450718403968125,1790358384.978637,9978,idle,5273.9,,,0,0,0,0
1450718562438418,1790358385.137108,10137,idle,247.4,,,0,0,0,0
1450718712942439,1790358385.287612,10287,idle,217.6,,,0,0,0,0
1450718863672873,1790358385.438340,10438,idle,559.4,,,0,0,0,0
1450719023736988,1790358385.598406,10598,idle,374.9,,,0,0,0,0
1450719183431052,1790358385.758101,10758,idle,269.0,,,0,0,0,0
1450719335312619,1790358385.909982,10909,idle,215.3,,,0,0,0,0
1450719494160434,1790358386.068829,11068,idle,589.0,,,0,0,0,0
1450719645075906,1790358386.219745,11219,idle,415.6,,,0,0,0,0
1450719804071627,1790358386.378741,11378,idle,2134.7,,,0,0,0,0
1450719963052411,1790358386.537722,11537,idle,300.4,,,0,0,0,0
1450720122043121,1790358386.696713,11696,idle,255.7,,,0,0,0,0
1450720272627640,1790358386.847296,11847,decode,824.2,,,0,0,1,0
1450720431746085,1790358387.006414,12006,decode,235.9,,,0,0,1,0
1450720582145776,1790358387.156816,12156,decode,206.1,,,0,0,1,0
1450720732362459,1790358387.307032,12307,idle,235.6,,,0,0,0,0
1450720892076063,1790358387.466745,12466,idle,433.9,,,0,0,0,0
1450721047178021,1790358387.621847,12621,idle,497.7,,,0,0,0,0
1450721202382332,1790358387.777051,12777,idle,6429.0,,,0,0,0,0
1450721361839750,1790358387.936510,12936,idle,203.1,,,0,0,0,0
1450721512608587,1790358388.087276,13087,idle,30159.9,,,0,0,0,0
1450721664108799,1790358388.238778,13238,idle,572.1,,,0,0,0,0
1450721824151028,1790358388.398820,13398,idle,377.8,,,0,0,0,0
1450721977419791,1790358388.552088,13552,decode,406.6,,,0,0,1,0
1450722134568983,1790358388.709239,13709,idle,274.5,,,0,0,0,0
1450722284761087,1790358388.859430,13859,idle,663.1,,,0,0,0,0
1450722439049163,1790358389.013717,14013,idle,560.7,,,0,0,0,0
1450722594392482,1790358389.169062,14169,idle,274.8,,,0,0,0,0
1450722745416387,1790358389.320086,14320,idle,228.9,,,0,0,0,0
1450722903965850,1790358389.478636,14478,decode,186.7,,,0,0,1,0
1450723061261351,1790358389.635931,14635,decode,232.7,,,0,0,1,0
1450723212634038,1790358389.787304,14787,idle,210.0,,,0,0,0,0
1450723372157986,1790358389.946828,14946,idle,190.5,,,0,0,0,0
1450723523185194,1790358390.097854,97,idle,6356.1,,,0,0,0,0
1450723681928570,1790358390.256598,256,idle,448.9,,,0,0,0,0
1450723832549366,1790358390.407219,407,idle,346.9,,,0,0,0,0
1450723992117411,1790358390.566787,566,idle,249.0,,,0,0,0,0
1450724149750390,1790358390.724419,724,idle,540.7,,,0,0,0,0
1450724303032344,1790358390.877700,877,idle,15088.2,,,0,0,0,0
1450724461974589,1790358391.036643,1036,idle,493.8,,,0,0,0,0
1450724614039047,1790358391.188709,1188,idle,255.3,,,0,0,0,0
1450724764772569,1790358391.339441,1339,idle,613.7,,,0,0,0,0
1450724914764542,1790358391.489434,1489,idle,366.0,,,0,0,0,0
1450725074780577,1790358391.649448,1649,idle,657.5,,,0,0,0,0
1450725225174567,1790358391.799844,1799,idle,2230.1,,,0,0,0,0
1450725384449671,1790358391.959119,1959,idle,266.0,,,0,0,0,0
1450725534966001,1790358392.109636,2109,idle,298.5,,,0,0,0,0
1450725685096675,1790358392.259765,2259,idle,633.1,,,0,0,0,0
1450725838328521,1790358392.412997,2412,idle,521.5,,,0,0,0,0
1450725994927120,1790358392.569597,2569,idle,269.2,,,0,0,0,0
1450726149492768,1790358392.724162,2724,idle,613.9,,,0,0,0,0
1450726302634459,1790358392.877303,2877,idle,15297.7,,,0,0,0,0
1450726462470816,1790358393.037140,3037,idle,284.6,,,0,0,0,0
1450726621602350,1790358393.196272,3196,idle,222.7,,,0,0,0,0
1450726772327046,1790358393.346996,3346,idle,595.1,,,0,0,0,0
1450726922672569,1790358393.497341,3497,idle,597.3,,,0,0,0,0
1450727082133516,1790358393.656801,3656,idle,489.2,,,0,0,0,0
1450727234569550,1790358393.809239,3809,idle,207.4,,,0,0,0,0
1450727392141878,1790358393.966811,3966,idle,327.1,,,0,0,0,0
1450727551423290,1790358394.126093,4126,idle,262.5,,,0,0,0,0
1450727702680169,1790358394.277349,4277,idle,7875.9,,,0,0,0,0
1450727862394525,1790358394.437064,4437,idle,242.8,,,0,0,0,0
1450728012543467,1790358394.587213,4587,idle,194.1,,,0,0,0,0
1450728162738086,1790358394.737406,4737,idle,604.7,,,0,0,0,0
1450728322869549,1790358394.897539,4897,idle,282.1,,,0,0,0,0
1450728482736737,1790358395.057406,5057,idle,560.9,,,0,0,0,0
1450728633543984,1790358395.208214,5208,idle,192.6,,,0,0,0,0
1450728792763059,1790358395.367433,5367,idle,264.8,,,0,0,0,0
1450728942927178,1790358395.517597,5517,idle,253.7,,,0,0,0,0
1450729103071735,1790358395.677741,5677,idle,3386.2,,,0,0,0,0
1450729256849026,1790358395.831517,5831,idle,240.7,,,0,0,0,0
1450729413647607,1790358395.988316,5988,idle,2509.8,,,0,0,0,0
1450729569931895,1790358396.144602,6144,idle,275.7,,,0,0,0,0
1450729723929322,1790358396.298596,6298,idle,395.1,,,0,0,0,0
1450729883244247,1790358396.457914,6457,idle,201.9,,,0,0,0,0
1450730033661938,1790358396.608331,6608,idle,395.3,,,0,0,0,0
1450730193496341,1790358396.768166,6768,idle,466.4,,,0,0,0,0
1450730347286905,1790358396.921956,6921,idle,445.4,,,0,0,0,0
1450730504075448,1790358397.078745,7078,idle,37566.3,,,0,0,0,0
1450730662251300,1790358397.236921,7236,idle,223.5,,,0,0,0,0
1450730813482811,1790358397.388152,7388,idle,2951.2,,,0,0,0,0
1450730972780184,1790358397.547450,7547,idle,314.7,,,0,0,0,0
1450731123594955,1790358397.698264,7698,idle,540.6,,,0,0,0,0
1450731282161689,1790358397.856831,7856,idle,219.6,,,0,0,0,0
1450731433297415,1790358398.007966,8007,idle,548.1,,,0,0,0,0
1450731592567124,1790358398.167237,8167,idle,332.0,,,0,0,0,0
1450731749102147,1790358398.323771,8323,idle,632.3,,,0,0,0,0
1450731902751025,1790358398.477421,8477,idle,1651.2,,,0,0,0,0
1450732062272859,1790358398.636942,8636,idle,484.4,,,0,0,0,0
1450732212671524,1790358398.787341,8787,idle,211.5,,,0,0,0,0
1450732363423118,1790358398.938092,8938,idle,320.1,,,0,0,0,0
1450732523046498,1790358399.097715,9097,idle,221.8,,,0,0,0,0
1450732673666966,1790358399.248336,9248,idle,414.3,,,0,0,0,0
1450732833171941,1790358399.407841,9407,idle,423.9,,,0,0,0,0
1450732993016735,1790358399.567686,9567,idle,322.5,,,0,0,0,0
1450733147616780,1790358399.722286,9722,idle,259.9,,,0,0,0,0
1450733302872489,1790358399.877542,9877,idle,963.9,,,0,0,0,0
1450733457499616,1790358400.032169,10032,idle,563.4,,,0,0,0,0
1450733612511709,1790358400.187181,10187,idle,3281.3,,,0,0,0,0
1450733762785623,1790358400.337454,10337,idle,611.2,,,0,0,0,0
1450733922309428,1790358400.496979,10496,idle,220.7,,,0,0,0,0
1450734072927658,1790358400.647597,10647,idle,308.5,,,0,0,0,0
1450734232941623,1790358400.807611,10807,idle,509.6,,,0,0,0,0
1450734383033169,1790358400.957702,10957,idle,475.7,,,0,0,0,0
1450734535543069,1790358401.110213,11110,idle,217.1,,,0,0,0,0
1450734693093447,1790358401.267762,11267,idle,603.6,,,0,0,0,0
1450734848351599,1790358401.423021,11423,idle,504.3,,,0,0,0,0
1450735002570151,1790358401.577240,11577,idle,38591.0,,,0,0,0,0
1450735162042791,1790358401.736712,11736,idle,208.0,,,0,0,0,0
1450735322042769,1790358401.896713,11896,decode,778.8,,,0,0,1,0
1450735479575886,1790358402.054246,12054,decode,266.0,,,0,0,1,0
1450735632267640,1790358402.206934,12206,idle,373.0,,,0,0,0,0
1450735792167595,1790358402.366837,12366,idle,362.7,,,0,0,0,0
1450735943632026,1790358402.518302,12518,idle,290.2,,,0,0,0,0
1450736102432744,1790358402.677102,12677,idle,7039.8,,,0,0,0,0
1450736262438187,1790358402.837107,12837,idle,544.9,,,0,0,0,0
1450736412471701,1790358402.987141,12987,idle,4718.3,,,0,0,0,0
1450736572221149,1790358403.146891,13146,idle,224.5,,,0,0,0,0
1450736723196437,1790358403.297866,13297,idle,355.7,,,0,0,0,0
1450736883093592,1790358403.457763,13457,idle,459.2,,,0,0,0,0
1450737034162183,1790358403.608832,13608,decode,352.7,,,0,0,1,0
1450737192720609,1790358403.767390,13767,idle,202.9,,,0,0,0,0
1450737347541369,1790358403.922210,13922,idle,440.1,,,0,0,0,0
1450737503354000,1790358404.078024,14078,idle,2381.6,,,0,0,0,0
1450737662948292,1790358404.237617,14237,idle,572.8,,,0,0,0,0
1450737821249194,1790358404.395919,14395,decode,257.4,,,0,0,1,0
1450737973408832,1790358404.548079,14548,decode,202.7,,,0,0,1,0
1450738132106721,1790358404.706776,14706,idle,403.1,,,0,0,0,0
1450738283366919,1790358404.858036,14858,idle,545.6,,,0,0,0,0
1450738439245682,1790358405.013914,13,idle,478.4,,,0,0,0,0
1450738591887891,1790358405.166558,166,idle,223.1,,,0,0,0,0
1450738744889033,1790358405.319558,319,idle,356.8,,,0,0,0,0
1450738902756457,1790358405.477426,477,idle,1192.5,,,0,0,0,0
1450739062693449,1790358405.637363,637,idle,1518.3,,,0,0,0,0
1450739222171508,1790358405.796841,796,idle,225.4,,,0,0,0,0
1450739381182720,1790358405.955852,955,idle,523.2,,,0,0,0,0
1450739533293121,1790358406.107963,1107,idle,8310.6,,,0,0,0,0
1450739693238799,1790358406.267908,1267,idle,439.2,,,0,0,0,0
1450739844360474,1790358406.419030,1419,idle,377.6,,,0,0,0,0
1450740003090061,1790358406.577757,1577,idle,6646.9,,,0,0,0,0
1450740153275962,1790358406.727945,1727,idle,391.3,,,0,0,0,0
1450740313242749,1790358406.887913,1887,idle,228.0,,,0,0,0,0
1450740472673861,1790358407.047343,2047,idle,207.9,,,0,0,0,0
1450740632430455,1790358407.207100,2207,idle,388.0,,,0,0,0,0
1450740783726054,1790358407.358395,2358,idle,558.9,,,0,0,0,0
1450740937360163,1790358407.512029,2512,idle,447.6,,,0,0,0,0
1450741092610459,1790358407.667280,2667,idle,296.8,,,0,0,0,0
1450741245357833,1790358407.820028,2820,idle,190.8,,,0,0,0,0
1450741403441231,1790358407.978110,2978,idle,5101.7,,,0,0,0,0
1450741563260941,1790358408.137930,3137,idle,282.2,,,0,0,0,0
1450741723346139,1790358408.298015,3298,idle,445.2,,,0,0,0,0
1450741882730152,1790358408.457400,3457,idle,206.0,,,0,0,0,0
1450742033543494,1790358408.608212,3608,idle,560.7,,,0,0,0,0
1450742193342358,1790358408.768012,3768,idle,250.3,,,0,0,0,0
1450742346204765,1790358408.920873,3920,idle,587.0,,,0,0,0,0
1450742502954947,1790358409.077625,4077,idle,37464.4,,,0,0,0,0
1450742661825811,1790358409.236494,4236,idle,603.8,,,0,0,0,0
1450742812258468,1790358409.386927,4386,idle,3303.4,,,0,0,0,0
1450742971731546,1790358409.546401,4546,idle,294.5,,,0,0,0,0
1450743131640111,1790358409.706310,4706,idle,217.6,,,0,0,0,0
1450743281890158,1790358409.856560,4856,idle,309.2,,,0,0,0,0
1450743438999153,1790358410.013669,5013,idle,414.5,,,0,0,0,0
1450743591665626,1790358410.166335,5166,idle,454.6,,,0,0,0,0
1450743749082632,1790358410.323751,5323,idle,414.9,,,0,0,0,0
1450743901572757,1790358410.476241,5476,idle,10012.7,,,0,0,0,0
1450744051706470,1790358410.626376,5626,idle,328.5,,,0,0,0,0
1450744202756578,1790358410.777426,5777,idle,7212.7,,,0,0,0,0
1450744362812313,1790358410.937481,5937,idle,563.5,,,0,0,0,0
1450744522389821,1790358411.097059,6097,idle,192.3,,,0,0,0,0
1450744673063849,1790358411.247733,6247,idle,407.3,,,0,0,0,0
1450744823102117,1790358411.397771,6397,idle,425.7,,,0,0,0,0
1450744983113685,1790358411.557784,6557,idle,242.7,,,0,0,0,0
1450745133129022,1790358411.707799,6707,idle,243.7,,,0,0,0,0
1450745292699938,1790358411.867369,6867,idle,704.8,,,0,0,0,0
1450745448976613,1790358412.023645,7023,idle,572.7,,,0,0,0,0
1450745603631805,1790358412.178301,7178,idle,10154.1,,,0,0,0,0
1450745756066496,1790358412.330736,7330,idle,246.8,,,0,0,0,0
1450745913765264,1790358412.488435,7488,idle,255.1,,,0,0,0,0
1450746064379235,1790358412.639048,7639,idle,544.8,,,0,0,0,0
1450746223767409,1790358412.798437,7798,idle,2891.2,,,0,0,0,0
1450746383480315,1790358412.958150,7958,idle,802.2,,,0,0,0,0
1450746535632526,1790358413.110302,8110,idle,221.7,,,0,0,0,0
1450746694263129,1790358413.268931,8268,idle,605.5,,,0,0,0,0
1450746853365071,1790358413.428034,8428,idle,816.5,,,0,0,0,0
1450747003416657,1790358413.578085,8578,idle,38958.0,,,0,0,0,0
1450747163053068,1790358413.737723,8737,idle,212.5,,,0,0,0,0
1450747314176381,1790358413.888845,8888,idle,539.8,,,0,0,0,0
1450747473727804,1790358414.048397,9048,idle,552.4,,,0,0,0,0
1450747633490683,1790358414.208160,9208,idle,220.2,,,0,0,0,0
1450747783608931,1790358414.358279,9358,idle,222.8,,,0,0,0,0
1450747938858909,1790358414.513527,9513,idle,630.7,,,0,0,0,0
1450748093609546,1790358414.668278,9668,idle,644.8,,,0,0,0,0
1450748249882094,1790358414.824551,9824,idle,460.1,,,0,0,0,0
1450748403583006,1790358414.978252,9978,idle,514.2,,,0,0,0,0
1450748561267507,1790358415.135936,10135,idle,548.5,,,0,0,0,0
1450748712067018,1790358415.286734,10286,idle,1066.0,,,0,0,0,0
1450748862135441,1790358415.436804,10436,idle,454.5,,,0,0,0,0
1450749022045931,1790358415.596715,10596,idle,261.1,,,0,0,0,0
1450749172470620,1790358415.747141,10747,idle,230.2,,,0,0,0,0
1450749332304715,1790358415.906974,10906,idle,379.6,,,0,0,0,0
1450749482641504,1790358416.057311,11057,idle,530.5,,,0,0,0,0
1450749634329394,1790358416.208999,11208,idle,251.3,,,0,0,0,0
1450749791899496,1790358416.366570,11366,idle,223.6,,,0,0,0,0
1450749948556458,1790358416.523225,11523,idle,9653.4,,,0,0,0,0
1450750102551855,1790358416.677221,11677,idle,5693.5,,,0,0,0,0
1450750252819379,1790358416.827488,11827,idle,12798.7,,,0,0,0,0
1450750406147775,1790358416.980817,11980,decode,190.6,,,0,0,1,0
1450750562568268,1790358417.137238,12137,decode,188.0,,,0,0,1,0
1450750712819579,1790358417.287490,12287,idle,194.4,,,0,0,0,0
1450750872787064,1790358417.447455,12447,idle,597.2,,,0,0,0,0
1450751025353589,1790358417.600023,12600,idle,266.5,,,0,0,0,0
1450751182276524,1790358417.756946,12756,idle,199.3,,,0,0,0,0
1450751333697155,1790358417.908366,12908,idle,619.4,,,0,0,0,0
1450751493097614,1790358418.067767,13067,idle,435.4,,,0,0,0,0
1450751649662775,1790358418.224332,13224,idle,617.5,,,0,0,0,0
1450751803450858,1790358418.378120,13378,idle,243.5,,,0,0,0,0
1450751958609452,1790358418.533279,13533,decode,274.3,,,0,0,1,0
1450752113468629,1790358418.688137,13688,idle,608.9,,,0,0,0,0
1450752263658467,1790358418.838327,13838,idle,698.8,,,0,0,0,0
1450752423410859,1790358418.998080,13998,idle,251.7,,,0,0,0,0
1450752583478213,1790358419.158147,14158,idle,631.2,,,0,0,0,0
1450752739235846,1790358419.313905,14313,idle,563.6,,,0,0,0,0
1450752896818322,1790358419.471488,14471,decode,238.5,,,0,0,1,0
1450753051573596,1790358419.626243,14626,decode,185.8,,,0,0,1,0
1450753203036785,1790358419.777705,14777,idle,6361.0,,,0,0,0,0
1450753353226448,1790358419.927895,14927,idle,547.1,,,0,0,0,0
1450753512703746,1790358420.087372,87,idle,6537.5,,,0,0,0,0
1450753663153133,1790358420.237821,237,idle,557.7,,,0,0,0,0
1450753822610934,1790358420.397281,397,idle,228.5,,,0,0,0,0
1450753982580364,1790358420.557250,557,idle,290.6,,,0,0,0,0
1450754139328747,1790358420.713998,713,idle,532.9,,,0,0,0,0
1450754293939732,1790358420.868609,868,idle,569.6,,,0,0,0,0
1450754453141625,1790358421.027811,1027,idle,221.8,,,0,0,0,0
1450754612597415,1790358421.187266,1187,idle,603.1,,,0,0,0,0
1450754762874530,1790358421.337543,1337,idle,610.1,,,0,0,0,0
1450754913221721,1790358421.487891,1487,idle,534.6,,,0,0,0,0
1450755072134182,1790358421.646804,1646,idle,247.8,,,0,0,0,0
1450755223279630,1790358421.797948,1797,idle,535.4,,,0,0,0,0
1450755382667458,1790358421.957335,1957,idle,597.1,,,0,0,0,0
1450755537766319,1790358422.112435,2112,idle,618.6,,,0,0,0,0
1450755692729932,1790358422.267400,2267,idle,227.9,,,0,0,0,0
1450755843132544,1790358422.417800,2417,idle,604.5,,,0,0,0,0
1450756002253500,1790358422.576923,2576,idle,39000.2,,,0,0,0,0
1450756152381171,1790358422.727050,2727,idle,618.3,,,0,0,0,0
1450756302802808,1790358422.877471,2877,idle,7117.3,,,0,0,0,0
1450756462351502,1790358423.037021,3037,idle,205.2,,,0,0,0,0
1450756612641487,1790358423.187310,3187,idle,510.2,,,0,0,0,0
1450756763076383,1790358423.337745,3337,idle,556.7,,,0,0,0,0
1450756913164961,1790358423.487834,3487,idle,540.6,,,0,0,0,0
1450757072079816,1790358423.646749,3646,idle,201.7,,,0,0,0,0
1450757223277311,1790358423.797946,3797,idle,581.8,,,0,0,0,0
1450757382666174,1790358423.957335,3957,idle,577.2,,,0,0,0,0
1450757542648304,1790358424.117318,4117,idle,335.0,,,0,0,0,0
1450757693548054,1790358424.268218,4268,idle,224.0,,,0,0,0,0
1450757843878107,1790358424.418546,4418,idle,286.2,,,0,0,0,0
1450758003704876,1790358424.578373,4578,idle,7170.0,,,0,0,0,0
1450758163744611,1790358424.738413,4738,idle,405.9,,,0,0,0,0
1450758313826365,1790358424.888496,4888,idle,433.9,,,0,0,0,0
1450758473116419,1790358425.047786,5047,idle,174.7,,,0,0,0,0
1450758623872002,1790358425.198542,5198,idle,280.8,,,0,0,0,0
1450758783736062,1790358425.358404,5358,idle,598.4,,,0,0,0,0
1450758942356292,1790358425.517026,5517,idle,370.7,,,0,0,0,0
1450759095851619,1790358425.670520,5670,idle,1266.5,,,0,0,0,0
1450759255833425,1790358425.830503,5830,idle,295.7,,,0,0,0,0
1450759406889579,1790358425.981559,5981,idle,276.7,,,0,0,0,0
1450759566974856,1790358426.141644,6141,idle,3427.5,,,0,0,0,0
1450759725765320,1790358426.300434,6300,idle,473.8,,,0,0,0,0
1450759876112676,1790358426.450783,6450,idle,228.5,,,0,0,0,0
1450760035677395,1790358426.610345,6610,idle,594.4,,,0,0,0,0
1450760186740425,1790358426.761410,6761,idle,553.0,,,0,0,0,0
1450760340354938,1790358426.915024,6915,idle,544.5,,,0,0,0,0
1450760497726581,1790358427.072396,7072,idle,298.3,,,0,0,0,0
1450760652008882,1790358427.226677,7226,idle,226.1,,,0,0,0,0
1450760802781514,1790358427.377451,7377,idle,463.2,,,0,0,0,0
1450760962617901,1790358427.537287,7537,idle,356.4,,,0,0,0,0
1450761112784660,1790358427.687454,7687,idle,327.8,,,0,0,0,0
1450761272037616,1790358427.846707,7846,idle,217.8,,,0,0,0,0
1450761422200215,1790358427.996870,7996,idle,188.0,,,0,0,0,0
1450761572987972,1790358428.147654,8147,idle,633.3,,,0,0,0,0
1450761732638452,1790358428.307307,8307,idle,627.3,,,0,0,0,0
1450761892293558,1790358428.466964,8466,idle,207.1,,,0,0,0,0
1450762042931491,1790358428.617600,8617,idle,463.4,,,0,0,0,0
1450762194021838,1790358428.768670,8768,idle,595.3,,,0,0,0,0
1450762345619248,1790358428.920288,8920,idle,592.1,,,0,0,0,0
1450762503618289,1790358429.078288,9078,idle,6060.8,,,0,0,0,0
1450762653760721,1790358429.228430,9228,idle,301.2,,,0,0,0,0
1450762813709259,1790358429.388379,9388,idle,399.4,,,0,0,0,0
1450762973687540,1790358429.548356,9548,idle,503.8,,,0,0,0,0
1450763124141302,1790358429.698811,9698,idle,280.0,,,0,0,0,0
1450763275082473,1790358429.849752,9849,idle,297.7,,,0,0,0,0
1450763433865912,1790358430.008535,10008,idle,410.4,,,0,0,0,0
1450763592578444,1790358430.167248,10167,idle,442.6,,,0,0,0,0
1450763746883506,1790358430.321553,10321,idle,339.9,,,0,0,0,0
1450763903304195,1790358430.477974,10477,idle,221.6,,,0,0,0,0
1450764063062417,1790358430.637732,10637,idle,263.2,,,0,0,0,0
1450764222982206,1790358430.797652,10797,idle,447.9,,,0,0,0,0
1450764383127640,1790358430.957796,10957,idle,581.0,,,0,0,0,0
1450764535776600,1790358431.110447,11110,idle,196.2,,,0,0,0,0
1450764693513210,1790358431.268182,11268,idle,683.5,,,0,0,0,0
1450764843977152,1790358431.418647,11418,idle,308.1,,,0,0,0,0
1450765003099969,1790358431.577769,11577,idle,39309.6,,,0,0,0,0
1450765163150660,1790358431.737820,11737,idle,263.2,,,0,0,0,0
1450765316991024,1790358431.891661,11891,decode,169.6,,,0,0,1,0
1450765473039388,1790358432.047709,12047,decode,254.7,,,0,0,1,0
1450765624175527,1790358432.198845,12198,idle,277.4,,,0,0,0,0
1450765784147677,1790358432.358818,12358,idle,232.2,,,0,0,0,0
1450765943543600,1790358432.518213,12518,idle,293.8,,,0,0,0,0
1450766103459404,1790358432.678129,12678,idle,7313.0,,,0,0,0,0
1450766253554930,1790358432.828223,12828,idle,583.6,,,0,0,0,0
1450766403874566,1790358432.978543,12978,idle,9449.5,,,0,0,0,0
1450766561725702,1790358433.136396,13136,idle,199.5,,,0,0,0,0
1450766713400025,1790358433.288069,13288,idle,572.7,,,0,0,0,0
1450766872929730,1790358433.447598,13447,idle,534.2,,,0,0,0,0
1450767022918452,1790358433.597588,13597,decode,221.9,,,0,0,1,0
1450767182220325,1790358433.756890,13756,idle,218.0,,,0,0,0,0
1450767333296573,1790358433.907965,13907,idle,820.1,,,0,0,0,0
1450767492996513,1790358434.067665,14067,idle,588.1,,,0,0,0,0
1450767650084558,1790358434.224754,14224,idle,534.3,,,0,0,0,0
1450767802775270,1790358434.377445,14377,idle,5430.4,,,0,0,0,0
1450767961922385,1790358434.536592,14536,decode,207.6,,,0,0,1,0
1450768120980957,1790358434.695650,14695,idle,351.3,,,0,0,0,0
1450768272232004,1790358434.846901,14846,idle,551.5,,,0,0,0,0
1450768431152759,1790358435.005822,5,idle,190.5,,,0,0,0,0
1450768581957876,1790358435.156627,156,idle,581.7,,,0,0,0,0
1450768741525792,1790358435.316194,316,idle,663.0,,,0,0,0,0
1450768892217016,1790358435.466886,466,idle,524.5,,,0,0,0,0
1450769044066289,1790358435.618736,618,idle,378.1,,,0,0,0,0
1450769201292603,1790358435.775962,775,idle,6780.2,,,0,0,0,0
1450769351865538,1790358435.926534,926,idle,621.6,,,0,0,0,0
1450769511434069,1790358436.086103,1086,idle,31402.3,,,0,0,0,0
1450769664184699,1790358436.238854,1238,idle,560.0,,,0,0,0,0
1450769823725841,1790358436.398396,1398,idle,209.9,,,0,0,0,0
1450769974647645,1790358436.549317,1549,idle,334.4,,,0,0,0,0
1450770134728731,1790358436.709398,1709,idle,568.1,,,0,0,0,0
1450770294354557,1790358436.869024,1869,idle,596.3,,,0,0,0,0
1450770454043729,1790358437.028714,2028,idle,200.8,,,0,0,0,0
1450770604781423,1790358437.179450,2179,idle,4492.3,,,0,0,0,0
1450770764259709,1790358437.338929,2338,idle,550.1,,,0,0,0,0
1450770914640115,1790358437.489309,2489,idle,663.8,,,0,0,0,0
1450771072884517,1790358437.647554,2647,idle,221.8,,,0,0,0,0
1450771223331767,1790358437.798001,2798,idle,516.4,,,0,0,0,0
1450771374431089,1790358437.949100,2949,idle,444.1,,,0,0,0,0
1450771533808372,1790358438.108476,3108,idle,814.0,,,0,0,0,0
1450771684145269,1790358438.258814,3258,idle,533.6,,,0,0,0,0
1450771843574044,1790358438.418244,3418,idle,219.3,,,0,0,0,0
1450771994563204,1790358438.569232,3569,idle,583.8,,,0,0,0,0
1450772149927459,1790358438.724597,3724,idle,586.7,,,0,0,0,0
1450772304305808,1790358438.878974,3878,idle,8034.7,,,0,0,0,0
1450772463881604,1790358439.038552,4038,idle,194.3,,,0,0,0,0
1450772623958248,1790358439.198628,4198,idle,386.6,,,0,0,0,0
1450772775050516,1790358439.349719,4349,idle,538.8,,,0,0,0,0
1450772934458547,1790358439.509128,4509,idle,463.0,,,0,0,0,0
1450773084653112,1790358439.659323,4659,idle,194.2,,,0,0,0,0
1450773238770052,1790358439.813439,4813,idle,614.5,,,0,0,0,0
1450773394478749,1790358439.969148,4969,idle,691.6,,,0,0,0,0
1450773547360254,1790358440.122029,5122,idle,609.4,,,0,0,0,0
1450773704986447,1790358440.279656,5279,idle,249.3,,,0,0,0,0
1450773864569460,1790358440.439238,5439,idle,634.4,,,0,0,0,0
1450774023816356,1790358440.598485,5598,idle,19538.7,,,0,0,0,0
1450774174781033,1790358440.749450,5749,idle,586.3,,,0,0,0,0
1450774325206466,1790358440.899875,5899,idle,766.2,,,0,0,0,0
1450774483821195,1790358441.058490,6058,idle,595.8,,,0,0,0,0
1450774634540389,1790358441.209209,6209,idle,541.5,,,0,0,0,0
1450774784893805,1790358441.359562,6359,idle,585.9,,,0,0,0,0
1450774940223989,1790358441.514893,6514,idle,548.1,,,0,0,0,0
1450775094861141,1790358441.669531,6669,idle,214.6,,,0,0,0,0
1450775250876835,1790358441.825546,6825,idle,1011.0,,,0,0,0,0
1450775405374510,1790358441.980043,6980,idle,3490.5,,,0,0,0,0
1450775563965469,1790358442.138634,7138,idle,639.1,,,0,0,0,0
1450775715024931,1790358442.289694,7289,idle,261.7,,,0,0,0,0
1450775874710217,1790358442.449379,7449,idle,587.3,,,0,0,0,0
1450776024851071,1790358442.599519,7599,idle,491.8,,,0,0,0,0
1450776184245718,1790358442.758914,7758,idle,695.6,,,0,0,0,0
1450776339732576,1790358442.914402,7914,idle,252.3,,,0,0,0,0
1450776494248512,1790358443.068917,8068,idle,551.2,,,0,0,0,0
1450776649087106,1790358443.223756,8223,idle,523.5,,,0,0,0,0
1450776804385746,1790358443.379055,8379,idle,7355.9,,,0,0,0,0
1450776954611734,1790358443.529279,8529,idle,570.7,,,0,0,0,0
1450777113325799,1790358443.687995,8687,idle,217.9,,,0,0,0,0
1450777264313537,1790358443.838982,8838,idle,544.3,,,0,0,0,0
1450777423955095,1790358443.998624,8998,idle,604.5,,,0,0,0,0
1450777574292380,1790358444.148961,9148,idle,604.3,,,0,0,0,0
1450777725198224,1790358444.299868,9299,idle,245.3,,,0,0,0,0
1450777884186122,1790358444.458855,9458,idle,541.2,,,0,0,0,0
1450778039333841,1790358444.614003,9614,idle,567.7,,,0,0,0,0
1450778194691932,1790358444.769361,9769,idle,670.7,,,0,0,0,0
1450778351015004,1790358444.925684,9925,idle,279.2,,,0,0,0,0
1450778503774557,1790358445.078444,10078,idle,39348.5,,,0,0,0,0
1450778654494111,1790358445.229162,10229,idle,650.8,,,0,0,0,0
1450778805074176,1790358445.379743,10379,idle,5207.3,,,0,0,0,0
1450778964441644,1790358445.539111,10539,idle,297.4,,,0,0,0,0
1450779124105229,1790358445.698775,10698,idle,227.6,,,0,0,0,0
1450779275421553,1790358445.850091,10850,idle,555.2,,,0,0,0,0
1450779435104149,1790358446.009772,11009,idle,556.7,,,0,0,0,0
1450779594447283,1790358446.169116,11169,idle,624.4,,,0,0,0,0
1450779754143668,1790358446.328814,11328,idle,220.4,,,0,0,0,0
1450779904255598,1790358446.478924,11478,idle,10819.5,,,0,0,0,0
1450780054500036,1790358446.629169,11629,idle,557.6,,,0,0,0,0
1450780205952407,1790358446.780621,11780,idle,2045.1,,,0,0,0,0
1450780358106152,1790358446.932776,11932,decode,200.8,,,0,0,1,0
1450780517122971,1790358447.091793,12091,idle,254.1,,,0,0,0,0
1450780675783393,1790358447.250452,12250,idle,572.7,,,0,0,0,0
1450780826067967,1790358447.400737,12400,idle,488.2,,,0,0,0,0
1450780985235619,1790358447.559905,12559,idle,3010.6,,,0,0,0,0
1450781139064898,1790358447.713734,12713,idle,588.9,,,0,0,0,0
1450781295431577,1790358447.870100,12870,idle,567.3,,,0,0,0,0
1450781451748832,1790358448.026417,13026,idle,600.0,,,0,0,0,0
1450781604384107,1790358448.179053,13179,idle,6040.6,,,0,0,0,0
1450781754640212,1790358448.329310,13329,idle,211.7,,,0,0,0,0
1450781914887434,1790358448.489557,13489,idle,578.3,,,0,0,0,0
1450782074527973,1790358448.649198,13649,decode,260.4,,,0,0,1,0
1450782224610294,1790358448.799279,13799,idle,581.0,,,0,0,0,0
1450782375689559,1790358448.950359,13950,idle,276.2,,,0,0,0,0
1450782535081421,1790358449.109750,14109,idle,609.1,,,0,0,0,0
1450782685458701,1790358449.260127,14260,idle,633.6,,,0,0,0,0
1450782842583582,1790358449.417252,14417,decode,526.8,,,0,0,1,0
1450782994044062,1790358449.568714,14568,decode,246.3,,,0,0,1,0
1450783153880104,1790358449.728550,14728,decode,221.0,,,0,0,1,0
1450783312158097,1790358449.886827,14886,idle,562.3,,,0,0,0,0
1450783462520762,1790358450.037190,37,idle,539.8,,,0,0,0,0
1450783622202838,1790358450.196873,196,idle,203.2,,,0,0,0,0
1450783781977817,1790358450.356646,356,idle,443.4,,,0,0,0,0
1450783939246118,1790358450.513915,513,idle,919.4,,,0,0,0,0
1450784092918085,1790358450.667587,667,idle,686.2,,,0,0,0,0
1450784248761205,1790358450.823430,823,idle,393.9,,,0,0,0,0
1450784402108760,1790358450.976778,976,idle,6596.1,,,0,0,0,0
1450784553310659,1790358451.127980,1127,idle,430.0,,,0,0,0,0
1450784704587604,1790358451.279256,1279,idle,5286.0,,,0,0,0,0
1450784854777498,1790358451.429447,1429,idle,415.9,,,0,0,0,0
1450785014307242,1790358451.588977,1588,idle,237.3,,,0,0,0,0
1450785164345085,1790358451.739014,1739,idle,592.2,,,0,0,0,0
1450785314564607,1790358451.889233,1889,idle,651.1,,,0,0,0,0
1450785464907171,1790358452.039575,2039,idle,582.4,,,0,0,0,0
1450785624483789,1790358452.199153,2199,idle,312.9,,,0,0,0,0
1450785784100768,1790358452.358769,2358,idle,587.7,,,0,0,0,0
1450785938426055,1790358452.513095,2513,idle,245.3,,,0,0,0,0
1450786095098146,1790358452.669767,2669,idle,602.0,,,0,0,0,0
1450786251330811,1790358452.826000,2826,idle,1968.1,,,0,0,0,0
1450786405538635,1790358452.980208,2980,idle,3578.0,,,0,0,0,0
1450786565723382,1790358453.140392,3140,idle,529.0,,,0,0,0,0
1450786725136984,1790358453.299806,3299,idle,574.4,,,0,0,0,0
1450786875530612,1790358453.450198,3450,idle,654.4,,,0,0,0,0
1450787035104278,1790358453.609774,3609,idle,239.6,,,0,0,0,0
1450787185270393,1790358453.759939,3759,idle,553.5,,,0,0,0,0
1450787339754423,1790358453.914423,3914,idle,546.5,,,0,0,0,0
1450787495742673,1790358454.070411,4070,idle,774.7,,,0,0,0,0
1450787654138605,1790358454.228808,4228,idle,223.6,,,0,0,0,0
1450787804381652,1790358454.379050,4379,idle,5815.6,,,0,0,0,0
1450787954619896,1790358454.529289,4529,idle,435.9,,,0,0,0,0
1450788104873615,1790358454.679543,4679,idle,3766.6,,,0,0,0,0
1450788264058037,1790358454.838728,4838,idle,278.4,,,0,0,0,0
1450788414832070,1790358454.989501,4989,idle,569.0,,,0,0,0,0
1450788574238566,1790358455.148907,5148,idle,563.2,,,0,0,0,0
1450788724881770,1790358455.299551,5299,idle,579.7,,,0,0,0,0
1450788884293996,1790358455.458963,5458,idle,414.7,,,0,0,0,0
1450789042373764,1790358455.617043,5617,idle,337.6,,,0,0,0,0
1450789193567279,1790358455.768236,5768,idle,611.9,,,0,0,0,0
1450789349700868,1790358455.924370,5924,idle,597.3,,,0,0,0,0
1450789504157698,1790358456.078826,6078,idle,20434.2,,,0,0,0,0
1450789663567481,1790358456.238237,6238,idle,219.6,,,0,0,0,0
1450789813674700,1790358456.388343,6388,idle,614.2,,,0,0,0,0
1450789964227329,1790358456.538897,6538,idle,265.1,,,0,0,0,0
1450790123010967,1790358456.697681,6697,idle,207.2,,,0,0,0,0
1450790273393415,1790358456.848063,6848,idle,214.0,,,0,0,0,0
1450790433594581,1790358457.008264,7008,idle,618.8,,,0,0,0,0
1450790583953614,1790358457.158622,7158,idle,585.3,,,0,0,0,0
1450790735352504,1790358457.310021,7310,idle,560.3,,,0,0,0,0
1450790894708566,1790358457.469378,7469,idle,261.4,,,0,0,0,0
1450791054569096,1790358457.629238,7629,idle,613.0,,,0,0,0,0
1450791204866634,1790358457.779536,7779,idle,7211.0,,,0,0,0,0
1450791365039468,1790358457.939707,7939,idle,706.9,,,0,0,0,0
1450791524563814,1790358458.099232,8099,idle,462.4,,,0,0,0,0
1450791684491248,1790358458.259160,8259,idle,543.3,,,0,0,0,0
1450791843113895,1790358458.417783,8417,idle,532.3,,,0,0,0,0
1450791994445227,1790358458.569114,8569,idle,655.5,,,0,0,0,0
1450792148271718,1790358458.722941,8722,idle,540.6,,,0,0,0,0
1450792303889900,1790358458.878560,8878,idle,165.4,,,0,0,0,0
1450792459509064,1790358459.034178,9034,idle,605.9,,,0,0,0,0
1450792614758446,1790358459.189427,9189,idle,621.9,,,0,0,0,0
1450792765315673,1790358459.339984,9339,idle,562.9,,,0,0,0,0
1450792923990962,1790358459.498661,9498,idle,287.3,,,0,0,0,0
1450793075302501,1790358459.649971,9649,idle,884.3,,,0,0,0,0
1450793234485356,1790358459.809155,9809,idle,260.5,,,0,0,0,0
1450793384715521,1790358459.959385,9959,idle,532.0,,,0,0,0,0
1450793542168686,1790358460.116837,10116,idle,615.2,,,0,0,0,0
1450793693567416,1790358460.268237,10268,idle,222.1,,,0,0,0,0
1450793843979908,1790358460.418650,10418,idle,205.5,,,0,0,0,0
1450794003251075,1790358460.577920,10577,idle,3058.2,,,0,0,0,0
1450794162839835,1790358460.737509,10737,idle,237.2,,,0,0,0,0
1450794313341786,1790358460.888011,10888,idle,212.9,,,0,0,0,0
1450794473505889,1790358461.048175,11048,idle,579.5,,,0,0,0,0
1450794623556445,1790358461.198225,11198,idle,601.9,,,0,0,0,0
1450794773719814,1790358461.348389,11348,idle,712.1,,,0,0,0,0
1450794932923070,1790358461.507593,11507,idle,242.7,,,0,0,0,0
1450795090919826,1790358461.665588,11665,idle,746.1,,,0,0,0,0
1450795248417195,1790358461.823086,11823,idle,639.1,,,0,0,0,0
1450795405740208,1790358461.980408,11980,decode,274.7,,,0,0,1,0
1450795561230072,1790358462.135900,12135,idle,198.5,,,0,0,0,0
1450795711864981,1790358462.286534,12286,idle,565.4,,,0,0,0,0
1450795871709405,1790358462.446378,12446,idle,622.4,,,0,0,0,0
1450796031351505,1790358462.606020,12606,idle,607.2,,,0,0,0,0
1450796181700328,1790358462.756370,12756,idle,311.7,,,0,0,0,0
1450796332700525,1790358462.907370,12907,idle,263.3,,,0,0,0,0
1450796492238420,1790358463.066907,13066,idle,648.3,,,0,0,0,0
1450796650780537,1790358463.225449,13225,idle,715.0,,,0,0,0,0
1450796805625520,1790358463.380294,13380,idle,3162.1,,,0,0,0,0
1450796957595380,1790358463.532265,13532,decode,207.1,,,0,0,1,0
1450797114740703,1790358463.689409,13689,idle,531.8,,,0,0,0,0
1450797265258906,1790358463.839927,13839,idle,547.4,,,0,0,0,0
1450797424771767,1790358463.999441,13999,idle,660.6,,,0,0,0,0
1450797584336635,1790358464.159007,14159,idle,217.8,,,0,0,0,0
1450797737380472,1790358464.312049,14312,idle,551.9,,,0,0,0,0
1450797894702818,1790358464.469373,14469,decode,207.5,,,0,0,1,0
1450798050770337,1790358464.625440,14625,idle,267.4,,,0,0,0,0
1450798201672523,1790358464.776342,14776,idle,1191.5,,,0,0,0,0
1450798352184687,1790358464.926853,14926,idle,472.7,,,0,0,0,0
1450798502688324,1790358465.077357,77,idle,13975.3,,,0,0,0,0
1450798662175870,1790358465.236845,236,idle,525.0,,,0,0,0,0
1450798812581837,1790358465.387251,387,idle,582.5,,,0,0,0,0
1450798972190148,1790358465.546860,546,idle,222.4,,,0,0,0,0
1450799122586464,1790358465.697253,697,idle,601.4,,,0,0,0,0
1450799282205827,1790358465.856875,856,idle,543.4,,,0,0,0,0
1450799439197501,1790358466.013866,1013,idle,590.7,,,0,0,0,0
1450799595058758,1790358466.169728,1169,idle,288.7,,,0,0,0,0
1450799749806826,1790358466.324476,1324,idle,680.5,,,0,0,0,0
1450799904231621,1790358466.478900,1478,idle,4412.0,,,0,0,0,0
1450800054306628,1790358466.628975,1628,idle,555.5,,,0,0,0,0
1450800204421753,1790358466.779091,1779,idle,256.6,,,0,0,0,0
1450800364078771,1790358466.938748,1938,idle,587.2,,,0,0,0,0
1450800514320484,1790358467.088990,2088,idle,1931.2,,,0,0,0,0
1450800673996214,1790358467.248664,2248,idle,632.6,,,0,0,0,0
1450800833717930,1790358467.408386,2408,idle,663.8,,,0,0,0,0
1450800983858334,1790358467.558528,2558,idle,224.4,,,0,0,0,0
1450801138404951,1790358467.713074,2713,idle,676.0,,,0,0,0,0
1450801294066987,1790358467.868735,2868,idle,579.0,,,0,0,0,0
1450801448603708,1790358468.023272,3023,idle,716.0,,,0,0,0,0
1450801603337661,1790358468.178007,3178,idle,1079.5,,,0,0,0,0
1450801763389443,1790358468.338058,3338,idle,555.6,,,0,0,0,0
1450801913734658,1790358468.488404,3488,idle,525.8,,,0,0,0,0
1450802063753288,1790358468.638422,3638,idle,576.9,,,0,0,0,0
1450802223490040,1790358468.798160,3798,idle,278.3,,,0,0,0,0
1450802383191436,1790358468.957860,3957,idle,538.2,,,0,0,0,0
1450802543031848,1790358469.117670,4117,idle,500.5,,,0,0,0,0
1450802694532409,1790358469.269200,4269,idle,582.5,,,0,0,0,0
1450802851184205,1790358469.425854,4425,idle,232.4,,,0,0,0,0
1450803003420597,1790358469.578090,4578,idle,981.0,,,0,0,0,0
1450803154409689,1790358469.729078,4729,idle,541.5,,,0,0,0,0
1450803313950699,1790358469.888619,4888,idle,563.9,,,0,0,0,0
1450803464277504,1790358470.038947,5038,idle,477.7,,,0,0,0,0
1450803614498039,1790358470.189167,5189,idle,254.5,,,0,0,0,0
1450803774576622,1790358470.349245,5349,idle,667.0,,,0,0,0,0
1450803933957517,1790358470.508626,5508,idle,572.2,,,0,0,0,0
1450804093598507,1790358470.668267,5668,idle,570.6,,,0,0,0,0
1450804245592426,1790358470.820262,5820,idle,198.7,,,0,0,0,0
1450804404418164,1790358470.979087,5979,idle,4062.8,,,0,0,0,0
1450804564357648,1790358471.139027,6139,idle,555.3,,,0,0,0,0
1450804723554360,1790358471.298223,6298,idle,542.5,,,0,0,0,0
1450804883350547,1790358471.458020,6458,idle,316.1,,,0,0,0,0
1450805040246257,1790358471.614915,6614,idle,729.1,,,0,0,0,0
1450805194120104,1790358471.768789,6768,idle,541.2,,,0,0,0,0
1450805349948051,1790358471.924617,6924,idle,730.8,,,0,0,0,0
1450805504559130,1790358472.079228,7079,idle,37818.2,,,0,0,0,0
1450805663167618,1790358472.237838,7237,idle,188.4,,,0,0,0,0
1450805814478237,1790358472.389147,7389,idle,590.9,,,0,0,0,0
1450805973940023,1790358472.548607,7548,idle,606.7,,,0,0,0,0
1450806124525463,1790358472.699194,7699,idle,597.4,,,0,0,0,0
1450806283202278,1790358472.857872,7857,idle,227.5,,,0,0,0,0
1450806434343596,1790358473.009012,8009,idle,561.1,,,0,0,0,0
1450806593796717,1790358473.168466,8168,idle,578.8,,,0,0,0,0
1450806750739460,1790358473.325407,8325,idle,594.3,,,0,0,0,0
1450806904072220,1790358473.478742,8478,idle,242.4,,,0,0,0,0
1450807064095745,1790358473.638765,8638,idle,522.4,,,0,0,0,0
1450807215417941,1790358473.790087,8790,idle,507.7,,,0,0,0,0
1450807375016191,1790358473.949685,8949,idle,259.1,,,0,0,0,0
1450807525182946,1790358474.099853,9099,idle,274.2,,,0,0,0,0
1450807684652168,1790358474.259321,9259,idle,598.6,,,0,0,0,0
1450807839587180,1790358474.414256,9414,idle,627.3,,,0,0,0,0
1450807994955173,1790358474.569622,9569,idle,851.8,,,0,0,0,0
1450808149256899,1790358474.723926,9723,idle,1444.9,,,0,0,0,0
1450808304651937,1790358474.879322,9879,idle,212.8,,,0,0,0,0
1450808454848204,1790358475.029517,10029,idle,674.4,,,0,0,0,0
1450808613524329,1790358475.188193,10188,idle,692.1,,,0,0,0,0
1450808763976463,1790358475.338645,10338,idle,554.4,,,0,0,0,0
1450808922981764,1790358475.497651,10497,idle,211.1,,,0,0,0,0
1450809073790370,1790358475.648459,10648,idle,535.7,,,0,0,0,0
1450809233489404,1790358475.808156,10808,idle,569.3,,,0,0,0,0
1450809383973904,1790358475.958643,10958,idle,648.9,,,0,0,0,0
1450809541750888,1790358476.116421,11116,idle,209.7,,,0,0,0,0
1450809693643785,1790358476.268312,11268,idle,653.7,,,0,0,0,0
1450809849933131,1790358476.424602,11424,idle,599.2,,,0,0,0,0
1450810003134250,1790358476.577802,11577,idle,39669.5,,,0,0,0,0
1450810153792097,1790358476.728461,11728,idle,524.5,,,0,0,0,0
1450810308488529,1790358476.883158,11883,decode,218.9,,,0,0,1,0
1450810463705844,1790358477.038376,12038,decode,178.9,,,0,0,1,0
1450810614771906,1790358477.189441,12189,idle,511.6,,,0,0,0,0
1450810774529488,1790358477.349198,12349,idle,583.6,,,0,0,0,0
1450810934259380,1790358477.508929,12508,idle,237.9,,,0,0,0,0
1450811084350276,1790358477.659019,12659,idle,581.9,,,0,0,0,0
1450811239579882,1790358477.814249,12814,idle,669.8,,,0,0,0,0
1450811394249663,1790358477.968918,12968,idle,611.6,,,0,0,0,0
1450811552116872,1790358478.126787,13126,idle,219.7,,,0,0,0,0
1450811704180071,1790358478.278849,13278,idle,4654.8,,,0,0,0,0
1450811863361247,1790358478.438030,13438,idle,575.2,,,0,0,0,0
1450812013650421,1790358478.588320,13588,idle,8218.4,,,0,0,0,0
1450812163661918,1790358478.738332,13738,idle,272.2,,,0,0,0,0
1450812323011135,1790358478.897670,13897,idle,272.7,,,0,0,0,0
1450812474309174,1790358479.048978,14048,idle,581.3,,,0,0,0,0
1450812633524965,1790358479.208194,14208,idle,633.5,,,0,0,0,0
1450812783806816,1790358479.358475,14358,idle,610.4,,,0,0,0,0
1450812937739790,1790358479.512410,14512,decode,211.3,,,0,0,1,0
1450813090868903,1790358479.665538,14665,idle,683.7,,,0,0,0,0
1450813241461154,1790358479.816129,14816,idle,566.6,,,0,0,0,0
1450813391815800,1790358479.966484,14966,idle,629.5,,,0,0,0,0
1450813547247575,1790358480.121917,121,idle,207.0,,,0,0,0,0
1450813701482929,1790358480.276152,276,idle,14278.7,,,0,0,0,0
1450813851913648,1790358480.426582,426,idle,558.5,,,0,0,0,0
1450814011429232,1790358480.586098,586,idle,762.2,,,0,0,0,0
1450814161852032,1790358480.736522,736,idle,206.7,,,0,0,0,0
1450814321534042,1790358480.896203,896,idle,615.8,,,0,0,0,0
1450814471895964,1790358481.046565,1046,idle,595.8,,,0,0,0,0
1450814624947908,1790358481.199616,1199,idle,606.6,,,0,0,0,0
1450814775478070,1790358481.350146,1350,idle,600.9,,,0,0,0,0
1450814935173430,1790358481.509843,1509,idle,216.7,,,0,0,0,0
1450815094774969,1790358481.669444,1669,idle,519.3,,,0,0,0,0
1450815251674421,1790358481.826344,1826,idle,178.3,,,0,0,0,0
1450815404870485,1790358481.979541,1979,idle,194.6,,,0,0,0,0
1450815564276742,1790358482.138947,2138,idle,204.6,,,0,0,0,0
1450815714553241,1790358482.289223,2289,idle,213.2,,,0,0,0,0
1450815865138887,1790358482.439807,2439,idle,619.1,,,0,0,0,0
1450816025139998,1790358482.599809,2599,idle,17210.2,,,0,0,0,0
1450816175531715,1790358482.750202,2750,idle,214.9,,,0,0,0,0
1450816333757489,1790358482.908426,2908,idle,1005.5,,,0,0,0,0
1450816484444615,1790358483.059114,3059,idle,554.8,,,0,0,0,0
1450816643560566,1790358483.218229,3218,idle,629.0,,,0,0,0,0
1450816803310549,1790358483.377980,3377,idle,728.2,,,0,0,0,0
1450816963368708,1790358483.538038,3538,idle,456.6,,,0,0,0,0
1450817113609617,1790358483.688278,3688,idle,525.0,,,0,0,0,0
1450817264243035,1790358483.838911,3838,idle,614.2,,,0,0,0,0
1450817423165245,1790358483.997834,3997,idle,1111.2,,,0,0,0,0
1450817575473457,1790358484.150143,4150,idle,270.3,,,0,0,0,0
1450817726500634,1790358484.301169,4301,idle,728.2,,,0,0,0,0
1450817886516432,1790358484.461186,4461,idle,482.8,,,0,0,0,0
1450818038263890,1790358484.612933,4612,idle,373.3,,,0,0,0,0
1450818195900624,1790358484.770570,4770,idle,349.0,,,0,0,0,0
1450818350637979,1790358484.925307,4925,idle,268.1,,,0,0,0,0
1450818506516362,1790358485.081185,5081,idle,9339.1,,,0,0,0,0
1450818666450414,1790358485.241119,5241,idle,504.5,,,0,0,0,0
1450818826286139,1790358485.400956,5400,idle,237.1,,,0,0,0,0
1450818985709799,1790358485.560380,5560,idle,319.9,,,0,0,0,0
1450819137452119,1790358485.712120,5712,idle,619.9,,,0,0,0,0
1450819292429524,1790358485.867099,5867,idle,324.9,,,0,0,0,0
1450819450437686,1790358486.025106,6025,idle,551.3,,,0,0,0,0
1450819601982744,1790358486.176652,6176,idle,5505.1,,,0,0,0,0
1450819752454258,1790358486.327124,6327,idle,277.5,,,0,0,0,0
1450819912438653,1790358486.487108,6487,idle,2552.5,,,0,0,0,0
1450820062488503,1790358486.637157,6637,idle,6590.8,,,0,0,0,0
1450820213070045,1790358486.787740,6787,idle,271.9,,,0,0,0,0
1450820372546221,1790358486.947216,6947,idle,222.8,,,0,0,0,0
1450820532431776,1790358487.107101,7107,idle,9367.1,,,0,0,0,0
1450820683447177,1790358487.258116,7258,idle,520.8,,,0,0,0,0
1450820838345787,1790358487.413014,7413,idle,599.7,,,0,0,0,0
1450820993024735,1790358487.567693,7567,idle,231.0,,,0,0,0,0
1450821148824690,1790358487.723494,7723,idle,513.7,,,0,0,0,0
1450821303205881,1790358487.877875,7877,idle,5103.6,,,0,0,0,0
1450821453398814,1790358488.028068,8028,idle,600.8,,,0,0,0,0
1450821613096754,1790358488.187765,8187,idle,244.2,,,0,0,0,0
1450821763679870,1790358488.338349,8338,idle,673.6,,,0,0,0,0
1450821923173414,1790358488.497843,8497,idle,551.8,,,0,0,0,0
1450822073895224,1790358488.648565,8648,idle,471.2,,,0,0,0,0
1450822224928053,1790358488.799597,8799,idle,303.5,,,0,0,0,0
1450822376221117,1790358488.950891,8950,idle,234.7,,,0,0,0,0
1450822534645908,1790358489.109315,9109,idle,407.1,,,0,0,0,0
1450822685337438,1790358489.260006,9260,idle,649.6,,,0,0,0,0
1450822839710488,1790358489.414379,9414,idle,596.7,,,0,0,0,0
1450822994208268,1790358489.568878,9568,idle,208.7,,,0,0,0,0
1450823149432939,1790358489.724102,9724,idle,706.7,,,0,0,0,0
1450823304818846,1790358489.879487,9879,idle,5014.6,,,0,0,0,0
1450823455193186,1790358490.029862,10029,idle,623.7,,,0,0,0,0
1450823613372874,1790358490.188043,10188,idle,221.5,,,0,0,0,0
1450823764475887,1790358490.339145,10339,idle,579.9,,,0,0,0,0
1450823924349892,1790358490.499019,10499,idle,516.3,,,0,0,0,0
1450824083981650,1790358490.658650,10658,idle,646.9,,,0,0,0,0
1450824234040938,1790358490.808711,10808,idle,246.6,,,0,0,0,0
1450824393596388,1790358490.968265,10968,idle,477.5,,,0,0,0,0
1450824553616738,1790358491.128286,11128,idle,289.0,,,0,0,0,0
1450824703997382,1790358491.278666,11278,idle,6700.8,,,0,0,0,0
1450824854068247,1790358491.428737,11428,idle,380.8,,,0,0,0,0
1450825013408868,1790358491.588078,11588,idle,28415.4,,,0,0,0,0
1450825173165427,1790358491.747834,11747,idle,414.3,,,0,0,0,0
1450825323663455,1790358491.898333,11898,decode,3941.0,,,0,0,1,0
1450825475435285,1790358492.050105,12050,decode,213.2,,,0,0,1,0
1450825635255604,1790358492.209925,12209,idle,252.3,,,0,0,0,0
1450825793590299,1790358492.368259,12368,idle,564.2,,,0,0,0,0
1450825949752753,1790358492.524422,12524,idle,442.4,,,0,0,0,0
1450826103565303,1790358492.678234,12678,idle,6751.1,,,0,0,0,0
1450826263063173,1790358492.837733,12837,idle,216.8,,,0,0,0,0
1450826413171132,1790358492.987841,12987,idle,230.4,,,0,0,0,0
1450826563478275,1790358493.138148,13138,idle,415.6,,,0,0,0,0
1450826714427056,1790358493.289096,13289,idle,1048.4,,,0,0,0,0
1450826874365944,1790358493.449036,13449,idle,194.4,,,0,0,0,0
1450827024648276,1790358493.599318,13599,decode,202.4,,,0,0,1,0
1450827184706559,1790358493.759375,13759,idle,613.6,,,0,0,0,0
1450827339296532,1790358493.913965,13913,idle,670.6,,,0,0,0,0
1450827494728626,1790358494.069399,14069,idle,241.9,,,0,0,0,0
1450827645493000,1790358494.220163,14220,idle,223.9,,,0,0,0,0
1450827804772084,1790358494.379441,14379,idle,17847.4,,,0,0,0,0
1450827964124378,1790358494.538794,14538,decode,186.2,,,0,0,1,0
1450828124167620,1790358494.698838,14698,idle,209.3,,,0,0,0,0
1450828281490258,1790358494.856160,14856,idle,262.4,,,0,0,0,0
1450828439494145,1790358495.014163,14,idle,559.2,,,0,0,0,0
1450828617033034,1790358495.191703,191,tx,50752.0,,,1,0,0,1
1450828769320854,1790358495.343991,343,tx,51579.6,,,1,0,0,1
1450828922187078,1790358495.496857,496,tx,50612.8,,,1,0,0,1
1450829074304883,1790358495.648973,648,tx,50900.1,,,1,0,0,1
1450829226493400,1790358495.801162,801,tx,50831.3,,,1,0,0,1
1450829378708270,1790358495.953377,953,tx,52166.0,,,1,0,0,1
1450829534030461,1790358496.108700,1108,tx,51817.1,,,1,0,0,1
1450829687064638,1790358496.261734,1261,tx,51790.0,,,1,0,0,1
1450829840423110,1790358496.415092,1415,tx,50909.6,,,1,0,0,1
1450829992502980,1790358496.567172,1567,tx,51748.0,,,1,0,0,1
1450830145122491,1790358496.719792,1719,tx,51666.0,,,1,0,0,1
1450830298441988,1790358496.873111,1873,tx,50811.8,,,1,0,0,1
1450830450491891,1790358497.025161,2025,tx,54931.3,,,1,0,0,1
1450830602737492,1790358497.177406,2177,tx,51134.4,,,1,0,0,1
1450830754697540,1790358497.329367,2329,tx,51594.8,,,1,0,0,1
1450830907196246,1790358497.481866,2481,tx,50563.1,,,1,0,0,1
1450831060278854,1790358497.634948,2634,tx,51644.6,,,1,0,0,1
1450831213332515,1790358497.788001,2788,tx,51917.3,,,1,0,0,1
1450831366177967,1790358497.940847,2940,tx,52717.4,,,1,0,0,1
1450831520486796,1790358498.095156,3095,tx,50793.0,,,1,0,0,1
1450831672833028,1790358498.247501,3247,tx,52078.0,,,1,0,0,1
1450831826424149,1790358498.401092,3401,tx,50820.7,,,1,0,0,1
1450831978278940,1790358498.552949,3552,tx,53239.7,,,1,0,0,1
1450832131151276,1790358498.705821,3705,tx,50660.3,,,1,0,0,1
1450832283640567,1790358498.858309,3858,tx,51983.9,,,1,0,0,1
1450832437103326,1790358499.011772,4011,tx,50789.2,,,1,0,0,1
1450832589564149,1790358499.164233,4164,tx,51947.9,,,1,0,0,1
1450832743034782,1790358499.317705,4317,tx,51806.5,,,1,0,0,1
1450832896454021,1790358499.471123,4471,tx,50864.5,,,1,0,0,1
1450833054084486,1790358499.628753,4628,tx,51924.0,,,1,0,0,1
1450833207628236,1790358499.782297,4782,tx,51811.4,,,1,0,0,1
1450833361073676,1790358499.935744,4935,tx,51748.5,,,1,0,0,1
1450833514567048,1790358500.089236,5089,tx,68282.9,,,1,0,0,1
1450833674635564,1790358500.249305,5249,tx,50753.3,,,1,0,0,1
1450833826900897,1790358500.401570,5401,tx,52047.6,,,1,0,0,1
1450833980238973,1790358500.554909,5554,tx,51566.8,,,1,0,0,1
1450834132828084,1790358500.707497,5707,tx,51056.4,,,1,0,0,1
1450834285347289,1790358500.860016,5860,tx,51926.3,,,1,0,0,1
1450834438379472,1790358501.013049,6013,tx,50827.2,,,1,0,0,1
1450834590198631,1790358501.164869,6164,tx,50624.4,,,1,0,0,1
1450834744916025,1790358501.319585,6319,tx,51047.2,,,1,0,0,1
1450834897640506,1790358501.472309,6472,tx,51769.6,,,1,0,0,1
1450835050314482,1790358501.624983,6624,tx,53226.7,,,1,0,0,1
1450835203816968,1790358501.778487,6778,tx,51436.5,,,1,0,0,1
1450835356606840,1790358501.931275,6931,tx,51905.6,,,1,0,0,1
1450835509775494,1790358502.084445,7084,tx,53525.7,,,1,0,0,1
1450835664578470,1790358502.239247,7239,tx,51713.7,,,1,0,0,1
1450835817382074,1790358502.392052,7392,tx,54560.1,,,1,0,0,1
1450835969741306,1790358502.544411,7544,tx,51468.7,,,1,0,0,1
1450836122904743,1790358502.697574,7697,tx,52051.2,,,1,0,0,1
1450836276470920,1790358502.851139,7851,tx,50937.7,,,1,0,0,1
1450836428758154,1790358503.003427,8003,tx,51869.6,,,1,0,0,1
1450836581619406,1790358503.156289,8156,tx,50462.9,,,1,0,0,1
1450836733705404,1790358503.308375,8308,tx,50686.7,,,1,0,0,1
1450836885679758,1790358503.460348,8460,tx,51701.8,,,1,0,0,1
1450837038578681,1790358503.613247,8613,tx,52428.5,,,1,0,0,1
1450837192172370,1790358503.766842,8766,tx,50716.1,,,1,0,0,1
1450837349703129,1790358503.924372,8924,tx,53580.3,,,1,0,0,1
1450837503225010,1790358504.077893,9077,tx,77954.1,,,1,0,0,1
1450837662525937,1790358504.237195,9237,tx,50794.6,,,1,0,0,1
1450837814147950,1790358504.388818,9388,tx,50740.6,,,1,0,0,1
1450837966392961,1790358504.541062,9541,tx,50587.7,,,1,0,0,1
1450838118908594,1790358504.693578,9693,tx,52022.5,,,1,0,0,1
1450838272577099,1790358504.847246,9847,tx,51764.3,,,1,0,0,1
1450838425213588,1790358504.999883,9999,tx,50582.6,,,1,0,0,1
1450838577711781,1790358505.152380,10152,tx,51244.8,,,1,0,0,1
1450838730555096,1790358505.305224,10305,tx,50917.4,,,1,0,0,1
1450838883154275,1790358505.457823,10457,tx,51772.8,,,1,0,0,1
1450839035826197,1790358505.610496,10610,tx,51404.4,,,1,0,0,1
1450839188418585,1790358505.763087,10763,tx,50856.8,,,1,0,0,1
1450839340901013,1790358505.915569,10915,tx,52199.3,,,1,0,0,1
1450839494545517,1790358506.069215,11069,tx,51854.7,,,1,0,0,1
1450839647864313,1790358506.222534,11222,tx,52814.8,,,1,0,0,1
1450839800748956,1790358506.375418,11375,tx,52278.2,,,1,0,0,1
1450839955021994,1790358506.529691,11529,tx,50872.4,,,1,0,0,1
1450840107486638,1790358506.682156,11682,tx,51012.0,,,1,0,0,1
1450840259805441,1790358506.834473,11834,tx,52191.2,,,1,0,0,1
1450840413017040,1790358506.987687,11987,tx,50570.7,,,1,0,0,1
1450840571949016,1790358507.146618,12146,tx,52019.9,,,1,0,0,1
1450840725835823,1790358507.300505,12300,tx,51117.9,,,1,0,0,1
1450840878842120,1790358507.453511,12453,tx,52151.8,,,1,0,0,1
1450841032163071,1790358507.606833,12606,tx,50735.5,,,1,0,0,1
1450841184290133,1790358507.758959,12758,tx,51705.1,,,1,0,0,1
1450841337521343,1790358507.912190,12912,tx,51775.3,,,1,0,0,1
1450841490603868,1790358508.065273,13065,tx,51742.5,,,1,0,0,1
1450841644141025,1790358508.218811,13218,tx,50716.9,,,1,0,0,1
1450841796890954,1790358508.371560,13371,tx,51130.4,,,1,0,0,1
1450841951110961,1790358508.525780,13525,tx,52748.5,,159454.2,1,0,0,1
1450842104781173,1790358508.679449,13679,tx,51818.6,,,0,0,0,0
1450842257426129,1790358508.832096,13832,idle,50464.1,,,0,0,0,0
1450842444129567,1790358509.018799,14018,idle,7745.1,,,0,0,0,0
1450842596697231,1790358509.171366,14171,idle,541.2,,,0,0,0,0
1450842746754872,1790358509.321424,14321,idle,624.6,,,0,0,0,0
1450842906717303,1790358509.481387,14481,idle,205.6,,,0,0,0,0
1450843060342277,1790358509.635011,14635,idle,527.4,,,0,0,0,0
1450843216800089,1790358509.791469,14791,idle,578.4,,,0,0,0,0
1450843367092314,1790358509.941761,14941,idle,577.9,,,0,0,0,0
1450843526568158,1790358510.101238,101,idle,211.1,,,0,0,0,0
1450843676908220,1790358510.251578,251,idle,320.2,,,0,0,0,0
1450843826974184,1790358510.401643,401,idle,632.6,,,0,0,0,0
1450843986514714,1790358510.561184,561,idle,393.1,,,0,0,0,0
1450844136557440,1790358510.711226,711,idle,684.7,,,0,0,0,0
1450844296217324,1790358510.870888,870,idle,221.9,,,0,0,0,0
1450844447312689,1790358511.021981,1021,idle,488.9,,,0,0,0,0
1450844606388613,1790358511.181057,1181,idle,4938.0,,,0,0,0,0
1450844756777308,1790358511.331446,1331,idle,520.6,,,0,0,0,0
1450844916328718,1790358511.490998,1490,idle,172.2,,,0,0,0,0
1450845066881106,1790358511.641550,1641,idle,591.1,,,0,0,0,0
1450845217132551,1790358511.791801,1791,idle,604.1,,,0,0,0,0
1450845376608100,1790358511.951277,1951,idle,596.1,,,0,0,0,0
1450845536640198,1790358512.111310,2111,idle,188.4,,,0,0,0,0
1450845696311572,1790358512.270980,2270,idle,554.5,,,0,0,0,0
1450845846675510,1790358512.421344,2421,idle,626.3,,,0,0,0,0
1450846006784456,1790358512.581454,2581,idle,22363.5,,,0,0,0,0
1450846166339484,1790358512.741009,2741,idle,292.2,,,0,0,0,0
1450846316829776,1790358512.891499,2891,idle,259.4,,,0,0,0,0
1450846467086308,1790358513.041755,3041,idle,612.6,,,0,0,0,0
1450846626691808,1790358513.201361,3201,idle,539.7,,,0,0,0,0
1450846777061439,1790358513.351729,3351,idle,595.7,,,0,0,0,0
1450846936652084,1790358513.511322,3511,idle,201.3,,,0,0,0,0
1450847096490464,1790358513.671158,3671,idle,579.8,,,0,0,0,0
1450847246809426,1790358513.821475,3821,idle,748.5,,,0,0,0,0
1450847406746089,1790358513.981414,3981,idle,4103.8,,,0,0,0,0
1450847559923569,1790358514.134593,4134,idle,228.5,,,0,0,0,0
1450847717052584,1790358514.291722,4291,idle,237.0,,,0,0,0,0
1450847877196167,1790358514.451865,4451,idle,600.4,,,0,0,0,0
1450848036424821,1790358514.611094,4611,idle,514.8,,,0,0,0,0
1450848196143266,1790358514.770813,4770,idle,210.9,,,0,0,0,0
1450848347220566,1790358514.921889,4921,idle,525.2,,,0,0,0,0
1450848507066677,1790358515.081736,5081,idle,14058.5,,,0,0,0,0
1450848657920648,1790358515.232589,5232,idle,534.0,,,0,0,0,0
1450848816347207,1790358515.391017,5391,idle,227.2,,,0,0,0,0
1450848966814494,1790358515.541484,5541,idle,253.6,,,0,0,0,0
1450849117102553,1790358515.691772,5691,idle,566.4,,,0,0,0,0
1450849276305321,1790358515.850974,5850,idle,560.6,,,0,0,0,0
1450849426867936,1790358516.001537,6001,idle,651.2,,,0,0,0,0
1450849586662679,1790358516.161333,6161,idle,215.1,,,0,0,0,0
1450849746782028,1790358516.321451,6321,idle,573.9,,,0,0,0,0
1450849897074732,1790358516.471743,6471,idle,558.0,,,0,0,0,0
1450850056724097,1790358516.631393,6631,idle,554.3,,,0,0,0,0
1450850208522436,1790358516.783191,6783,idle,247.9,,,0,0,0,0
1450850367364636,1790358516.942033,6942,idle,521.7,,,0,0,0,0
1450850526840222,1790358517.101510,7101,idle,4934.5,,,0,0,0,0
1450850686686832,1790358517.261356,7261,idle,590.7,,,0,0,0,0
1450850847055529,1790358517.421725,7421,idle,2692.4,,,0,0,0,0
1450851006911925,1790358517.581582,7581,idle,5249.5,,,0,0,0,0
1450851157556644,1790358517.732225,7732,idle,528.5,,,0,0,0,0
1450851316672242,1790358517.891342,7891,idle,317.5,,,0,0,0,0
1450851466740988,1790358518.041410,8041,idle,324.4,,,0,0,0,0
1450851625900905,1790358518.200571,8200,idle,234.8,,,0,0,0,0
1450851776990079,1790358518.351659,8351,idle,535.4,,,0,0,0,0
1450851927102755,1790358518.501772,8501,idle,536.7,,,0,0,0,0
1450852080881361,1790358518.655550,8655,idle,639.6,,,0,0,0,0
1450852236253511,1790358518.810923,8810,idle,3843.4,,,0,0,0,0
1450852386872369,1790358518.961542,8961,idle,218.2,,,0,0,0,0
1450852546221955,1790358519.120892,9120,idle,224.7,,,0,0,0,0
1450852696389639,1790358519.271060,9271,idle,242.9,,,0,0,0,0
1450852846460531,1790358519.421130,9421,idle,201.3,,,0,0,0,0
1450852996597961,1790358519.571268,9571,idle,203.8,,,0,0,0,0
1450853151054786,1790358519.725724,9725,idle,7069.8,,,0,0,0,0
1450853307332638,1790358519.882002,9882,idle,1897.7,,,0,0,0,0
1450853466571930,1790358520.041241,10041,idle,563.7,,,0,0,0,0
1450853616575700,1790358520.191246,10191,idle,217.4,,,0,0,0,0
1450853775703650,1790358520.350374,10350,idle,205.3,,,0,0,0,0
1450853926750364,1790358520.501420,10501,idle,212.9,,,0,0,0,0
1450854086027191,1790358520.660697,10660,idle,213.3,,,0,0,0,0
1450854243704271,1790358520.818373,10818,idle,234.7,,,0,0,0,0
1450854396406119,1790358520.971075,10971,idle,568.8,,,0,0,0,0
1450854548191304,1790358521.122860,11122,idle,463.2,,,0,0,0,0
1450854706702232,1790358521.281371,11281,idle,3110.7,,,0,0,0,0
1450854857255774,1790358521.431925,11431,idle,608.2,,,0,0,0,0
1450855016714842,1790358521.591385,11591,idle,12257.2,,,0,0,0,0
1450855176764820,1790358521.751433,11751,idle,679.8,,,0,0,0,0
1450855328581975,1790358521.903252,11903,decode,158.8,,,0,0,1,0
1450855483836997,1790358522.058507,12058,decode,173.8,,,0,0,1,0
1450855636043112,1790358522.210712,12210,idle,496.6,,,0,0,0,0
1450855787599591,1790358522.362268,12362,idle,741.8,,,0,0,0,0
1450855946992656,1790358522.521662,12521,idle,587.6,,,0,0,0,0
1450856097374691,1790358522.672043,12672,idle,676.2,,,0,0,0,0
1450856256068529,1790358522.830739,12830,idle,201.5,,,0,0,0,0
1450856406398984,1790358522.981069,12981,idle,253.2,,,0,0,0,0
1450856561458627,1790358523.136127,13136,idle,522.2,,,0,0,0,0
1450856717075985,1790358523.291745,13291,idle,584.9,,,0,0,0,0
1450856876014804,1790358523.450684,13450,idle,247.2,,,0,0,0,0
1450857026354100,1790358523.601024,13601,decode,252.3,,,0,0,1,0
1450857176646892,1790358523.751316,13751,idle,646.0,,,0,0,0,0
1450857327047318,1790358523.901715,13901,idle,547.7,,,0,0,0,0
1450857486384360,1790358524.061054,14061,idle,303.0,,,0,0,0,0
1450857646547548,1790358524.221216,14221,idle,548.4,,,0,0,0,0
1450857805950505,1790358524.380620,14380,decode,1675.2,,,0,0,1,0
1450857956109080,1790358524.530779,14530,decode,175.2,,,0,0,1,0
1450858106818081,1790358524.681488,14681,idle,170.3,,,0,0,0,0
1450858266143346,1790358524.840813,14840,idle,210.1,,,0,0,0,0
1450858417207402,1790358524.991875,14991,idle,633.8,,,0,0,0,0
1450858630032970,1790358525.204703,204,tx,51523.3,,,1,0,0,1
1450858782425293,1790358525.357095,357,tx,51664.2,,,1,0,0,1
1450858934965679,1790358525.509635,509,tx,51601.8,,,1,0,0,1
1450859088744370,1790358525.663413,663,tx,54215.1,,,1,0,0,1
1450859239521926,1790358525.814191,814,tx,51864.8,,,1,0,0,1
1450859393345030,1790358525.968014,968,tx,51929.1,,,1,0,0,1
1450859549683053,1790358526.124353,1124,tx,52884.0,,,1,0,0,1
1450859703118443,1790358526.277787,1277,tx,52218.2,,,1,0,0,1
1450859856955528,1790358526.431625,1431,tx,50768.3,,,1,0,0,1
1450860009881403,1790358526.584550,1584,tx,55654.0,,,1,0,0,1
1450860166487652,1790358526.741158,1741,tx,50574.3,,,1,0,0,1
1450860319298405,1790358526.893967,1893,tx,51899.7,,,1,0,0,1
1450860472711993,1790358527.047381,2047,tx,51736.6,,,1,0,0,1
1450860626832614,1790358527.201501,2201,tx,51839.1,,,1,0,0,1
1450860779495756,1790358527.354166,2354,tx,50605.6,,,1,0,0,1
1450860932220759,1790358527.506888,2506,tx,51898.5,,,1,0,0,1
1450861086566095,1790358527.661234,2661,tx,51579.8,,,1,0,0,1
1450861240327328,1790358527.814996,2814,tx,51894.5,,,1,0,0,1
1450861395074035,1790358527.969744,2969,tx,50586.3,,,1,0,0,1
1450861553864175,1790358528.128533,3128,tx,51825.6,,,1,0,0,1
1450861707394457,1790358528.282064,3282,tx,50760.8,,,1,0,0,1
1450861860110869,1790358528.434780,3434,tx,51059.6,,,1,0,0,1
1450862012034687,1790358528.586704,3586,tx,68453.1,,,1,0,0,1
1450862171704373,1790358528.746373,3746,tx,51053.5,,,1,0,0,1
1450862324493961,1790358528.899163,3899,tx,52268.8,,,1,0,0,1
1450862477641259,1790358529.052310,4052,tx,51757.0,,,1,0,0,1
1450862631511947,1790358529.206182,4206,tx,51644.9,,,1,0,0,1
1450862783967723,1790358529.358638,4358,tx,51505.6,,,1,0,0,1
1450862936470777,1790358529.511140,4511,tx,53112.3,,,1,0,0,1
1450863089445015,1790358529.664115,4664,tx,51700.7,,,1,0,0,1
1450863243779937,1790358529.818450,4818,tx,51717.8,,,1,0,0,1
1450863396488535,1790358529.971159,4971,tx,51691.9,,,1,0,0,1
1450863549639702,1790358530.124309,5124,tx,52683.0,,,1,0,0,1
1450863703143725,1790358530.277813,5277,tx,52126.6,,,1,0,0,1
1450863856872793,1790358530.431542,5431,tx,51790.7,,,1,0,0,1
1450864009480451,1790358530.584150,5584,tx,53724.5,,,1,0,0,1
1450864164898735,1790358530.739568,5739,tx,50929.9,,,1,0,0,1
1450864317590846,1790358530.892260,5892,tx,50762.2,,,1,0,0,1
1450864470155410,1790358531.044824,6044,tx,52126.7,,,1,0,0,1
1450864623390712,1790358531.198061,6198,tx,50792.8,,,1,0,0,1
1450864775211298,1790358531.349880,6349,tx,52100.8,,,1,0,0,1
1450864928898592,1790358531.503568,6503,tx,50912.5,,,1,0,0,1
1450865082301540,1790358531.656970,6656,tx,50826.1,,,1,0,0,1
1450865234066897,1790358531.808737,6808,tx,51509.6,,,1,0,0,1
1450865386782720,1790358531.961451,6961,tx,51957.7,,,1,0,0,1
1450865540380762,1790358532.115049,7115,tx,51921.4,,,1,0,0,1
1450865693501480,1790358532.268171,7268,tx,51789.1,,,1,0,0,1
1450865846419573,1790358532.421089,7421,tx,51749.9,,,1,0,0,1
1450865999845912,1790358532.574515,7574,tx,50857.8,,,1,0,0,1
1450866152272185,1790358532.726941,7726,tx,52062.8,,,1,0,0,1
1450866305596111,1790358532.880264,7880,tx,51756.5,,,1,0,0,1
1450866458480198,1790358533.033150,8033,tx,51598.1,,,1,0,0,1
1450866611912669,1790358533.186582,8186,tx,52440.3,,,1,0,0,1
1450866766261091,1790358533.340930,8340,tx,55194.5,,,1,0,0,1
1450866919851871,1790358533.494521,8494,tx,50996.7,,,1,0,0,1
1450867071721649,1790358533.646391,8646,tx,51496.4,,,1,0,0,1
1450867224423627,1790358533.799093,8799,tx,50731.2,,,1,0,0,1
1450867376898225,1790358533.951567,8951,tx,51803.0,,,1,0,0,1
1450867530185381,1790358534.104854,9104,tx,51597.8,,,1,0,0,1
1450867683239656,1790358534.257909,9257,tx,52010.4,,,1,0,0,1
1450867836656441,1790358534.411326,9411,tx,51536.7,,,1,0,0,1
1450867989316731,1790358534.563987,9563,tx,51860.5,,,1,0,0,1
1450868142726877,1790358534.717397,9717,tx,51477.6,,,1,0,0,1
1450868295028284,1790358534.869698,9869,tx,51492.6,,,1,0,0,1
1450868447416932,1790358535.022086,10022,tx,51779.1,,,1,0,0,1
1450868600485624,1790358535.175155,10175,tx,51749.2,,,1,0,0,1
1450868753964517,1790358535.328633,10328,tx,50705.2,,,1,0,0,1
1450868906288930,1790358535.480958,10480,tx,51948.3,,,1,0,0,1
1450869059674263,1790358535.634344,10634,tx,51496.0,,,1,0,0,1
1450869212395120,1790358535.787064,10787,tx,51851.3,,,1,0,0,1
1450869366236442,1790358535.940905,10940,tx,52059.5,,,1,0,0,1
1450869519985320,1790358536.094654,11094,tx,51983.9,,,1,0,0,1
1450869673122455,1790358536.247792,11247,tx,51522.1,,,1,0,0,1
1450869825538741,1790358536.400209,11400,tx,51674.9,,,1,0,0,1
1450869978737655,1790358536.553407,11553,tx,51842.4,,,1,0,0,1
1450870132974604,1790358536.707642,11707,tx,50927.0,,,1,0,0,1
1450870285324852,1790358536.859994,11859,tx,51911.3,,,1,0,0,1
1450870438398980,1790358537.013069,12013,tx,51687.1,,,1,0,0,1
1450870591860923,1790358537.166492,12166,tx,53456.6,,,1,0,0,1
1450870744991534,1790358537.319660,12319,tx,51884.6,,,1,0,0,1
1450870898709399,1790358537.473378,12473,tx,51779.3,,,1,0,0,1
1450871052979895,1790358537.627650,12627,tx,51496.6,,,1,0,0,1
1450871206051724,1790358537.780720,12780,tx,51803.3,,,1,0,0,1
1450871359847619,1790358537.934516,12934,tx,51980.2,,,1,0,0,1
1450871513436917,1790358538.088105,13088,tx,68851.4,,,1,0,0,1
1450871673054846,1790358538.247725,13247,tx,51475.6,,,1,0,0,1
1450871826330258,1790358538.400999,13400,tx,52100.5,,,1,0,0,1
1450871979999118,1790358538.554668,13554,tx,50813.8,,128747.5,1,0,0,1
1450872139205019,1790358538.713875,13713,idle,51602.9,,,0,0,0,0
1450872291748918,1790358538.866419,13866,idle,51494.1,,,0,0,0,0
1450872463801608,1790358539.038470,14038,idle,1372.5,,,0,0,0,0
1450872616644808,1790358539.191314,14191,idle,701.1,,,0,0,0,0
1450872766754323,1790358539.341423,14341,idle,697.6,,,0,0,0,0
1450872916856754,1790358539.491526,14491,idle,230.2,,,0,0,0,0
1450873069390106,1790358539.644060,14644,idle,211.4,,,0,0,0,0
1450873226975820,1790358539.801646,14801,idle,231.0,,,0,0,0,0
1450873386237676,1790358539.960908,14960,idle,195.0,,,0,0,0,0
1450873536472559,1790358540.111142,111,idle,199.9,,,0,0,0,0
1450873686686429,1790358540.261356,261,idle,256.4,,,0,0,0,0
1450873837034332,1790358540.411704,411,idle,207.9,,,0,0,0,0
1450873997040057,1790358540.571709,571,idle,566.3,,,0,0,0,0
1450874147486683,1790358540.722155,722,idle,718.5,,,0,0,0,0
1450874306038336,1790358540.880708,880,idle,194.5,,,0,0,0,0
1450874457284847,1790358541.031954,1031,idle,639.7,,,0,0,0,0
1450874617213487,1790358541.191882,1191,idle,843.8,,,0,0,0,0
1450874776775099,1790358541.351444,1351,idle,648.3,,,0,0,0,0
1450874926842586,1790358541.501512,1501,idle,224.6,,,0,0,0,0
1450875086849924,1790358541.661519,1661,idle,654.9,,,0,0,0,0
1450875237363200,1790358541.812032,1812,idle,478.2,,,0,0,0,0
1450875396504669,1790358541.971174,1971,idle,321.6,,,0,0,0,0
1450875556216623,1790358542.130886,2130,idle,222.9,,,0,0,0,0
1450875706967034,1790358542.281636,2281,idle,936.9,,,0,0,0,0
1450875857358221,1790358542.432027,2432,idle,563.6,,,0,0,0,0
1450876016851431,1790358542.591521,2591,idle,15234.7,,,0,0,0,0
1450876176705077,1790358542.751375,2751,idle,258.5,,,0,0,0,0
1450876336375369,1790358542.911045,2911,idle,286.7,,,0,0,0,0
1450876487942583,1790358543.062612,3062,idle,533.4,,,0,0,0,0
1450876647233085,1790358543.221902,3221,idle,531.0,,,0,0,0,0
1450876807068545,1790358543.381737,3381,idle,2362.8,,,0,0,0,0
1450876966575711,1790358543.541245,3541,idle,705.0,,,0,0,0,0
1450877116829876,1790358543.691499,3691,idle,488.8,,,0,0,0,0
1450877267176162,1790358543.841845,3841,idle,560.8,,,0,0,0,0
1450877417700925,1790358543.992369,3992,idle,807.7,,,0,0,0,0
1450877569989459,1790358544.144659,4144,idle,290.3,,,0,0,0,0
1450877726993656,1790358544.301662,4301,idle,698.5,,,0,0,0,0
1450877877309509,1790358544.451978,4451,idle,524.5,,,0,0,0,0
1450878036608514,1790358544.611277,4611,idle,606.7,,,0,0,0,0
1450878196317149,1790358544.770987,4770,idle,214.8,,,0,0,0,0
1450878346780948,1790358544.921451,4921,idle,250.7,,,0,0,0,0
1450878506166451,1790358545.080836,5080,idle,181.8,,,0,0,0,0
1450878656260604,1790358545.230931,5230,idle,206.6,,,0,0,0,0
1450878806440001,1790358545.381110,5381,idle,225.4,,,0,0,0,0
1450878956767856,1790358545.531437,5531,idle,2657.2,,,0,0,0,0
1450879106758066,1790358545.681427,5681,idle,434.1,,,0,0,0,0
1450879257132091,1790358545.831801,5831,idle,451.8,,,0,0,0,0
1450879407809076,1790358545.982478,5982,idle,1352.9,,,0,0,0,0
1450879566199234,1790358546.140869,6140,idle,205.5,,,0,0,0,0
1450879717428378,1790358546.292098,6292,idle,538.8,,,0,0,0,0
1450879877084069,1790358546.451752,6451,idle,590.4,,,0,0,0,0
1450880027456358,1790358546.602125,6602,idle,637.1,,,0,0,0,0
1450880186771718,1790358546.761441,6761,idle,227.2,,,0,0,0,0
1450880346751468,1790358546.921421,6921,idle,588.1,,,0,0,0,0
1450880497425760,1790358547.072094,7072,idle,709.4,,,0,0,0,0
1450880657524474,1790358547.232193,7232,idle,569.1,,,0,0,0,0
1450880816356071,1790358547.391026,7391,idle,206.7,,,0,0,0,0
1450880966778606,1790358547.541447,7541,idle,579.1,,,0,0,0,0
1450881117623190,1790358547.692292,7692,idle,639.8,,,0,0,0,0
1450881277222693,1790358547.851892,7851,idle,545.1,,,0,0,0,0
1450881436894759,1790358548.011563,8011,idle,626.5,,,0,0,0,0
1450881596902208,1790358548.171572,8171,idle,213.2,,,0,0,0,0
1450881747124372,1790358548.321792,8321,idle,607.4,,,0,0,0,0
1450881897156905,1790358548.471824,8471,idle,991.7,,,0,0,0,0
1450882052536081,1790358548.627204,8627,idle,1832.1,,,0,0,0,0
1450882206215887,1790358548.780884,8780,idle,218.7,,,0,0,0,0
1450882357341107,1790358548.932010,8932,idle,555.9,,,0,0,0,0
1450882517069253,1790358549.091738,9091,idle,547.1,,,0,0,0,0
1450882667299369,1790358549.241968,9241,idle,591.4,,,0,0,0,0
1450882826308851,1790358549.400978,9400,idle,196.4,,,0,0,0,0
1450882977116945,1790358549.551785,9551,idle,644.3,,,0,0,0,0
1450883127347152,1790358549.702016,9702,idle,569.0,,,0,0,0,0
1450883287281644,1790358549.861949,9861,idle,654.7,,,0,0,0,0
1450883446860010,1790358550.021530,10021,idle,226.1,,,0,0,0,0
1450883606394974,1790358550.181065,10181,idle,199.8,,,0,0,0,0
1450883756606364,1790358550.331276,10331,idle,217.1,,,0,0,0,0
1450883906770647,1790358550.481441,10481,idle,204.9,,,0,0,0,0
1450884057039934,1790358550.631710,10631,idle,222.5,,,0,0,0,0
1450884216254876,1790358550.790924,10790,idle,325.7,,,0,0,0,0
1450884366416777,1790358550.941085,10941,idle,629.2,,,0,0,0,0
1450884517133912,1790358551.091803,11091,idle,479.5,,,0,0,0,0
1450884667327096,1790358551.241996,11241,idle,915.3,,,0,0,0,0
1450884827174179,1790358551.401844,11401,idle,207.8,,,0,0,0,0
1450884977231703,1790358551.551901,11551,idle,422.7,,,0,0,0,0
1450885127272550,1790358551.701941,11701,idle,555.1,,,0,0,0,0
1450885284806653,1790358551.859475,11859,decode,532.9,,,0,0,1,0
1450885437152423,1790358552.011822,12011,decode,205.2,,,0,0,1,0
1450885591899229,1790358552.166569,12166,decode,198.3,,,0,0,1,0
1450885746718476,1790358552.321387,12321,idle,615.2,,,0,0,0,0
1450885897338959,1790358552.472008,12472,idle,551.9,,,0,0,0,0
1450886056544166,1790358552.631214,12631,idle,243.7,,,0,0,0,0
1450886207260998,1790358552.781930,12781,idle,2687.1,,,0,0,0,0
1450886367029204,1790358552.941698,12941,idle,596.9,,,0,0,0,0
1450886526713859,1790358553.101383,13101,idle,3658.2,,,0,0,0,0
1450886677076684,1790358553.251747,13251,idle,206.8,,,0,0,0,0
1450886837097754,1790358553.411766,13411,idle,600.6,,,0,0,0,0
1450886995202286,1790358553.569872,13569,decode,423.8,,,0,0,1,0
1450887147128227,1790358553.721797,13721,idle,401.7,,,0,0,0,0
1450887297347605,1790358553.872016,13872,idle,594.3,,,0,0,0,0
1450887447479901,1790358554.022150,14022,idle,268.4,,,0,0,0,0
1450887606923108,1790358554.181591,14181,idle,2998.2,,,0,0,0,0
1450887757450104,1790358554.332119,14332,idle,547.1,,,0,0,0,0
1450887916897481,1790358554.491567,14491,decode,179.9,,,0,0,1,0
1450888069136809,1790358554.643807,14643,decode,217.7,,,0,0,1,0
1450888227266753,1790358554.801936,14801,idle,554.1,,,0,0,0,0
1450888386872082,1790358554.961541,14961,idle,605.8,,,0,0,0,0
1450888538704908,1790358555.113374,113,tx,136658.3,,,1,0,0,1
1450888735832083,1790358555.310502,310,tx,51484.7,,,1,0,0,1
1450888888222631,1790358555.462893,462,tx,51490.5,,,1,0,0,1
1450889040652862,1790358555.615323,615,tx,51628.2,,,1,0,0,1
1450889193135797,1790358555.767806,767,tx,51530.5,,,1,0,0,1
1450889347051813,1790358555.921721,921,tx,55565.6,,,1,0,0,1
1450889503060801,1790358556.077730,1077,tx,78187.8,,,1,0,0,1
1450889662623855,1790358556.237293,1237,tx,50885.7,,,1,0,0,1
1450889815153783,1790358556.389822,1389,tx,51905.4,,,1,0,0,1
1450889968572292,1790358556.543242,1543,tx,54765.2,,,1,0,0,1
1450890125464898,1790358556.700134,1700,tx,52013.7,,,1,0,0,1
1450890279225045,1790358556.853894,1853,tx,50825.1,,,1,0,0,1
1450890431384690,1790358557.006053,2006,tx,52023.8,,,1,0,0,1
1450890584924964,1790358557.159594,2159,tx,51956.6,,,1,0,0,1
1450890737769053,1790358557.312439,2312,tx,51606.6,,,1,0,0,1
1450890890668435,1790358557.465338,2465,tx,51674.5,,,1,0,0,1
1450891049727525,1790358557.624397,2624,tx,50671.9,,,1,0,0,1
1450891202103770,1790358557.776773,2776,tx,51863.6,,,1,0,0,1
1450891354780819,1790358557.929451,2929,tx,50621.2,,,1,0,0,1
1450891507282352,1790358558.081951,3081,tx,58200.0,,,1,0,0,1
1450891666786671,1790358558.241455,3241,tx,50912.4,,,1,0,0,1
1450891819405946,1790358558.394075,3394,tx,52093.8,,,1,0,0,1
1450891973492513,1790358558.548162,3548,tx,50553.2,,,1,0,0,1
1450892126106855,1790358558.700776,3700,tx,50832.5,,,1,0,0,1
1450892278317922,1790358558.852987,3852,tx,51090.8,,,1,0,0,1
1450892431054321,1790358559.005723,4005,tx,52038.6,,,1,0,0,1
1450892584314696,1790358559.158985,4158,tx,50582.1,,,1,0,0,1
1450892736291103,1790358559.310960,4310,tx,51840.1,,,1,0,0,1
1450892889426127,1790358559.464094,4464,tx,52036.4,,,1,0,0,1
1450893044257104,1790358559.618925,4618,tx,50880.3,,,1,0,0,1
1450893195973119,1790358559.770643,4770,tx,51457.9,,,1,0,0,1
1450893349065356,1790358559.923734,4923,tx,50813.4,,,1,0,0,1
1450893501720106,1790358560.076389,5076,tx,79476.8,,,1,0,0,1
1450893652397103,1790358560.227066,5227,tx,52060.2,,,1,0,0,1
1450893805311621,1790358560.379982,5379,tx,56656.5,,,1,0,0,1
1450893960050787,1790358560.534720,5534,tx,51465.1,,,1,0,0,1
1450894112715398,1790358560.687385,5687,tx,51641.1,,,1,0,0,1
1450894265141393,1790358560.839811,5839,tx,51506.4,,,1,0,0,1
1450894417771056,1790358560.992441,5992,tx,53597.0,,,1,0,0,1
1450894570291150,1790358561.144961,6144,tx,51557.3,,,1,0,0,1
1450894723712037,1790358561.298381,6298,tx,50864.4,,,1,0,0,1
1450894876291815,1790358561.450961,6450,tx,52164.1,,,1,0,0,1
1450895030501913,1790358561.605171,6605,tx,53054.8,,,1,0,0,1
1450895184815877,1790358561.759486,6759,tx,51605.6,,,1,0,0,1
1450895338126427,1790358561.912795,6912,tx,50814.0,,,1,0,0,1
1450895490319650,1790358562.064989,7064,tx,51841.6,,,1,0,0,1
1450895649235685,1790358562.223905,7223,tx,51713.7,,,1,0,0,1
1450895801837437,1790358562.376507,7376,tx,51623.4,,,1,0,0,1
1450895955319838,1790358562.529989,7529,tx,50632.0,,,1,0,0,1
1450896107775288,1790358562.682444,7682,tx,50893.9,,,1,0,0,1
1450896260457778,1790358562.835127,7835,tx,52069.1,,,1,0,0,1
1450896413161898,1790358562.987832,7987,tx,51507.0,,,1,0,0,1
1450896570742936,1790358563.145412,8145,tx,51959.9,,,1,0,0,1
1450896724190579,1790358563.298859,8298,tx,50925.5,,,1,0,0,1
1450896876647857,1790358563.451317,8451,tx,51879.4,,,1,0,0,1
1450897029783146,1790358563.604453,8604,tx,51656.6,,,1,0,0,1
1450897182550813,1790358563.757220,8757,tx,51968.7,,,1,0,0,1
1450897336244256,1790358563.910913,8910,tx,50855.3,,,1,0,0,1
1450897488392291,1790358564.063061,9063,tx,52029.6,,,1,0,0,1
1450897642986851,1790358564.217657,9217,tx,54163.2,,,1,0,0,1
1450897796264404,1790358564.370933,9370,tx,50848.0,,,1,0,0,1
1450897948577959,1790358564.523247,9523,tx,51889.3,,,1,0,0,1
1450898102279967,1790358564.676949,9676,tx,50812.9,,,1,0,0,1
1450898254157265,1790358564.828827,9828,tx,51479.8,,,1,0,0,1
1450898407206426,1790358564.981874,9981,tx,51836.9,,,1,0,0,1
1450898560818533,1790358565.135487,10135,tx,50809.6,,,1,0,0,1
1450898713378945,1790358565.288048,10288,tx,50812.1,,,1,0,0,1
1450898865765771,1790358565.440435,10440,tx,51692.2,,,1,0,0,1
1450899019026241,1790358565.593696,10593,tx,61419.7,,,1,0,0,1
1450899171189037,1790358565.745859,10745,tx,51506.8,,,1,0,0,1
1450899323828787,1790358565.898499,10898,tx,51695.7,,,1,0,0,1
1450899476279128,1790358566.050949,11050,tx,51520.5,,,1,0,0,1
1450899628878692,1790358566.203548,11203,tx,52659.7,,,1,0,0,1
1450899783257106,1790358566.357926,11357,tx,51147.7,,,1,0,0,1
1450899935815224,1790358566.510484,11510,tx,51868.4,,,1,0,0,1
1450900089412324,1790358566.664081,11664,tx,52206.7,,,1,0,0,1
1450900244584822,1790358566.819255,11819,tx,50600.4,,,1,0,0,1
1450900396541078,1790358566.971210,11971,tx,52101.1,,,1,0,0,1
1450900550383355,1790358567.125052,12125,tx,50827.7,,,1,0,0,1
1450900702594909,1790358567.277264,12277,tx,52052.7,,,1,0,0,1
1450900855493847,1790358567.430163,12430,tx,51679.6,,,1,0,0,1
1450901008788445,1790358567.583457,12583,tx,56824.1,,,1,0,0,1
1450901167255281,1790358567.741924,12741,tx,51997.7,,,1,0,0,1
1450901320682610,1790358567.895351,12895,tx,51872.4,,,1,0,0,1
1450901473786793,1790358568.048456,13048,tx,53900.6,,,1,0,0,1
1450901627316239,1790358568.201985,13201,tx,50863.8,,,1,0,0,1
1450901779377445,1790358568.354046,13354,tx,50868.6,,,1,0,0,1
1450901931673116,1790358568.506342,13506,tx,50937.2,,171527.3,1,0,0,1
1450902083868776,1790358568.658539,13658,tx,51630.9,,,0,0,0,0
1450902237314923,1790358568.811984,13811,idle,50881.1,,,0,0,0,0
1450902443452180,1790358569.018121,14018,idle,1404.1,,,0,0,0,0
1450902596253839,1790358569.170922,14170,idle,830.8,,,0,0,0,0
1450902756053624,1790358569.330723,14330,idle,275.7,,,0,0,0,0
1450902906716080,1790358569.481385,14481,idle,2116.6,,,0,0,0,0
1450903062304483,1790358569.636973,14636,idle,542.5,,,0,0,0,0
1450903217037270,1790358569.791706,14791,idle,540.9,,,0,0,0,0
1450903367295038,1790358569.941963,14941,idle,604.4,,,0,0,0,0
1450903527203595,1790358570.101873,101,idle,287.3,,,0,0,0,0
1450903686714044,1790358570.261383,261,idle,784.3,,,0,0,0,0
1450903837247728,1790358570.411916,411,idle,573.6,,,0,0,0,0
1450903996340579,1790358570.571009,571,idle,439.8,,,0,0,0,0
1450904156278087,1790358570.730948,730,idle,213.9,,,0,0,0,0
1450904306563514,1790358570.881233,881,idle,371.5,,,0,0,0,0
1450904465887143,1790358571.040557,1040,idle,195.0,,,0,0,0,0
1450904616387764,1790358571.191058,1191,idle,170.2,,,0,0,0,0
1450904766524837,1790358571.341194,1341,idle,236.6,,,0,0,0,0
1450904926313897,1790358571.500983,1500,idle,274.0,,,0,0,0,0
1450905076687568,1790358571.651356,1651,idle,665.0,,,0,0,0,0
1450905227070179,1790358571.801739,1801,idle,548.8,,,0,0,0,0
1450905386897917,1790358571.961568,1961,idle,319.1,,,0,0,0,0
1450905546952387,1790358572.121621,2121,idle,618.7,,,0,0,0,0
1450905706614747,1790358572.281284,2281,idle,1663.5,,,0,0,0,0
1450905857099370,1790358572.431768,2431,idle,553.4,,,0,0,0,0
1450906016677676,1790358572.591347,2591,idle,12212.7,,,0,0,0,0
1450906176758085,1790358572.751427,2751,idle,565.9,,,0,0,0,0
1450906327039192,1790358572.901707,2901,idle,609.7,,,0,0,0,0
1450906486644256,1790358573.061313,3061,idle,743.0,,,0,0,0,0
1450906646361244,1790358573.221031,3221,idle,221.3,,,0,0,0,0
1450906796997505,1790358573.371667,3371,idle,331.4,,,0,0,0,0
1450906947935707,1790358573.522604,3522,idle,784.0,,,0,0,0,0
1450907107254437,1790358573.681924,3681,idle,1382.2,,,0,0,0,0
1450907266813128,1790358573.841482,3841,idle,647.0,,,0,0,0,0
1450907426240353,1790358574.000910,4000,idle,205.2,,,0,0,0,0
1450907582616253,1790358574.157285,4157,idle,690.4,,,0,0,0,0
1450907737185760,1790358574.311855,4311,idle,569.9,,,0,0,0,0
1450907896687192,1790358574.471356,4471,idle,600.0,,,0,0,0,0
1450908047764072,1790358574.622434,4622,idle,231.4,,,0,0,0,0
1450908207175218,1790358574.781844,4781,idle,3315.3,,,0,0,0,0
1450908367144081,1790358574.941813,4941,idle,744.2,,,0,0,0,0
1450908526139040,1790358575.100808,5100,idle,435.8,,,0,0,0,0
1450908676708847,1790358575.251379,5251,idle,222.1,,,0,0,0,0
1450908836542347,1790358575.411211,5411,idle,624.0,,,0,0,0,0
1450908986987919,1790358575.561657,5561,idle,600.5,,,0,0,0,0
1450909137073534,1790358575.711742,5711,idle,570.4,,,0,0,0,0
1450909296602295,1790358575.871272,5871,idle,222.5,,,0,0,0,0
1450909446682487,1790358576.021353,6021,idle,207.6,,,0,0,0,0
1450909606720183,1790358576.181390,6181,idle,178.4,,,0,0,0,0
1450909765927827,1790358576.340598,6340,idle,216.1,,,0,0,0,0
1450909916095677,1790358576.490766,6490,idle,218.9,,,0,0,0,0
1450910067333275,1790358576.642003,6642,idle,280.4,,,0,0,0,0
1450910226765306,1790358576.801433,6801,idle,634.2,,,0,0,0,0
1450910377237803,1790358576.951906,6951,idle,683.0,,,0,0,0,0
1450910536526394,1790358577.111196,7111,idle,322.6,,,0,0,0,0
1450910686883895,1790358577.261554,7261,idle,185.0,,,0,0,0,0
1450910836948407,1790358577.411618,7411,idle,329.5,,,0,0,0,0
1450910996302084,1790358577.570971,7570,idle,984.7,,,0,0,0,0
1450911146552609,1790358577.721221,7721,idle,603.0,,,0,0,0,0
1450911306272908,1790358577.880943,7880,idle,158.9,,,0,0,0,0
1450911457236249,1790358578.031905,8031,idle,532.6,,,0,0,0,0
1450911617228249,1790358578.191897,8191,idle,436.5,,,0,0,0,0
1450911776627988,1790358578.351297,8351,idle,600.9,,,0,0,0,0
1450911936263342,1790358578.510933,8510,idle,190.3,,,0,0,0,0
1450912087425968,1790358578.662092,8662,idle,563.1,,,0,0,0,0
1450912247338435,1790358578.822007,8822,idle,559.9,,,0,0,0,0
1450912406814636,1790358578.981483,8981,idle,3758.9,,,0,0,0,0
1450912566750431,1790358579.141420,9141,idle,260.6,,,0,0,0,0
1450912726772484,1790358579.301441,9301,idle,723.3,,,0,0,0,0
1450912878214519,1790358579.452883,9452,idle,767.3,,,0,0,0,0
1450913036307443,1790358579.610977,9610,idle,405.0,,,0,0,0,0
1450913196300253,1790358579.770970,9770,idle,275.4,,,0,0,0,0
1450913346997778,1790358579.921668,9921,idle,294.2,,,0,0,0,0
1450913497254595,1790358580.071923,10071,idle,612.6,,,0,0,0,0
1450913657333648,1790358580.232002,10232,idle,3858.5,,,0,0,0,0
1450913816068131,1790358580.390738,10390,idle,236.3,,,0,0,0,0
1450913966404174,1790358580.541074,10541,idle,261.0,,,0,0,0,0
1450914116506817,1790358580.691176,10691,idle,546.2,,,0,0,0,0
1450914266660528,1790358580.841328,10841,idle,609.3,,,0,0,0,0
1450914416962422,1790358580.991631,10991,idle,610.9,,,0,0,0,0
1450914576160794,1790358581.150831,11150,idle,198.2,,,0,0,0,0
1450914726328823,1790358581.300999,11300,idle,207.1,,,0,0,0,0
1450914876576330,1790358581.451233,11451,idle,243.8,,,0,0,0,0
1450915026674349,1790358581.601344,11601,idle,2093.2,,,0,0,0,0
1450915176838628,1790358581.751508,11751,idle,237.8,,,0,0,0,0
1450915328820821,1790358581.903491,11903,decode,159.8,,,0,0,1,0
1450915479064545,1790358582.053734,12053,decode,221.2,,,0,0,1,0
1450915636498705,1790358582.211167,12211,idle,590.1,,,0,0,0,0
1450915796455555,1790358582.371125,12371,idle,357.6,,,0,0,0,0
1450915956061990,1790358582.530731,12530,idle,686.8,,,0,0,0,0
1450916106234465,1790358582.680903,12680,idle,3334.5,,,0,0,0,0
1450916256807882,1790358582.831477,12831,idle,697.5,,,0,0,0,0
1450916407116207,1790358582.981785,12981,idle,5610.5,,,0,0,0,0
1450916559228549,1790358583.133898,13133,idle,811.4,,,0,0,0,0
1450916716835422,1790358583.291504,13291,idle,545.6,,,0,0,0,0
1450916867265773,1790358583.441934,13441,idle,588.6,,,0,0,0,0
1450917026208621,1790358583.600878,13600,decode,258.5,,,0,0,1,0
1450917176623847,1790358583.751294,13751,idle,208.2,,,0,0,0,0
1450917336801888,1790358583.911471,13911,idle,557.9,,,0,0,0,0
1450917487308395,1790358584.061976,14061,idle,744.5,,,0,0,0,0
1450917646578869,1790358584.221248,14221,idle,498.8,,,0,0,0,0
1450917806233402,1790358584.380903,14380,decode,2325.4,,,0,0,1,0
1450917960797005,1790358584.535467,14535,decode,216.4,,,0,0,1,0
1450918116472318,1790358584.691142,14691,idle,325.8,,,0,0,0,0
1450918276694494,1790358584.851363,14851,idle,688.5,,,0,0,0,0
1450918436376343,1790358585.011046,11,idle,228.7,,,0,0,0,0
1450918633840530,1790358585.208510,208,tx,50965.1,,,1,0,0,1
1450918786425194,1790358585.361094,361,tx,51863.9,,,1,0,0,1
1450918938980213,1790358585.513650,513,tx,51784.6,,,1,0,0,1
1450919091988063,1790358585.666658,666,tx,51685.3,,,1,0,0,1
1450919244526194,1790358585.819195,819,tx,50751.8,,,1,0,0,1
1450919397091893,1790358585.971760,971,tx,50884.8,,,1,0,0,1
1450919550336161,1790358586.125005,1125,tx,55447.4,,,1,0,0,1
1450919703075369,1790358586.277745,1277,tx,51581.3,,,1,0,0,1
1450919855395511,1790358586.430065,1430,tx,51458.9,,,1,0,0,1
1450920008048093,1790358586.582718,1582,tx,55988.9,,,1,0,0,1
1450920165060409,1790358586.739730,1739,tx,51654.5,,,1,0,0,1
1450920317560680,1790358586.892231,1892,tx,51570.0,,,1,0,0,1
1450920473044228,1790358587.047714,2047,tx,51680.2,,,1,0,0,1
1450920626315666,1790358587.200985,2200,tx,51884.7,,,1,0,0,1
1450920779638046,1790358587.354307,2354,tx,51091.4,,,1,0,0,1
1450920932371776,1790358587.507041,2507,tx,56844.0,,,1,0,0,1
1450921086102629,1790358587.660773,2660,tx,51764.1,,,1,0,0,1
1450921239520219,1790358587.814189,2814,tx,51821.9,,,1,0,0,1
1450921392728570,1790358587.967397,2967,tx,52045.2,,,1,0,0,1
1450921544739968,1790358588.119409,3119,tx,52063.0,,,1,0,0,1
1450921698039013,1790358588.272709,3272,tx,50701.5,,,1,0,0,1
1450921849807322,1790358588.424476,3424,tx,52758.0,,,1,0,0,1
1450922002882836,1790358588.577552,3577,tx,77845.0,,,1,0,0,1
1450922162357127,1790358588.737025,3737,tx,51808.6,,,1,0,0,1
1450922315072896,1790358588.889743,3889,tx,50663.2,,,1,0,0,1
1450922467052175,1790358589.041721,4041,tx,51819.2,,,1,0,0,1
1450922620387464,1790358589.195056,4195,tx,50811.2,,,1,0,0,1
1450922772243214,1790358589.346912,4346,tx,50843.5,,,1,0,0,1
1450922924073159,1790358589.498743,4498,tx,50644.2,,,1,0,0,1
1450923076297758,1790358589.650967,4650,tx,51801.2,,,1,0,0,1
1450923228926723,1790358589.803596,4803,tx,51722.2,,,1,0,0,1
1450923382110598,1790358589.956779,4956,tx,50810.3,,,1,0,0,1
1450923534099105,1790358590.108769,5108,tx,51783.8,,,1,0,0,1
1450923687584202,1790358590.262252,5262,tx,52252.6,,,1,0,0,1
1450923841374625,1790358590.416043,5416,tx,50813.9,,,1,0,0,1
1450923993552073,1790358590.568221,5568,tx,50794.2,,,1,0,0,1
1450924146580452,1790358590.721251,5721,tx,51467.2,,,1,0,0,1
1450924299294797,1790358590.873964,5873,tx,50889.4,,,1,0,0,1
1450924451534233,1790358591.026203,6026,tx,53813.7,,,1,0,0,1
1450924604948946,1790358591.179618,6179,tx,51908.3,,,1,0,0,1
1450924758291996,1790358591.332961,6332,tx,59868.3,,,1,0,0,1
1450924913093166,1790358591.487763,6487,tx,51635.8,,,1,0,0,1
1450925069583043,1790358591.644253,6644,tx,51555.3,,,1,0,0,1
1450925221951782,1790358591.796622,6796,tx,51813.3,,,1,0,0,1
1450925374555477,1790358591.949225,6949,tx,51496.4,,,1,0,0,1
1450925527072586,1790358592.101743,7101,tx,51633.6,,,1,0,0,1
1450925682394707,1790358592.257064,7257,tx,50598.9,,,1,0,0,1
1450925834558729,1790358592.409053,7409,tx,51301.2,,,1,0,0,1
1450925987765645,1790358592.562435,7562,tx,52020.7,,,1,0,0,1
1450926140791056,1790358592.715461,7715,tx,50545.9,,,1,0,0,1
1450926292704669,1790358592.867373,7867,tx,52127.8,,,1,0,0,1
1450926447425303,1790358593.022094,8022,tx,51993.5,,,1,0,0,1
1450926601114471,1790358593.175783,8175,tx,50791.0,,,1,0,0,1
1450926753074770,1790358593.327745,8327,tx,50649.3,,,1,0,0,1
1450926904817552,1790358593.479487,8479,tx,50920.8,,,1,0,0,1
1450927057605287,1790358593.632274,8632,tx,50958.1,,,1,0,0,1
1450927210076222,1790358593.784745,8784,tx,50801.0,,,1,0,0,1
1450927362067219,1790358593.936737,8936,tx,51671.7,,,1,0,0,1
1450927515488308,1790358594.090157,9090,tx,66338.8,,,1,0,0,1
1450927673596213,1790358594.248264,9248,tx,51377.1,,,1,0,0,1
1450927826424555,1790358594.401093,9401,tx,50733.8,,,1,0,0,1
1450927978206321,1790358594.552876,9552,tx,50569.0,,,1,0,0,1
1450928130613658,1790358594.705283,9705,tx,51821.5,,,1,0,0,1
1450928283756753,1790358594.858426,9858,tx,51097.1,,,1,0,0,1
1450928436401961,1790358595.011070,10011,tx,50838.3,,,1,0,0,1
1450928588789409,1790358595.163459,10163,tx,54403.0,,,1,0,0,1
1450928743227674,1790358595.317898,10317,tx,51521.5,,,1,0,0,1
1450928896358410,1790358595.471027,10471,tx,50771.9,,,1,0,0,1
1450929050589457,1790358595.625258,10625,tx,52151.9,,,1,0,0,1
1450929203532224,1790358595.778201,10778,tx,50730.5,,,1,0,0,1
1450929355153142,1790358595.929823,10929,tx,50630.4,,,1,0,0,1
1450929506911840,1790358596.081580,11081,tx,57450.4,,,1,0,0,1
1450929665693618,1790358596.240362,11240,tx,52114.3,,,1,0,0,1
1450929819640933,1790358596.394310,11394,tx,51731.9,,,1,0,0,1
1450929972393458,1790358596.547063,11547,tx,51481.1,,,1,0,0,1
1450930125301283,1790358596.699971,11699,tx,51539.1,,,1,0,0,1
1450930277688506,1790358596.852358,11852,tx,51459.7,,,1,0,0,1
1450930430126679,1790358597.004797,12004,tx,51620.6,,,1,0,0,1
1450930583041153,1790358597.157711,12157,tx,51777.6,,,1,0,0,1
1450930736038259,1790358597.310708,12310,tx,50822.5,,,1,0,0,1
1450930888429556,1790358597.463098,12463,tx,51789.9,,,1,0,0,1
1450931043889646,1790358597.618559,12618,tx,51035.9,,,1,0,0,1
1450931196138315,1790358597.770808,12770,tx,51665.3,,,1,0,0,1
1450931349360148,1790358597.924030,12924,tx,50603.3,,,1,0,0,1
1450931501426665,1790358598.076096,13076,tx,80442.4,,,1,0,0,1
1450931653278555,1790358598.227947,13227,tx,51913.9,,,1,0,0,1
1450931806382526,1790358598.381051,13381,tx,51857.6,,,1,0,0,1
1450931959101231,1790358598.533771,13533,tx,50676.7,,153117.1,1,0,0,1
1450932111709159,1790358598.686281,13686,tx,52163.3,,,0,0,0,0
1450932264838836,1790358598.839509,13839,idle,51545.0,,,0,0,0,0
1450932448091048,1790358599.022760,14022,idle,1402.5,,,0,0,0,0
1450932601071082,1790358599.175741,14175,idle,1684.3,,,0,0,0,0
1450932751964177,1790358599.326632,14326,idle,540.0,,,0,0,0,0
1450932902466373,1790358599.477135,14477,idle,7596.9,,,0,0,0,0
1450933060365425,1790358599.635033,14635,idle,1108.9,,,0,0,0,0
1450933211190658,1790358599.785860,14785,idle,207.8,,,0,0,0,0
1450933361647355,1790358599.936316,14936,idle,594.5,,,0,0,0,0
1450933511815745,1790358600.086485,86,idle,3562.1,,,0,0,0,0
1450933662037287,1790358600.236706,236,idle,600.1,,,0,0,0,0
1450933818622496,1790358600.393292,393,idle,5690.0,,,0,0,0,0
1450933971169041,1790358600.545839,545,idle,203.2,,,0,0,0,0
1450934122427198,1790358600.697096,697,idle,525.8,,,0,0,0,0
1450934281951727,1790358600.856621,856,idle,803.6,,,0,0,0,0
1450934438610425,1790358601.013279,1013,idle,627.3,,,0,0,0,0
1450934591437880,1790358601.166108,1166,idle,258.2,,,0,0,0,0
1450934748555209,1790358601.323224,1323,idle,612.9,,,0,0,0,0
1450934902083716,1790358601.476752,1476,idle,6798.1,,,0,0,0,0
1450935054736806,1790358601.629405,1629,idle,620.4,,,0,0,0,0
1450935211522817,1790358601.786192,1786,idle,244.6,,,0,0,0,0
1450935362033865,1790358601.936703,1936,idle,247.8,,,0,0,0,0
1450935521261813,1790358602.095932,2095,idle,190.6,,,0,0,0,0
1450935671616691,1790358602.246287,2246,idle,230.3,,,0,0,0,0
1450935821921739,1790358602.396591,2396,idle,270.1,,,0,0,0,0
1450935981853588,1790358602.556523,2556,idle,303.7,,,0,0,0,0
1450936140318007,1790358602.714987,2714,idle,565.5,,,0,0,0,0
1450936290856794,1790358602.865526,2865,idle,557.8,,,0,0,0,0
1450936451288378,1790358603.025958,3025,idle,259.5,,,0,0,0,0
1450936610593281,1790358603.185263,3185,idle,388.0,,,0,0,0,0
1450936760839295,1790358603.335508,3335,idle,585.4,,,0,0,0,0
1450936920657116,1790358603.495326,3495,idle,540.8,,,0,0,0,0
1450937070666739,1790358603.645335,3645,idle,585.2,,,0,0,0,0
1450937230292381,1790358603.804962,3804,idle,216.5,,,0,0,0,0
1450937390352338,1790358603.965021,3965,idle,542.7,,,0,0,0,0
1450937541930321,1790358604.116599,4116,idle,480.9,,,0,0,0,0
1450937693383932,1790358604.268053,4268,idle,589.5,,,0,0,0,0
1450937852989454,1790358604.427659,4427,idle,195.8,,,0,0,0,0
1450938012788032,1790358604.587457,4587,idle,268.4,,,0,0,0,0
1450938162911782,1790358604.737581,4737,idle,591.5,,,0,0,0,0
1450938313305448,1790358604.887975,4887,idle,511.9,,,0,0,0,0
1450938472038311,1790358605.046708,5046,idle,213.0,,,0,0,0,0
1450938623082554,1790358605.197751,5197,idle,537.5,,,0,0,0,0
1450938773401784,1790358605.348070,5348,idle,529.4,,,0,0,0,0
1450938932561647,1790358605.507231,5507,idle,667.5,,,0,0,0,0
1450939082890908,1790358605.657560,5657,idle,471.0,,,0,0,0,0
1450939242320902,1790358605.816991,5816,idle,203.6,,,0,0,0,0
1450939392856664,1790358605.967525,5967,idle,536.7,,,0,0,0,0
1450939547512920,1790358606.122181,6122,idle,553.6,,,0,0,0,0
1450939703031521,1790358606.277699,6277,idle,4715.9,,,0,0,0,0
1450939862696083,1790358606.437366,6437,idle,203.0,,,0,0,0,0
1450940022681721,1790358606.597351,6597,idle,572.7,,,0,0,0,0
1450940173252891,1790358606.747922,6747,idle,570.4,,,0,0,0,0
1450940333238857,1790358606.907908,6907,idle,311.8,,,0,0,0,0
1450940492831640,1790358607.067502,7067,idle,149.0,,,0,0,0,0
1450940652715996,1790358607.227386,7227,idle,225.6,,,0,0,0,0
1450940811971580,1790358607.386642,7386,idle,191.6,,,0,0,0,0
1450940962129832,1790358607.536800,7536,idle,222.9,,,0,0,0,0
1450941113073844,1790358607.687743,7687,idle,1125.9,,,0,0,0,0
1450941272424890,1790358607.847094,7847,idle,481.3,,,0,0,0,0
1450941423964301,1790358607.998633,7998,idle,657.0,,,0,0,0,0
1450941583446881,1790358608.158116,8158,idle,669.9,,,0,0,0,0
1450941742212768,1790358608.316882,8316,idle,266.5,,,0,0,0,0
1450941892746444,1790358608.467415,8467,idle,735.3,,,0,0,0,0
1450942042810379,1790358608.617478,8617,idle,578.1,,,0,0,0,0
1450942194324229,1790358608.768992,8768,idle,712.8,,,0,0,0,0
1450942353677999,1790358608.928348,8928,idle,237.7,,,0,0,0,0
1450942513356058,1790358609.088025,9088,idle,2821.2,,,0,0,0,0
1450942663615983,1790358609.238285,9238,idle,565.3,,,0,0,0,0
1450942813994342,1790358609.388663,9388,idle,609.7,,,0,0,0,0
1450942973415192,1790358609.548084,9548,idle,511.7,,,0,0,0,0
1450943133491823,1790358609.708162,9708,idle,224.5,,,0,0,0,0
1450943293523600,1790358609.868192,9868,idle,527.8,,,0,0,0,0
1450943443782567,1790358610.018451,10018,idle,615.0,,,0,0,0,0
1450943594064047,1790358610.168732,10168,idle,674.0,,,0,0,0,0
1450943753702267,1790358610.328372,10328,idle,245.5,,,0,0,0,0
1450943913858941,1790358610.488527,10488,idle,600.7,,,0,0,0,0
1450944065262784,1790358610.639932,10639,idle,546.5,,,0,0,0,0
1450944223935754,1790358610.798604,10798,idle,615.3,,,0,0,0,0
1450944375014362,1790358610.949684,10949,idle,227.9,,,0,0,0,0
1450944533786420,1790358611.108455,11108,idle,596.0,,,0,0,0,0
1450944685926912,1790358611.260596,11260,idle,587.7,,,0,0,0,0
1450944844425551,1790358611.419094,11419,idle,550.7,,,0,0,0,0
1450945004346706,1790358611.579017,11579,idle,25159.2,,,0,0,0,0
1450945163679486,1790358611.738349,11738,idle,423.0,,,0,0,0,0
1450945313815213,1790358611.888485,11888,decode,340.7,,,0,0,1,0
1450945467282921,1790358612.041953,12041,decode,196.9,,,0,0,1,0
1450945623231826,1790358612.197902,12197,idle,198.1,,,0,0,0,0
1450945773388199,1790358612.348057,12348,idle,383.3,,,0,0,0,0
1450945923514802,1790358612.498185,12498,idle,233.0,,,0,0,0,0
1450946082802505,1790358612.657472,12657,idle,228.1,,,0,0,0,0
1450946232968760,1790358612.807639,12807,idle,242.7,,,0,0,0,0
1450946393032275,1790358612.967702,12967,idle,221.0,,,0,0,0,0
1450946544335120,1790358613.119004,13119,idle,612.4,,,0,0,0,0
1450946703980875,1790358613.278649,13278,idle,5769.6,,,0,0,0,0
1450946854344494,1790358613.429013,13429,idle,541.9,,,0,0,0,0
1450947013066661,1790358613.587736,13587,decode,214.5,,,0,0,1,0
1450947163761089,1790358613.738430,13738,idle,523.4,,,0,0,0,0
1450947314551524,1790358613.889219,13889,idle,657.1,,,0,0,0,0
1450947474435070,1790358614.049103,14049,idle,560.6,,,0,0,0,0
1450947633257781,1790358614.207928,14207,idle,204.8,,,0,0,0,0
1450947783755973,1790358614.358424,14358,idle,518.9,,,0,0,0,0
1450947938824271,1790358614.513494,14513,decode,248.9,,,0,0,1,0
1450948089789416,1790358614.664459,14664,decode,195.3,,,0,0,1,0
1450948245248339,1790358614.819918,14819,idle,245.1,,,0,0,0,0
1450948403957929,1790358614.978627,14978,idle,5244.8,,,0,0,0,0
1450948634599326,1790358615.209268,209,tx,50655.7,,,1,0,0,1
1450948787165888,1790358615.361834,361,tx,51893.5,,,1,0,0,1
1450948939837485,1790358615.514507,514,tx,51517.8,,,1,0,0,1
1450949093112786,1790358615.667781,667,tx,52011.4,,,1,0,0,1
1450949246653004,1790358615.821322,821,tx,51712.3,,,1,0,0,1
1450949399904420,1790358615.974573,974,tx,52283.7,,,1,0,0,1
1450949550072695,1790358616.124743,1124,tx,53586.3,,,1,0,0,1
1450949703699301,1790358616.278368,1278,tx,51938.0,,,1,0,0,1
1450949856908144,1790358616.431577,1431,tx,51150.2,,,1,0,0,1
1450950009962008,1790358616.584630,1584,tx,55457.2,,,1,0,0,1
1450950166865604,1790358616.741535,1741,tx,51500.6,,,1,0,0,1
1450950319461276,1790358616.894131,1894,tx,50481.3,,,1,0,0,1
1450950471484239,1790358617.046153,2046,tx,51851.7,,,1,0,0,1
1450950625071782,1790358617.199741,2199,tx,51984.1,,,1,0,0,1
1450950777890428,1790358617.352560,2352,tx,51498.7,,,1,0,0,1
1450950930387385,1790358617.505057,2505,tx,51602.0,,,1,0,0,1
1450951083190128,1790358617.657860,2657,tx,51816.5,,,1,0,0,1
1450951235848613,1790358617.810519,2810,tx,51453.6,,,1,0,0,1
1450951388289151,1790358617.962959,2962,tx,51886.0,,,1,0,0,1
1450951544773031,1790358618.119443,3119,tx,51448.2,,,1,0,0,1
1450951697636291,1790358618.272305,3272,tx,51724.5,,,1,0,0,1
1450951851117677,1790358618.425786,3425,tx,57055.4,,,1,0,0,1
1450952004449101,1790358618.579118,3579,tx,78535.5,,,1,0,0,1
1450952163791580,1790358618.738461,3738,tx,50484.0,,,1,0,0,1
1450952316088102,1790358618.890757,3890,tx,50959.2,,,1,0,0,1
1450952468509636,1790358619.043179,4043,tx,50812.3,,,1,0,0,1
1450952621297587,1790358619.195966,4195,tx,51873.7,,,1,0,0,1
1450952774230676,1790358619.348901,4348,tx,50833.1,,,1,0,0,1
1450952926054570,1790358619.500725,4500,tx,51510.5,,,1,0,0,1
1450953080118936,1790358619.654788,4654,tx,50893.7,,,1,0,0,1
1450953232813648,1790358619.807482,4807,tx,50886.8,,,1,0,0,1
1450953384626328,1790358619.959296,4959,tx,51470.8,,,1,0,0,1
1450953537964501,1790358620.112633,5112,tx,51089.5,,,1,0,0,1
1450953691077442,1790358620.265746,5265,tx,50996.3,,,1,0,0,1
1450953847526140,1790358620.422195,5422,tx,50747.4,,,1,0,0,1
1450953999307724,1790358620.573978,5573,tx,50670.3,,,1,0,0,1
1450954151940847,1790358620.726609,5726,tx,52120.1,,,1,0,0,1
1450954305754716,1790358620.880424,5880,tx,50794.9,,,1,0,0,1
1450954458155270,1790358621.032824,6032,tx,50886.8,,,1,0,0,1
1450954610456759,1790358621.185127,6185,tx,51568.9,,,1,0,0,1
1450954763177773,1790358621.337847,6337,tx,50924.0,,,1,0,0,1
1450954915833498,1790358621.490502,6490,tx,50858.0,,,1,0,0,1
1450955072727886,1790358621.647397,6647,tx,51961.9,,,1,0,0,1
1450955226655001,1790358621.801323,6801,tx,51710.8,,,1,0,0,1
1450955379271103,1790358621.953941,6953,tx,51726.5,,,1,0,0,1
1450955531833621,1790358622.106503,7106,tx,50585.9,,,1,0,0,1
1450955684079871,1790358622.258749,7258,tx,55801.4,,,1,0,0,1
1450955837042603,1790358622.411712,7411,tx,50940.4,,,1,0,0,1
1450955988562459,1790358622.563232,7563,tx,51544.9,,,1,0,0,1
1450956142715721,1790358622.717386,7717,tx,51463.4,,,1,0,0,1
1450956295163448,1790358622.869833,7869,tx,51485.8,,,1,0,0,1
1450956447286292,1790358623.021956,8021,tx,51744.2,,,1,0,0,1
1450956600425906,1790358623.175096,8175,tx,51596.0,,,1,0,0,1
1450956754070845,1790358623.328739,8328,tx,51047.5,,,1,0,0,1
1450956907340469,1790358623.482009,8482,tx,51888.8,,,1,0,0,1
1450957061247234,1790358623.635916,8635,tx,51828.7,,,1,0,0,1
1450957213908834,1790358623.788579,8788,tx,51561.0,,,1,0,0,1
1450957367184751,1790358623.941854,8941,tx,50915.7,,,1,0,0,1
1450957519741243,1790358624.094410,9094,tx,60927.1,,,1,0,0,1
1450957672115634,1790358624.246784,9246,tx,52083.9,,,1,0,0,1
1450957825759058,1790358624.400429,9400,tx,51548.9,,,1,0,0,1
1450957978281290,1790358624.552950,9552,tx,50818.4,,,1,0,0,1
1450958130642207,1790358624.705312,9705,tx,51737.6,,,1,0,0,1
1450958284199152,1790358624.858868,9858,tx,50937.1,,,1,0,0,1
1450958436912374,1790358625.011581,10011,tx,50917.6,,,1,0,0,1
1450958588948672,1790358625.163619,10163,tx,51507.0,,,1,0,0,1
1450958743991565,1790358625.318661,10318,tx,51514.2,,,1,0,0,1
1450958897143927,1790358625.471812,10471,tx,51024.5,,,1,0,0,1
1450959051233362,1790358625.625902,10625,tx,51844.4,,,1,0,0,1
1450959203844963,1790358625.778515,10778,tx,51521.1,,,1,0,0,1
1450959357266134,1790358625.931935,10931,tx,51834.0,,,1,0,0,1
1450959511133865,1790358626.085803,11085,tx,55992.9,,,1,0,0,1
1450959667050607,1790358626.241719,11241,tx,52128.0,,,1,0,0,1
1450959820322584,1790358626.394992,11394,tx,50766.2,,,1,0,0,1
1450959972903803,1790358626.547572,11547,tx,50712.5,,,1,0,0,1
1450960126192903,1790358626.700861,11700,tx,52292.7,,,1,0,0,1
1450960279985595,1790358626.854655,11854,tx,51925.5,,,1,0,0,1
1450960432829022,1790358627.007499,12007,tx,51483.6,,,1,0,0,1
1450960585812727,1790358627.160481,12160,tx,50916.8,,,1,0,0,1
1450960738519370,1790358627.313188,12313,tx,51781.2,,,1,0,0,1
1450960892124542,1790358627.466794,12466,tx,52055.4,,,1,0,0,1
1450961042973391,1790358627.617643,12617,tx,51532.8,,,1,0,0,1
1450961195432665,1790358627.770103,12770,tx,51926.2,,,1,0,0,1
1450961348356911,1790358627.923027,12923,tx,51701.5,,,1,0,0,1
1450961500887511,1790358628.075557,13075,tx,79865.0,,,1,0,0,1
1450961651318828,1790358628.225989,13225,tx,51776.2,,,1,0,0,1
1450961804042597,1790358628.378712,13378,tx,52189.4,,,1,0,0,1
1450961956068202,1790358628.530738,13530,tx,51419.5,,153360.0,1,0,0,1
1450962109492122,1790358628.684161,13684,idle,51126.4,,,0,0,0,0
1450962261439739,1790358628.836109,13836,idle,51694.5,,,0,0,0,0
1450962438617322,1790358629.013287,14013,idle,732.5,,,0,0,0,0
1450962597487115,1790358629.172156,14172,idle,507.2,,,0,0,0,0
1450962747885428,1790358629.322555,14322,idle,467.3,,,0,0,0,0
1450962898109891,1790358629.472779,14472,idle,589.3,,,0,0,0,0
1450963049752063,1790358629.624422,14624,idle,225.6,,,0,0,0,0
1450963207766898,1790358629.782436,14782,idle,3008.8,,,0,0,0,0
1450963358282935,1790358629.932951,14932,idle,579.1,,,0,0,0,0
1450963517621610,1790358630.092291,92,idle,515.1,,,0,0,0,0
1450963677320062,1790358630.251990,251,idle,202.6,,,0,0,0,0
1450963827923968,1790358630.402593,402,idle,600.9,,,0,0,0,0
1450963978231265,1790358630.552900,552,idle,583.2,,,0,0,0,0
1450964137449849,1790358630.712119,712,idle,298.7,,,0,0,0,0
1450964297223549,1790358630.871893,871,idle,252.2,,,0,0,0,0
1450964447725190,1790358631.022393,1022,idle,847.8,,,0,0,0,0
1450964597918362,1790358631.172587,1172,idle,517.9,,,0,0,0,0
1450964757441907,1790358631.332111,1332,idle,521.2,,,0,0,0,0
1450964909267623,1790358631.483936,1483,idle,3466.1,,,0,0,0,0
1450965067929747,1790358631.642600,1642,idle,179.9,,,0,0,0,0
1450965218208182,1790358631.792877,1792,idle,547.8,,,0,0,0,0
1450965377743893,1790358631.952413,1952,idle,589.9,,,0,0,0,0
1450965528028124,1790358632.102671,2102,idle,385.3,,,0,0,0,0
1450965687556607,1790358632.262226,2262,idle,228.7,,,0,0,0,0
1450965847692471,1790358632.422361,2422,idle,592.8,,,0,0,0,0
1450965997707639,1790358632.572377,2572,idle,204.7,,,0,0,0,0
1450966157594507,1790358632.732264,2732,idle,441.3,,,0,0,0,0
1450966317133072,1790358632.891803,2891,idle,222.0,,,0,0,0,0
1450966467348059,1790358633.042018,3042,idle,232.8,,,0,0,0,0
1450966627354331,1790358633.202024,3202,idle,236.2,,,0,0,0,0
1450966777592641,1790358633.352262,3352,idle,260.0,,,0,0,0,0
1450966936849634,1790358633.511519,3511,idle,224.2,,,0,0,0,0
1450967088321426,1790358633.662990,3662,idle,563.6,,,0,0,0,0
1450967248310988,1790358633.822980,3822,idle,582.2,,,0,0,0,0
1450967407674550,1790358633.982342,3982,idle,1996.5,,,0,0,0,0
1450967560049740,1790358634.134719,4134,idle,228.6,,,0,0,0,0
1450967718211249,1790358634.292880,4292,idle,568.0,,,0,0,0,0
1450967877379547,1790358634.452049,4452,idle,554.9,,,0,0,0,0
1450968027776866,1790358634.602446,4602,idle,555.1,,,0,0,0,0
1450968178079138,1790358634.752748,4752,idle,359.6,,,0,0,0,0
1450968337653414,1790358634.912323,4912,idle,277.0,,,0,0,0,0
1450968488036909,1790358635.062706,5062,idle,578.1,,,0,0,0,0
1450968638290099,1790358635.212959,5212,idle,558.3,,,0,0,0,0
1450968798218775,1790358635.372887,5372,idle,564.8,,,0,0,0,0
1450968957768187,1790358635.532438,5532,idle,217.7,,,0,0,0,0
1450969117926528,1790358635.692595,5692,idle,527.9,,,0,0,0,0
1450969268284610,1790358635.842953,5842,idle,636.4,,,0,0,0,0
1450969427801585,1790358636.002471,6002,idle,562.8,,,0,0,0,0
1450969587693115,1790358636.162363,6162,idle,218.9,,,0,0,0,0
1450969737807390,1790358636.312476,6312,idle,646.0,,,0,0,0,0
1450969888097411,1790358636.462766,6462,idle,577.1,,,0,0,0,0
1450970038338153,1790358636.613007,6613,idle,730.5,,,0,0,0,0
1450970197413085,1790358636.772082,6772,idle,834.5,,,0,0,0,0
1450970347968879,1790358636.922637,6922,idle,585.0,,,0,0,0,0
1450970507847181,1790358637.082515,7082,idle,22958.1,,,0,0,0,0
1450970658456378,1790358637.233125,7233,idle,757.8,,,0,0,0,0
1450970817927445,1790358637.392597,7392,idle,297.9,,,0,0,0,0
1450970977467233,1790358637.552136,7552,idle,582.8,,,0,0,0,0
1450971127885257,1790358637.702554,7702,idle,521.9,,,0,0,0,0
1450971278428151,1790358637.853097,7853,idle,503.1,,,0,0,0,0
1450971437133972,1790358638.011804,8011,idle,193.6,,,0,0,0,0
1450971587647776,1790358638.162318,8162,idle,224.0,,,0,0,0,0
1450971746985092,1790358638.321655,8321,idle,263.5,,,0,0,0,0
1450971897155451,1790358638.471825,8471,idle,181.9,,,0,0,0,0
1450972047235807,1790358638.621905,8621,idle,190.3,,,0,0,0,0
1450972198363298,1790358638.773032,8773,idle,1753.3,,,0,0,0,0
1450972357604206,1790358638.932273,8932,idle,672.8,,,0,0,0,0
1450972508183868,1790358639.082852,9082,idle,15083.7,,,0,0,0,0
1450972658199937,1790358639.232869,9232,idle,545.6,,,0,0,0,0
1450972817099984,1790358639.391770,9391,idle,213.5,,,0,0,0,0
1450972967433408,1790358639.542103,9542,idle,257.6,,,0,0,0,0
1450973118213789,1790358639.692883,9692,idle,557.0,,,0,0,0,0
1450973268639912,1790358639.843309,9843,idle,655.2,,,0,0,0,0
1450973427631500,1790358640.002301,10002,idle,307.4,,,0,0,0,0
1450973579502397,1790358640.154172,10154,idle,235.3,,,0,0,0,0
1450973737859959,1790358640.312528,10312,idle,614.1,,,0,0,0,0
1450973888104262,1790358640.462772,10462,idle,609.0,,,0,0,0,0
1450974047139347,1790358640.621809,10621,idle,273.1,,,0,0,0,0
1450974197566152,1790358640.772236,10772,idle,240.6,,,0,0,0,0
1450974347963064,1790358640.922632,10922,idle,584.8,,,0,0,0,0
1450974498410273,1790358641.073079,11073,idle,511.0,,,0,0,0,0
1450974657632710,1790358641.232302,11232,idle,555.4,,,0,0,0,0
1450974817260317,1790358641.391930,11391,idle,222.0,,,0,0,0,0
1450974968292092,1790358641.542960,11542,idle,610.3,,,0,0,0,0
1450975118397749,1790358641.693067,11693,idle,644.3,,,0,0,0,0
1450975276634426,1790358641.851303,11851,decode,534.4,,,0,0,1,0
1450975434029542,1790358642.008699,12008,decode,264.9,,,0,0,1,0
1450975585200556,1790358642.159870,12159,idle,203.4,,,0,0,0,0
1450975737668894,1790358642.312338,12312,idle,448.6,,,0,0,0,0
1450975888534898,1790358642.463203,12463,idle,648.8,,,0,0,0,0
1450976047665182,1790358642.622335,12622,idle,232.7,,,0,0,0,0
1450976207546600,1790358642.782215,12782,idle,1730.4,,,0,0,0,0
1450976358199979,1790358642.932867,12932,idle,566.1,,,0,0,0,0
1450976517758187,1790358643.092427,13092,idle,13686.5,,,0,0,0,0
1450976677429810,1790358643.252100,13252,idle,243.9,,,0,0,0,0
1450976827630530,1790358643.402300,13402,idle,393.7,,,0,0,0,0
1450976986545373,1790358643.561215,13561,decode,664.8,,,0,0,1,0
1450977137799272,1790358643.712469,13712,idle,218.8,,,0,0,0,0
1450977296944969,1790358643.871615,13871,idle,208.7,,,0,0,0,0
1450977447311550,1790358644.021976,14021,idle,826.4,,,0,0,0,0
1450977597694791,1790358644.172364,14172,idle,516.8,,,0,0,0,0
1450977748130095,1790358644.322799,14322,idle,539.7,,,0,0,0,0
1450977904103316,1790358644.478773,14478,decode,157.5,,,0,0,1,0
1450978062907632,1790358644.637577,14637,idle,428.4,,,0,0,0,0
1450978218178811,1790358644.792847,14792,idle,619.4,,,0,0,0,0
1450978377833346,1790358644.952502,14952,idle,569.8,,,0,0,0,0
1450978528021386,1790358645.102690,102,idle,148253.9,,,0,0,0,1
1450978737527793,1790358645.312197,312,tx,50868.7,,,1,0,0,1
1450978889749749,1790358645.464420,464,tx,55173.7,,,1,0,0,1
1450979047730186,1790358645.622399,622,tx,50858.8,,,1,0,0,1
1450979199651941,1790358645.774321,774,tx,51641.4,,,1,0,0,1
1450979352336602,1790358645.927006,927,tx,51963.9,,,1,0,0,1
1450979506172079,1790358646.080841,1080,tx,77086.8,,,1,0,0,1
1450979664472938,1790358646.239142,1239,tx,50741.1,,,1,0,0,1
1450979816368862,1790358646.391038,1391,tx,51990.4,,,1,0,0,1
1450979969217530,1790358646.543887,1543,tx,50689.1,,,1,0,0,1
1450980121194633,1790358646.695864,1695,tx,51885.0,,,1,0,0,1
1450980274354802,1790358646.849024,1849,tx,52038.7,,,1,0,0,1
1450980428375496,1790358647.003044,2003,tx,51951.8,,,1,0,0,1
1450980582358000,1790358647.157027,2157,tx,50612.4,,,1,0,0,1
1450980734215913,1790358647.308885,2308,tx,52126.9,,,1,0,0,1
1450980888245023,1790358647.462914,2462,tx,52107.7,,,1,0,0,1
1450981041187331,1790358647.615856,2615,tx,50852.7,,,1,0,0,1
1450981192937860,1790358647.767608,2767,tx,51528.2,,,1,0,0,1
1450981346088789,1790358647.920757,2920,tx,50829.1,,,1,0,0,1
1450981498279048,1790358648.072948,3072,tx,51031.0,,,1,0,0,1
1450981651465962,1790358648.226135,3226,tx,51914.8,,,1,0,0,1
1450981804349671,1790358648.379019,3379,tx,51492.7,,,1,0,0,1
1450981957115100,1790358648.531785,3531,tx,51635.6,,,1,0,0,1
1450982109735338,1790358648.684405,3684,tx,51566.4,,,1,0,0,1
1450982262303428,1790358648.836973,3836,tx,51531.7,,,1,0,0,1
1450982414767033,1790358648.989437,3989,tx,51505.1,,,1,0,0,1
1450982569672699,1790358649.144342,4144,tx,51633.2,,,1,0,0,1
1450982722370524,1790358649.297040,4297,tx,57344.9,,,1,0,0,1
1450982875437994,1790358649.450107,4450,tx,51907.8,,,1,0,0,1
1450983029151928,1790358649.603820,4603,tx,51793.4,,,1,0,0,1
1450983182092645,1790358649.756763,4756,tx,51580.1,,,1,0,0,1
1450983335331397,1790358649.910000,4910,tx,51111.7,,,1,0,0,1
1450983488123097,1790358650.062791,5062,tx,50905.3,,,1,0,0,1
1450983641157165,1790358650.215826,5215,tx,51852.1,,,1,0,0,1
1450983793822786,1790358650.368493,5368,tx,50530.5,,,1,0,0,1
1450983945719172,1790358650.520387,5520,tx,51800.6,,,1,0,0,1
1450984099648873,1790358650.674318,5674,tx,51847.3,,,1,0,0,1
1450984253379924,1790358650.828049,5828,tx,52042.9,,,1,0,0,1
1450984406578754,1790358650.981249,5981,tx,51726.8,,,1,0,0,1
1450984560990069,1790358651.135659,6135,tx,51865.5,,,1,0,0,1
1450984714849647,1790358651.289518,6289,tx,50974.0,,,1,0,0,1
1450984867454977,1790358651.442124,6442,tx,51990.1,,,1,0,0,1
1450985020148661,1790358651.594819,6594,tx,60850.3,,,1,0,0,1
1450985172650662,1790358651.747319,6747,tx,51867.5,,,1,0,0,1
1450985326448199,1790358651.901117,6901,tx,51917.9,,,1,0,0,1
1450985480250275,1790358652.054918,7054,tx,52192.7,,,1,0,0,1
1450985633625172,1790358652.208295,7208,tx,50746.8,,,1,0,0,1
1450985786303672,1790358652.360972,7360,tx,52124.6,,,1,0,0,1
1450985940363486,1790358652.515032,7515,tx,52086.3,,,1,0,0,1
1450986094445467,1790358652.669114,7669,tx,51895.5,,,1,0,0,1
1450986248848836,1790358652.823519,7823,tx,51524.3,,,1,0,0,1
1450986401797341,1790358652.976467,7976,tx,50488.9,,,1,0,0,1
1450986561161147,1790358653.135830,8135,tx,56159.4,,,1,0,0,1
1450986714262222,1790358653.288931,8288,tx,52084.3,,,1,0,0,1
1450986868157441,1790358653.442826,8442,tx,51798.9,,,1,0,0,1
1450987020882562,1790358653.595552,8595,tx,50535.2,,,1,0,0,1
1450987172609380,1790358653.747279,8747,tx,51708.8,,,1,0,0,1
1450987325155914,1790358653.899826,8899,tx,51456.4,,,1,0,0,1
1450987477633703,1790358654.052304,9052,tx,51757.6,,,1,0,0,1
1450987630746350,1790358654.205416,9205,tx,51562.8,,,1,0,0,1
1450987783047681,1790358654.357718,9357,tx,51466.1,,,1,0,0,1
1450987935998255,1790358654.510667,9510,tx,50981.1,,,1,0,0,1
1450988088961148,1790358654.663630,9663,tx,51965.0,,,1,0,0,1
1450988242211089,1790358654.816881,9816,tx,50511.0,,,1,0,0,1
1450988394050897,1790358654.968720,9968,tx,50790.8,,,1,0,0,1
1450988553878209,1790358655.128548,10128,tx,50646.3,,,1,0,0,1
1450988706269287,1790358655.280938,10280,tx,52157.6,,,1,0,0,1
1450988860273329,1790358655.434942,10434,tx,51813.7,,,1,0,0,1
1450989012990666,1790358655.587661,10587,tx,66675.3,,,1,0,0,1
1450989171440778,1790358655.746110,10746,tx,51083.7,,,1,0,0,1
1450989324278238,1790358655.898947,10898,tx,50868.0,,,1,0,0,1
1450989476353726,1790358656.051022,11051,tx,52142.0,,,1,0,0,1
1450989629770200,1790358656.204440,11204,tx,51610.4,,,1,0,0,1
1450989783190983,1790358656.357860,11357,tx,50858.3,,,1,0,0,1
1450989935673478,1790358656.510342,11510,tx,51772.3,,,1,0,0,1
1450990089336227,1790358656.664005,11664,tx,51732.9,,,1,0,0,1
1450990243567407,1790358656.818237,11818,tx,51771.8,,,1,0,0,1
1450990397298407,1790358656.971967,11971,tx,56376.1,,,1,0,0,1
1450990551053928,1790358657.125723,12125,tx,51945.0,,,1,0,0,1
1450990704833427,1790358657.279502,12279,tx,53586.3,,,1,0,0,1
1450990858688245,1790358657.433358,12433,tx,52228.2,,,1,0,0,1
1450991011764489,1790358657.586434,12586,tx,52018.2,,,1,0,0,1
1450991165503086,1790358657.740172,12740,tx,52211.4,,,1,0,0,1
1450991319242260,1790358657.893911,12893,tx,51291.4,,,1,0,0,1
1450991471758321,1790358658.046427,13046,tx,57894.6,,,1,0,0,1
1450991624342883,1790358658.199013,13199,tx,51466.2,,,1,0,0,1
1450991777067384,1790358658.351737,13351,tx,51648.6,,,1,0,0,1
1450991930402473,1790358658.505071,13505,tx,52293.5,,173780.7,1,0,0,1
1450992083982757,1790358658.658652,13658,tx,51621.8,,,0,0,0,0
1450992236667529,1790358658.811337,13811,idle,51700.0,,,0,0,0,0
1450992435592867,1790358659.010263,14010,idle,299.7,,,0,0,0,0
1450992594146425,1790358659.168816,14168,idle,200.3,,,0,0,0,0
1450992744431289,1790358659.319101,14319,idle,237.1,,,0,0,0,0
1450992897544167,1790358659.472214,14472,idle,1264.5,,,0,0,0,0
1450993049461107,1790358659.624131,14624,idle,237.0,,,0,0,0,0
1450993205454514,1790358659.780123,14780,idle,4304.2,,,0,0,0,0
1450993364688906,1790358659.939358,14939,idle,543.2,,,0,0,0,0
1450993514985679,1790358660.089654,89,idle,826.6,,,0,0,0,0
1450993674482467,1790358660.249152,249,idle,211.4,,,0,0,0,0
1450993825866665,1790358660.400536,400,idle,594.6,,,0,0,0,0
1450993985325066,1790358660.559994,559,idle,553.9,,,0,0,0,0
1450994144519787,1790358660.719189,719,idle,359.5,,,0,0,0,0
1450994294950988,1790358660.869621,869,idle,192.3,,,0,0,0,0
1450994454529366,1790358661.029198,1029,idle,498.4,,,0,0,0,0
1450994605206574,1790358661.179875,1179,idle,9092.4,,,0,0,0,0
1450994755382789,1790358661.330051,1330,idle,685.4,,,0,0,0,0
1450994914604719,1790358661.489274,1489,idle,248.2,,,0,0,0,0
1450995074575632,1790358661.649245,1649,idle,482.1,,,0,0,0,0
1450995234474621,1790358661.809144,1809,idle,302.1,,,0,0,0,0
1450995385669275,1790358661.960338,1960,idle,649.6,,,0,0,0,0
1450995545190722,1790358662.119859,2119,idle,610.7,,,0,0,0,0
1450995704853081,1790358662.279523,2279,idle,213.0,,,0,0,0,0
1450995864990070,1790358662.439660,2439,idle,346.5,,,0,0,0,0
1450996015025135,1790358662.589694,2589,idle,15199.8,,,0,0,0,0
1450996175026685,1790358662.749694,2749,idle,520.6,,,0,0,0,0
1450996334642655,1790358662.909312,2909,idle,265.0,,,0,0,0,0
1450996485670422,1790358663.060339,3060,idle,594.7,,,0,0,0,0
1450996645546958,1790358663.220216,3220,idle,423.4,,,0,0,0,0
1450996804720028,1790358663.379389,3379,idle,5900.8,,,0,0,0,0
1450996955726267,1790358663.530396,3530,idle,4374.1,,,0,0,0,0
1450997115095551,1790358663.689763,3689,idle,545.5,,,0,0,0,0
1450997265430057,1790358663.840100,3840,idle,303.0,,,0,0,0,0
1450997424960845,1790358663.999631,3999,idle,250.0,,,0,0,0,0
1450997580127966,1790358664.154798,4154,idle,202.8,,,0,0,0,0
1450997734308718,1790358664.308979,4308,idle,185.5,,,0,0,0,0
1450997884590411,1790358664.459260,4459,idle,197.9,,,0,0,0,0
1450998034914103,1790358664.609584,4609,idle,179.7,,,0,0,0,0
1450998186011804,1790358664.760681,4760,idle,519.7,,,0,0,0,0
1450998344426681,1790358664.919096,4919,idle,249.6,,,0,0,0,0
1450998494865889,1790358665.069535,5069,idle,525.9,,,0,0,0,0
1450998644962521,1790358665.219631,5219,idle,517.1,,,0,0,0,0
1450998795118087,1790358665.369787,5369,idle,390.3,,,0,0,0,0
1450998954611258,1790358665.529281,5529,idle,204.2,,,0,0,0,0
1450999104809225,1790358665.679477,5679,idle,5704.5,,,0,0,0,0
1450999257777581,1790358665.832446,5832,idle,698.2,,,0,0,0,0
1450999415186372,1790358665.989855,5989,idle,507.1,,,0,0,0,0
1450999574841099,1790358666.149511,6149,idle,235.9,,,0,0,0,0
1450999725385511,1790358666.300054,6300,idle,534.7,,,0,0,0,0
1450999884743166,1790358666.459412,6459,idle,589.1,,,0,0,0,0
1451000035074834,1790358666.609743,6609,idle,569.7,,,0,0,0,0
1451000185366317,1790358666.760034,6760,idle,600.9,,,0,0,0,0
1451000345048186,1790358666.919718,6919,idle,230.2,,,0,0,0,0
1451000495114271,1790358667.069781,7069,idle,541.6,,,0,0,0,0
1451000654429682,1790358667.229099,7229,idle,364.6,,,0,0,0,0
1451000805653750,1790358667.380322,7380,idle,4321.8,,,0,0,0,0
1451000964427157,1790358667.539097,7539,idle,226.7,,,0,0,0,0
1451001114470008,1790358667.689139,7689,idle,669.2,,,0,0,0,0
1451001264500666,1790358667.839169,7839,idle,618.6,,,0,0,0,0
1451001414819958,1790358667.989489,7989,idle,549.7,,,0,0,0,0
1451001564931812,1790358668.139601,8139,idle,242.2,,,0,0,0,0
1451001724746213,1790358668.299414,8299,idle,833.9,,,0,0,0,0
1451001875253451,1790358668.449922,8449,idle,563.3,,,0,0,0,0
1451002035131528,1790358668.609799,8609,idle,604.0,,,0,0,0,0
1451002185387830,1790358668.760056,8760,idle,557.6,,,0,0,0,0
1451002345042791,1790358668.919713,8919,idle,208.9,,,0,0,0,0
1451002504950387,1790358669.079620,9079,idle,7683.0,,,0,0,0,0
1451002664728880,1790358669.239399,9239,idle,203.0,,,0,0,0,0
1451002814942244,1790358669.389612,9389,idle,178.3,,,0,0,0,0
1451002974146710,1790358669.548816,9548,idle,219.5,,,0,0,0,0
1451003124683331,1790358669.699352,9699,idle,233.6,,,0,0,0,0
1451003276054710,1790358669.850724,9850,idle,6221.2,,,0,0,0,0
1451003434325002,1790358670.008995,10008,idle,329.0,,,0,0,0,0
1451003594276711,1790358670.168947,10168,idle,247.8,,,0,0,0,0
1451003745088882,1790358670.319758,10319,idle,574.9,,,0,0,0,0
1451003895337820,1790358670.470006,10470,idle,534.9,,,0,0,0,0
1451004055158715,1790358670.629827,10629,idle,587.1,,,0,0,0,0
1451004214999542,1790358670.789669,10789,idle,218.6,,,0,0,0,0
1451004374696936,1790358670.949365,10949,idle,575.7,,,0,0,0,0
1451004524800514,1790358671.099469,11099,idle,607.6,,,0,0,0,0
1451004675222312,1790358671.249891,11249,idle,580.8,,,0,0,0,0
1451004834634633,1790358671.409304,11409,idle,298.2,,,0,0,0,0
1451004985019430,1790358671.559690,11559,idle,220.2,,,0,0,0,0
1451005135104569,1790358671.709773,11709,idle,601.3,,,0,0,0,0
1451005294380605,1790358671.869050,11869,decode,410.7,,,0,0,1,0
1451005444565062,1790358672.019235,12019,decode,176.7,,,0,0,1,0
1451005595055092,1790358672.169725,12169,idle,202.2,,,0,0,0,0
1451005755153758,1790358672.329822,12329,idle,587.5,,,0,0,0,0
1451005914587416,1790358672.489257,12489,idle,393.6,,,0,0,0,0
1451006074708767,1790358672.649377,12649,idle,993.9,,,0,0,0,0
1451006234681083,1790358672.809351,12809,idle,208.8,,,0,0,0,0
1451006384927012,1790358672.959596,12959,idle,566.2,,,0,0,0,0
1451006535310338,1790358673.109979,13109,idle,533.4,,,0,0,0,0
1451006695362523,1790358673.270031,13270,idle,567.5,,,0,0,0,0
1451006854049692,1790358673.428719,13428,idle,225.9,,,0,0,0,0
1451007006336862,1790358673.581007,13581,decode,6380.2,,,0,0,1,0
1451007165184107,1790358673.739852,13739,idle,577.9,,,0,0,0,0
1451007316145809,1790358673.890815,13890,idle,401.5,,,0,0,0,0
1451007475474662,1790358674.050144,14050,idle,2005.5,,,0,0,0,0
1451007634782264,1790358674.209452,14209,idle,242.8,,,0,0,0,0
1451007785451727,1790358674.360121,14360,idle,595.7,,,0,0,0,0
1451007945023970,1790358674.519694,14519,decode,221.9,,,0,0,1,0
1451008100751152,1790358674.675421,14675,idle,4068.1,,,0,0,0,0
1451008254983649,1790358674.829654,14829,idle,295.1,,,0,0,0,0
1451008414245966,1790358674.988916,14988,idle,217.5,,,0,0,0,0
1451008634826036,1790358675.209495,209,tx,51823.9,,,1,0,0,1
1451008787909488,1790358675.362579,362,tx,50637.0,,,1,0,0,1
1451008940052850,1790358675.514722,514,tx,51490.8,,,1,0,0,1
1451009093319787,1790358675.667988,667,tx,51007.4,,,1,0,0,1
1451009247915293,1790358675.822584,822,tx,50814.5,,,1,0,0,1
1451009399907243,1790358675.974577,974,tx,51615.3,,,1,0,0,1
1451009550967763,1790358676.125636,1125,tx,52160.8,,,1,0,0,1
1451009704148191,1790358676.278817,1278,tx,52072.5,,,1,0,0,1
1451009857199405,1790358676.431868,1431,tx,56213.1,,,1,0,0,1
1451010010733477,1790358676.585402,1585,tx,54888.7,,,1,0,0,1
1451010166446489,1790358676.741117,1741,tx,50524.4,,,1,0,0,1
1451010318844993,1790358676.893513,1893,tx,51799.9,,,1,0,0,1
1451010472565338,1790358677.047234,2047,tx,52012.9,,,1,0,0,1
1451010626819886,1790358677.201488,2201,tx,51845.1,,,1,0,0,1
1451010779884443,1790358677.354554,2354,tx,50704.3,,,1,0,0,1
1451010932258185,1790358677.506927,2506,tx,51932.0,,,1,0,0,1
1451011085665755,1790358677.660333,2660,tx,52053.3,,,1,0,0,1
1451011239558467,1790358677.814227,2814,tx,52099.5,,,1,0,0,1
1451011392466669,1790358677.967137,2967,tx,52031.4,,,1,0,0,1
1451011543044192,1790358678.117714,3117,tx,51570.9,,,1,0,0,1
1451011696164483,1790358678.270833,3270,tx,50856.5,,,1,0,0,1
1451011851885414,1790358678.426554,3426,tx,51738.2,,,1,0,0,1
1451012005465396,1790358678.580135,3580,tx,73497.5,,,1,0,0,1
1451012159975382,1790358678.734644,3734,tx,51173.8,,,1,0,0,1
1451012312371355,1790358678.887038,3887,tx,51875.6,,,1,0,0,1
1451012465460789,1790358679.040129,4040,tx,50850.8,,,1,0,0,1
1451012617674426,1790358679.192344,4192,tx,51552.4,,,1,0,0,1
1451012770142432,1790358679.344812,4344,tx,51530.6,,,1,0,0,1
1451012922657550,1790358679.497327,4497,tx,51452.5,,,1,0,0,1
1451013075209933,1790358679.649880,4649,tx,51602.4,,,1,0,0,1
1451013227891619,1790358679.802561,4802,tx,51737.2,,,1,0,0,1
1451013380459102,1790358679.955129,4955,tx,51517.1,,,1,0,0,1
1451013532989492,1790358680.107659,5107,tx,52299.4,,,1,0,0,1
1451013686881989,1790358680.261551,5261,tx,56760.1,,,1,0,0,1
1451013839712594,1790358680.414382,5414,tx,51989.1,,,1,0,0,1
1451013992639666,1790358680.567309,5567,tx,51641.6,,,1,0,0,1
1451014150534375,1790358680.725203,5725,tx,52074.7,,,1,0,0,1
1451014303315595,1790358680.877984,5877,tx,51798.8,,,1,0,0,1
1451014456280919,1790358681.030950,6030,tx,51665.1,,,1,0,0,1
1451014608990826,1790358681.183661,6183,tx,50656.9,,,1,0,0,1
1451014761313837,1790358681.335982,6335,tx,51946.8,,,1,0,0,1
1451014914673213,1790358681.489342,6489,tx,52017.4,,,1,0,0,1
1451015071212745,1790358681.645882,6645,tx,51647.3,,,1,0,0,1
1451015223955826,1790358681.798625,6798,tx,53782.9,,,1,0,0,1
1451015379667453,1790358681.954336,6954,tx,52028.0,,,1,0,0,1
1451015533110414,1790358682.107780,7107,tx,50581.2,,,1,0,0,1
1451015685329668,1790358682.259999,7259,tx,50680.3,,,1,0,0,1
1451015836946763,1790358682.411617,7411,tx,51694.6,,,1,0,0,1
1451015990221526,1790358682.564890,7564,tx,51881.5,,,1,0,0,1
1451016144305840,1790358682.718975,7718,tx,52001.3,,,1,0,0,1
1451016297508174,1790358682.872177,7872,tx,50729.0,,,1,0,0,1
1451016449223991,1790358683.023894,8023,tx,56651.0,,,1,0,0,1
1451016605706875,1790358683.180377,8180,tx,51582.4,,,1,0,0,1
1451016758547782,1790358683.333217,8333,tx,50772.4,,,1,0,0,1
1451016910491148,1790358683.485159,8485,tx,50857.3,,,1,0,0,1
1451017064975463,1790358683.639644,8639,tx,51863.1,,,1,0,0,1
1451017218126567,1790358683.792796,8792,tx,50510.3,,,1,0,0,1
1451017370510978,1790358683.945180,8945,tx,51176.4,,,1,0,0,1
1451017523298899,1790358684.097967,9097,tx,58771.5,,,1,0,0,1
1451017673601329,1790358684.248270,9248,tx,52110.8,,,1,0,0,1
1451017826498329,1790358684.401168,9401,tx,50584.5,,,1,0,0,1
1451017978054974,1790358684.552724,9552,tx,51639.7,,,1,0,0,1
1451018131150951,1790358684.705821,9705,tx,51502.0,,,1,0,0,1
1451018283849383,1790358684.858519,9858,tx,51814.5,,,1,0,0,1
1451018436343363,1790358685.011013,10011,tx,51478.9,,,1,0,0,1
1451018589050805,1790358685.163721,10163,tx,51643.4,,,1,0,0,1
1451018745102084,1790358685.319771,10319,tx,51896.4,,,1,0,0,1
1451018898186280,1790358685.472856,10472,tx,51624.8,,,1,0,0,1
1451019050248344,1790358685.624918,10624,tx,53908.9,,,1,0,0,1
1451019202551830,1790358685.777221,10777,tx,51659.1,,,1,0,0,1
1451019355586864,1790358685.930256,10930,tx,51203.9,,,1,0,0,1
1451019507641409,1790358686.082311,11082,tx,56415.6,,,1,0,0,1
1451019665165380,1790358686.239834,11239,tx,51620.7,,,1,0,0,1
1451019818131798,1790358686.392802,11392,tx,51547.6,,,1,0,0,1
1451019970661824,1790358686.545331,11545,tx,50663.4,,,1,0,0,1
1451020122427074,1790358686.697096,11697,tx,50909.4,,,1,0,0,1
1451020274561912,1790358686.849230,11849,tx,51770.8,,,1,0,0,1
1451020427191542,1790358687.001861,12001,tx,51423.2,,,1,0,0,1
1451020579971206,1790358687.154641,12154,tx,50717.1,,,1,0,0,1
1451020732226197,1790358687.306895,12306,tx,50744.4,,,1,0,0,1
1451020884076157,1790358687.458746,12458,tx,51644.1,,,1,0,0,1
1451021037073931,1790358687.611744,12611,tx,50629.2,,,1,0,0,1
1451021188662770,1790358687.763332,12763,tx,51113.8,,,1,0,0,1
1451021341181460,1790358687.915850,12915,tx,56848.5,,,1,0,0,1
1451021494240500,1790358688.068909,13068,tx,51670.8,,,1,0,0,1
1451021646699019,1790358688.221369,13221,tx,51517.2,,,1,0,0,1
1451021799552710,1790358688.374222,13374,tx,50836.7,,,1,0,0,1
1451021951702666,1790358688.526372,13526,tx,52153.5,,160208.1,1,0,0,1
1451022105302557,1790358688.679972,13679,tx,51801.1,,,0,0,0,0
1451022258063649,1790358688.832733,13832,idle,51658.4,,,0,0,0,0
1451022448076048,1790358689.022745,14022,idle,1805.3,,,0,0,0,0
1451022598309511,1790358689.172978,14172,idle,500.2,,,0,0,0,0
1451022758106366,1790358689.332775,14332,idle,461.0,,,0,0,0,0
1451022917780611,1790358689.492450,14492,idle,196.4,,,0,0,0,0
1451023070621996,1790358689.645292,14645,idle,263.9,,,0,0,0,0
1451023228206212,1790358689.802876,14802,idle,229.0,,,0,0,0,0
1451023387574184,1790358689.962244,14962,idle,229.4,,,0,0,0,0
1451023538469300,1790358690.113139,113,idle,203.4,,,0,0,0,0
1451023697494490,1790358690.272164,272,idle,219.1,,,0,0,0,0
1451023847684861,1790358690.422355,422,idle,235.3,,,0,0,0,0
1451023998098164,1790358690.572768,572,idle,242.7,,,0,0,0,0
1451024148258260,1790358690.722927,722,idle,534.6,,,0,0,0,0
1451024308107518,1790358690.882777,882,idle,221.5,,,0,0,0,0
1451024468141070,1790358691.042810,1042,idle,434.4,,,0,0,0,0
1451024619396494,1790358691.194066,1194,idle,5013.8,,,0,0,0,0
1451024778269227,1790358691.352938,1352,idle,575.2,,,0,0,0,0
1451024937048481,1790358691.511718,1511,idle,285.9,,,0,0,0,0
1451025088215516,1790358691.662885,1662,idle,589.6,,,0,0,0,0
1451025247835415,1790358691.822504,1822,idle,569.0,,,0,0,0,0
1451025398090551,1790358691.972759,1972,idle,582.7,,,0,0,0,0
1451025557171953,1790358692.131841,2131,idle,193.8,,,0,0,0,0
1451025707754737,1790358692.282423,2282,idle,1459.5,,,0,0,0,0
1451025858066197,1790358692.432735,2432,idle,567.2,,,0,0,0,0
1451026017818752,1790358692.592488,2592,idle,12650.0,,,0,0,0,0
1451026168323739,1790358692.742993,2742,idle,936.3,,,0,0,0,0
1451026327765689,1790358692.902435,2902,idle,346.5,,,0,0,0,0
1451026478136625,1790358693.052806,3052,idle,528.5,,,0,0,0,0
1451026638244270,1790358693.212914,3212,idle,463.0,,,0,0,0,0
1451026788713060,1790358693.363382,3363,idle,541.5,,,0,0,0,0
1451026947392579,1790358693.522062,3522,idle,219.1,,,0,0,0,0
1451027098169516,1790358693.672838,3672,idle,575.5,,,0,0,0,0
1451027248252335,1790358693.822921,3822,idle,596.6,,,0,0,0,0
1451027398664616,1790358693.973333,3973,idle,498.5,,,0,0,0,0
1451027551129872,1790358694.125800,4125,idle,225.4,,,0,0,0,0
1451027707784558,1790358694.282453,4282,idle,586.5,,,0,0,0,0
1451027858189451,1790358694.432857,4432,idle,579.2,,,0,0,0,0
1451028008286396,1790358694.582956,4582,idle,5034.3,,,0,0,0,0
1451028167854769,1790358694.742525,4742,idle,239.8,,,0,0,0,0
1451028327165430,1790358694.901835,4901,idle,259.1,,,0,0,0,0
1451028477639486,1790358695.052309,5052,idle,215.7,,,0,0,0,0
1451028637188448,1790358695.211859,5211,idle,214.5,,,0,0,0,0
1451028787394248,1790358695.362064,5362,idle,229.2,,,0,0,0,0
1451028938015888,1790358695.512686,5512,idle,191.8,,,0,0,0,0
1451029091109608,1790358695.665779,5665,idle,282.4,,,0,0,0,0
1451029248523657,1790358695.823193,5823,idle,536.5,,,0,0,0,0
1451029407874268,1790358695.982543,5982,idle,1087.5,,,0,0,0,0
1451029567527200,1790358696.142197,6142,idle,232.0,,,0,0,0,0
1451029717725520,1790358696.292395,6292,idle,331.1,,,0,0,0,0
1451029877550515,1790358696.452219,6452,idle,592.9,,,0,0,0,0
1451030037667180,1790358696.612336,6612,idle,492.7,,,0,0,0,0
1451030197150275,1790358696.771820,6771,idle,202.4,,,0,0,0,0
1451030347816811,1790358696.922486,6922,idle,573.6,,,0,0,0,0
1451030498197830,1790358697.072867,7072,idle,568.8,,,0,0,0,0
1451030658343761,1790358697.233013,7233,idle,584.2,,,0,0,0,0
1451030817644646,1790358697.392314,7392,idle,227.3,,,0,0,0,0
1451030967915370,1790358697.542585,7542,idle,259.1,,,0,0,0,0
1451031118163998,1790358697.692833,7692,idle,448.9,,,0,0,0,0
1451031278190862,1790358697.852860,7852,idle,448.1,,,0,0,0,0
1451031438306495,1790358698.012976,8012,idle,363.8,,,0,0,0,0
1451031598138454,1790358698.172808,8172,idle,219.9,,,0,0,0,0
1451031748206165,1790358698.322875,8322,idle,590.8,,,0,0,0,0
1451031908136404,1790358698.482805,8482,idle,2404.4,,,0,0,0,0
1451032059648512,1790358698.634316,8634,idle,605.9,,,0,0,0,0
1451032217249613,1790358698.791919,8791,idle,225.5,,,0,0,0,0
1451032368050012,1790358698.942719,8942,idle,921.0,,,0,0,0,0
1451032518201683,1790358699.092871,9092,idle,400.9,,,0,0,0,0
1451032678232782,1790358699.252901,9252,idle,558.0,,,0,0,0,0
1451032837953756,1790358699.412623,9412,idle,268.1,,,0,0,0,0
1451032997118335,1790358699.571788,9571,idle,217.0,,,0,0,0,0
1451033148189140,1790358699.722858,9722,idle,477.3,,,0,0,0,0
1451033308171687,1790358699.882842,9882,idle,193.5,,,0,0,0,0
1451033467553912,1790358700.042224,10042,idle,225.9,,,0,0,0,0
1451033617638767,1790358700.192308,10192,idle,192.0,,,0,0,0,0
1451033767857993,1790358700.342528,10342,idle,224.7,,,0,0,0,0
1451033927161674,1790358700.501832,10501,idle,240.9,,,0,0,0,0
1451034079064023,1790358700.653734,10653,idle,348.2,,,0,0,0,0
1451034239084901,1790358700.813754,10813,idle,374.7,,,0,0,0,0
1451034397998552,1790358700.972668,10972,idle,237.2,,,0,0,0,0
1451034557528140,1790358701.132198,11132,idle,182.9,,,0,0,0,0
1451034707639563,1790358701.282308,11282,idle,266.0,,,0,0,0,0
1451034858015039,1790358701.432685,11432,idle,274.0,,,0,0,0,0
1451035017222362,1790358701.591892,11591,idle,12177.2,,,0,0,0,0
1451035167740393,1790358701.742409,11742,idle,528.2,,,0,0,0,0
1451035317879516,1790358701.892549,11892,decode,245.4,,,0,0,1,0
1451035473208651,1790358702.047879,12047,decode,178.4,,,0,0,1,0
1451035628078133,1790358702.202748,12202,idle,201.1,,,0,0,0,0
1451035787728405,1790358702.362398,12362,idle,188.3,,,0,0,0,0
1451035937871170,1790358702.512540,12512,idle,610.8,,,0,0,0,0
1451036097672318,1790358702.672342,12672,idle,222.7,,,0,0,0,0
1451036257706506,1790358702.832375,12832,idle,596.4,,,0,0,0,0
1451036407808801,1790358702.982478,12982,idle,1047.5,,,0,0,0,0
1451036562299295,1790358703.136967,13136,idle,603.0,,,0,0,0,0
1451036717960376,1790358703.292630,13292,idle,207.0,,,0,0,0,0
1451036877878036,1790358703.452547,13452,idle,532.4,,,0,0,0,0
1451037037645433,1790358703.612315,13612,decode,212.8,,,0,0,1,0
1451037188657870,1790358703.763327,13763,idle,573.2,,,0,0,0,0
1451037347607995,1790358703.922278,13922,idle,258.0,,,0,0,0,0
1451037498465605,1790358704.073135,14073,idle,302.6,,,0,0,0,0
1451037658299355,1790358704.232968,14232,idle,596.9,,,0,0,0,0
1451037817749916,1790358704.392419,14392,idle,5278.2,,,0,0,0,0
1451037977195677,1790358704.551865,14551,decode,184.2,,,0,0,1,0
1451038128149439,1790358704.702818,14702,idle,801.9,,,0,0,0,0
1451038278356534,1790358704.853025,14853,idle,480.3,,,0,0,0,0
1451038437622978,1790358705.012292,12,idle,726.8,,,0,0,0,0
1451038629350007,1790358705.204020,204,tx,51501.1,,,1,0,0,1
1451038781875052,1790358705.356545,356,tx,51516.1,,,1,0,0,1
1451038934332195,1790358705.509002,509,tx,51499.6,,,1,0,0,1
1451039087155072,1790358705.661825,661,tx,51737.6,,,1,0,0,1
1451039239715301,1790358705.814385,814,tx,54559.2,,,1,0,0,1
1451039396064689,1790358705.970734,970,tx,52604.5,,,1,0,0,1
1451039551113485,1790358706.125783,1125,tx,52679.5,,,1,0,0,1
1451039704456440,1790358706.279125,1279,tx,51807.9,,,1,0,0,1
1451039857411089,1790358706.432080,1432,tx,51557.3,,,1,0,0,1
1451040010259939,1790358706.584929,1584,tx,53717.0,,,1,0,0,1
1451040165531744,1790358706.740201,1740,tx,50789.2,,,1,0,0,1
1451040317645901,1790358706.892315,1892,tx,52128.1,,,1,0,0,1
1451040471194218,1790358707.045863,2045,tx,51755.2,,,1,0,0,1
1451040623737728,1790358707.198407,2198,tx,51624.0,,,1,0,0,1
1451040776611422,1790358707.351279,2351,tx,57541.0,,,1,0,0,1
1451040929745110,1790358707.504414,2504,tx,51837.0,,,1,0,0,1
1451041083023429,1790358707.657669,2657,tx,50889.8,,,1,0,0,1
1451041235220997,1790358707.809891,2809,tx,51677.0,,,1,0,0,1
1451041388828616,1790358707.963497,2963,tx,52214.7,,,1,0,0,1
1451041542179134,1790358708.116847,3116,tx,51757.1,,,1,0,0,1
1451041695777094,1790358708.270445,3270,tx,51933.3,,,1,0,0,1
1451041849241083,1790358708.423911,3423,tx,50645.6,,,1,0,0,1
1451042001950157,1790358708.576619,3576,tx,80694.8,,,1,0,0,1
1451042153699850,1790358708.728369,3728,tx,51856.0,,,1,0,0,1
1451042306984898,1790358708.881654,3881,tx,50932.8,,,1,0,0,1
1451042458932008,1790358709.033602,4033,tx,51518.6,,,1,0,0,1
1451042612119270,1790358709.186788,4186,tx,51787.7,,,1,0,0,1
1451042765732455,1790358709.340401,4340,tx,51839.6,,,1,0,0,1
1451042919247998,1790358709.493917,4493,tx,50747.9,,,1,0,0,1
1451043071683941,1790358709.646354,4646,tx,51544.9,,,1,0,0,1
1451043224318856,1790358709.798989,4798,tx,51596.5,,,1,0,0,1
1451043377904085,1790358709.952573,4952,tx,51003.3,,,1,0,0,1
1451043530278570,1790358710.104948,5104,tx,51739.1,,,1,0,0,1
1451043683904398,1790358710.258573,5258,tx,52056.0,,,1,0,0,1
1451043837171316,1790358710.411841,5411,tx,50743.5,,,1,0,0,1
1451043988720956,1790358710.563391,5563,tx,51462.3,,,1,0,0,1
1451044142954572,1790358710.717624,5717,tx,51475.1,,,1,0,0,1
1451044295286898,1790358710.869956,5869,tx,51669.8,,,1,0,0,1
1451044447805295,1790358711.022475,6022,tx,51488.6,,,1,0,0,1
1451044600527866,1790358711.175197,6175,tx,56959.6,,,1,0,0,1
1451044753424803,1790358711.328094,6328,tx,50867.2,,,1,0,0,1
1451044905668611,1790358711.480337,6480,tx,51774.1,,,1,0,0,1
1451045059452571,1790358711.634123,6634,tx,51474.1,,,1,0,0,1
1451045212578805,1790358711.787248,6787,tx,50779.0,,,1,0,0,1
1451045365078387,1790358711.939747,6939,tx,51984.9,,,1,0,0,1
1451045518548016,1790358712.093217,7093,tx,50700.7,,,1,0,0,1
1451045670485821,1790358712.245155,7245,tx,51578.5,,,1,0,0,1
1451045822933735,1790358712.397602,7397,tx,52146.4,,,1,0,0,1
1451045976472192,1790358712.551141,7551,tx,51909.8,,,1,0,0,1
1451046131045466,1790358712.705714,7705,tx,51915.0,,,1,0,0,1
1451046284805144,1790358712.859474,7859,tx,51778.3,,,1,0,0,1
1451046437571542,1790358713.012241,8012,tx,51482.3,,,1,0,0,1
1451046590476789,1790358713.165146,8165,tx,51850.5,,,1,0,0,1
1451046744262315,1790358713.318931,8318,tx,52182.4,,,1,0,0,1
1451046898199630,1790358713.472869,8472,tx,51838.9,,,1,0,0,1
1451047053274429,1790358713.627944,8627,tx,50714.3,,,1,0,0,1
1451047205646269,1790358713.780314,8780,tx,51793.1,,,1,0,0,1
1451047359083340,1790358713.933751,8933,tx,51945.4,,,1,0,0,1
1451047512780559,1790358714.087449,9087,tx,69558.4,,,1,0,0,1
1451047663064320,1790358714.237734,9237,tx,50495.5,,,1,0,0,1
1451047815078220,1790358714.389747,9389,tx,50973.9,,,1,0,0,1
1451047967845987,1790358714.542516,9542,tx,51617.4,,,1,0,0,1
1451048121261210,1790358714.695930,9695,tx,50758.6,,,1,0,0,1
1451048273234119,1790358714.847904,9847,tx,51740.4,,,1,0,0,1
1451048426484212,1790358715.001153,10001,tx,57674.8,,,1,0,0,1
1451048579592041,1790358715.154260,10154,tx,51745.5,,,1,0,0,1
1451048733045689,1790358715.307714,10307,tx,51001.6,,,1,0,0,1
1451048885261246,1790358715.459931,10459,tx,51662.1,,,1,0,0,1
1451049037911979,1790358715.612582,10612,tx,51531.2,,,1,0,0,1
1451049190225761,1790358715.764895,10764,tx,51767.8,,,1,0,0,1
1451049344458722,1790358715.919129,10919,tx,51498.5,,,1,0,0,1
1451049496856448,1790358716.071526,11071,tx,51560.4,,,1,0,0,1
1451049649986397,1790358716.224656,11224,tx,52808.4,,,1,0,0,1
1451049805645361,1790358716.380315,11380,tx,50664.0,,,1,0,0,1
1451049957512372,1790358716.532182,11532,tx,50541.3,,,1,0,0,1
1451050109755293,1790358716.684424,11684,tx,51841.0,,,1,0,0,1
1451050262404444,1790358716.837074,11837,tx,51580.0,,,1,0,0,1
1451050415560136,1790358716.990229,11990,tx,51929.0,,,1,0,0,1
1451050570542293,1790358717.145211,12145,tx,50767.8,,,1,0,0,1
1451050722912658,1790358717.297582,12297,tx,52167.3,,,1,0,0,1
1451050875813073,1790358717.450483,12450,tx,51620.0,,,1,0,0,1
1451051029071040,1790358717.603739,12603,tx,50939.4,,,1,0,0,1
1451051181524484,1790358717.756193,12756,tx,50882.6,,,1,0,0,1
1451051333509540,1790358717.908178,12908,tx,50815.7,,,1,0,0,1
1451051485276322,1790358718.059946,13059,tx,50721.6,,,1,0,0,1
1451051637944828,1790358718.212614,13212,tx,52134.4,,,1,0,0,1
1451051791569979,1790358718.366238,13366,tx,51770.1,,,1,0,0,1
1451051944615148,1790358718.519283,13519,tx,50839.3,,158147.6,1,0,0,1
1451052096717188,1790358718.671387,13671,tx,51514.8,,,0,0,0,0
1451052249454852,1790358718.824124,13824,idle,56865.7,,,0,0,0,0
1451052444903685,1790358719.019573,14019,idle,2250.2,,,0,0,0,0
1451052596548054,1790358719.171217,14171,idle,577.4,,,0,0,0,0
1451052756045816,1790358719.330716,14330,idle,208.0,,,0,0,0,0
1451052906466048,1790358719.481135,14481,idle,6746.3,,,0,0,0,0
1451053062127157,1790358719.636795,14636,idle,691.0,,,0,0,0,0
1451053216485161,1790358719.791154,14791,idle,611.3,,,0,0,0,0
1451053366600673,1790358719.941270,14941,idle,301.0,,,0,0,0,0
1451053526065265,1790358720.100735,100,idle,302.5,,,0,0,0,0
1451053676211207,1790358720.250880,250,idle,402.8,,,0,0,0,0
1451053826356226,1790358720.401025,401,idle,570.6,,,0,0,0,0
1451053976505260,1790358720.551174,551,idle,374.2,,,0,0,0,0
1451054136411290,1790358720.711081,711,idle,267.6,,,0,0,0,0
1451054286732208,1790358720.861402,861,idle,219.9,,,0,0,0,0
1451054446126617,1790358721.020796,1020,idle,210.7,,,0,0,0,0
1451054596681004,1790358721.171351,1171,idle,196.4,,,0,0,0,0
1451054756553839,1790358721.331223,1331,idle,194.5,,,0,0,0,0
1451054906687219,1790358721.481357,1481,idle,223.4,,,0,0,0,0
1451055057197949,1790358721.631865,1631,idle,575.9,,,0,0,0,0
1451055216582253,1790358721.791251,1791,idle,575.2,,,0,0,0,0
1451055376304223,1790358721.950974,1950,idle,198.3,,,0,0,0,0
1451055526759512,1790358722.101429,2101,idle,590.9,,,0,0,0,0
1451055677123224,1790358722.251792,2251,idle,559.7,,,0,0,0,0
1451055836430370,1790358722.411099,2411,idle,536.7,,,0,0,0,0
1451055996213640,1790358722.570883,2570,idle,231.6,,,0,0,0,0
1451056146384194,1790358722.721054,2721,idle,302.1,,,0,0,0,0
1451056296681265,1790358722.871350,2871,idle,565.1,,,0,0,0,0
1451056446846018,1790358723.021515,3021,idle,619.0,,,0,0,0,0
1451056597244276,1790358723.171913,3171,idle,409.4,,,0,0,0,0
1451056756706178,1790358723.331376,3331,idle,187.1,,,0,0,0,0
1451056916815912,1790358723.491484,3491,idle,540.5,,,0,0,0,0
1451057076458820,1790358723.651128,3651,idle,519.3,,,0,0,0,0
1451057226570628,1790358723.801239,3801,idle,604.6,,,0,0,0,0
1451057385934787,1790358723.960605,3960,idle,228.4,,,0,0,0,0
1451057536886963,1790358724.111556,4111,idle,595.0,,,0,0,0,0
1451057687429976,1790358724.262099,4262,idle,548.5,,,0,0,0,0
1451057846879841,1790358724.421549,4421,idle,519.9,,,0,0,0,0
1451058006866372,1790358724.581536,4581,idle,5358.6,,,0,0,0,0
1451058166786961,1790358724.741456,4741,idle,506.9,,,0,0,0,0
1451058317075818,1790358724.891745,4891,idle,536.5,,,0,0,0,0
1451058476367018,1790358725.051036,5051,idle,567.9,,,0,0,0,0
1451058635839681,1790358725.210510,5210,idle,206.2,,,0,0,0,0
1451058786570632,1790358725.361240,5361,idle,469.6,,,0,0,0,0
1451058936818915,1790358725.511487,5511,idle,529.9,,,0,0,0,0
1451059096926382,1790358725.671595,5671,idle,523.5,,,0,0,0,0
1451059256679966,1790358725.831350,5831,idle,247.0,,,0,0,0,0
1451059416074201,1790358725.990744,5990,idle,217.1,,,0,0,0,0
1451059576028579,1790358726.150698,6150,idle,406.4,,,0,0,0,0
1451059726223236,1790358726.300893,6300,idle,227.8,,,0,0,0,0
1451059876466081,1790358726.451136,6451,idle,215.8,,,0,0,0,0
1451060026665550,1790358726.601335,6601,idle,218.5,,,0,0,0,0
1451060186205845,1790358726.760875,6760,idle,343.6,,,0,0,0,0
1451060336460683,1790358726.911130,6911,idle,753.0,,,0,0,0,0
1451060486788425,1790358727.061457,7061,idle,540.8,,,0,0,0,0
1451060646043671,1790358727.220713,7220,idle,271.7,,,0,0,0,0
1451060797330575,1790358727.371999,7371,idle,616.7,,,0,0,0,0
1451060956756552,1790358727.531426,7531,idle,360.7,,,0,0,0,0
1451061116877664,1790358727.691546,7691,idle,558.4,,,0,0,0,0
1451061276535801,1790358727.851206,7851,idle,214.4,,,0,0,0,0
1451061436271878,1790358728.010941,8010,idle,554.2,,,0,0,0,0
1451061596226975,1790358728.170895,8170,idle,437.8,,,0,0,0,0
1451061746343153,1790358728.321011,8321,idle,597.6,,,0,0,0,0
1451061896436849,1790358728.471107,8471,idle,222.3,,,0,0,0,0
1451062050180812,1790358728.624850,8624,idle,587.4,,,0,0,0,0
1451062206926757,1790358728.781595,8781,idle,1677.3,,,0,0,0,0
1451062357253583,1790358728.931923,8931,idle,530.1,,,0,0,0,0
1451062516541487,1790358729.091210,9091,idle,4923.3,,,0,0,0,0
1451062676201000,1790358729.250871,9250,idle,252.5,,,0,0,0,0
1451062827390652,1790358729.402059,9402,idle,665.2,,,0,0,0,0
1451062986739200,1790358729.561395,9561,idle,295.5,,,0,0,0,0
1451063137240305,1790358729.711909,9711,idle,498.7,,,0,0,0,0
1451063296750348,1790358729.871420,9871,idle,223.1,,,0,0,0,0
1451063456816486,1790358730.031486,10031,idle,569.9,,,0,0,0,0
1451063616578578,1790358730.191247,10191,idle,567.7,,,0,0,0,0
1451063766861688,1790358730.341529,10341,idle,549.7,,,0,0,0,0
1451063926660540,1790358730.501330,10501,idle,260.8,,,0,0,0,0
1451064086617173,1790358730.661286,10661,idle,565.7,,,0,0,0,0
1451064236775265,1790358730.811443,10811,idle,602.8,,,0,0,0,0
1451064386835540,1790358730.961505,10961,idle,387.5,,,0,0,0,0
1451064546386026,1790358731.121056,11121,idle,261.2,,,0,0,0,0
1451064696588737,1790358731.271258,11271,idle,280.6,,,0,0,0,0
1451064856020768,1790358731.430691,11430,idle,221.9,,,0,0,0,0
1451065006274971,1790358731.580945,11580,idle,23051.6,,,0,0,0,0
1451065166201710,1790358731.740871,11740,idle,245.7,,,0,0,0,0
1451065323938722,1790358731.898608,11898,decode,340.6,,,0,0,1,0
1451065477367869,1790358732.052037,12052,decode,161.3,,,0,0,1,0
1451065636942245,1790358732.211612,12211,idle,505.7,,,0,0,0,0
1451065796295476,1790358732.370965,12370,idle,397.9,,,0,0,0,0
1451065946575894,1790358732.521245,12521,idle,213.4,,,0,0,0,0
1451066097090597,1790358732.671759,12671,idle,594.3,,,0,0,0,0
1451066256574833,1790358732.831244,12831,idle,724.8,,,0,0,0,0
1451066406694071,1790358732.981363,12981,idle,3864.5,,,0,0,0,0
1451066560241419,1790358733.134911,13134,idle,220.8,,,0,0,0,0
1451066716509618,1790358733.291178,13291,idle,581.4,,,0,0,0,0
1451066866676863,1790358733.441345,13441,idle,563.9,,,0,0,0,0
1451067016689594,1790358733.591359,13591,decode,273.3,,,0,0,1,0
1451067176057370,1790358733.750727,13750,idle,211.8,,,0,0,0,0
1451067326681122,1790358733.901350,13901,idle,563.8,,,0,0,0,0
1451067476995419,1790358734.051664,14051,idle,622.1,,,0,0,0,0
1451067627219710,1790358734.201887,14201,idle,849.9,,,0,0,0,0
1451067778651914,1790358734.353321,14353,decode,408.1,,,0,0,1,0
1451067929824461,1790358734.504494,14504,idle,155.4,,,0,0,0,0
1451068081484861,1790358734.656153,14656,idle,595.6,,,0,0,0,0
1451068236812602,1790358734.811481,14811,idle,611.7,,,0,0,0,0
1451068387028484,1790358734.961697,14961,idle,656.6,,,0,0,0,0
1451068546258549,1790358735.120928,120,tx,130253.1,,,1,0,0,1
1451068737517157,1790358735.312186,312,tx,51682.2,,,1,0,0,1
1451068893640199,1790358735.468309,468,tx,52835.2,,,1,0,0,1
1451069049973105,1790358735.624642,624,tx,57489.3,,,1,0,0,1
1451069202166768,1790358735.776836,776,tx,51632.9,,,1,0,0,1
1451069355424978,1790358735.930094,930,tx,50790.3,,,1,0,0,1
1451069507625063,1790358736.082294,1082,tx,74095.8,,,1,0,0,1
1451069662324192,1790358736.236994,1236,tx,51827.9,,,1,0,0,1
1451069815322259,1790358736.389992,1389,tx,51896.0,,,1,0,0,1
1451069968134789,1790358736.542804,1542,tx,51453.7,,,1,0,0,1
1451070120410561,1790358736.695081,1695,tx,51700.4,,,1,0,0,1
1451070272981043,1790358736.847651,1847,tx,51553.6,,,1,0,0,1
1451070425380278,1790358737.000050,2000,tx,52866.9,,,1,0,0,1
1451070583016381,1790358737.157685,2157,tx,51602.4,,,1,0,0,1
1451070736345125,1790358737.311014,2311,tx,52476.6,,,1,0,0,1
1451070890389959,1790358737.465059,2465,tx,52024.1,,,1,0,0,1
1451071042206162,1790358737.616875,2616,tx,52042.7,,,1,0,0,1
1451071195283588,1790358737.769953,2769,tx,51924.7,,,1,0,0,1
1451071348200331,1790358737.922869,2922,tx,52045.0,,,1,0,0,1
1451071501372381,1790358738.076041,3076,tx,63992.7,,,1,0,0,1
1451071657032711,1790358738.231702,3231,tx,57726.7,,,1,0,0,1
1451071810291557,1790358738.384959,3384,tx,51937.8,,,1,0,0,1
1451071963639946,1790358738.538310,3538,tx,50548.4,,,1,0,0,1
1451072116785495,1790358738.691454,3691,tx,51916.7,,,1,0,0,1
1451072270466432,1790358738.845135,3845,tx,51924.4,,,1,0,0,1
1451072424233421,1790358738.998902,3998,tx,52010.7,,,1,0,0,1
1451072577460380,1790358739.152130,4152,tx,50709.1,,,1,0,0,1
1451072729395638,1790358739.304065,4304,tx,52023.8,,,1,0,0,1
1451072883051695,1790358739.457721,4457,tx,51716.8,,,1,0,0,1
1451073036115479,1790358739.610784,4610,tx,51103.6,,,1,0,0,1
1451073188125605,1790358739.762795,4762,tx,51686.1,,,1,0,0,1
1451073341525448,1790358739.916194,4916,tx,51929.8,,,1,0,0,1
1451073495186597,1790358740.069855,5069,tx,52026.7,,,1,0,0,1
1451073649315890,1790358740.223984,5223,tx,53569.2,,,1,0,0,1
1451073802068137,1790358740.376738,5376,tx,51472.8,,,1,0,0,1
1451073955079162,1790358740.529749,5529,tx,50565.5,,,1,0,0,1
1451074106956093,1790358740.681625,5681,tx,50879.9,,,1,0,0,1
1451074259657850,1790358740.834327,5834,tx,51826.3,,,1,0,0,1
1451074412773931,1790358740.987443,5987,tx,51493.9,,,1,0,0,1
1451074565921598,1790358741.140591,6140,tx,51562.6,,,1,0,0,1
1451074718710876,1790358741.293380,6293,tx,51822.9,,,1,0,0,1
1451074871459006,1790358741.446129,6446,tx,50824.8,,,1,0,0,1
1451075023037983,1790358741.597708,6597,tx,58465.7,,,1,0,0,1
1451075181525911,1790358741.756196,6756,tx,51689.8,,,1,0,0,1
1451075334039952,1790358741.908710,6908,tx,51450.9,,,1,0,0,1
1451075486422176,1790358742.061091,7061,tx,66045.9,,,1,0,0,1
1451075639480462,1790358742.214149,7214,tx,51822.1,,,1,0,0,1
1451075792132477,1790358742.366802,7366,tx,51573.3,,,1,0,0,1
1451075949239291,1790358742.523908,7523,tx,50997.4,,,1,0,0,1
1451076102357157,1790358742.677026,7677,tx,52071.5,,,1,0,0,1
1451076256103465,1790358742.830772,7830,tx,51773.4,,,1,0,0,1
1451076408704995,1790358742.983375,7983,tx,51586.0,,,1,0,0,1
1451076560304695,1790358743.134974,8134,tx,51976.2,,,1,0,0,1
1451076713923697,1790358743.288592,8288,tx,51825.3,,,1,0,0,1
1451076867393074,1790358743.442062,8442,tx,51843.4,,,1,0,0,1
1451077020123924,1790358743.594794,8594,tx,51485.6,,,1,0,0,1
1451077173250855,1790358743.747920,8747,tx,51148.3,,,1,0,0,1
1451077325978939,1790358743.900647,8900,tx,50916.2,,,1,0,0,1
1451077476058176,1790358744.050728,9050,tx,51800.9,,,1,0,0,1
1451077631066606,1790358744.205736,9205,tx,51856.8,,,1,0,0,1
1451077784334380,1790358744.359004,9359,tx,52224.2,,,1,0,0,1
1451077937742115,1790358744.512411,9512,tx,52226.7,,,1,0,0,1
1451078091587027,1790358744.666255,9666,tx,51357.8,,,1,0,0,1
1451078250689547,1790358744.825357,9825,tx,52646.7,,,1,0,0,1
1451078403598405,1790358744.978268,9978,tx,51606.5,,,1,0,0,1
1451078556946440,1790358745.131615,10131,tx,50885.0,,,1,0,0,1
1451078709183601,1790358745.283853,10283,tx,51890.6,,,1,0,0,1
1451078862430081,1790358745.437098,10437,tx,51880.1,,,1,0,0,1
1451079015641851,1790358745.590312,10590,tx,64640.6,,,1,0,0,1
1451079172167156,1790358745.746836,10746,tx,51821.1,,,1,0,0,1
1451079326200161,1790358745.900868,10900,tx,57495.1,,,1,0,0,1
1451079479829588,1790358746.054499,11054,tx,51578.8,,,1,0,0,1
1451079632785406,1790358746.207455,11207,tx,51552.0,,,1,0,0,1
1451079785398769,1790358746.360067,11360,tx,51952.2,,,1,0,0,1
1451079939202251,1790358746.513870,11513,tx,52095.8,,,1,0,0,1
1451080093403104,1790358746.668072,11668,tx,51937.3,,,1,0,0,1
1451080250968915,1790358746.825638,11825,tx,52911.4,,,1,0,0,1
1451080404020902,1790358746.978691,11978,tx,51622.2,,,1,0,0,1
1451080560759570,1790358747.135427,12135,tx,52599.8,,,1,0,0,1
1451080714494854,1790358747.289164,12289,tx,51890.7,,,1,0,0,1
1451080867511713,1790358747.442181,12442,tx,51730.6,,,1,0,0,1
1451081020692614,1790358747.595362,12595,tx,50591.2,,,1,0,0,1
1451081172839860,1790358747.747509,12747,tx,51837.4,,,1,0,0,1
1451081325996630,1790358747.900665,12900,tx,51821.3,,,1,0,0,1
1451081478871768,1790358748.053542,13053,tx,51472.4,,,1,0,0,1
1451081631628792,1790358748.206298,13206,tx,51607.8,,,1,0,0,1
1451081784600987,1790358748.359270,13359,tx,52014.2,,,1,0,0,1
1451081937577891,1790358748.512248,13512,tx,51674.7,,165116.1,1,0,0,1
1451082090624986,1790358748.665295,13665,tx,51751.2,,,0,0,0,0
1451082243589744,1790358748.818259,13818,idle,51782.4,,,0,0,0,0
1451082440571323,1790358749.015241,14015,idle,1278.0,,,0,0,0,0
1451082596307003,1790358749.170976,14170,idle,399.5,,,0,0,0,0
1451082746432401,1790358749.321102,14321,idle,673.0,,,0,0,0,0
1451082906232772,1790358749.480902,14480,idle,188.4,,,0,0,0,0
1451083060664883,1790358749.635334,14635,idle,539.2,,,0,0,0,0
1451083216039888,1790358749.790708,14790,idle,539.6,,,0,0,0,0
1451083366078224,1790358749.940748,14940,idle,1553.5,,,0,0,0,0
1451083516414523,1790358750.091083,91,idle,3038.6,,,0,0,0,0
1451083675965843,1790358750.250635,250,idle,324.3,,,0,0,0,0
1451083836110059,1790358750.410701,410,idle,580.6,,,0,0,0,0
1451083986311116,1790358750.560980,560,idle,653.5,,,0,0,0,0
1451084145953562,1790358750.720622,720,idle,583.2,,,0,0,0,0
1451084296359570,1790358750.871029,871,idle,223.2,,,0,0,0,0
1451084455911589,1790358751.030581,1030,idle,218.0,,,0,0,0,0
1451084607299262,1790358751.181968,1181,idle,6163.2,,,0,0,0,0
1451084766714620,1790358751.341383,1341,idle,554.0,,,0,0,0,0
1451084925748535,1790358751.500418,1500,idle,240.5,,,0,0,0,0
1451085076216897,1790358751.650886,1650,idle,461.1,,,0,0,0,0
1451085226466085,1790358751.801135,1801,idle,663.6,,,0,0,0,0
1451085386140459,1790358751.960809,1960,idle,571.1,,,0,0,0,0
1451085536480928,1790358752.111148,2111,idle,665.1,,,0,0,0,0
1451085696111105,1790358752.270781,2270,idle,199.7,,,0,0,0,0
1451085856233782,1790358752.430902,2430,idle,686.6,,,0,0,0,0
1451086016042031,1790358752.590712,2590,idle,13721.0,,,0,0,0,0
1451086166381862,1790358752.741051,2741,idle,778.3,,,0,0,0,0
1451086325433402,1790358752.900103,2900,idle,255.9,,,0,0,0,0
1451086476423639,1790358753.051092,3051,idle,564.0,,,0,0,0,0
1451086635774482,1790358753.210443,3210,idle,735.9,,,0,0,0,0
1451086786206166,1790358753.360875,3360,idle,562.5,,,0,0,0,0
1451086936347417,1790358753.511017,3511,idle,242.0,,,0,0,0,0
1451087096176669,1790358753.670846,3670,idle,535.0,,,0,0,0,0
1451087246219321,1790358753.820888,3820,idle,568.1,,,0,0,0,0
1451087406286935,1790358753.980955,3980,idle,5808.3,,,0,0,0,0
1451087560862506,1790358754.135532,4135,idle,329.5,,,0,0,0,0
1451087715286117,1790358754.289956,4289,idle,220.2,,,0,0,0,0
1451087866014054,1790358754.440669,4440,idle,409.2,,,0,0,0,0
1451088026155682,1790358754.600824,4600,idle,535.0,,,0,0,0,0
1451088176460568,1790358754.751129,4751,idle,591.6,,,0,0,0,0
1451088335902910,1790358754.910573,4910,idle,203.7,,,0,0,0,0
1451088496119532,1790358755.070788,5070,idle,653.1,,,0,0,0,0
1451088646271733,1790358755.220940,5220,idle,1018.5,,,0,0,0,0
1451088796406260,1790358755.371074,5371,idle,572.3,,,0,0,0,0
1451088956145590,1790358755.530815,5530,idle,239.8,,,0,0,0,0
1451089115889574,1790358755.690558,5690,idle,370.5,,,0,0,0,0
1451089275775589,1790358755.850445,5850,idle,469.1,,,0,0,0,0
1451089435875269,1790358756.010542,6010,idle,534.7,,,0,0,0,0
1451089585942240,1790358756.160612,6160,idle,248.8,,,0,0,0,0
1451089745842633,1790358756.320512,6320,idle,329.0,,,0,0,0,0
1451089896133630,1790358756.470803,6470,idle,528.6,,,0,0,0,0
1451090056142865,1790358756.630812,6630,idle,526.2,,,0,0,0,0
1451090218615793,1790358756.793285,6793,idle,1688.8,,,0,0,0,0
1451090375408491,1790358756.950078,6950,idle,276.1,,,0,0,0,0
1451090526920959,1790358757.101590,7101,idle,4274.7,,,0,0,0,0
1451090685979990,1790358757.260648,7260,idle,636.3,,,0,0,0,0
1451090837157491,1790358757.411826,7411,idle,605.9,,,0,0,0,0
1451090995738773,1790358757.570409,7570,idle,221.0,,,0,0,0,0
1451091146662982,1790358757.721332,7721,idle,637.0,,,0,0,0,0
1451091306104776,1790358757.880774,7880,idle,3201.9,,,0,0,0,0
1451091456660926,1790358758.031330,8031,idle,513.0,,,0,0,0,0
1451091615797582,1790358758.190467,8190,idle,253.9,,,0,0,0,0
1451091766775799,1790358758.341445,8341,idle,602.1,,,0,0,0,0
1451091926313173,1790358758.500982,8500,idle,544.9,,,0,0,0,0
1451092080956486,1790358758.655626,8655,idle,597.9,,,0,0,0,0
1451092240358706,1790358758.815027,8815,idle,8860.9,,,0,0,0,0
1451092395146528,1790358758.969816,8969,idle,247.7,,,0,0,0,0
1451092546142954,1790358759.120812,9120,idle,532.4,,,0,0,0,0
1451092696503896,1790358759.271173,9271,idle,782.6,,,0,0,0,0
1451092855804635,1790358759.430474,9430,idle,222.8,,,0,0,0,0
1451093006342004,1790358759.581012,9581,idle,200.2,,,0,0,0,0
1451093166272791,1790358759.740942,9740,idle,521.3,,,0,0,0,0
1451093316587285,1790358759.891256,9891,idle,569.3,,,0,0,0,0
1451093475579429,1790358760.050248,10050,idle,625.1,,,0,0,0,0
1451093626321925,1790358760.200991,10200,idle,267.1,,,0,0,0,0
1451093785941650,1790358760.360609,10360,idle,593.5,,,0,0,0,0
1451093936411550,1790358760.511081,10511,idle,536.6,,,0,0,0,0
1451094095606925,1790358760.670276,10670,idle,325.4,,,0,0,0,0
1451094245733680,1790358760.820403,10820,idle,374.6,,,0,0,0,0
1451094396214680,1790358760.970884,10970,idle,428.9,,,0,0,0,0
1451094549214481,1790358761.123883,11123,idle,550.4,,,0,0,0,0
1451094706700955,1790358761.281370,11281,idle,7234.2,,,0,0,0,0
1451094866184341,1790358761.440853,11440,idle,629.1,,,0,0,0,0
1451095025806525,1790358761.600477,11600,idle,2866.1,,,0,0,0,0
1451095176901917,1790358761.751571,11751,idle,664.9,,,0,0,0,0
1451095331754356,1790358761.906424,11906,decode,167.6,,,0,0,1,0
1451095490011200,1790358762.064681,12064,decode,222.9,,,0,0,1,0
1451095646079575,1790358762.220749,12220,idle,290.7,,,0,0,0,0
1451095796216940,1790358762.370886,12370,idle,595.0,,,0,0,0,0
1451095946403680,1790358762.521072,12521,idle,561.9,,,0,0,0,0
1451096106305482,1790358762.680974,12680,idle,7619.5,,,0,0,0,0
1451096266076241,1790358762.840746,12840,idle,228.5,,,0,0,0,0
1451096426044982,1790358763.000714,13000,idle,593.8,,,0,0,0,0
1451096581257855,1790358763.155927,13155,idle,531.4,,,0,0,0,0
1451096736138988,1790358763.310807,13310,idle,554.6,,,0,0,0,0
1451096896141299,1790358763.470811,13470,idle,212.5,,,0,0,0,0
1451097046877809,1790358763.621547,13621,idle,248.7,,,0,0,0,0
1451097206179176,1790358763.780847,13780,idle,3548.6,,,0,0,0,0
1451097366220775,1790358763.940890,13940,idle,492.8,,,0,0,0,0
1451097516498716,1790358764.091166,14091,idle,2219.8,,,0,0,0,0
1451097675889490,1790358764.250559,14250,idle,233.7,,,0,0,0,0
1451097834067195,1790358764.408736,14408,decode,404.2,,,0,0,1,0
1451097987306036,1790358764.561976,14561,decode,201.4,,,0,0,1,0
1451098146286544,1790358764.720955,14720,idle,594.7,,,0,0,0,0
1451098305186437,1790358764.879856,14879,idle,192.6,,,0,0,0,0
1451098455971921,1790358765.030640,30,idle,604.4,,,0,0,0,0
1451098637121034,1790358765.211789,211,tx,50969.5,,,1,0,0,1
1451098789724330,1790358765.364393,364,tx,58465.3,,,1,0,0,1
1451098944275133,1790358765.518945,518,tx,51571.2,,,1,0,0,1
1451099097390296,1790358765.672059,672,tx,51846.2,,,1,0,0,1
1451099250455706,1790358765.825124,825,tx,53542.3,,,1,0,0,1
1451099404669001,1790358765.979338,979,tx,51884.8,,,1,0,0,1
1451099559692210,1790358766.134362,1134,tx,51756.8,,,1,0,0,1
1451099713101252,1790358766.287770,1287,tx,51837.2,,,1,0,0,1
1451099866202823,1790358766.440871,1440,tx,50824.0,,,1,0,0,1
1451100018244365,1790358766.592913,1592,tx,51743.5,,,1,0,0,1
1451100170856889,1790358766.745527,1745,tx,50700.5,,,1,0,0,1
1451100323070515,1790358766.897739,1897,tx,50865.0,,,1,0,0,1
1451100475351593,1790358767.050021,2050,tx,52395.4,,,1,0,0,1
1451100629145192,1790358767.203815,2203,tx,50709.4,,,1,0,0,1
1451100781159884,1790358767.355829,2355,tx,51525.6,,,1,0,0,1
1451100933866336,1790358767.508536,2508,tx,51704.2,,,1,0,0,1
1451101087556702,1790358767.662226,2662,tx,52014.4,,,1,0,0,1
1451101240903637,1790358767.815573,2815,tx,51843.9,,,1,0,0,1
1451101394609541,1790358767.969278,2969,tx,51916.4,,,1,0,0,1
1451101553330050,1790358768.128000,3127,tx,50584.9,,,1,0,0,1
1451101705445905,1790358768.280114,3280,tx,52276.1,,,1,0,0,1
1451101859530340,1790358768.434199,3434,tx,51009.3,,,1,0,0,1
1451102012419481,1790358768.587088,3587,tx,70166.7,,,1,0,0,1
1451102163193860,1790358768.737864,3737,tx,50551.4,,,1,0,0,1
1451102315185890,1790358768.889855,3889,tx,52163.5,,,1,0,0,1
1451102469236821,1790358769.043903,4043,tx,50887.1,,,1,0,0,1
1451102622260668,1790358769.196929,4196,tx,57976.1,,,1,0,0,1
1451102774992288,1790358769.349662,4349,tx,51543.4,,,1,0,0,1
1451102928276635,1790358769.502945,4502,tx,51837.2,,,1,0,0,1
1451103081743544,1790358769.656412,4656,tx,51987.4,,,1,0,0,1
1451103235395765,1790358769.810065,4810,tx,52110.5,,,1,0,0,1
1451103388477389,1790358769.963147,4963,tx,51557.7,,,1,0,0,1
1451103541238775,1790358770.115908,5115,tx,50839.1,,,1,0,0,1
1451103693445633,1790358770.268114,5268,tx,52176.5,,,1,0,0,1
1451103849954165,1790358770.424623,5424,tx,53006.7,,,1,0,0,1
1451104003324973,1790358770.577995,5577,tx,60516.0,,,1,0,0,1
1451104154829671,1790358770.729499,5729,tx,51863.6,,,1,0,0,1
1451104308494752,1790358770.883164,5883,tx,52046.6,,,1,0,0,1
1451104462197186,1790358771.036866,6036,tx,50764.6,,,1,0,0,1
1451104614625596,1790358771.189294,6189,tx,51929.1,,,1,0,0,1
1451104767392044,1790358771.342062,6342,tx,51474.6,,,1,0,0,1
1451104920101924,1790358771.494770,6494,tx,51942.6,,,1,0,0,1
1451105072591266,1790358771.647260,6647,tx,51984.1,,,1,0,0,1
1451105226474649,1790358771.801143,6801,tx,52126.0,,,1,0,0,1
1451105379418678,1790358771.954088,6954,tx,50516.6,,,1,0,0,1
1451105531595033,1790358772.106264,7106,tx,51965.2,,,1,0,0,1
1451105684585892,1790358772.259255,7259,tx,52011.7,,,1,0,0,1
1451105838126157,1790358772.412795,7412,tx,51969.2,,,1,0,0,1
1451105990953639,1790358772.565623,7565,tx,51607.1,,,1,0,0,1
1451106147532675,1790358772.722202,7722,tx,52055.7,,,1,0,0,1
1451106301548546,1790358772.876216,7876,tx,51409.9,,,1,0,0,1
1451106454504261,1790358773.029173,8029,tx,79159.6,,,1,0,0,1
1451106606895448,1790358773.181565,8181,tx,51649.2,,,1,0,0,1
1451106760093944,1790358773.334764,8334,tx,51595.2,,,1,0,0,1
1451106913092940,1790358773.487761,8487,tx,51748.5,,,1,0,0,1
1451107065948138,1790358773.640617,8640,tx,51829.9,,,1,0,0,1
1451107219516897,1790358773.794186,8794,tx,51568.1,,,1,0,0,1
1451107371924770,1790358773.946595,8946,tx,51690.5,,,1,0,0,1
1451107525237259,1790358774.099906,9099,tx,56932.8,,,1,0,0,1
1451107683685063,1790358774.258354,9258,tx,51899.4,,,1,0,0,1
1451107837087680,1790358774.411757,9411,tx,51884.0,,,1,0,0,1
1451107989832337,1790358774.564502,9564,tx,51812.7,,,1,0,0,1
1451108144281979,1790358774.718951,9718,tx,50910.9,,,1,0,0,1
1451108296836691,1790358774.871506,9871,tx,51688.7,,,1,0,0,1
1451108450109209,1790358775.024778,10024,tx,54672.4,,,1,0,0,1
1451108602108550,1790358775.176778,10176,tx,51506.6,,,1,0,0,1
1451108755058476,1790358775.329728,10329,tx,50720.7,,,1,0,0,1
1451108907592427,1790358775.482261,10482,tx,52086.0,,,1,0,0,1
1451109060734372,1790358775.635404,10635,tx,51888.6,,,1,0,0,1
1451109214285925,1790358775.788955,10788,tx,51663.2,,,1,0,0,1
1451109366945951,1790358775.941616,10941,tx,51576.5,,,1,0,0,1
1451109520197192,1790358776.094867,11094,tx,50788.8,,,1,0,0,1
1451109672415927,1790358776.247085,11247,tx,50631.0,,,1,0,0,1
1451109824544537,1790358776.399214,11399,tx,51772.3,,,1,0,0,1
1451109977161204,1790358776.551831,11551,tx,50677.2,,,1,0,0,1
1451110129411119,1790358776.704081,11704,tx,51756.5,,,1,0,0,1
1451110282260023,1790358776.856929,11856,tx,58757.5,,,1,0,0,1
1451110435283882,1790358777.009953,12009,tx,50890.5,,,1,0,0,1
1451110587173525,1790358777.161843,12161,tx,51603.1,,,1,0,0,1
1451110740270132,1790358777.314938,12314,tx,51908.6,,,1,0,0,1
1451110893245546,1790358777.467915,12467,tx,51717.1,,,1,0,0,1
1451111044601723,1790358777.619271,12619,tx,52257.1,,,1,0,0,1
1451111198626732,1790358777.773296,12773,tx,50520.2,,,1,0,0,1
1451111350333944,1790358777.925003,12925,tx,52586.6,,,1,0,0,1
1451111503623341,1790358778.078293,13078,tx,78336.8,,,1,0,0,1
1451111663346175,1790358778.238015,13238,tx,51809.2,,,1,0,0,1
1451111817031168,1790358778.391698,13391,tx,51815.1,,,1,0,0,1
1451111969904894,1790358778.544575,13544,tx,51704.3,,137136.1,1,0,0,1
1451112127341884,1790358778.702011,13702,idle,51632.6,,,0,0,0,0
1451112280217478,1790358778.854886,13854,idle,50706.9,,,0,0,0,0
1451112451041809,1790358779.025711,14025,idle,1107.6,,,0,0,0,0
1451112603840293,1790358779.178510,14178,idle,238.1,,,0,0,0,0
1451112755205942,1790358779.329875,14329,idle,577.8,,,0,0,0,0
1451112914630078,1790358779.489299,14489,idle,633.9,,,0,0,0,0
1451113072244286,1790358779.646914,14646,idle,343.5,,,0,0,0,0
1451113222841744,1790358779.797511,14797,idle,282.5,,,0,0,0,0
1451113382323316,1790358779.956993,14956,idle,289.8,,,0,0,0,0
1451113533278155,1790358780.107947,107,idle,500.8,,,0,0,0,0
1451113693190535,1790358780.267860,267,idle,264.8,,,0,0,0,0
1451113852549521,1790358780.427219,427,idle,229.8,,,0,0,0,0
1451114002631516,1790358780.577301,577,idle,763.7,,,0,0,0,0
1451114162507482,1790358780.737177,737,idle,199.4,,,0,0,0,0
1451114313199793,1790358780.887869,887,idle,521.5,,,0,0,0,0
1451114472525861,1790358781.047195,1047,idle,564.3,,,0,0,0,0
1451114632381314,1790358781.207051,1207,idle,199.2,,,0,0,0,0
1451114792550099,1790358781.367219,1367,idle,565.0,,,0,0,0,0
1451114942762567,1790358781.517431,1517,idle,589.6,,,0,0,0,0
1451115102745255,1790358781.677413,1677,idle,6244.2,,,0,0,0,0
1451115262608048,1790358781.837278,1837,idle,219.2,,,0,0,0,0
1451115422766581,1790358781.997436,1997,idle,441.7,,,0,0,0,0
1451115573094248,1790358782.147763,2147,idle,512.3,,,0,0,0,0
1451115732555387,1790358782.307225,2307,idle,429.9,,,0,0,0,0
1451115892157675,1790358782.466828,2466,idle,207.0,,,0,0,0,0
1451116043084270,1790358782.617754,2617,idle,241.0,,,0,0,0,0
1451116202197503,1790358782.776867,2776,idle,622.7,,,0,0,0,0
1451116352256933,1790358782.926927,2926,idle,210.3,,,0,0,0,0
1451116506051000,1790358783.080721,3080,idle,8888.3,,,0,0,0,0
1451116662077890,1790358783.236748,3236,idle,335.5,,,0,0,0,0
1451116812729720,1790358783.387399,3387,idle,221.8,,,0,0,0,0
1451116972842702,1790358783.547512,3547,idle,547.1,,,0,0,0,0
1451117123068445,1790358783.697737,3697,idle,576.0,,,0,0,0,0
1451117282634842,1790358783.857305,3857,idle,212.7,,,0,0,0,0
1451117433058418,1790358784.007728,4007,idle,265.1,,,0,0,0,0
1451117592608116,1790358784.167277,4167,idle,594.7,,,0,0,0,0
1451117752655145,1790358784.327325,4327,idle,193.6,,,0,0,0,0
1451117902937812,1790358784.477608,4477,idle,215.6,,,0,0,0,0
1451118054467993,1790358784.629137,4629,idle,1140.4,,,0,0,0,0
1451118212969423,1790358784.787638,4787,idle,580.1,,,0,0,0,0
1451118363295145,1790358784.937964,4937,idle,659.8,,,0,0,0,0
1451118523078418,1790358785.097744,5097,idle,1433.3,,,0,0,0,0
1451118673234738,1790358785.247904,5247,idle,657.9,,,0,0,0,0
1451118832787186,1790358785.407456,5407,idle,631.5,,,0,0,0,0
1451118983096051,1790358785.557765,5557,idle,584.3,,,0,0,0,0
1451119142554877,1790358785.717225,5717,idle,256.6,,,0,0,0,0
1451119293018593,1790358785.867688,5867,idle,336.4,,,0,0,0,0
1451119443271095,1790358786.017940,6017,idle,588.2,,,0,0,0,0
1451119603355165,1790358786.178024,6178,idle,5100.8,,,0,0,0,0
1451119763023870,1790358786.337693,6337,idle,537.7,,,0,0,0,0
1451119922685134,1790358786.497355,6497,idle,221.6,,,0,0,0,0
1451120073173452,1790358786.647842,6647,idle,687.4,,,0,0,0,0
1451120232805030,1790358786.807474,6807,idle,574.2,,,0,0,0,0
1451120385167928,1790358786.959836,6959,idle,1197.5,,,0,0,0,0
1451120542381038,1790358787.117051,7117,idle,271.8,,,0,0,0,0
1451120693491978,1790358787.268161,7268,idle,616.4,,,0,0,0,0
1451120852062874,1790358787.426732,7426,idle,232.0,,,0,0,0,0
1451121002407244,1790358787.577077,7577,idle,10620.1,,,0,0,0,0
1451121152784369,1790358787.727454,7727,idle,214.0,,,0,0,0,0
1451121302801060,1790358787.877471,7877,idle,250.6,,,0,0,0,0
1451121462178734,1790358788.036849,8036,idle,256.9,,,0,0,0,0
1451121613145708,1790358788.187815,8187,idle,281.4,,,0,0,0,0
1451121773052365,1790358788.347722,8347,idle,206.0,,,0,0,0,0
1451121932506696,1790358788.507175,8507,idle,589.0,,,0,0,0,0
1451122087047537,1790358788.661715,8661,idle,639.5,,,0,0,0,0
1451122244143224,1790358788.818811,8818,idle,628.4,,,0,0,0,0
1451122402854659,1790358788.977524,8977,idle,2806.6,,,0,0,0,0
1451122562962828,1790358789.137633,9137,idle,265.0,,,0,0,0,0
1451122713299225,1790358789.287968,9287,idle,505.1,,,0,0,0,0
1451122873128851,1790358789.447798,9447,idle,535.6,,,0,0,0,0
1451123023586884,1790358789.598256,9598,idle,528.2,,,0,0,0,0
1451123182167679,1790358789.756838,9756,idle,207.4,,,0,0,0,0
1451123333527512,1790358789.908197,9908,idle,607.9,,,0,0,0,0
1451123493584543,1790358790.068254,10068,idle,627.6,,,0,0,0,0
1451123653431460,1790358790.228100,10228,idle,620.7,,,0,0,0,0
1451123813067574,1790358790.387737,10387,idle,188.7,,,0,0,0,0
1451123973102225,1790358790.547768,10547,idle,550.6,,,0,0,0,0
1451124123375717,1790358790.698044,10698,idle,668.9,,,0,0,0,0
1451124283174000,1790358790.857843,10857,idle,633.0,,,0,0,0,0
1451124443099762,1790358791.017770,11017,idle,219.8,,,0,0,0,0
1451124593129229,1790358791.167798,11167,idle,707.2,,,0,0,0,0
1451124746011306,1790358791.320681,11320,idle,199.2,,,0,0,0,0
1451124903539473,1790358791.478207,11478,idle,10748.0,,,0,0,0,0
1451125062117738,1790358791.636787,11636,idle,234.3,,,0,0,0,0
1451125212477245,1790358791.787147,11787,idle,221.8,,,0,0,0,0
1451125366654008,1790358791.941324,11941,decode,144.4,,,0,0,1,0
1451125522148950,1790358792.096819,12096,decode,210.2,,,0,0,1,0
1451125673112167,1790358792.247781,12247,idle,623.2,,,0,0,0,0
1451125832749989,1790358792.407420,12407,idle,218.6,,,0,0,0,0
1451125983239821,1790358792.557909,12557,idle,243.4,,,0,0,0,0
1451126142965768,1790358792.717636,12717,idle,293.7,,,0,0,0,0
1451126302233585,1790358792.876904,12876,idle,732.2,,,0,0,0,0
1451126452445126,1790358793.027115,13027,idle,211.8,,,0,0,0,0
1451126603037591,1790358793.177707,13177,idle,202.7,,,0,0,0,0
1451126762407664,1790358793.337078,13337,idle,200.9,,,0,0,0,0
1451126913296197,1790358793.487965,13487,idle,652.4,,,0,0,0,0
1451127069809550,1790358793.644479,13644,idle,237.6,,,0,0,0,0
1451127224050688,1790358793.798719,13798,idle,573.5,,,0,0,0,0
1451127383591448,1790358793.958260,13958,idle,640.9,,,0,0,0,0
1451127543436063,1790358794.118105,14118,idle,619.3,,,0,0,0,0
1451127702404278,1790358794.277074,14277,idle,2339.5,,,0,0,0,0
1451127852801060,1790358794.427471,14427,decode,223.6,,,0,0,1,0
1451128010772721,1790358794.585443,14585,decode,18303.8,,,0,0,1,0
1451128163239370,1790358794.737909,14737,idle,370.4,,,0,0,0,0
1451128322684388,1790358794.897354,14897,idle,229.7,,,0,0,0,0
1451128473247025,1790358795.047916,47,idle,306.6,,,0,0,0,0
1451128634234612,1790358795.208903,208,tx,51848.5,,,1,0,0,1
1451128787735605,1790358795.362405,362,tx,52166.4,,,1,0,0,1
1451128941198880,1790358795.515869,515,tx,51647.3,,,1,0,0,1
1451129094178404,1790358795.668848,668,tx,51637.9,,,1,0,0,1
1451129247761172,1790358795.822430,822,tx,51098.8,,,1,0,0,1
1451129400586384,1790358795.975255,975,tx,50762.6,,,1,0,0,1
1451129551440048,1790358796.126109,1126,tx,52261.2,,,1,0,0,1
1451129704064335,1790358796.278734,1278,tx,58414.0,,,1,0,0,1
1451129856683856,1790358796.431354,1431,tx,50557.2,,,1,0,0,1
1451130008902663,1790358796.583571,1583,tx,54960.6,,,1,0,0,1
1451130165513379,1790358796.740179,1740,tx,51839.7,,,1,0,0,1
1451130318157764,1790358796.892827,1892,tx,50608.4,,,1,0,0,1
1451130470427369,1790358797.045095,2045,tx,50933.2,,,1,0,0,1
1451130622656273,1790358797.197325,2197,tx,52166.5,,,1,0,0,1
1451130776569176,1790358797.351238,2351,tx,50775.7,,,1,0,0,1
1451130928279336,1790358797.502949,2502,tx,51541.0,,,1,0,0,1
1451131081428787,1790358797.656098,2656,tx,51780.0,,,1,0,0,1
1451131234105910,1790358797.808776,2808,tx,51715.3,,,1,0,0,1
1451131386718196,1790358797.961388,2961,tx,51545.2,,,1,0,0,1
1451131539101288,1790358798.113771,3113,tx,51720.2,,,1,0,0,1
1451131691638805,1790358798.266309,3266,tx,51617.0,,,1,0,0,1
1451131844109782,1790358798.418780,3418,tx,51665.3,,,1,0,0,1
1451131996641150,1790358798.571311,3571,tx,50502.3,,,1,0,0,1
1451132148222816,1790358798.722893,3722,tx,51580.7,,,1,0,0,1
1451132301200786,1790358798.875871,3875,tx,50562.6,,,1,0,0,1
1451132452968834,1790358799.027637,4027,tx,52233.6,,,1,0,0,1
1451132606816619,1790358799.181486,4181,tx,52106.3,,,1,0,0,1
1451132760883621,1790358799.335552,4335,tx,51961.2,,,1,0,0,1
1451132913794920,1790358799.488465,4488,tx,51630.9,,,1,0,0,1
1451133066722094,1790358799.641390,4641,tx,51198.7,,,1,0,0,1
1451133219508628,1790358799.794178,4794,tx,50743.6,,,1,0,0,1
1451133371992632,1790358799.946660,4946,tx,51896.6,,,1,0,0,1
1451133525078804,1790358800.099749,5099,tx,58154.5,,,1,0,0,1
1451133681365788,1790358800.256034,5256,tx,51918.3,,,1,0,0,1
1451133834792159,1790358800.409461,5409,tx,52076.8,,,1,0,0,1
1451133988708810,1790358800.563378,5563,tx,51642.2,,,1,0,0,1
1451134142919572,1790358800.717590,5717,tx,51859.0,,,1,0,0,1
1451134295963253,1790358800.870632,5870,tx,50826.9,,,1,0,0,1
1451134448373437,1790358801.023042,6023,tx,51863.5,,,1,0,0,1
1451134602133935,1790358801.176803,6176,tx,51850.0,,,1,0,0,1
1451134755141569,1790358801.329812,6329,tx,50691.3,,,1,0,0,1
1451134907446528,1790358801.482116,6482,tx,51957.4,,,1,0,0,1
1451135061584837,1790358801.636255,6636,tx,50595.7,,,1,0,0,1
1451135213720256,1790358801.788388,6788,tx,51224.8,,,1,0,0,1
1451135366432939,1790358801.941102,6941,tx,51520.5,,,1,0,0,1
1451135519241474,1790358802.093911,7093,tx,51702.6,,,1,0,0,1
1451135672656146,1790358802.247325,7247,tx,50693.9,,,1,0,0,1
1451135824709973,1790358802.399379,7399,tx,52140.6,,,1,0,0,1
1451135978531849,1790358802.553200,7553,tx,51700.3,,,1,0,0,1
1451136131697549,1790358802.706367,7706,tx,50540.1,,,1,0,0,1
1451136283158550,1790358802.857827,7857,tx,51782.7,,,1,0,0,1
1451136436430432,1790358803.011100,8011,tx,51625.2,,,1,0,0,1
1451136589066813,1790358803.163737,8163,tx,51766.3,,,1,0,0,1
1451136744072906,1790358803.318742,8318,tx,51804.8,,,1,0,0,1
1451136896673744,1790358803.471344,8471,tx,51509.3,,,1,0,0,1
1451137052674575,1790358803.627344,8627,tx,51488.2,,,1,0,0,1
1451137205445084,1790358803.780115,8780,tx,51507.6,,,1,0,0,1
1451137358147419,1790358803.932817,8932,tx,58545.1,,,1,0,0,1
1451137511028755,1790358804.085697,9085,tx,71356.7,,,1,0,0,1
1451137663643104,1790358804.238312,9238,tx,51777.9,,,1,0,0,1
1451137816723710,1790358804.391392,9391,tx,51348.9,,,1,0,0,1
1451137969116214,1790358804.543786,9543,tx,50680.1,,,1,0,0,1
1451138121534591,1790358804.696203,9696,tx,50798.5,,,1,0,0,1
1451138274423272,1790358804.849091,9849,tx,50845.1,,,1,0,0,1
1451138426962468,1790358805.001631,10001,tx,52006.5,,,1,0,0,1
1451138580571769,1790358805.155242,10155,tx,51553.8,,,1,0,0,1
1451138733418249,1790358805.308087,10308,tx,50710.3,,,1,0,0,1
1451138885724359,1790358805.460393,10460,tx,51184.6,,,1,0,0,1
1451139038614939,1790358805.613283,10613,tx,52333.7,,,1,0,0,1
1451139192223716,1790358805.766894,10766,tx,51673.2,,,1,0,0,1
1451139345466871,1790358805.920136,10920,tx,51878.6,,,1,0,0,1
1451139498411856,1790358806.073081,11073,tx,51812.7,,,1,0,0,1
1451139652456744,1790358806.227126,11227,tx,51736.1,,,1,0,0,1
1451139805751648,1790358806.380420,11380,tx,51691.8,,,1,0,0,1
1451139958322947,1790358806.532993,11532,tx,51488.5,,,1,0,0,1
1451140111606942,1790358806.686276,11686,tx,51784.9,,,1,0,0,1
1451140264883404,1790358806.839552,11839,tx,51185.7,,,1,0,0,1
1451140417576372,1790358806.992245,11992,tx,51815.8,,,1,0,0,1
1451140571227508,1790358807.145897,12145,tx,50673.3,,,1,0,0,1
1451140723928422,1790358807.298597,12298,tx,50954.8,,,1,0,0,1
1451140876928232,1790358807.451597,12451,tx,51916.6,,,1,0,0,1
1451141030536620,1790358807.605205,12605,tx,50816.0,,,1,0,0,1
1451141182174895,1790358807.756845,12756,tx,58392.3,,,1,0,0,1
1451141335935375,1790358807.910604,12910,tx,50965.4,,,1,0,0,1
1451141487802970,1790358808.062473,13062,tx,51548.6,,,1,0,0,1
1451141640450917,1790358808.215121,13215,tx,51486.1,,,1,0,0,1
1451141792690282,1790358808.367360,13367,tx,51574.7,,,1,0,0,1
1451141945157894,1790358808.519828,13519,tx,51679.3,,159351.7,1,0,0,1
1451142098174149,1790358808.672844,13672,tx,51824.5,,,0,0,0,0
1451142252148471,1790358808.826818,13826,idle,51883.6,,,0,0,0,0
1451142437533973,1790358809.012204,14012,idle,614.9,,,0,0,0,0
1451142596574031,1790358809.171243,14171,idle,595.0,,,0,0,0,0
1451142747081270,1790358809.321750,14321,idle,623.8,,,0,0,0,0
1451142906796171,1790358809.481465,14481,idle,3371.0,,,0,0,0,0
1451143061071200,1790358809.635741,14635,idle,189.1,,,0,0,0,0
1451143216620170,1790358809.791289,14791,idle,643.4,,,0,0,0,0
1451143367099988,1790358809.941769,14941,idle,540.4,,,0,0,0,0
1451143526693746,1790358810.101362,101,idle,851.7,,,0,0,0,0
1451143686282697,1790358810.260952,260,idle,339.7,,,0,0,0,0
1451143836710233,1790358810.411380,411,idle,201.3,,,0,0,0,0
1451143986949875,1790358810.561619,561,idle,576.4,,,0,0,0,0
1451144146723243,1790358810.721392,721,idle,565.6,,,0,0,0,0
1451144297185219,1790358810.871854,871,idle,580.6,,,0,0,0,0
1451144455755723,1790358811.030426,1030,idle,212.9,,,0,0,0,0
1451144607129371,1790358811.181798,1181,idle,7476.7,,,0,0,0,0
1451144766990572,1790358811.341659,1341,idle,597.2,,,0,0,0,0
1451144926865052,1790358811.501534,1501,idle,622.4,,,0,0,0,0
1451145085806918,1790358811.660477,1660,idle,230.4,,,0,0,0,0
1451145236796035,1790358811.811465,1811,idle,535.0,,,0,0,0,0
1451145396339216,1790358811.971008,1971,idle,594.4,,,0,0,0,0
1451145547046966,1790358812.121716,2121,idle,579.3,,,0,0,0,0
1451145706244435,1790358812.280915,2280,idle,210.5,,,0,0,0,0
1451145856844085,1790358812.431513,2431,idle,637.5,,,0,0,0,0
1451146016650638,1790358812.591321,2591,idle,13295.6,,,0,0,0,0
1451146166785095,1790358812.741454,2741,idle,669.0,,,0,0,0,0
1451146326664927,1790358812.901333,2901,idle,773.1,,,0,0,0,0
1451146486318896,1790358813.060988,3060,idle,541.9,,,0,0,0,0
1451146646030584,1790358813.220700,3220,idle,245.8,,,0,0,0,0
1451146796381404,1790358813.371051,3371,idle,250.4,,,0,0,0,0
1451146955604184,1790358813.530274,3530,idle,196.1,,,0,0,0,0
1451147106026598,1790358813.680696,3680,idle,177.4,,,0,0,0,0
1451147256167499,1790358813.830837,3830,idle,240.9,,,0,0,0,0
1451147409075235,1790358813.983745,3983,idle,1147.3,,,0,0,0,0
1451147561632753,1790358814.136302,4136,idle,509.5,,,0,0,0,0
1451147716049380,1790358814.290719,4290,idle,250.9,,,0,0,0,0
1451147866977496,1790358814.441646,4441,idle,703.8,,,0,0,0,0
1451148026330105,1790358814.600999,4600,idle,555.9,,,0,0,0,0
1451148176694613,1790358814.751364,4751,idle,547.7,,,0,0,0,0
1451148336484569,1790358814.911155,4911,idle,193.7,,,0,0,0,0
1451148496108320,1790358815.070777,5070,idle,423.5,,,0,0,0,0
1451148647078056,1790358815.221747,5221,idle,581.5,,,0,0,0,0
1451148806598132,1790358815.381267,5381,idle,2800.7,,,0,0,0,0
1451148956707880,1790358815.531378,5531,idle,208.3,,,0,0,0,0
1451149116772158,1790358815.691441,5691,idle,448.6,,,0,0,0,0
1451149267383499,1790358815.842052,5842,idle,584.2,,,0,0,0,0
1451149427098451,1790358816.001767,6001,idle,605.5,,,0,0,0,0
1451149586383644,1790358816.161052,6161,idle,611.5,,,0,0,0,0
1451149746198124,1790358816.320866,6320,idle,601.2,,,0,0,0,0
1451149896988612,1790358816.471657,6471,idle,510.8,,,0,0,0,0
1451150055565782,1790358816.630235,6630,idle,157.6,,,0,0,0,0
1451150206342578,1790358816.781011,6781,idle,2728.5,,,0,0,0,0
1451150366085560,1790358816.940755,6940,idle,248.2,,,0,0,0,0
1451150516340895,1790358817.091010,7091,idle,14119.8,,,0,0,0,0
1451150676390788,1790358817.251059,7251,idle,537.8,,,0,0,0,0
1451150826931808,1790358817.401600,7401,idle,564.5,,,0,0,0,0
1451150985837168,1790358817.560507,7560,idle,223.3,,,0,0,0,0
1451151136366637,1790358817.711035,7711,idle,576.5,,,0,0,0,0
1451151286458157,1790358817.861127,7861,idle,825.1,,,0,0,0,0
1451151436922604,1790358818.011591,8011,idle,556.5,,,0,0,0,0
1451151596328945,1790358818.170999,8170,idle,400.1,,,0,0,0,0
1451151755808879,1790358818.330479,8330,idle,238.5,,,0,0,0,0
1451151905989100,1790358818.480659,8480,idle,183.9,,,0,0,0,0
1451152059951531,1790358818.634621,8634,idle,214.0,,,0,0,0,0
1451152216139539,1790358818.790809,8790,idle,217.6,,,0,0,0,0
1451152366402587,1790358818.941072,8941,idle,227.2,,,0,0,0,0
1451152525815860,1790358819.100486,9100,idle,216.1,,,0,0,0,0
1451152676561786,1790358819.251230,9251,idle,550.7,,,0,0,0,0
1451152826639156,1790358819.401308,9401,idle,599.8,,,0,0,0,0
1451152989074393,1790358819.563742,9563,idle,805.0,,,0,0,0,0
1451153146779089,1790358819.721448,9721,idle,692.5,,,0,0,0,0
1451153306476908,1790358819.881146,9881,idle,3175.6,,,0,0,0,0
1451153456773640,1790358820.031442,10031,idle,631.5,,,0,0,0,0
1451153615968676,1790358820.190639,10190,idle,211.9,,,0,0,0,0
1451153767378042,1790358820.342046,10342,idle,596.7,,,0,0,0,0
1451153927348004,1790358820.502017,10502,idle,602.7,,,0,0,0,0
1451154087034303,1790358820.661704,10661,idle,312.1,,,0,0,0,0
1451154245907965,1790358820.820578,10820,idle,247.0,,,0,0,0,0
1451154396855781,1790358820.971525,10971,idle,608.3,,,0,0,0,0
1451154549896129,1790358821.124565,11124,idle,589.2,,,0,0,0,0
1451154706960401,1790358821.281629,11281,idle,2219.9,,,0,0,0,0
1451154866489233,1790358821.441159,11441,idle,242.8,,,0,0,0,0
1451155026139859,1790358821.600808,11600,idle,5370.9,,,0,0,0,0
1451155176780230,1790358821.751449,11751,idle,596.9,,,0,0,0,0
1451155331776398,1790358821.906446,11906,decode,190.1,,,0,0,1,0
1451155490041711,1790358822.064711,12064,decode,3334.0,,,0,0,1,0
1451155646369910,1790358822.221039,12221,idle,591.7,,,0,0,0,0
1451155797131763,1790358822.371801,12371,idle,636.6,,,0,0,0,0
1451155956498089,1790358822.531167,12531,idle,396.6,,,0,0,0,0
1451156116618147,1790358822.691287,12691,idle,496.3,,,0,0,0,0
1451156276158633,1790358822.850829,12850,idle,208.7,,,0,0,0,0
1451156427318649,1790358823.001987,13001,idle,634.3,,,0,0,0,0
1451156581128657,1790358823.155798,13155,idle,457.3,,,0,0,0,0
1451156736379159,1790358823.311049,13311,idle,338.8,,,0,0,0,0
1451156895819675,1790358823.470489,13470,idle,274.4,,,0,0,0,0
1451157055174091,1790358823.629844,13629,idle,202.8,,,0,0,0,0
1451157206399940,1790358823.781070,13781,idle,220.0,,,0,0,0,0
1451157356727939,1790358823.931398,13931,idle,239.1,,,0,0,0,0
1451157516116465,1790358824.090786,14090,idle,245.2,,,0,0,0,0
1451157666458973,1790358824.241129,14241,idle,216.2,,,0,0,0,0
1451157816760803,1790358824.391430,14391,idle,6112.2,,,0,0,0,0
1451157971683065,1790358824.546353,14546,decode,209.0,,,0,0,1,0
1451158126629539,1790358824.701299,14701,idle,230.3,,,0,0,0,0
1451158286813451,1790358824.861482,14861,idle,620.0,,,0,0,0,0
1451158437278633,1790358825.011948,11,idle,591.0,,,0,0,0,0
1451158633789421,1790358825.208458,208,tx,51830.4,,,1,0,0,1
1451158786461573,1790358825.361131,361,tx,51532.5,,,1,0,0,1
1451158939097375,1790358825.513767,513,tx,51982.8,,,1,0,0,1
1451159092681570,1790358825.667350,667,tx,50627.8,,,1,0,0,1
1451159244721459,1790358825.819389,819,tx,52036.3,,,1,0,0,1
1451159397739824,1790358825.972409,972,tx,51529.2,,,1,0,0,1
1451159551480199,1790358826.126149,1126,tx,51865.4,,,1,0,0,1
1451159705162888,1790358826.279832,1279,tx,52024.0,,,1,0,0,1
1451159859032512,1790358826.433701,1433,tx,51104.7,,,1,0,0,1
1451160010898946,1790358826.585569,1585,tx,52568.5,,,1,0,0,1
1451160165204237,1790358826.739873,1739,tx,51898.4,,,1,0,0,1
1451160319050488,1790358826.893719,1893,tx,52088.4,,,1,0,0,1
1451160473164571,1790358827.047833,2047,tx,50964.0,,,1,0,0,1
1451160626260034,1790358827.200930,2200,tx,60043.2,,,1,0,0,1
1451160778911091,1790358827.353580,2353,tx,50900.8,,,1,0,0,1
1451160931459086,1790358827.506126,2506,tx,50795.7,,,1,0,0,1
1451161084397052,1790358827.659066,2659,tx,51830.3,,,1,0,0,1
1451161237357580,1790358827.812027,2812,tx,51746.5,,,1,0,0,1
1451161389825719,1790358827.964496,2964,tx,51561.7,,,1,0,0,1
1451161543778210,1790358828.118446,3118,tx,50990.6,,,1,0,0,1
1451161696672310,1790358828.271341,3271,tx,51889.3,,,1,0,0,1
1451161850677989,1790358828.425347,3425,tx,52442.8,,,1,0,0,1
1451162005725624,1790358828.580395,3580,tx,74986.4,,,1,0,0,1
1451162161384551,1790358828.736043,3736,tx,51705.4,,,1,0,0,1
1451162313848333,1790358828.888518,3888,tx,51500.2,,,1,0,0,1
1451162466352007,1790358829.041022,4041,tx,51787.9,,,1,0,0,1
1451162620303892,1790358829.194974,4194,tx,51737.5,,,1,0,0,1
1451162772952467,1790358829.347622,4347,tx,53139.2,,,1,0,0,1
1451162925500558,1790358829.500170,4500,tx,50578.6,,,1,0,0,1
1451163077866734,1790358829.652535,4652,tx,50780.1,,,1,0,0,1
1451163229566008,1790358829.804236,4804,tx,50494.8,,,1,0,0,1
1451163382049705,1790358829.956719,4956,tx,51044.2,,,1,0,0,1
1451163534945340,1790358830.109613,5109,tx,50752.4,,,1,0,0,1
1451163687501597,1790358830.262170,5262,tx,50857.7,,,1,0,0,1
1451163839422301,1790358830.414092,5414,tx,51693.7,,,1,0,0,1
1451163992917515,1790358830.567586,5567,tx,50792.4,,,1,0,0,1
1451164145627294,1790358830.720296,5720,tx,51851.3,,,1,0,0,1
1451164298872789,1790358830.873541,5873,tx,50775.0,,,1,0,0,1
1451164450596075,1790358831.025265,6025,tx,61868.6,,,1,0,0,1
1451164603283977,1790358831.177953,6177,tx,50893.9,,,1,0,0,1
1451164755944756,1790358831.330614,6330,tx,50838.3,,,1,0,0,1
1451164908500767,1790358831.483170,6483,tx,51896.1,,,1,0,0,1
1451165062332453,1790358831.637002,6637,tx,51818.3,,,1,0,0,1
1451165215222100,1790358831.789891,6789,tx,51969.8,,,1,0,0,1
1451165368686811,1790358831.943356,6943,tx,51818.9,,,1,0,0,1
1451165522116963,1790358832.096785,7096,tx,51160.2,,,1,0,0,1
1451165675273514,1790358832.249942,7249,tx,51978.3,,,1,0,0,1
1451165828407838,1790358832.403078,7403,tx,51733.0,,,1,0,0,1
1451165981806362,1790358832.556475,7556,tx,50886.0,,,1,0,0,1
1451166133916926,1790358832.708586,7708,tx,50803.6,,,1,0,0,1
1451166286565341,1790358832.861234,7861,tx,51838.4,,,1,0,0,1
1451166439421878,1790358833.014091,8014,tx,51740.9,,,1,0,0,1
1451166592879977,1790358833.167549,8167,tx,50926.7,,,1,0,0,1
1451166748833137,1790358833.323497,8323,tx,50889.7,,,1,0,0,1
1451166901335018,1790358833.476004,8476,tx,50885.0,,,1,0,0,1
1451167052942576,1790358833.627612,8627,tx,51443.0,,,1,0,0,1
1451167206169549,1790358833.780838,8780,tx,52023.6,,,1,0,0,1
1451167359204853,1790358833.933875,8933,tx,51889.5,,,1,0,0,1
1451167511964240,1790358834.086634,9086,tx,68745.3,,,1,0,0,1
1451167671311067,1790358834.245981,9245,tx,51778.7,,,1,0,0,1
1451167823969234,1790358834.398639,9398,tx,51475.3,,,1,0,0,1
1451167976418046,1790358834.551088,9551,tx,51795.4,,,1,0,0,1
1451168129769685,1790358834.704440,9704,tx,51473.3,,,1,0,0,1
1451168282034855,1790358834.856704,9856,tx,59331.5,,,1,0,0,1
1451168435077002,1790358835.009746,10009,tx,50772.0,,,1,0,0,1
1451168587518209,1790358835.162187,10162,tx,51765.7,,,1,0,0,1
1451168740937783,1790358835.315607,10315,tx,51856.5,,,1,0,0,1
1451168894193114,1790358835.468863,10468,tx,51486.0,,,1,0,0,1
1451169049882231,1790358835.624551,10624,tx,53171.0,,,1,0,0,1
1451169203662418,1790358835.778331,10778,tx,50905.9,,,1,0,0,1
1451169356446161,1790358835.931112,10931,tx,51834.4,,,1,0,0,1
1451169510079250,1790358836.084748,11084,tx,54798.9,,,1,0,0,1
1451169665682877,1790358836.240353,11240,tx,51425.4,,,1,0,0,1
1451169819158093,1790358836.393827,11393,tx,52010.4,,,1,0,0,1
1451169973062664,1790358836.547731,11547,tx,51781.4,,,1,0,0,1
1451170127283042,1790358836.701952,11701,tx,51938.0,,,1,0,0,1
1451170280085058,1790358836.854755,11854,tx,50503.7,,,1,0,0,1
1451170432337554,1790358837.007006,12007,tx,52111.9,,,1,0,0,1
1451170586451675,1790358837.161120,12161,tx,51737.5,,,1,0,0,1
1451170740234417,1790358837.314903,12314,tx,52022.5,,,1,0,0,1
1451170893104464,1790358837.467774,12467,tx,50646.3,,,1,0,0,1
1451171045521038,1790358837.620190,12620,tx,51861.8,,,1,0,0,1
1451171199347198,1790358837.774016,12774,tx,51938.4,,,1,0,0,1
1451171352955662,1790358837.927625,12927,tx,50865.2,,,1,0,0,1
1451171504593994,1790358838.079264,13079,tx,74750.6,,,1,0,0,1
1451171660839997,1790358838.235509,13235,tx,51885.3,,,1,0,0,1
1451171814199834,1790358838.388869,13388,tx,52080.6,,,1,0,0,1
1451171967961356,1790358838.542628,13542,tx,51707.0,,134293.8,1,0,0,1
1451172122542568,1790358838.697212,13697,idle,60080.9,,,0,0,0,0
1451172275535354,1790358838.850204,13850,idle,51819.4,,,0,0,0,0
1451172442022898,1790358839.016693,14016,idle,2140.6,,,0,0,0,0
1451172599323451,1790358839.173994,14173,idle,236.8,,,0,0,0,0
1451172749586570,1790358839.324256,14324,idle,204.6,,,0,0,0,0
1451172899934923,1790358839.474605,14474,idle,212.8,,,0,0,0,0
1451173051483712,1790358839.626154,14626,idle,237.9,,,0,0,0,0
1451173209906919,1790358839.784577,14784,idle,226.6,,,0,0,0,0
1451173359937042,1790358839.934607,14934,idle,241.6,,,0,0,0,0
1451173510416599,1790358840.085086,85,idle,4574.8,,,0,0,0,0
1451173670369376,1790358840.245035,245,idle,572.4,,,0,0,0,0
1451173820485154,1790358840.395154,395,idle,649.4,,,0,0,0,0
1451173980669012,1790358840.555338,555,idle,589.0,,,0,0,0,0
1451174139848002,1790358840.714518,714,idle,151.2,,,0,0,0,0
1451174291140337,1790358840.865809,865,idle,557.5,,,0,0,0,0
1451174450518582,1790358841.025187,1025,idle,570.4,,,0,0,0,0
1451174610392948,1790358841.185062,1185,idle,639.0,,,0,0,0,0
1451174770269512,1790358841.344939,1344,idle,233.7,,,0,0,0,0
1451174920438513,1790358841.495107,1495,idle,557.9,,,0,0,0,0
1451175070594389,1790358841.645263,1645,idle,652.0,,,0,0,0,0
1451175230598853,1790358841.805268,1805,idle,634.5,,,0,0,0,0
1451175389693397,1790358841.964363,1964,idle,250.5,,,0,0,0,0
1451175540522986,1790358842.115192,2115,idle,620.0,,,0,0,0,0
1451175700074125,1790358842.274743,2274,idle,566.8,,,0,0,0,0
1451175850870398,1790358842.425539,2425,idle,581.0,,,0,0,0,0
1451176010259490,1790358842.584929,2584,idle,19049.7,,,0,0,0,0
1451176169634218,1790358842.744304,2744,idle,261.8,,,0,0,0,0
1451176319854161,1790358842.894524,2894,idle,255.7,,,0,0,0,0
1451176470979957,1790358843.045648,3045,idle,707.2,,,0,0,0,0
1451176630593063,1790358843.205261,3205,idle,675.2,,,0,0,0,0
1451176790219284,1790358843.364889,3364,idle,224.9,,,0,0,0,0
1451176940293700,1790358843.514962,3514,idle,556.7,,,0,0,0,0
1451177100372761,1790358843.675041,3675,idle,560.0,,,0,0,0,0
1451177250581626,1790358843.825250,3825,idle,578.0,,,0,0,0,0
1451177409304794,1790358843.983975,3983,idle,216.6,,,0,0,0,0
