t_send_ns,t_unix,phase_ms,window,lat_status_us,lat_rts_us,lat_unkey_us,was_tx,rts_before,decoding,transmitting
1448458001010175,1790356124.575680,14575,decode,39887.0,,,0,0,1,0
1448458152387917,1790356124.727056,14727,idle,588.4,,,0,0,0,0
1448458302810390,1790356124.877479,14877,idle,6361.8,,,0,0,0,0
1448458462604258,1790356125.037273,37,idle,577.0,,,0,0,0,0
1448458622223028,1790356125.196893,196,idle,222.0,,,0,0,0,0
1448458772455636,1790356125.347125,347,idle,588.2,,,0,0,0,0
1448458922884675,1790356125.497554,497,idle,558.8,,,0,0,0,0
1448459082608251,1790356125.657277,657,idle,574.4,,,0,0,0,0
1448459234009465,1790356125.808679,808,idle,211.8,,,0,0,0,0
1448459392579408,1790356125.967249,967,idle,560.6,,,0,0,0,0
1448459543086176,1790356126.117755,1117,idle,438.1,,,0,0,0,0
1448459694081160,1790356126.268750,1268,idle,592.2,,,0,0,0,0
1448459850834424,1790356126.425503,1425,idle,1573.5,,,0,0,0,0
1448460003241327,1790356126.577911,1577,idle,164.2,,,0,0,0,0
1448460160665500,1790356126.735335,1735,idle,619.5,,,0,0,0,0
1448460314198542,1790356126.888867,1888,idle,557.4,,,0,0,0,0
1448460464635538,1790356127.039304,2039,idle,616.5,,,0,0,0,0
1448460623901126,1790356127.198570,2198,idle,241.1,,,0,0,0,0
1448460784103186,1790356127.358772,2358,idle,569.7,,,0,0,0,0
1448460939172206,1790356127.513841,2513,idle,627.2,,,0,0,0,0
1448461094932487,1790356127.669600,2669,idle,602.5,,,0,0,0,0
1448461245227625,1790356127.819897,2819,idle,229.3,,,0,0,0,0
1448461404647446,1790356127.979317,2979,idle,741.3,,,0,0,0,0
1448461558251557,1790356128.132919,3132,idle,822.2,,,0,0,0,0
1448461716044865,1790356128.290714,3290,idle,570.8,,,0,0,0,0
1448461875391648,1790356128.450061,3450,idle,275.5,,,0,0,0,0
1448462034795578,1790356128.609466,3609,idle,230.1,,,0,0,0,0
1448462186193084,1790356128.760862,3760,idle,542.2,,,0,0,0,0
1448462343133485,1790356128.917803,3917,idle,274.8,,,0,0,0,0
1448462494991258,1790356129.069660,4069,idle,640.5,,,0,0,0,0
1448462654024270,1790356129.228694,4228,idle,277.7,,,0,0,0,0
1448462804828347,1790356129.379498,4379,idle,2283.0,,,0,0,0,0
1448462954948242,1790356129.529618,4529,idle,382.4,,,0,0,0,0
1448463114669698,1790356129.689339,4689,idle,525.6,,,0,0,0,0
1448463274239693,1790356129.848910,4848,idle,224.2,,,0,0,0,0
1448463424848373,1790356129.999517,4999,idle,697.6,,,0,0,0,0
1448463574878946,1790356130.149548,5149,idle,565.5,,,0,0,0,0
1448463724938385,1790356130.299607,5299,idle,652.0,,,0,0,0,0
1448463884149199,1790356130.458819,5458,idle,233.8,,,0,0,0,0
1448464034430619,1790356130.609100,5609,idle,7418.6,,,0,0,0,0
1448464193757040,1790356130.768426,5768,idle,491.2,,,0,0,0,0
1448464350306721,1790356130.924976,5924,idle,565.4,,,0,0,0,0
1448464503746964,1790356131.078416,6078,idle,15360.6,,,0,0,0,0
1448464663265805,1790356131.237936,6237,idle,220.8,,,0,0,0,0
1448464823229396,1790356131.397898,6397,idle,630.3,,,0,0,0,0
1448464975944749,1790356131.550614,6550,idle,300.9,,,0,0,0,0
1448465133519311,1790356131.708189,6708,idle,655.8,,,0,0,0,0
1448465293250657,1790356131.867921,6867,idle,227.5,,,0,0,0,0
1448465450859845,1790356132.025529,7025,idle,584.7,,,0,0,0,0
1448465602949100,1790356132.177618,7177,idle,8377.1,,,0,0,0,0
1448465753140935,1790356132.327810,7327,idle,624.2,,,0,0,0,0
1448465904261654,1790356132.478931,7478,idle,202.9,,,0,0,0,0
1448466063154829,1790356132.637825,7637,idle,228.3,,,0,0,0,0
1448466214329027,1790356132.788998,7788,idle,599.3,,,0,0,0,0
1448466373883821,1790356132.948553,7948,idle,605.9,,,0,0,0,0
1448466533320901,1790356133.107991,8107,idle,330.9,,,0,0,0,0
1448466692954481,1790356133.267624,8267,idle,237.9,,,0,0,0,0
1448466849515457,1790356133.424184,8424,idle,579.1,,,0,0,0,0
1448467003521662,1790356133.578191,8578,idle,38876.1,,,0,0,0,0
1448467163610576,1790356133.738279,8738,idle,694.9,,,0,0,0,0
1448467323155956,1790356133.897826,8897,idle,252.8,,,0,0,0,0
1448467474121356,1790356134.048790,9048,idle,576.7,,,0,0,0,0
1448467624187549,1790356134.198856,9198,idle,524.9,,,0,0,0,0
1448467783401707,1790356134.358070,9358,idle,571.7,,,0,0,0,0
1448467933462277,1790356134.508132,9508,idle,249.7,,,0,0,0,0
1448468093622159,1790356134.668290,9668,idle,664.2,,,0,0,0,0
1448468252705332,1790356134.827374,9827,idle,561.2,,,0,0,0,0
1448468404022886,1790356134.978692,9978,idle,3877.2,,,0,0,0,0
1448468562903440,1790356135.137573,10137,idle,218.0,,,0,0,0,0
1448468714195783,1790356135.288865,10288,idle,284.9,,,0,0,0,0
1448468864326841,1790356135.438996,10438,idle,605.5,,,0,0,0,0
1448469024427429,1790356135.599096,10599,idle,606.0,,,0,0,0,0
1448469183749859,1790356135.758419,10758,idle,552.4,,,0,0,0,0
1448469343498192,1790356135.918168,10918,idle,174.9,,,0,0,0,0
1448469494872565,1790356136.069540,11069,idle,605.8,,,0,0,0,0
1448469649353333,1790356136.224022,11224,idle,455.6,,,0,0,0,0
1448469804140371,1790356136.378809,11378,idle,4240.0,,,0,0,0,0
1448469963886708,1790356136.538556,11538,idle,214.9,,,0,0,0,0
1448470121311133,1790356136.695980,11695,idle,577.4,,,0,0,0,0
1448470274358571,1790356136.849027,11849,decode,602.2,,,0,0,1,0
1448470428890735,1790356137.003561,12003,decode,230.5,,,0,0,1,0
1448470581418098,1790356137.156088,12156,idle,203.0,,,0,0,0,0
1448470741392267,1790356137.316060,12316,idle,538.9,,,0,0,0,0
1448470891835708,1790356137.466505,12466,idle,757.2,,,0,0,0,0
1448471051917533,1790356137.626585,12626,idle,716.9,,,0,0,0,0
1448471211131274,1790356137.785801,12785,idle,232.3,,,0,0,0,0
1448471362064552,1790356137.936733,12936,idle,646.2,,,0,0,0,0
1448471521579283,1790356138.096248,13096,idle,20817.3,,,0,0,0,0
1448471673912686,1790356138.248582,13248,idle,605.1,,,0,0,0,0
1448471823965305,1790356138.398634,13398,idle,362.4,,,0,0,0,0
1448471975766171,1790356138.550436,13550,decode,264.0,,,0,0,1,0
1448472133690083,1790356138.708359,13708,idle,612.7,,,0,0,0,0
1448472283913832,1790356138.858583,13858,idle,682.5,,,0,0,0,0
1448472440789829,1790356139.015457,14015,idle,782.4,,,0,0,0,0
1448472593996225,1790356139.168666,14168,idle,197.3,,,0,0,0,0
1448472749983332,1790356139.324652,14324,idle,682.4,,,0,0,0,0
1448472903848646,1790356139.478518,14478,decode,184.3,,,0,0,1,0
1448473060325314,1790356139.634995,14634,decode,196.6,,,0,0,1,0
1448473211749066,1790356139.786419,14786,idle,235.0,,,0,0,0,0
1448473371605803,1790356139.946275,14946,idle,669.5,,,0,0,0,0
1448473521997539,1790356140.096667,96,idle,525.7,,,0,0,0,0
1448473681243342,1790356140.255912,255,idle,586.0,,,0,0,0,0
1448473841082193,1790356140.415752,415,idle,270.5,,,0,0,0,0
1448473991603154,1790356140.566273,566,idle,267.0,,,0,0,0,0
1448474151656786,1790356140.726326,726,idle,383.4,,,0,0,0,0
1448474311691466,1790356140.886359,886,idle,513.5,,,0,0,0,0
1448474471823851,1790356141.046492,1046,idle,687.5,,,0,0,0,0
1448474622559924,1790356141.197230,1197,idle,221.9,,,0,0,0,0
1448474773481540,1790356141.348150,1348,idle,613.1,,,0,0,0,0
1448474923872720,1790356141.498541,1498,idle,773.7,,,0,0,0,0
1448475083287587,1790356141.657957,1657,idle,423.6,,,0,0,0,0
1448475243066178,1790356141.817736,1817,idle,218.2,,,0,0,0,0
1448475393649215,1790356141.968316,1968,idle,569.8,,,0,0,0,0
1448475550429706,1790356142.125098,2125,idle,445.6,,,0,0,0,0
1448475703723930,1790356142.278393,2278,idle,5340.9,,,0,0,0,0
1448475862763109,1790356142.437433,2437,idle,200.7,,,0,0,0,0
1448476013393811,1790356142.588063,2588,idle,28719.8,,,0,0,0,0
1448476173501857,1790356142.748170,2748,idle,633.4,,,0,0,0,0
1448476323842975,1790356142.898512,2898,idle,399.1,,,0,0,0,0
1448476473902691,1790356143.048572,3048,idle,648.2,,,0,0,0,0
1448476633179087,1790356143.207849,3207,idle,248.6,,,0,0,0,0
1448476783729710,1790356143.358398,3358,idle,549.7,,,0,0,0,0
1448476934577001,1790356143.509246,3509,idle,656.3,,,0,0,0,0
1448477093247064,1790356143.667916,3667,idle,531.2,,,0,0,0,0
1448477244431719,1790356143.819101,3819,idle,184.4,,,0,0,0,0
1448477403259011,1790356143.977928,3977,idle,5114.5,,,0,0,0,0
1448477554158165,1790356144.128827,4128,idle,526.6,,,0,0,0,0
1448477705473387,1790356144.280142,4280,idle,3205.7,,,0,0,0,0
1448477864396215,1790356144.439066,4439,idle,201.2,,,0,0,0,0
1448478014621085,1790356144.589291,4589,idle,255.0,,,0,0,0,0
1448478165778840,1790356144.740448,4740,idle,541.3,,,0,0,0,0
1448478325376211,1790356144.900044,4900,idle,602.2,,,0,0,0,0
1448478484828041,1790356145.059495,5059,idle,585.6,,,0,0,0,0
1448478644700533,1790356145.219371,5219,idle,218.0,,,0,0,0,0
1448478796409871,1790356145.371079,5371,idle,401.4,,,0,0,0,0
1448478948319227,1790356145.522989,5522,idle,2371.4,,,0,0,0,0
1448479107161100,1790356145.681831,5681,idle,2146.5,,,0,0,0,0
1448479262024435,1790356145.836694,5836,idle,9073.2,,,0,0,0,0
1448479416224151,1790356145.990893,5990,idle,1599.6,,,0,0,0,0
1448479567145919,1790356146.141815,6141,idle,608.6,,,0,0,0,0
1448479726024577,1790356146.300694,6300,idle,215.4,,,0,0,0,0
1448479885462795,1790356146.460132,6460,idle,1679.1,,,0,0,0,0
1448480039987843,1790356146.614657,6614,idle,9116.7,,,0,0,0,0
1448480197112457,1790356146.771782,6771,idle,234.0,,,0,0,0,0
1448480355429060,1790356146.930099,6930,idle,247.0,,,0,0,0,0
1448480506085405,1790356147.080755,7080,idle,35475.9,,,0,0,0,0
1448480663148212,1790356147.237817,7237,idle,1227.8,,,0,0,0,0
1448480822478387,1790356147.397148,7397,idle,407.4,,,0,0,0,0
1448480973421762,1790356147.548091,7548,idle,331.5,,,0,0,0,0
1448481133275967,1790356147.707945,7707,idle,504.4,,,0,0,0,0
1448481283539945,1790356147.858209,7858,idle,578.8,,,0,0,0,0
1448481443083570,1790356148.017753,8017,idle,182.1,,,0,0,0,0
1448481603112929,1790356148.177781,8177,idle,8731.6,,,0,0,0,0
1448481762878185,1790356148.337547,8337,idle,661.7,,,0,0,0,0
1448481922541789,1790356148.497212,8497,idle,186.1,,,0,0,0,0
1448482081736949,1790356148.656407,8656,idle,221.4,,,0,0,0,0
1448482233476413,1790356148.808146,8808,idle,212.6,,,0,0,0,0
1448482393340620,1790356148.968009,8968,idle,559.0,,,0,0,0,0
1448482546766886,1790356149.121436,9121,idle,586.6,,,0,0,0,0
1448482702635339,1790356149.277304,9277,idle,715.9,,,0,0,0,0
1448482856072738,1790356149.430742,9430,idle,375.9,,,0,0,0,0
1448483013231440,1790356149.587899,9587,idle,239.3,,,0,0,0,0
1448483173092921,1790356149.747762,9747,idle,560.3,,,0,0,0,0
1448483323382998,1790356149.898052,9898,idle,517.7,,,0,0,0,0
1448483482985564,1790356150.057655,10057,idle,298.9,,,0,0,0,0
1448483639954221,1790356150.214623,10214,idle,329.3,,,0,0,0,0
1448483792688394,1790356150.367357,10367,idle,729.4,,,0,0,0,0
1448483951154687,1790356150.525824,10525,idle,245.4,,,0,0,0,0
1448484103506217,1790356150.678176,10678,idle,1601.1,,,0,0,0,0
1448484263540112,1790356150.838209,10838,idle,658.9,,,0,0,0,0
1448484422744392,1790356150.997413,10997,idle,602.2,,,0,0,0,0
1448484582355535,1790356151.157025,11157,idle,508.8,,,0,0,0,0
1448484733704010,1790356151.308374,11308,idle,226.0,,,0,0,0,0
1448484892161473,1790356151.466830,11466,idle,593.9,,,0,0,0,0
1448485050696468,1790356151.625364,11625,idle,390.2,,,0,0,0,0
1448485202179970,1790356151.776848,11776,idle,14195.8,,,0,0,0,0
1448485360021942,1790356151.934692,11934,decode,199.7,,,0,0,1,0
1448485511480962,1790356152.086151,12086,idle,197.3,,,0,0,0,0
1448485671484828,1790356152.246154,12246,idle,627.7,,,0,0,0,0
1448485822065679,1790356152.396734,12396,idle,516.4,,,0,0,0,0
1448485981480916,1790356152.556150,12556,idle,406.8,,,0,0,0,0
1448486133526336,1790356152.708196,12708,idle,217.0,,,0,0,0,0
1448486291627061,1790356152.866296,12866,idle,603.1,,,0,0,0,0
1448486449697583,1790356153.024366,13024,idle,582.3,,,0,0,0,0
1448486603289210,1790356153.177958,13177,idle,4592.2,,,0,0,0,0
1448486762879784,1790356153.337549,13337,idle,222.7,,,0,0,0,0
1448486913843215,1790356153.488512,13488,idle,607.7,,,0,0,0,0
1448487073054995,1790356153.647725,13647,idle,266.1,,,0,0,0,0
1448487224077779,1790356153.798747,13798,idle,554.8,,,0,0,0,0
1448487382880579,1790356153.957550,13957,idle,193.7,,,0,0,0,0
1448487533692786,1790356154.108362,14108,idle,354.9,,,0,0,0,0
1448487684041224,1790356154.258709,14258,idle,552.8,,,0,0,0,0
1448487843075169,1790356154.417744,14417,decode,462.8,,,0,0,1,0
1448487993333237,1790356154.568003,14568,decode,222.3,,,0,0,1,0
1448488143459100,1790356154.718128,14718,idle,598.0,,,0,0,0,0
1448488303108404,1790356154.877777,14877,idle,5294.4,,,0,0,0,0
1448488453303114,1790356155.027972,27,idle,548.3,,,0,0,0,0
1448488613040070,1790356155.187708,187,idle,5839.0,,,0,0,0,0
1448488772733993,1790356155.347404,347,idle,237.7,,,0,0,0,0
1448488922881012,1790356155.497549,497,idle,551.5,,,0,0,0,0
1448489073499631,1790356155.648169,648,idle,757.1,,,0,0,0,0
1448489233070768,1790356155.807739,807,idle,814.0,,,0,0,0,0
1448489393056095,1790356155.967725,967,idle,263.4,,,0,0,0,0
1448489543445389,1790356156.118114,1118,idle,263.0,,,0,0,0,0
1448489694915460,1790356156.269585,1269,idle,252.5,,,0,0,0,0
1448489848296348,1790356156.422965,1422,idle,682.4,,,0,0,0,0
1448490004235283,1790356156.578905,1578,idle,885.8,,,0,0,0,0
1448490155456682,1790356156.730126,1730,idle,492.1,,,0,0,0,0
1448490315213106,1790356156.889882,1889,idle,607.1,,,0,0,0,0
1448490474539527,1790356157.049209,2049,idle,415.5,,,0,0,0,0
1448490634509041,1790356157.209177,2209,idle,468.8,,,0,0,0,0
1448490794094462,1790356157.368764,2368,idle,205.4,,,0,0,0,0
1448490945736205,1790356157.520406,2520,idle,261.8,,,0,0,0,0
1448491104223972,1790356157.678893,2678,idle,4318.4,,,0,0,0,0
1448491263978069,1790356157.838648,2838,idle,225.6,,,0,0,0,0
1448491414324201,1790356157.988994,2988,idle,320.9,,,0,0,0,0
1448491568928390,1790356158.143598,3143,idle,328.9,,,0,0,0,0
1448491724202550,1790356158.298871,3298,idle,535.4,,,0,0,0,0
1448491883782807,1790356158.458452,3458,idle,200.4,,,0,0,0,0
1448492034079126,1790356158.608749,3608,idle,238.0,,,0,0,0,0
1448492184481342,1790356158.759151,3759,idle,360.5,,,0,0,0,0
1448492335269620,1790356158.909938,3909,idle,399.7,,,0,0,0,0
1448492494759682,1790356159.069428,4069,idle,542.4,,,0,0,0,0
1448492653865346,1790356159.228535,4228,idle,202.0,,,0,0,0,0
1448492813780660,1790356159.388449,4388,idle,666.3,,,0,0,0,0
1448492964281632,1790356159.538949,4538,idle,315.5,,,0,0,0,0
1448493124123018,1790356159.698792,4698,idle,608.5,,,0,0,0,0
1448493284169387,1790356159.858839,4858,idle,305.8,,,0,0,0,0
1448493434772810,1790356160.009442,5009,idle,296.5,,,0,0,0,0
1448493594355630,1790356160.169025,5169,idle,458.2,,,0,0,0,0
1448493748056953,1790356160.322726,5322,idle,465.1,,,0,0,0,0
1448493903966540,1790356160.478636,5478,idle,2465.6,,,0,0,0,0
1448494060665841,1790356160.635336,5635,idle,180.4,,,0,0,0,0
1448494211703108,1790356160.786372,5786,idle,9751.0,,,0,0,0,0
1448494362112239,1790356160.936781,5936,idle,578.4,,,0,0,0,0
1448494521460079,1790356161.096128,6096,idle,6594.6,,,0,0,0,0
1448494680909133,1790356161.255579,6255,idle,219.5,,,0,0,0,0
1448494832212485,1790356161.406881,6406,idle,526.5,,,0,0,0,0
1448494991558105,1790356161.566228,6566,idle,328.7,,,0,0,0,0
1448495142081876,1790356161.716750,6716,idle,550.7,,,0,0,0,0
1448495301570341,1790356161.876240,6876,idle,722.6,,,0,0,0,0
1448495461587831,1790356162.036257,7036,idle,583.2,,,0,0,0,0
1448495612413806,1790356162.187083,7187,idle,4307.8,,,0,0,0,0
1448495762453915,1790356162.337123,7337,idle,457.7,,,0,0,0,0
1448495912870142,1790356162.487540,7487,idle,644.2,,,0,0,0,0
1448496072918123,1790356162.647587,7647,idle,626.4,,,0,0,0,0
1448496223451189,1790356162.798120,7798,idle,401.1,,,0,0,0,0
1448496382226004,1790356162.956896,7956,idle,238.5,,,0,0,0,0
1448496532449550,1790356163.107119,8107,idle,214.9,,,0,0,0,0
1448496682750388,1790356163.257420,8257,idle,283.1,,,0,0,0,0
1448496840709495,1790356163.415378,8415,idle,552.5,,,0,0,0,0
1448496992869782,1790356163.567539,8567,idle,282.3,,,0,0,0,0
1448497148897204,1790356163.723566,8723,idle,651.1,,,0,0,0,0
1448497302232995,1790356163.876903,8876,idle,747.3,,,0,0,0,0
1448497459693724,1790356164.034363,9034,idle,561.0,,,0,0,0,0
1448497612569929,1790356164.187238,9187,idle,5575.0,,,0,0,0,0
1448497762992553,1790356164.337661,9337,idle,565.4,,,0,0,0,0
1448497922461815,1790356164.497132,9497,idle,213.7,,,0,0,0,0
1448498072589656,1790356164.647258,9647,idle,641.2,,,0,0,0,0
1448498222958767,1790356164.797628,9797,idle,476.5,,,0,0,0,0
1448498372983464,1790356164.947652,9947,idle,577.7,,,0,0,0,0
1448498523431313,1790356165.098101,10098,idle,17175.2,,,0,0,0,0
1448498681681337,1790356165.256351,10256,idle,241.9,,,0,0,0,0
1448498832835270,1790356165.407503,10407,idle,951.1,,,0,0,0,0
1448498992031401,1790356165.566701,10566,idle,258.6,,,0,0,0,0
1448499149410644,1790356165.724080,10724,idle,525.4,,,0,0,0,0
1448499301772184,1790356165.876442,10876,idle,912.3,,,0,0,0,0
1448499459787068,1790356166.034456,11034,idle,654.6,,,0,0,0,0
1448499612226878,1790356166.186896,11186,idle,662.0,,,0,0,0,0
1448499772313575,1790356166.346982,11346,idle,466.2,,,0,0,0,0
1448499931892249,1790356166.506562,11506,idle,228.2,,,0,0,0,0
1448500083601617,1790356166.658270,11658,idle,581.2,,,0,0,0,0
1448500234491964,1790356166.809161,11809,idle,555.3,,,0,0,0,0
1448500393678577,1790356166.968349,11968,decode,244.7,,,0,0,1,0
1448500546882397,1790356167.121552,12121,idle,237.0,,,0,0,0,0
1448500703129582,1790356167.277799,12277,idle,1740.3,,,0,0,0,0
1448500855450161,1790356167.430120,12430,idle,233.2,,,0,0,0,0
1448501014407488,1790356167.589076,12589,idle,758.0,,,0,0,0,0
1448501174012959,1790356167.748683,12748,idle,203.8,,,0,0,0,0
1448501333618232,1790356167.908287,12908,idle,737.8,,,0,0,0,0
1448501493663985,1790356168.068334,13068,idle,267.3,,,0,0,0,0
1448501649393537,1790356168.224062,13224,idle,833.3,,,0,0,0,0
1448501803321909,1790356168.377992,13377,idle,1334.2,,,0,0,0,0
1448501953489227,1790356168.528158,13528,idle,2988.4,,,0,0,0,0
1448502113539678,1790356168.688208,13688,idle,745.1,,,0,0,0,0
1448502263790445,1790356168.838459,13838,idle,552.9,,,0,0,0,0
1448502423885922,1790356168.998555,13998,idle,415.7,,,0,0,0,0
1448502583764692,1790356169.158435,14158,idle,228.2,,,0,0,0,0
1448502739343747,1790356169.314013,14314,idle,570.2,,,0,0,0,0
1448502894280386,1790356169.468950,14468,decode,219.4,,,0,0,1,0
1448503050963307,1790356169.625633,14625,idle,231.7,,,0,0,0,0
1448503201313325,1790356169.775983,14775,idle,1714.1,,,0,0,0,0
1448503352144828,1790356169.926814,14926,idle,599.4,,,0,0,0,0
1448503502375600,1790356170.077044,77,idle,15735.3,,,0,0,0,0
1448503662485245,1790356170.237154,237,idle,680.1,,,0,0,0,0
1448503821365892,1790356170.396035,396,idle,209.6,,,0,0,0,0
1448503971664882,1790356170.546334,546,idle,605.9,,,0,0,0,0
1448504122564120,1790356170.697233,697,idle,564.9,,,0,0,0,0
1448504282128868,1790356170.856797,856,idle,606.3,,,0,0,0,0
1448504432654218,1790356171.007324,1007,idle,296.5,,,0,0,0,0
1448504591358378,1790356171.166027,1166,idle,597.1,,,0,0,0,0
1448504749220977,1790356171.323890,1323,idle,560.6,,,0,0,0,0
1448504901687231,1790356171.476356,1476,idle,7873.4,,,0,0,0,0
1448505051912027,1790356171.626581,1626,idle,561.3,,,0,0,0,0
1448505211611704,1790356171.786282,1786,idle,211.6,,,0,0,0,0
1448505361785258,1790356171.936454,1936,idle,566.6,,,0,0,0,0
1448505511840904,1790356172.086510,2086,idle,5134.9,,,0,0,0,0
1448505662113686,1790356172.236783,2236,idle,578.7,,,0,0,0,0
1448505820847370,1790356172.395517,2395,idle,243.2,,,0,0,0,0
1448505971224279,1790356172.545893,2545,idle,579.5,,,0,0,0,0
1448506124124678,1790356172.698793,2698,idle,555.7,,,0,0,0,0
1448506274489206,1790356172.849158,2849,idle,651.4,,,0,0,0,0
1448506434055544,1790356173.008725,3008,idle,240.6,,,0,0,0,0
1448506593976799,1790356173.168645,3168,idle,607.4,,,0,0,0,0
1448506749520203,1790356173.324189,3324,idle,544.3,,,0,0,0,0
1448506904092552,1790356173.478761,3478,idle,8121.6,,,0,0,0,0
1448507054087998,1790356173.628756,3628,idle,588.1,,,0,0,0,0
1448507213770698,1790356173.788440,3788,idle,215.7,,,0,0,0,0
1448507365254584,1790356173.939924,3939,idle,556.6,,,0,0,0,0
1448507524625791,1790356174.099295,4099,idle,17704.1,,,0,0,0,0
1448507684100239,1790356174.258769,4258,idle,549.8,,,0,0,0,0
1448507834117079,1790356174.408787,4408,idle,249.1,,,0,0,0,0
1448507984184855,1790356174.558854,4558,idle,546.2,,,0,0,0,0
1448508138680675,1790356174.713350,4713,idle,296.1,,,0,0,0,0
1448508293963992,1790356174.868633,4868,idle,601.5,,,0,0,0,0
1448508447959504,1790356175.022629,5022,idle,243.6,,,0,0,0,0
1448508603490966,1790356175.178160,5178,idle,3742.5,,,0,0,0,0
1448508753767381,1790356175.328435,5328,idle,634.2,,,0,0,0,0
1448508904175566,1790356175.478844,5478,idle,4855.0,,,0,0,0,0
1448509064091775,1790356175.638761,5638,idle,595.8,,,0,0,0,0
1448509214752873,1790356175.789423,5789,idle,197.8,,,0,0,0,0
1448509365251529,1790356175.939920,5939,idle,529.9,,,0,0,0,0
1448509524664842,1790356176.099334,6099,idle,5652.3,,,0,0,0,0
1448509674997269,1790356176.249666,6249,idle,584.7,,,0,0,0,0
1448509834708241,1790356176.409378,6409,idle,209.1,,,0,0,0,0
1448509994699980,1790356176.569369,6569,idle,571.0,,,0,0,0,0
1448510150039272,1790356176.724708,6724,idle,632.4,,,0,0,0,0
1448510304426995,1790356176.879095,6879,idle,7034.1,,,0,0,0,0
1448510464039135,1790356177.038709,7038,idle,193.9,,,0,0,0,0
1448510621652112,1790356177.196321,7196,idle,691.3,,,0,0,0,0
1448510772039156,1790356177.346708,7346,idle,686.8,,,0,0,0,0
1448510922340285,1790356177.497009,7497,idle,592.9,,,0,0,0,0
1448511082364596,1790356177.657034,7657,idle,226.7,,,0,0,0,0
1448511232866740,1790356177.807536,7807,idle,292.0,,,0,0,0,0
1448511392402241,1790356177.967071,7967,idle,624.9,,,0,0,0,0
1448511547042259,1790356178.121712,8121,idle,236.7,,,0,0,0,0
1448511701570962,1790356178.276240,8276,idle,1030.9,,,0,0,0,0
1448511851732456,1790356178.426402,8426,idle,208.8,,,0,0,0,0
1448512002067809,1790356178.576736,8576,idle,40552.3,,,0,0,0,0
1448512153902030,1790356178.728571,8728,idle,490.5,,,0,0,0,0
1448512304309930,1790356178.878979,8878,idle,4222.3,,,0,0,0,0
1448512464038721,1790356179.038708,9038,idle,192.2,,,0,0,0,0
1448512614548698,1790356179.189218,9189,idle,588.1,,,0,0,0,0
1448512774070698,1790356179.348739,9348,idle,694.7,,,0,0,0,0
1448512924495730,1790356179.499165,9499,idle,579.8,,,0,0,0,0
1448513083974129,1790356179.658644,9658,idle,222.5,,,0,0,0,0
1448513238527832,1790356179.813197,9813,idle,736.8,,,0,0,0,0
1448513394026250,1790356179.968696,9968,idle,325.0,,,0,0,0,0
1448513552158894,1790356180.126828,10126,idle,289.8,,,0,0,0,0
1448513703071560,1790356180.277741,10277,idle,1096.2,,,0,0,0,0
1448513855829069,1790356180.430499,10430,idle,401.9,,,0,0,0,0
1448514013233146,1790356180.587902,10587,idle,516.2,,,0,0,0,0
1448514163687925,1790356180.738357,10738,idle,571.0,,,0,0,0,0
1448514323223535,1790356180.897892,10897,idle,589.4,,,0,0,0,0
1448514482646988,1790356181.057317,11057,idle,198.9,,,0,0,0,0
1448514633724527,1790356181.208394,11208,idle,556.7,,,0,0,0,0
1448514793230425,1790356181.367900,11367,idle,211.7,,,0,0,0,0
1448514943729562,1790356181.518399,11518,idle,193.8,,,0,0,0,0
1448515100694129,1790356181.675364,11675,idle,2599.9,,,0,0,0,0
1448515251935297,1790356181.826604,11826,idle,14050.6,,,0,0,0,0
1448515410726735,1790356181.985396,11985,decode,218.8,,,0,0,1,0
1448515561792095,1790356182.136461,12136,idle,596.1,,,0,0,0,0
1448515721402420,1790356182.296072,12296,idle,210.3,,,0,0,0,0
1448515881487776,1790356182.456156,12456,idle,573.8,,,0,0,0,0
1448516039072085,1790356182.613739,12613,idle,640.9,,,0,0,0,0
1448516191484114,1790356182.766152,12766,idle,565.1,,,0,0,0,0
1448516348573845,1790356182.923244,12923,idle,231.8,,,0,0,0,0
1448516501110241,1790356183.075779,13075,idle,40808.2,,,0,0,0,0
1448516652694592,1790356183.227364,13227,idle,710.6,,,0,0,0,0
1448516803217614,1790356183.377887,13377,idle,5137.6,,,0,0,0,0
1448516953257934,1790356183.527926,13527,idle,10360.2,,,0,0,0,0
1448517113179314,1790356183.687848,13687,idle,607.9,,,0,0,0,0
1448517263515642,1790356183.838184,13838,idle,576.6,,,0,0,0,0
1448517414122560,1790356183.988791,13988,idle,486.0,,,0,0,0,0
1448517570982803,1790356184.145652,14145,idle,501.0,,,0,0,0,0
1448517722608551,1790356184.297278,14297,idle,198.0,,,0,0,0,0
1448517873223756,1790356184.447894,14447,decode,222.9,,,0,0,1,0
1448518031356944,1790356184.606026,14606,idle,11311.5,,,0,0,0,0
1448518184271585,1790356184.758941,14758,idle,284.9,,,0,0,0,0
1448518336235917,1790356184.910906,14910,idle,230.1,,,0,0,0,0
1448518493976825,1790356185.068645,68,idle,732.4,,,0,0,0,0
1448518644029993,1790356185.218698,218,tx,50938.4,,,1,0,0,1
1448518796857843,1790356185.371526,371,tx,52011.4,,,1,0,0,1
1448518950014791,1790356185.524684,524,tx,52759.8,,,1,0,0,1
1448519103196875,1790356185.677866,677,tx,50678.7,,,1,0,0,1
1448519255791105,1790356185.830460,830,tx,51959.8,,,1,0,0,1
1448519409517701,1790356185.984187,984,tx,51868.2,,,1,0,0,1
1448519560492954,1790356186.135162,1135,tx,51818.8,,,1,0,0,1
1448519713135524,1790356186.287806,1287,tx,51468.7,,,1,0,0,1
1448519867143543,1790356186.441813,1441,tx,51892.7,,,1,0,0,1
1448520020464727,1790356186.595134,1595,tx,50736.0,,,1,0,0,1
1448520172634356,1790356186.747302,1747,tx,51762.9,,,1,0,0,1
1448520325130193,1790356186.899800,1899,tx,51515.6,,,1,0,0,1
1448520478356701,1790356187.053025,2053,tx,51917.3,,,1,0,0,1
1448520631982162,1790356187.206651,2206,tx,51341.4,,,1,0,0,1
1448520784768013,1790356187.359437,2359,tx,50938.7,,,1,0,0,1
1448520936494894,1790356187.511165,2511,tx,50820.5,,,1,0,0,1
1448521089086685,1790356187.663755,2663,tx,51913.0,,,1,0,0,1
1448521246370925,1790356187.821040,2821,tx,50903.7,,,1,0,0,1
1448521399215714,1790356187.973884,2973,tx,52150.5,,,1,0,0,1
1448521552938869,1790356188.127608,3127,tx,51526.0,,,1,0,0,1
1448521706250151,1790356188.280919,3280,tx,52010.9,,,1,0,0,1
1448521859819257,1790356188.434488,3434,tx,50934.6,,,1,0,0,1
1448522012417888,1790356188.587087,3587,tx,70018.1,,,1,0,0,1
1448522163769317,1790356188.738439,3738,tx,51430.5,,,1,0,0,1
1448522316035696,1790356188.890706,3890,tx,51619.5,,,1,0,0,1
1448522469261985,1790356189.043931,4043,tx,51054.4,,,1,0,0,1
1448522622568385,1790356189.197237,4197,tx,50772.9,,,1,0,0,1
1448522775113170,1790356189.349782,4349,tx,50739.6,,,1,0,0,1
1448522926840215,1790356189.501510,4501,tx,51534.3,,,1,0,0,1
1448523080485223,1790356189.655154,4655,tx,51897.2,,,1,0,0,1
1448523234076005,1790356189.808744,4808,tx,50802.2,,,1,0,0,1
1448523387079579,1790356189.961748,4961,tx,51852.7,,,1,0,0,1
1448523539767109,1790356190.114437,5114,tx,50561.4,,,1,0,0,1
1448523691895443,1790356190.266564,5266,tx,51915.7,,,1,0,0,1
1448523850333665,1790356190.425002,5425,tx,52552.7,,,1,0,0,1
1448524004152510,1790356190.578821,5578,tx,60258.4,,,1,0,0,1
1448524155103560,1790356190.729773,5729,tx,51554.8,,,1,0,0,1
1448524308242830,1790356190.882911,5882,tx,50941.4,,,1,0,0,1
1448524461253352,1790356191.035923,6035,tx,52045.0,,,1,0,0,1
1448524614319429,1790356191.188988,6188,tx,51063.8,,,1,0,0,1
1448524766562146,1790356191.341232,6341,tx,51628.5,,,1,0,0,1
1448524920076844,1790356191.494745,6494,tx,50850.4,,,1,0,0,1
1448525072779713,1790356191.647449,6647,tx,50807.1,,,1,0,0,1
1448525225552066,1790356191.800217,6800,tx,51808.8,,,1,0,0,1
1448525378554304,1790356191.953224,6953,tx,51740.6,,,1,0,0,1
1448525532207497,1790356192.106876,7106,tx,52221.1,,,1,0,0,1
1448525686243609,1790356192.260912,7260,tx,52134.0,,,1,0,0,1
1448525840221289,1790356192.414890,7414,tx,52083.1,,,1,0,0,1
1448525993370451,1790356192.568040,7568,tx,51628.1,,,1,0,0,1
1448526146027205,1790356192.720697,7720,tx,51544.1,,,1,0,0,1
1448526299243336,1790356192.873911,7873,tx,52137.2,,,1,0,0,1
1448526452776026,1790356193.027445,8027,tx,53514.0,,,1,0,0,1
1448526606306179,1790356193.180974,8180,tx,52095.1,,,1,0,0,1
1448526759476399,1790356193.334146,8334,tx,50784.6,,,1,0,0,1
1448526912449990,1790356193.487119,8487,tx,51892.6,,,1,0,0,1
1448527066308929,1790356193.640978,8640,tx,52101.6,,,1,0,0,1
1448527220110323,1790356193.794779,8794,tx,51880.3,,,1,0,0,1
1448527372875717,1790356193.947545,8947,tx,51591.0,,,1,0,0,1
1448527526092985,1790356194.100762,9100,tx,55646.2,,,1,0,0,1
1448527683646915,1790356194.258313,9258,tx,51818.0,,,1,0,0,1
1448527836757591,1790356194.411427,9411,tx,51607.7,,,1,0,0,1
1448527990083811,1790356194.564753,9564,tx,51568.3,,,1,0,0,1
1448528144062289,1790356194.718732,9718,tx,50706.8,,,1,0,0,1
1448528295968676,1790356194.870637,9870,tx,51914.5,,,1,0,0,1
1448528454871236,1790356195.029540,10029,tx,53858.2,,,1,0,0,1
1448528608037143,1790356195.182707,10182,tx,51523.8,,,1,0,0,1
1448528760779620,1790356195.335449,10335,tx,50581.4,,,1,0,0,1
1448528912543054,1790356195.487212,10487,tx,51860.5,,,1,0,0,1
1448529070697278,1790356195.645366,10645,tx,50920.2,,,1,0,0,1
1448529226651377,1790356195.801320,10801,tx,53749.7,,,1,0,0,1
1448529381227646,1790356195.955897,10955,tx,51470.4,,,1,0,0,1
1448529534448672,1790356196.109118,11109,tx,51857.7,,,1,0,0,1
1448529688035497,1790356196.262704,11262,tx,50798.6,,,1,0,0,1
1448529840325558,1790356196.414994,11414,tx,52036.9,,,1,0,0,1
1448529993346583,1790356196.568016,11568,tx,51196.8,,,1,0,0,1
1448530145771522,1790356196.720441,11720,tx,51725.9,,,1,0,0,1
1448530299240060,1790356196.873909,11873,tx,52193.8,,,1,0,0,1
1448530453250110,1790356197.027919,12027,tx,52116.3,,,1,0,0,1
1448530606323024,1790356197.180993,12180,tx,51580.9,,,1,0,0,1
1448530758829587,1790356197.333499,12333,tx,51677.4,,,1,0,0,1
1448530912698790,1790356197.487367,12487,tx,51015.0,,,1,0,0,1
1448531065177423,1790356197.639847,12639,tx,51530.7,,,1,0,0,1
1448531217796133,1790356197.792465,12792,tx,51565.3,,,1,0,0,1
1448531371073655,1790356197.945744,12945,tx,51691.8,,,1,0,0,1
1448531524530712,1790356198.099200,13099,tx,57324.4,,,1,0,0,1
1448531683675886,1790356198.258345,13258,tx,50709.7,,,1,0,0,1
1448531835925153,1790356198.410594,13410,tx,51841.3,,,1,0,0,1
1448531988703676,1790356198.563374,13563,tx,51653.1,,123029.3,1,0,0,1
1448532140292101,1790356198.714959,13714,idle,51689.1,,,0,0,0,0
1448532293570392,1790356198.868239,13868,idle,51847.2,,,0,0,0,0
1448532465982864,1790356199.040652,14040,idle,1526.4,,,0,0,0,0
1448532618399902,1790356199.193070,14193,idle,241.3,,,0,0,0,0
1448532769360243,1790356199.344029,14344,idle,604.2,,,0,0,0,0
1448532919605589,1790356199.494274,14494,idle,585.5,,,0,0,0,0
1448533073151627,1790356199.647820,14647,idle,963.4,,,0,0,0,0
1448533229553411,1790356199.804223,14804,idle,3612.1,,,0,0,0,0
1448533379809764,1790356199.954479,14954,idle,737.7,,,0,0,0,0
1448533539464393,1790356200.114133,114,idle,672.5,,,0,0,0,0
1448533689745603,1790356200.264415,264,idle,595.3,,,0,0,0,0
1448533849344286,1790356200.424013,424,idle,599.5,,,0,0,0,0
1448534009041722,1790356200.583711,583,idle,189.0,,,0,0,0,0
1448534169135311,1790356200.743805,743,idle,255.8,,,0,0,0,0
1448534319316185,1790356200.893985,893,idle,525.1,,,0,0,0,0
1448534469295522,1790356201.043965,1043,idle,333.8,,,0,0,0,0
1448534628677868,1790356201.203347,1203,idle,447.4,,,0,0,0,0
1448534780053038,1790356201.354722,1354,idle,594.4,,,0,0,0,0
1448534939300815,1790356201.513970,1513,idle,626.8,,,0,0,0,0
1448535089594753,1790356201.664264,1664,idle,560.1,,,0,0,0,0
1448535249403302,1790356201.824073,1824,idle,224.3,,,0,0,0,0
1448535399437605,1790356201.974106,1974,idle,601.5,,,0,0,0,0
1448535559472445,1790356202.134140,2134,idle,599.9,,,0,0,0,0
1448535719170761,1790356202.293839,2293,idle,639.1,,,0,0,0,0
1448535879173318,1790356202.453843,2453,idle,245.9,,,0,0,0,0
1448536039099212,1790356202.613768,2613,idle,623.0,,,0,0,0,0
1448536189626206,1790356202.764295,2764,idle,606.7,,,0,0,0,0
1448536349342948,1790356202.924012,2924,idle,561.2,,,0,0,0,0
1448536499658688,1790356203.074328,3074,idle,290.7,,,0,0,0,0
1448536658788815,1790356203.233459,3233,idle,296.9,,,0,0,0,0
1448536809628718,1790356203.384299,3384,idle,345.5,,,0,0,0,0
1448536969234081,1790356203.543903,3543,idle,706.7,,,0,0,0,0
1448537119388709,1790356203.694057,3694,idle,570.8,,,0,0,0,0
1448537278954438,1790356203.853624,3853,idle,175.2,,,0,0,0,0
1448537430383466,1790356204.005052,4005,idle,607.0,,,0,0,0,0
1448537581712656,1790356204.156382,4156,idle,435.8,,,0,0,0,0
1448537739187101,1790356204.313855,4313,idle,541.5,,,0,0,0,0
1448537898817791,1790356204.473487,4473,idle,251.5,,,0,0,0,0
1448538049641872,1790356204.624311,4624,idle,720.2,,,0,0,0,0
1448538209572999,1790356204.784243,4784,idle,223.7,,,0,0,0,0
1448538369573971,1790356204.944243,4944,idle,396.0,,,0,0,0,0
1448538529238890,1790356205.103909,5103,idle,313.9,,,0,0,0,0
1448538688953309,1790356205.263622,5263,idle,537.7,,,0,0,0,0
1448538839341264,1790356205.414010,5414,idle,599.9,,,0,0,0,0
1448538994353410,1790356205.569022,5569,idle,567.3,,,0,0,0,0
1448539149698459,1790356205.724368,5724,idle,316.9,,,0,0,0,0
1448539309289254,1790356205.883957,5883,idle,277.9,,,0,0,0,0
1448539459891001,1790356206.034558,6034,idle,654.3,,,0,0,0,0
1448539618910671,1790356206.193580,6193,idle,530.1,,,0,0,0,0
1448539769308006,1790356206.343977,6343,idle,557.3,,,0,0,0,0
1448539928943941,1790356206.503613,6503,idle,207.8,,,0,0,0,0
1448540079326393,1790356206.653995,6653,idle,532.6,,,0,0,0,0
1448540229666226,1790356206.804335,6804,idle,606.3,,,0,0,0,0
1448540389383633,1790356206.964052,6964,idle,549.0,,,0,0,0,0
1448540549163413,1790356207.123833,7123,idle,207.2,,,0,0,0,0
1448540699261247,1790356207.273930,7273,idle,581.1,,,0,0,0,0
1448540849807298,1790356207.424476,7424,idle,711.3,,,0,0,0,0
1448541009251574,1790356207.583921,7583,idle,4450.5,,,0,0,0,0
1448541159858366,1790356207.734528,7734,idle,256.2,,,0,0,0,0
1448541319288386,1790356207.893958,7893,idle,290.0,,,0,0,0,0
1448541469363145,1790356208.044032,8044,idle,626.7,,,0,0,0,0
1448541619421731,1790356208.194091,8194,idle,522.0,,,0,0,0,0
1448541769877410,1790356208.344546,8344,idle,648.4,,,0,0,0,0
1448541928573636,1790356208.503243,8503,idle,209.3,,,0,0,0,0
1448542081454189,1790356208.656123,8656,idle,690.5,,,0,0,0,0
1448542239183601,1790356208.813852,8813,idle,606.0,,,0,0,0,0
1448542389272790,1790356208.963942,8963,idle,556.3,,,0,0,0,0
1448542549101758,1790356209.123772,9123,idle,224.4,,,0,0,0,0
1448542699354480,1790356209.274023,9274,idle,565.6,,,0,0,0,0
1448542849708134,1790356209.424377,9424,idle,659.6,,,0,0,0,0
1448543009255965,1790356209.583925,9583,idle,513.3,,,0,0,0,0
1448543169324622,1790356209.743995,9743,idle,195.7,,,0,0,0,0
1448543328787826,1790356209.903457,9903,idle,605.7,,,0,0,0,0
1448543479190117,1790356210.053859,10053,idle,665.5,,,0,0,0,0
1448543639185922,1790356210.213855,10213,idle,652.1,,,0,0,0,0
1448543789663600,1790356210.364332,10364,idle,735.4,,,0,0,0,0
1448543949231988,1790356210.523902,10523,idle,205.1,,,0,0,0,0
1448544099589668,1790356210.674258,10674,idle,708.1,,,0,0,0,0
1448544259053884,1790356210.833722,10833,idle,568.7,,,0,0,0,0
1448544409382139,1790356210.984051,10984,idle,521.4,,,0,0,0,0
1448544569240815,1790356211.143911,11143,idle,204.4,,,0,0,0,0
1448544719504893,1790356211.294174,11294,idle,600.8,,,0,0,0,0
1448544879213293,1790356211.453882,11453,idle,531.3,,,0,0,0,0
1448545029455286,1790356211.604124,11604,idle,1303.1,,,0,0,0,0
1448545189070568,1790356211.763740,11763,idle,226.1,,,0,0,0,0
1448545339271006,1790356211.913941,11913,decode,227.7,,,0,0,1,0
1448545499178817,1790356212.073848,12073,idle,485.9,,,0,0,0,0
1448545649491747,1790356212.224160,12224,idle,674.6,,,0,0,0,0
1448545809036822,1790356212.383707,12383,idle,236.3,,,0,0,0,0
1448545968527970,1790356212.543198,12543,idle,249.4,,,0,0,0,0
1448546119386114,1790356212.694055,12694,idle,586.9,,,0,0,0,0
1448546269809199,1790356212.844478,12844,idle,741.0,,,0,0,0,0
1448546429371263,1790356213.004040,13004,idle,387.4,,,0,0,0,0
1448546580009265,1790356213.154679,13154,idle,189.9,,,0,0,0,0
1448546739219878,1790356213.313888,13313,idle,535.7,,,0,0,0,0
1448546899206274,1790356213.473876,13473,idle,157.0,,,0,0,0,0
1448547050630300,1790356213.625300,13625,idle,267.0,,,0,0,0,0
1448547209143689,1790356213.783814,13783,idle,198.0,,,0,0,0,0
1448547359261500,1790356213.933930,13933,idle,564.0,,,0,0,0,0
1448547519287564,1790356214.093957,14093,idle,527.2,,,0,0,0,0
1448547669479438,1790356214.244148,14244,idle,603.6,,,0,0,0,0
1448547820578957,1790356214.395249,14395,decode,222.0,,,0,0,1,0
1448547978237453,1790356214.552907,14552,idle,190.2,,,0,0,0,0
1448548129902948,1790356214.704572,14704,idle,612.7,,,0,0,0,0
1448548289470383,1790356214.864139,14864,idle,654.3,,,0,0,0,0
1448548448916197,1790356215.023586,23,idle,301.6,,,0,0,0,0
1448548640209188,1790356215.214878,214,tx,50733.2,,,1,0,0,1
1448548793039704,1790356215.367708,367,tx,51898.8,,,1,0,0,1
1448548946092104,1790356215.520760,520,tx,50769.8,,,1,0,0,1
1448549098258841,1790356215.672929,672,tx,50581.0,,,1,0,0,1
1448549250141246,1790356215.824811,824,tx,50584.6,,,1,0,0,1
1448549402202502,1790356215.976871,976,tx,51835.3,,,1,0,0,1
1448549561405950,1790356216.136075,1136,tx,50798.4,,,1,0,0,1
1448549714432253,1790356216.289100,1289,tx,51766.3,,,1,0,0,1
1448549867077584,1790356216.441747,1441,tx,51479.0,,,1,0,0,1
1448550020206073,1790356216.594875,1594,tx,50923.8,,,1,0,0,1
1448550172618311,1790356216.747287,1747,tx,52012.7,,,1,0,0,1
1448550326260088,1790356216.900929,1900,tx,51821.7,,,1,0,0,1
1448550480046503,1790356217.054716,2054,tx,51601.0,,,1,0,0,1
1448550632992599,1790356217.207662,2207,tx,51639.7,,,1,0,0,1
1448550786292416,1790356217.360961,2360,tx,59744.3,,,1,0,0,1
1448550939699933,1790356217.514369,2514,tx,52117.4,,,1,0,0,1
1448551093496963,1790356217.668166,2668,tx,52105.4,,,1,0,0,1
1448551246473158,1790356217.821142,2821,tx,51478.6,,,1,0,0,1
1448551398964703,1790356217.973634,2973,tx,51572.3,,,1,0,0,1
1448551554087795,1790356218.128757,3128,tx,51635.5,,,1,0,0,1
1448551707196282,1790356218.281865,3281,tx,51798.5,,,1,0,0,1
1448551859953250,1790356218.434623,3434,tx,51649.8,,,1,0,0,1
1448552012964241,1790356218.587634,3587,tx,68556.7,,,1,0,0,1
1448552172517301,1790356218.747187,3747,tx,50666.9,,,1,0,0,1
1448552324414786,1790356218.899083,3899,tx,52247.3,,,1,0,0,1
1448552480150053,1790356219.054819,4054,tx,51547.1,,,1,0,0,1
1448552633162984,1790356219.207832,4207,tx,51767.3,,,1,0,0,1
1448552786878708,1790356219.361547,4361,tx,50848.7,,,1,0,0,1
1448552939023835,1790356219.513692,4513,tx,50845.8,,,1,0,0,1
1448553091159634,1790356219.665829,4665,tx,51542.3,,,1,0,0,1
1448553244565284,1790356219.819234,4819,tx,52142.7,,,1,0,0,1
1448553398219616,1790356219.972889,4972,tx,50599.6,,,1,0,0,1
1448553552400428,1790356220.127069,5127,tx,51823.0,,,1,0,0,1
1448553705268904,1790356220.279938,5279,tx,51631.6,,,1,0,0,1
1448553857977875,1790356220.432648,5432,tx,50588.8,,,1,0,0,1
1448554009673721,1790356220.584343,5584,tx,53422.1,,,1,0,0,1
1448554164344833,1790356220.739014,5739,tx,51783.7,,,1,0,0,1
1448554317208614,1790356220.891877,5891,tx,51690.8,,,1,0,0,1
1448554469941661,1790356221.044611,6044,tx,51727.4,,,1,0,0,1
1448554623968245,1790356221.198638,6198,tx,52084.6,,,1,0,0,1
1448554776650547,1790356221.351320,6351,tx,50996.8,,,1,0,0,1
1448554928964312,1790356221.503633,6503,tx,51858.8,,,1,0,0,1
1448555082013065,1790356221.656683,6656,tx,51595.8,,,1,0,0,1
1448555235505433,1790356221.810174,6810,tx,52203.5,,,1,0,0,1
1448555389608307,1790356221.964277,6964,tx,52040.6,,,1,0,0,1
1448555544049952,1790356222.118719,7118,tx,50709.4,,,1,0,0,1
1448555696529832,1790356222.271200,7271,tx,51519.7,,,1,0,0,1
1448555849151238,1790356222.423819,7423,tx,53435.9,,,1,0,0,1
1448556002261631,1790356222.576931,7576,tx,58059.8,,,1,0,0,1
1448556161354434,1790356222.736024,7736,tx,51630.1,,,1,0,0,1
1448556314463006,1790356222.889132,7889,tx,51734.0,,,1,0,0,1
1448556467105119,1790356223.041775,8041,tx,51514.7,,,1,0,0,1
1448556620461931,1790356223.195131,8195,tx,52210.9,,,1,0,0,1
1448556774543019,1790356223.349212,8349,tx,50745.9,,,1,0,0,1
1448556926290470,1790356223.500960,8500,tx,50646.8,,,1,0,0,1
1448557078064861,1790356223.652735,8652,tx,51532.2,,,1,0,0,1
1448557231177188,1790356223.805846,8805,tx,50730.8,,,1,0,0,1
1448557383256904,1790356223.957926,8957,tx,51727.3,,,1,0,0,1
1448557536788078,1790356224.111456,9111,tx,51914.4,,,1,0,0,1
1448557690013089,1790356224.264683,9264,tx,51590.4,,,1,0,0,1
1448557843460636,1790356224.418129,9418,tx,50843.1,,,1,0,0,1
1448557995994841,1790356224.570664,9570,tx,51903.9,,,1,0,0,1
1448558149178279,1790356224.723847,9723,tx,53540.3,,,1,0,0,1
1448558302279953,1790356224.876949,9876,tx,50547.6,,,1,0,0,1
1448558453985060,1790356225.028655,10028,tx,58233.8,,,1,0,0,1
1448558607202301,1790356225.181871,10181,tx,50773.0,,,1,0,0,1
1448558759749086,1790356225.334418,10334,tx,52078.3,,,1,0,0,1
1448558913343620,1790356225.488012,10488,tx,51817.1,,,1,0,0,1
1448559066896897,1790356225.641567,10641,tx,51684.7,,,1,0,0,1
1448559220131359,1790356225.794800,10794,tx,51783.4,,,1,0,0,1
1448559373263724,1790356225.947933,10947,tx,50695.2,,,1,0,0,1
1448559525422680,1790356226.100090,11100,tx,60704.9,,,1,0,0,1
1448559679837948,1790356226.254508,11254,tx,51796.6,,,1,0,0,1
1448559833230583,1790356226.407899,11407,tx,51797.5,,,1,0,0,1
1448559986309800,1790356226.560979,11560,tx,51620.4,,,1,0,0,1
1448560139245651,1790356226.713914,11713,tx,51921.0,,,1,0,0,1
1448560292150152,1790356226.866820,11866,tx,51541.9,,,1,0,0,1
1448560444998050,1790356227.019667,12019,tx,51617.9,,,1,0,0,1
1448560598291551,1790356227.172961,12172,tx,51725.2,,,1,0,0,1
1448560751490766,1790356227.326159,12326,tx,51779.1,,,1,0,0,1
1448560904616729,1790356227.479285,12479,tx,52024.2,,,1,0,0,1
1448561063904994,1790356227.638575,12638,tx,51768.8,,,1,0,0,1
1448561217417067,1790356227.792086,12792,tx,51790.2,,,1,0,0,1
1448561370483478,1790356227.945152,12945,tx,51757.5,,,1,0,0,1
1448561523925967,1790356228.098594,13098,tx,51756.1,,,1,0,0,1
1448561676897442,1790356228.251567,13251,tx,51761.2,,,1,0,0,1
1448561830457659,1790356228.405126,13405,tx,50829.2,,,1,0,0,1
1448561982357866,1790356228.557028,13557,tx,50548.9,,126758.5,1,0,0,1
1448562139423648,1790356228.714093,13714,idle,51558.5,,,0,0,0,0
1448562294292600,1790356228.868962,13868,idle,52963.1,,,0,0,0,0
1448562470185306,1790356229.044854,14044,idle,2234.8,,,0,0,0,0
1448562629512183,1790356229.204180,14204,idle,659.9,,,0,0,0,0
1448562780064831,1790356229.354733,14354,idle,610.1,,,0,0,0,0
1448562939127904,1790356229.513798,14513,idle,202.1,,,0,0,0,0
1448563089260236,1790356229.663929,14663,idle,479.4,,,0,0,0,0
1448563239653723,1790356229.814322,14814,idle,569.7,,,0,0,0,0
1448563389951925,1790356229.964621,14964,idle,745.7,,,0,0,0,0
1448563549426020,1790356230.124095,124,idle,530.5,,,0,0,0,0
1448563709039580,1790356230.283710,283,idle,189.0,,,0,0,0,0
1448563859976250,1790356230.434645,434,idle,539.7,,,0,0,0,0
1448564019092073,1790356230.593761,593,idle,374.9,,,0,0,0,0
1448564170519376,1790356230.745188,745,idle,588.7,,,0,0,0,0
1448564329301857,1790356230.903972,903,idle,226.6,,,0,0,0,0
1448564489413070,1790356231.064081,1064,idle,571.5,,,0,0,0,0
1448564640126985,1790356231.214796,1214,idle,625.2,,,0,0,0,0
1448564799411660,1790356231.374080,1374,idle,545.8,,,0,0,0,0
1448564949364969,1790356231.524035,1524,idle,208.6,,,0,0,0,0
1448565099444588,1790356231.674114,1674,idle,311.4,,,0,0,0,0
1448565249637436,1790356231.824306,1824,idle,787.0,,,0,0,0,0
1448565400206493,1790356231.974875,1974,idle,7994.2,,,0,0,0,0
1448565559341933,1790356232.134011,2134,idle,484.9,,,0,0,0,0
1448565718872623,1790356232.293542,2293,idle,223.4,,,0,0,0,0
1448565869900665,1790356232.444570,2444,idle,483.2,,,0,0,0,0
1448566029605200,1790356232.604274,2604,idle,467.9,,,0,0,0,0
1448566179963814,1790356232.754632,2754,idle,642.1,,,0,0,0,0
1448566338682283,1790356232.913352,2913,idle,204.8,,,0,0,0,0
1448566489381935,1790356233.064051,3064,idle,569.1,,,0,0,0,0
1448566640808692,1790356233.215477,3215,idle,600.1,,,0,0,0,0
1448566799294849,1790356233.373963,3373,idle,595.0,,,0,0,0,0
1448566959159202,1790356233.533829,3533,idle,246.8,,,0,0,0,0
1448567119132522,1790356233.693802,3693,idle,379.4,,,0,0,0,0
1448567270306180,1790356233.844975,3844,idle,598.6,,,0,0,0,0
1448567430054758,1790356234.004722,4004,idle,677.5,,,0,0,0,0
1448567590025078,1790356234.164694,4164,idle,364.8,,,0,0,0,0
1448567749550608,1790356234.324220,4324,idle,581.5,,,0,0,0,0
1448567899978546,1790356234.474647,4474,idle,573.3,,,0,0,0,0
1448568053709117,1790356234.628378,4628,idle,915.7,,,0,0,0,0
1448568210235604,1790356234.784904,4784,idle,620.1,,,0,0,0,0
1448568368983585,1790356234.943653,4943,idle,219.6,,,0,0,0,0
1448568520089389,1790356235.094757,5094,idle,558.8,,,0,0,0,0
1448568679396466,1790356235.254066,5254,idle,677.2,,,0,0,0,0
1448568829496906,1790356235.404166,5404,idle,585.3,,,0,0,0,0
1448568989434349,1790356235.564104,5564,idle,229.3,,,0,0,0,0
1448569139463758,1790356235.714133,5714,idle,643.7,,,0,0,0,0
1448569289822938,1790356235.864492,5864,idle,595.1,,,0,0,0,0
1448569449566890,1790356236.024236,6024,idle,616.5,,,0,0,0,0
1448569599744375,1790356236.174414,6174,idle,229.1,,,0,0,0,0
1448569759322018,1790356236.333992,6333,idle,274.7,,,0,0,0,0
1448569919540082,1790356236.494209,6494,idle,586.0,,,0,0,0,0
1448570069803858,1790356236.644473,6644,idle,616.9,,,0,0,0,0
1448570220475006,1790356236.795144,6795,idle,658.4,,,0,0,0,0
1448570379020553,1790356236.953690,6953,idle,229.1,,,0,0,0,0
1448570529959456,1790356237.104629,7104,idle,570.9,,,0,0,0,0
1448570689464791,1790356237.264134,7264,idle,595.8,,,0,0,0,0
1448570839842091,1790356237.414511,7414,idle,556.9,,,0,0,0,0
1448570999490462,1790356237.574160,7574,idle,4587.9,,,0,0,0,0
1448571159463195,1790356237.734132,7734,idle,522.1,,,0,0,0,0
1448571309669514,1790356237.884338,7884,idle,603.4,,,0,0,0,0
1448571460105728,1790356238.034774,8034,idle,527.7,,,0,0,0,0
1448571619021883,1790356238.193691,8193,idle,232.2,,,0,0,0,0
1448571769514491,1790356238.344184,8344,idle,324.2,,,0,0,0,0
1448571919649182,1790356238.494318,8494,idle,564.7,,,0,0,0,0
1448572079308321,1790356238.653978,8653,idle,230.9,,,0,0,0,0
1448572239467990,1790356238.814136,8814,idle,460.4,,,0,0,0,0
1448572398874293,1790356238.973544,8973,idle,223.3,,,0,0,0,0
1448572549926380,1790356239.124595,9124,idle,725.9,,,0,0,0,0
1448572700110808,1790356239.274779,9274,idle,549.7,,,0,0,0,0
1448572859538176,1790356239.434207,9434,idle,533.1,,,0,0,0,0
1448573019122345,1790356239.593792,9593,idle,216.7,,,0,0,0,0
1448573169828140,1790356239.744497,9744,idle,633.4,,,0,0,0,0
1448573329978349,1790356239.904647,9904,idle,561.3,,,0,0,0,0
1448573489111948,1790356240.063781,10063,idle,427.5,,,0,0,0,0
1448573648780581,1790356240.223450,10223,idle,211.9,,,0,0,0,0
1448573799141282,1790356240.373811,10373,idle,330.1,,,0,0,0,0
1448573950070727,1790356240.524740,10524,idle,286.9,,,0,0,0,0
1448574109247483,1790356240.683917,10683,idle,321.0,,,0,0,0,0
1448574269070146,1790356240.843740,10843,idle,222.3,,,0,0,0,0
1448574419568230,1790356240.994238,10994,idle,224.4,,,0,0,0,0
1448574569820776,1790356241.144490,11144,idle,318.5,,,0,0,0,0
1448574729715837,1790356241.304384,11304,idle,386.9,,,0,0,0,0
1448574879859355,1790356241.454528,11454,idle,510.1,,,0,0,0,0
1448575039162784,1790356241.613833,11613,idle,255.1,,,0,0,0,0
1448575189833342,1790356241.764502,11764,idle,628.8,,,0,0,0,0
1448575349269849,1790356241.923939,11923,decode,184.1,,,0,0,1,0
1448575499559082,1790356242.074229,12074,idle,254.6,,,0,0,0,0
1448575659095702,1790356242.233765,12233,idle,247.8,,,0,0,0,0
1448575809537345,1790356242.384206,12384,idle,3845.5,,,0,0,0,0
1448575969267261,1790356242.543937,12543,idle,283.0,,,0,0,0,0
1448576119644024,1790356242.694313,12694,idle,314.7,,,0,0,0,0
1448576279271567,1790356242.853941,12853,idle,201.1,,,0,0,0,0
1448576439009629,1790356243.013670,13013,idle,252.0,,,0,0,0,0
1448576590379263,1790356243.165048,13165,idle,593.5,,,0,0,0,0
1448576749632535,1790356243.324302,13324,idle,466.6,,,0,0,0,0
1448576909669572,1790356243.484339,13484,idle,324.3,,,0,0,0,0
1448577062162275,1790356243.636832,13636,idle,227.9,,,0,0,0,0
1448577219543398,1790356243.794213,13794,idle,229.8,,,0,0,0,0
1448577379065158,1790356243.953735,13953,idle,373.1,,,0,0,0,0
1448577532593775,1790356244.107264,14107,idle,258.7,,,0,0,0,0
1448577688891006,1790356244.263561,14263,idle,185.1,,,0,0,0,0
1448577841709941,1790356244.416379,14416,decode,623.6,,,0,0,1,0
1448577997023030,1790356244.571692,14571,idle,246.8,,,0,0,0,0
1448578149806399,1790356244.724476,14724,idle,560.7,,,0,0,0,0
1448578309607623,1790356244.884278,14884,idle,221.8,,,0,0,0,0
1448578459654129,1790356245.034323,34,idle,580.4,,,0,0,0,0
1448578660644455,1790356245.235314,235,tx,50719.2,,,1,0,0,1
1448578812652537,1790356245.387322,387,tx,51543.8,,,1,0,0,1
1448578966075999,1790356245.540746,540,tx,50695.1,,,1,0,0,1
1448579118627701,1790356245.693297,693,tx,52187.6,,,1,0,0,1
1448579272420298,1790356245.847089,847,tx,50934.2,,,1,0,0,1
1448579424642891,1790356245.999312,999,tx,51700.5,,,1,0,0,1
1448579577445797,1790356246.152116,1152,tx,51576.6,,,1,0,0,1
1448579730025918,1790356246.304696,1304,tx,51719.3,,,1,0,0,1
1448579882371662,1790356246.457042,1457,tx,51439.7,,,1,0,0,1
1448580034573769,1790356246.609243,1609,tx,51457.6,,,1,0,0,1
1448580187107283,1790356246.761777,1761,tx,50726.3,,,1,0,0,1
1448580339370033,1790356246.914037,1914,tx,51012.3,,,1,0,0,1
1448580491946548,1790356247.066615,2066,tx,51907.1,,,1,0,0,1
1448580645860739,1790356247.220530,2220,tx,52049.8,,,1,0,0,1
1448580800154821,1790356247.374825,2374,tx,52647.4,,,1,0,0,1
1448580954262860,1790356247.528932,2528,tx,51609.5,,,1,0,0,1
1448581107398026,1790356247.682066,2682,tx,50841.1,,,1,0,0,1
1448581259725359,1790356247.834394,2834,tx,51124.7,,,1,0,0,1
1448581412423291,1790356247.987093,2987,tx,51540.6,,,1,0,0,1
1448581563431749,1790356248.138102,3138,tx,51397.0,,,1,0,0,1
1448581716461435,1790356248.291130,3291,tx,53215.7,,,1,0,0,1
1448581868614827,1790356248.443284,3443,tx,50732.6,,,1,0,0,1
1448582020834016,1790356248.595502,3595,tx,52077.3,,,1,0,0,1
1448582173603869,1790356248.748274,3748,tx,51503.3,,,1,0,0,1
1448582326577096,1790356248.901246,3901,tx,50809.0,,,1,0,0,1
1448582478785365,1790356249.053454,4053,tx,52059.7,,,1,0,0,1
1448582632891407,1790356249.207559,4207,tx,50946.6,,,1,0,0,1
1448582784704761,1790356249.359375,4359,tx,50389.5,,,1,0,0,1
1448582936429098,1790356249.511098,4511,tx,50793.6,,,1,0,0,1
1448583089092251,1790356249.663761,4663,tx,51854.3,,,1,0,0,1
1448583246097266,1790356249.820766,4820,tx,50832.3,,,1,0,0,1
1448583397793232,1790356249.972463,4972,tx,50551.9,,,1,0,0,1
1448583550562286,1790356250.125230,5125,tx,52766.6,,,1,0,0,1
1448583703489825,1790356250.278159,5278,tx,50708.4,,,1,0,0,1
1448583855665467,1790356250.430335,5430,tx,50986.6,,,1,0,0,1
1448584007615063,1790356250.582284,5582,tx,75744.0,,,1,0,0,1
1448584164456561,1790356250.739125,5739,tx,50848.4,,,1,0,0,1
1448584316715016,1790356250.891384,5891,tx,51811.1,,,1,0,0,1
1448584470101093,1790356251.044770,6044,tx,51730.5,,,1,0,0,1
1448584623845022,1790356251.198514,6198,tx,52029.1,,,1,0,0,1
1448584776737684,1790356251.351408,6351,tx,50469.2,,,1,0,0,1
1448584928653721,1790356251.503322,6503,tx,51838.7,,,1,0,0,1
1448585082284934,1790356251.656953,6656,tx,50788.4,,,1,0,0,1
1448585234627440,1790356251.809296,6809,tx,51771.3,,,1,0,0,1
1448585387298338,1790356251.961968,6961,tx,50566.8,,,1,0,0,1
1448585538973386,1790356252.113642,7113,tx,53400.9,,,1,0,0,1
1448585692619315,1790356252.267287,7267,tx,52442.6,,,1,0,0,1
1448585846855797,1790356252.421525,7421,tx,52067.4,,,1,0,0,1
1448586000165307,1790356252.574835,7574,tx,51679.9,,,1,0,0,1
1448586153577214,1790356252.728246,7728,tx,50771.9,,,1,0,0,1
1448586306062192,1790356252.880730,7880,tx,50890.0,,,1,0,0,1
1448586459147822,1790356253.033817,8033,tx,50845.8,,,1,0,0,1
1448586611194668,1790356253.185864,8185,tx,50727.7,,,1,0,0,1
1448586763681080,1790356253.338350,8338,tx,50776.9,,,1,0,0,1
1448586916215282,1790356253.490884,8490,tx,50762.7,,,1,0,0,1
1448587073684876,1790356253.648352,8648,tx,51799.7,,,1,0,0,1
1448587226376419,1790356253.801046,8801,tx,51560.7,,,1,0,0,1
1448587379274709,1790356253.953944,8953,tx,50788.3,,,1,0,0,1
1448587531546955,1790356254.106216,9106,tx,50720.8,,,1,0,0,1
1448587683676408,1790356254.258345,9258,tx,51777.4,,,1,0,0,1
1448587836583406,1790356254.411252,9411,tx,51613.0,,,1,0,0,1
1448587989626682,1790356254.564296,9564,tx,51535.2,,,1,0,0,1
1448588145798508,1790356254.720468,9720,tx,52121.6,,,1,0,0,1
1448588299622560,1790356254.874291,9874,tx,50618.8,,,1,0,0,1
1448588451736257,1790356255.026404,10026,tx,54927.1,,,1,0,0,1
1448588604602287,1790356255.179272,10179,tx,51580.1,,,1,0,0,1
1448588757779489,1790356255.332448,10332,tx,50879.7,,,1,0,0,1
1448588910071724,1790356255.484740,10484,tx,50857.0,,,1,0,0,1
1448589062181948,1790356255.636851,10636,tx,51775.1,,,1,0,0,1
1448589214775947,1790356255.789446,10789,tx,50495.6,,,1,0,0,1
1448589366436051,1790356255.941105,10941,tx,53322.2,,,1,0,0,1
1448589520162689,1790356256.094832,11094,tx,64207.5,,,1,0,0,1
1448589675882089,1790356256.250551,11250,tx,51092.1,,,1,0,0,1
1448589827827684,1790356256.402498,11402,tx,50569.1,,,1,0,0,1
1448589979447741,1790356256.554117,11554,tx,50727.1,,,1,0,0,1
1448590131781033,1790356256.706450,11706,tx,51130.3,,,1,0,0,1
1448590284326498,1790356256.858995,11858,tx,51868.8,,,1,0,0,1
1448590437262493,1790356257.011932,12011,tx,51650.3,,,1,0,0,1
1448590590482656,1790356257.165152,12165,tx,50742.2,,,1,0,0,1
1448590748398148,1790356257.323067,12323,tx,51966.1,,,1,0,0,1
1448590901972007,1790356257.476640,12476,tx,52001.7,,,1,0,0,1
1448591054811572,1790356257.629481,12629,tx,51675.5,,,1,0,0,1
1448591207219367,1790356257.781889,12781,tx,51817.1,,,1,0,0,1
1448591360708442,1790356257.935377,12935,tx,51915.6,,,1,0,0,1
1448591514180743,1790356258.088850,13088,tx,50786.6,,,1,0,0,1
1448591667081700,1790356258.241750,13241,tx,51975.6,,,1,0,0,1
1448591820163113,1790356258.394833,13394,tx,50766.0,,,1,0,0,1
1448591972484922,1790356258.547154,13547,tx,50793.8,,136884.8,1,0,0,1
1448592129726702,1790356258.704396,13704,idle,51824.4,,,0,0,0,0
1448592282964129,1790356258.857633,13857,idle,52096.4,,,0,0,0,0
1448592448632057,1790356259.023302,14023,idle,350.2,,,0,0,0,0
1448592608618835,1790356259.183286,14183,idle,3264.4,,,0,0,0,0
1448592768165860,1790356259.342835,14342,idle,616.8,,,0,0,0,0
1448592927808370,1790356259.502476,14502,idle,600.0,,,0,0,0,0
1448593087611303,1790356259.662281,14662,idle,189.0,,,0,0,0,0
1448593238564817,1790356259.813234,14813,idle,663.6,,,0,0,0,0
1448593398270458,1790356259.972939,14972,idle,553.3,,,0,0,0,0
1448593555555617,1790356260.130224,130,idle,617.5,,,0,0,0,0
1448593706648035,1790356260.281317,281,idle,223.9,,,0,0,0,0
1448593866175103,1790356260.440844,440,idle,489.6,,,0,0,0,0
1448594016496201,1790356260.591165,591,idle,531.5,,,0,0,0,0
1448594166876895,1790356260.741546,741,idle,605.1,,,0,0,0,0
1448594326626136,1790356260.901295,901,idle,572.1,,,0,0,0,0
1448594486225086,1790356261.060895,1060,idle,208.7,,,0,0,0,0
1448594646371974,1790356261.221041,1221,idle,752.9,,,0,0,0,0
1448594797247043,1790356261.371915,1371,idle,568.4,,,0,0,0,0
1448594956772738,1790356261.531443,1531,idle,248.4,,,0,0,0,0
1448595116175558,1790356261.690845,1690,idle,198.4,,,0,0,0,0
1448595266404131,1790356261.841072,1841,idle,655.8,,,0,0,0,0
1448595426334844,1790356262.001004,2001,idle,746.3,,,0,0,0,0
1448595576883427,1790356262.151552,2151,idle,622.1,,,0,0,0,0
1448595735753877,1790356262.310424,2310,idle,208.0,,,0,0,0,0
1448595886558439,1790356262.461227,2461,idle,549.1,,,0,0,0,0
1448596037075801,1790356262.611744,2611,idle,511.7,,,0,0,0,0
1448596196667290,1790356262.771336,2771,idle,621.1,,,0,0,0,0
1448596355779118,1790356262.930449,2930,idle,215.2,,,0,0,0,0
1448596506479032,1790356263.081148,3081,idle,28325.8,,,0,0,0,0
1448596666616957,1790356263.241285,3241,idle,590.9,,,0,0,0,0
1448596817186655,1790356263.391855,3391,idle,575.8,,,0,0,0,0
1448596976299927,1790356263.550970,3550,idle,337.6,,,0,0,0,0
1448597136157226,1790356263.710826,3710,idle,518.3,,,0,0,0,0
1448597295859048,1790356263.870528,3870,idle,478.5,,,0,0,0,0
1448597446916745,1790356264.021586,4021,idle,523.4,,,0,0,0,0
1448597606591608,1790356264.181261,4181,idle,2848.2,,,0,0,0,0
1448597766164602,1790356264.340835,4340,idle,212.4,,,0,0,0,0
1448597916195466,1790356264.490864,4490,idle,502.6,,,0,0,0,0
1448598074717206,1790356264.649386,4649,idle,594.8,,,0,0,0,0
1448598227114488,1790356264.801783,4801,idle,607.3,,,0,0,0,0
1448598386080299,1790356264.960750,4960,idle,252.0,,,0,0,0,0
1448598546081010,1790356265.120750,5120,idle,482.7,,,0,0,0,0
1448598696547942,1790356265.271217,5271,idle,563.0,,,0,0,0,0
1448598846885952,1790356265.421555,5421,idle,571.6,,,0,0,0,0
1448599005907950,1790356265.580578,5580,idle,3175.2,,,0,0,0,0
1448599156467578,1790356265.731137,5731,idle,511.3,,,0,0,0,0
1448599306809109,1790356265.881478,5881,idle,2018.7,,,0,0,0,0
1448599466374964,1790356266.041044,6041,idle,578.8,,,0,0,0,0
1448599617167255,1790356266.191836,6191,idle,525.7,,,0,0,0,0
1448599776933974,1790356266.351603,6351,idle,539.3,,,0,0,0,0
1448599927191757,1790356266.501861,6501,idle,601.1,,,0,0,0,0
1448600077502230,1790356266.652171,6652,idle,687.0,,,0,0,0,0
1448600227800633,1790356266.802469,6802,idle,544.8,,,0,0,0,0
1448600386602885,1790356266.961273,6961,idle,210.3,,,0,0,0,0
1448600537162313,1790356267.111832,7111,idle,519.3,,,0,0,0,0
1448600687750530,1790356267.262419,7262,idle,635.2,,,0,0,0,0
1448600847706790,1790356267.422375,7422,idle,613.4,,,0,0,0,0
1448601006724612,1790356267.581394,7581,idle,25627.6,,,0,0,0,0
1448601157429406,1790356267.732098,7732,idle,537.1,,,0,0,0,0
1448601308116422,1790356267.882786,7882,idle,532.4,,,0,0,0,0
1448601467802850,1790356268.042472,8042,idle,607.7,,,0,0,0,0
1448601627177632,1790356268.201847,8201,idle,277.8,,,0,0,0,0
1448601786707839,1790356268.361377,8361,idle,630.4,,,0,0,0,0
1448601938091451,1790356268.512759,8512,idle,623.5,,,0,0,0,0
1448602098059133,1790356268.672728,8672,idle,570.1,,,0,0,0,0
1448602257291452,1790356268.831961,8831,idle,347.7,,,0,0,0,0
1448602416733320,1790356268.991403,8991,idle,186.5,,,0,0,0,0
1448602574540284,1790356269.149209,9149,idle,382.0,,,0,0,0,0
1448602727713133,1790356269.302382,9302,idle,569.0,,,0,0,0,0
1448602887429825,1790356269.462098,9462,idle,680.8,,,0,0,0,0
1448603047010639,1790356269.621680,9621,idle,191.7,,,0,0,0,0
1448603197128067,1790356269.771797,9771,idle,562.7,,,0,0,0,0
1448603347797844,1790356269.922467,9922,idle,556.7,,,0,0,0,0
1448603507427892,1790356270.082096,10082,idle,10887.4,,,0,0,0,0
1448603666536211,1790356270.241206,10241,idle,232.2,,,0,0,0,0
1448603817488917,1790356270.392158,10392,idle,615.2,,,0,0,0,0
1448603977021577,1790356270.551691,10551,idle,422.9,,,0,0,0,0
1448604127122185,1790356270.701790,10701,idle,602.1,,,0,0,0,0
1448604277253359,1790356270.851923,10851,idle,228.3,,,0,0,0,0
1448604437241014,1790356271.011910,11011,idle,351.5,,,0,0,0,0
1448604597323844,1790356271.171992,11171,idle,575.0,,,0,0,0,0
1448604747557668,1790356271.322226,11322,idle,661.0,,,0,0,0,0
1448604898053960,1790356271.472723,11472,idle,572.0,,,0,0,0,0
1448605057261571,1790356271.631931,11631,idle,517.6,,,0,0,0,0
1448605207416491,1790356271.782085,11782,idle,2118.4,,,0,0,0,0
1448605367290940,1790356271.941961,11941,decode,165.0,,,0,0,1,0
1448605527511128,1790356272.102180,12102,idle,6728.2,,,0,0,0,0
1448605687221035,1790356272.261891,12261,idle,215.4,,,0,0,0,0
1448605837340237,1790356272.412009,12412,idle,757.6,,,0,0,0,0
1448605987431617,1790356272.562100,12562,idle,680.8,,,0,0,0,0
1448606137834729,1790356272.712503,12712,idle,621.4,,,0,0,0,0
1448606296566960,1790356272.871237,12871,idle,220.7,,,0,0,0,0
1448606447303329,1790356273.021972,13021,idle,532.2,,,0,0,0,0
1448606597690368,1790356273.172359,13172,idle,486.8,,,0,0,0,0
1448606748077534,1790356273.322746,13322,idle,745.0,,,0,0,0,0
1448606907618065,1790356273.482287,13482,idle,341.6,,,0,0,0,0
1448607062836040,1790356273.637505,13637,idle,517.4,,,0,0,0,0
1448607217498188,1790356273.792167,13792,idle,628.8,,,0,0,0,0
1448607377624751,1790356273.952295,13952,idle,208.2,,,0,0,0,0
1448607527855773,1790356274.102525,14102,idle,618.2,,,0,0,0,0
1448607686572122,1790356274.261242,14261,idle,211.4,,,0,0,0,0
1448607841476102,1790356274.416145,14416,decode,593.7,,,0,0,1,0
1448607998747177,1790356274.573417,14573,decode,232.6,,,0,0,1,0
1448608157093569,1790356274.731762,14731,idle,756.0,,,0,0,0,0
1448608316946517,1790356274.891616,14891,idle,199.7,,,0,0,0,0
1448608468074516,1790356275.042742,42,idle,664.8,,,0,0,0,0
1448608656120976,1790356275.230790,230,tx,52055.2,,,1,0,0,1
1448608809900636,1790356275.384567,384,tx,54273.7,,,1,0,0,1
1448608962567269,1790356275.537237,537,tx,51737.9,,,1,0,0,1
1448609115986378,1790356275.690655,690,tx,52287.2,,,1,0,0,1
1448609270062203,1790356275.844731,844,tx,52095.2,,,1,0,0,1
1448609424063002,1790356275.998732,998,tx,51081.8,,,1,0,0,1
1448609576322760,1790356276.150993,1150,tx,50698.1,,,1,0,0,1
1448609729132213,1790356276.303801,1303,tx,50993.9,,,1,0,0,1
1448609881992999,1790356276.456662,1456,tx,52155.8,,,1,0,0,1
1448610035557907,1790356276.610227,1610,tx,50691.1,,,1,0,0,1
1448610189827842,1790356276.764498,1764,tx,51562.9,,,1,0,0,1
1448610344731208,1790356276.919400,1919,tx,50887.6,,,1,0,0,1
1448610497299821,1790356277.071969,2071,tx,50790.1,,,1,0,0,1
1448610650453694,1790356277.225122,2225,tx,52635.9,,,1,0,0,1
1448610803394974,1790356277.378065,2378,tx,51735.3,,,1,0,0,1
1448610956651569,1790356277.531321,2531,tx,51692.2,,,1,0,0,1
1448611110272423,1790356277.684941,2684,tx,51860.0,,,1,0,0,1
1448611263652614,1790356277.838322,2838,tx,52095.8,,,1,0,0,1
1448611417309515,1790356277.991978,2991,tx,51889.0,,,1,0,0,1
1448611572897026,1790356278.147567,3147,tx,51537.4,,,1,0,0,1
1448611725424975,1790356278.300095,3300,tx,51641.9,,,1,0,0,1
1448611878968256,1790356278.453638,3453,tx,51552.4,,,1,0,0,1
1448612032326026,1790356278.606995,3606,tx,51950.1,,,1,0,0,1
1448612185060677,1790356278.759730,3759,tx,50608.0,,,1,0,0,1
1448612337319716,1790356278.911989,3911,tx,51943.1,,,1,0,0,1
1448612490428253,1790356279.065098,4065,tx,51839.6,,,1,0,0,1
1448612643043787,1790356279.217714,4217,tx,53179.6,,,1,0,0,1
1448612795309489,1790356279.369979,4369,tx,51851.6,,,1,0,0,1
1448612948225675,1790356279.522895,4522,tx,51875.1,,,1,0,0,1
1448613101623861,1790356279.676293,4676,tx,51799.8,,,1,0,0,1
1448613255078589,1790356279.829747,4829,tx,50760.0,,,1,0,0,1
1448613406921208,1790356279.981591,4981,tx,52522.1,,,1,0,0,1
1448613561352496,1790356280.136022,5136,tx,50802.6,,,1,0,0,1
1448613714039918,1790356280.288708,5288,tx,52242.8,,,1,0,0,1
1448613868121022,1790356280.442790,5442,tx,51027.9,,,1,0,0,1
1448614020954318,1790356280.595624,5595,tx,63135.7,,,1,0,0,1
1448614174942933,1790356280.749613,5749,tx,51588.1,,,1,0,0,1
1448614328093391,1790356280.902762,5902,tx,51092.2,,,1,0,0,1
1448614481196758,1790356281.055866,6055,tx,52024.7,,,1,0,0,1
1448614635019295,1790356281.209670,6209,tx,51795.2,,,1,0,0,1
1448614787548653,1790356281.362218,6362,tx,50574.8,,,1,0,0,1
1448614939394140,1790356281.514063,6514,tx,50727.1,,,1,0,0,1
1448615091739265,1790356281.666408,6666,tx,51834.3,,,1,0,0,1
1448615245350817,1790356281.820019,6820,tx,51986.8,,,1,0,0,1
1448615398365557,1790356281.973035,6973,tx,50700.8,,,1,0,0,1
1448615554445339,1790356282.129114,7129,tx,50778.3,,,1,0,0,1
1448615707083767,1790356282.281752,7281,tx,51088.5,,,1,0,0,1
1448615859918798,1790356282.434587,7434,tx,50771.2,,,1,0,0,1
1448616011555186,1790356282.586225,7586,tx,50531.1,,,1,0,0,1
1448616163401586,1790356282.738070,7738,tx,50825.3,,,1,0,0,1
1448616316091821,1790356282.890761,7890,tx,51114.0,,,1,0,0,1
1448616468918563,1790356283.043587,8043,tx,53694.2,,,1,0,0,1
1448616622047595,1790356283.196717,8196,tx,51536.5,,,1,0,0,1
1448616775396427,1790356283.350065,8350,tx,50771.1,,,1,0,0,1
1448616927839233,1790356283.502508,8502,tx,51832.9,,,1,0,0,1
1448617081733505,1790356283.656402,8656,tx,51778.6,,,1,0,0,1
1448617234718990,1790356283.809389,8809,tx,51523.2,,,1,0,0,1
1448617387689713,1790356283.962358,8962,tx,51830.3,,,1,0,0,1
1448617541048362,1790356284.115717,9115,tx,52281.6,,,1,0,0,1
1448617694940487,1790356284.269609,9269,tx,50764.2,,,1,0,0,1
1448617847377469,1790356284.422046,9422,tx,51899.7,,,1,0,0,1
1448618000393452,1790356284.575063,9575,tx,63082.6,,,1,0,0,1
1448618155390409,1790356284.730059,9730,tx,51783.8,,,1,0,0,1
1448618309097230,1790356284.883766,9883,tx,52015.4,,,1,0,0,1
1448618462632722,1790356285.037302,10037,tx,51799.4,,,1,0,0,1
1448618615664399,1790356285.190333,10190,tx,51477.9,,,1,0,0,1
1448618769334763,1790356285.344004,10344,tx,51826.4,,,1,0,0,1
1448618922626396,1790356285.497296,10497,tx,51699.3,,,1,0,0,1
1448619076709780,1790356285.651378,10651,tx,51815.7,,,1,0,0,1
1448619229810460,1790356285.804481,10804,tx,51424.6,,,1,0,0,1
1448619382086864,1790356285.956756,10956,tx,50689.4,,,1,0,0,1
1448619534063923,1790356286.108732,11108,tx,51175.1,,,1,0,0,1
1448619686376292,1790356286.261045,11261,tx,50816.0,,,1,0,0,1
1448619839080268,1790356286.413749,11413,tx,51767.5,,,1,0,0,1
1448619991833099,1790356286.566503,11566,tx,51394.6,,,1,0,0,1
1448620149402371,1790356286.724071,11724,tx,51776.6,,,1,0,0,1
1448620302724320,1790356286.877393,11877,tx,53890.5,,,1,0,0,1
1448620456402890,1790356287.031072,12031,tx,51804.9,,,1,0,0,1
1448620609452213,1790356287.184122,12184,tx,51686.3,,,1,0,0,1
1448620762439428,1790356287.337107,12337,tx,51922.8,,,1,0,0,1
1448620916047758,1790356287.490717,12490,tx,51798.3,,,1,0,0,1
1448621069165512,1790356287.643834,12643,tx,52017.7,,,1,0,0,1
1448621222108588,1790356287.796778,12796,tx,51553.0,,,1,0,0,1
1448621375480761,1790356287.950150,12950,tx,51748.3,,,1,0,0,1
1448621529187560,1790356288.103856,13103,tx,53234.5,,,1,0,0,1
1448621684088321,1790356288.258757,13258,tx,52136.3,,,1,0,0,1
1448621837156526,1790356288.411826,13411,tx,51511.2,,,1,0,0,1
1448621990043466,1790356288.564712,13564,tx,50841.2,,117685.3,1,0,0,1
1448622143359239,1790356288.718029,13718,idle,51883.2,,,0,0,0,0
1448622296924583,1790356288.871593,13871,idle,51029.9,,,0,0,0,0
1448622464401188,1790356289.039071,14039,idle,569.9,,,0,0,0,0
1448622621973122,1790356289.196643,14196,idle,255.5,,,0,0,0,0
1448622782211668,1790356289.356880,14356,idle,565.2,,,0,0,0,0
1448622941567673,1790356289.516237,14516,idle,582.8,,,0,0,0,0
1448623092129701,1790356289.666798,14666,idle,621.7,,,0,0,0,0
1448623243105078,1790356289.817775,14817,idle,211.7,,,0,0,0,0
1448623402473204,1790356289.977142,14977,idle,10491.4,,,0,0,0,0
1448623559482131,1790356290.134151,134,idle,563.6,,,0,0,0,0
1448623712065508,1790356290.286734,286,idle,2431.5,,,0,0,0,0
1448623871774031,1790356290.446444,446,idle,197.2,,,0,0,0,0
1448624031801166,1790356290.606470,606,idle,670.7,,,0,0,0,0
1448624182856834,1790356290.757526,757,idle,612.3,,,0,0,0,0
1448624338390132,1790356290.913059,913,idle,651.6,,,0,0,0,0
1448624491415644,1790356291.066085,1066,idle,212.3,,,0,0,0,0
1448624644082232,1790356291.218751,1218,idle,548.6,,,0,0,0,0
1448624802504259,1790356291.377173,1377,idle,5968.0,,,0,0,0,0
1448624961905304,1790356291.536573,1536,idle,704.3,,,0,0,0,0
1448625112251462,1790356291.686921,1686,idle,276.2,,,0,0,0,0
1448625271796565,1790356291.846464,1846,idle,637.4,,,0,0,0,0
1448625422325452,1790356291.996994,1996,idle,589.9,,,0,0,0,0
1448625582437836,1790356292.157107,2157,idle,558.3,,,0,0,0,0
1448625739132166,1790356292.313801,2313,idle,582.4,,,0,0,0,0
1448625892415612,1790356292.467086,2467,idle,211.0,,,0,0,0,0
1448626042458101,1790356292.617125,2617,idle,597.2,,,0,0,0,0
1448626202348552,1790356292.777017,2777,idle,7592.8,,,0,0,0,0
1448626361648839,1790356292.936318,2936,idle,592.6,,,0,0,0,0
1448626521230266,1790356293.095900,3095,idle,155.0,,,0,0,0,0
1448626672301110,1790356293.246970,3246,idle,531.0,,,0,0,0,0
1448626822518514,1790356293.397187,3397,idle,576.4,,,0,0,0,0
1448626981952803,1790356293.556622,3556,idle,598.5,,,0,0,0,0
1448627132441651,1790356293.707111,3707,idle,192.5,,,0,0,0,0
1448627292120915,1790356293.866790,3866,idle,638.4,,,0,0,0,0
1448627449147285,1790356294.023816,4023,idle,656.3,,,0,0,0,0
1448627601250585,1790356294.175920,4175,idle,8073.6,,,0,0,0,0
1448627752341551,1790356294.327011,4327,idle,397.4,,,0,0,0,0
1448627912013064,1790356294.486683,4486,idle,289.3,,,0,0,0,0
1448628065263690,1790356294.639933,4639,idle,686.0,,,0,0,0,0
1448628221644501,1790356294.796312,4796,idle,651.8,,,0,0,0,0
1448628372143287,1790356294.946812,4946,idle,713.2,,,0,0,0,0
1448628531834768,1790356295.106505,5106,idle,205.9,,,0,0,0,0
1448628682211701,1790356295.256880,5256,idle,556.9,,,0,0,0,0
1448628838661667,1790356295.413330,5413,idle,570.7,,,0,0,0,0
1448628992271030,1790356295.566940,5566,idle,381.2,,,0,0,0,0
1448629147215283,1790356295.721885,5721,idle,212.4,,,0,0,0,0
1448629301946664,1790356295.876616,5876,idle,4130.1,,,0,0,0,0
1448629452280235,1790356296.026949,6026,idle,502.1,,,0,0,0,0
1448629602563059,1790356296.177232,6177,idle,6408.2,,,0,0,0,0
1448629761935781,1790356296.336605,6336,idle,486.0,,,0,0,0,0
1448629921569737,1790356296.496239,6496,idle,557.7,,,0,0,0,0
1448630072321292,1790356296.646990,6646,idle,607.7,,,0,0,0,0
1448630231923405,1790356296.806592,6806,idle,624.0,,,0,0,0,0
1448630382458209,1790356296.957127,6957,idle,506.3,,,0,0,0,0
1448630538958203,1790356297.113628,7113,idle,233.1,,,0,0,0,0
1448630691854846,1790356297.266523,7266,idle,672.7,,,0,0,0,0
1448630849173009,1790356297.423842,7423,idle,584.8,,,0,0,0,0
1448631001367119,1790356297.576036,7576,idle,12119.9,,,0,0,0,0
1448631151473611,1790356297.726144,7726,idle,208.0,,,0,0,0,0
1448631302389410,1790356297.877058,7877,idle,6334.4,,,0,0,0,0
1448631462060594,1790356298.036729,8036,idle,558.6,,,0,0,0,0
1448631612178090,1790356298.186847,8186,idle,1515.1,,,0,0,0,0
1448631762470615,1790356298.337140,8337,idle,596.1,,,0,0,0,0
1448631922029475,1790356298.496699,8496,idle,253.9,,,0,0,0,0
1448632072806669,1790356298.647475,8647,idle,626.6,,,0,0,0,0
1448632232365752,1790356298.807034,8807,idle,615.5,,,0,0,0,0
1448632391961160,1790356298.966628,8966,idle,682.7,,,0,0,0,0
1448632543229031,1790356299.117899,9117,idle,202.0,,,0,0,0,0
1448632702035454,1790356299.276704,9276,idle,3531.0,,,0,0,0,0
1448632852143723,1790356299.426811,9426,idle,633.8,,,0,0,0,0
1448633002268265,1790356299.576937,9576,idle,7439.7,,,0,0,0,0
1448633161882085,1790356299.736552,9736,idle,197.1,,,0,0,0,0
1448633312574425,1790356299.887244,9887,idle,548.9,,,0,0,0,0
1448633472207030,1790356300.046875,10046,idle,579.8,,,0,0,0,0
1448633622274812,1790356300.196944,10196,idle,464.4,,,0,0,0,0
1448633781319523,1790356300.355989,10355,idle,228.0,,,0,0,0,0
1448633933086576,1790356300.507756,10507,idle,283.1,,,0,0,0,0
1448634092446155,1790356300.667114,10667,idle,654.2,,,0,0,0,0
1448634252129844,1790356300.826799,10826,idle,560.3,,,0,0,0,0
1448634402603544,1790356300.977272,10977,idle,6682.7,,,0,0,0,0
1448634561724950,1790356301.136395,11136,idle,206.8,,,0,0,0,0
1448634712771364,1790356301.287440,11287,idle,644.0,,,0,0,0,0
1448634872438585,1790356301.447107,11447,idle,614.9,,,0,0,0,0
1448635031746899,1790356301.606416,11606,idle,613.5,,,0,0,0,0
1448635191423799,1790356301.766093,11766,idle,203.8,,,0,0,0,0
1448635349112583,1790356301.923782,11923,decode,344.4,,,0,0,1,0
1448635501631341,1790356302.076300,12076,idle,17613.5,,,0,0,0,0
1448635652399497,1790356302.227068,12227,idle,643.7,,,0,0,0,0
1448635811803787,1790356302.386474,12386,idle,219.3,,,0,0,0,0
1448635971632523,1790356302.546301,12546,idle,639.4,,,0,0,0,0
1448636131781803,1790356302.706451,12706,idle,631.1,,,0,0,0,0
1448636282323160,1790356302.856991,12856,idle,604.8,,,0,0,0,0
1448636438575970,1790356303.013245,13013,idle,579.6,,,0,0,0,0
1448636589635996,1790356303.164306,13164,idle,208.3,,,0,0,0,0
1448636740880125,1790356303.315548,13315,idle,563.0,,,0,0,0,0
1448636900756633,1790356303.475425,13475,idle,7300.7,,,0,0,0,0
1448637055525248,1790356303.630195,13630,idle,258.2,,,0,0,0,0
1448637209931060,1790356303.784601,13784,idle,211.4,,,0,0,0,0
1448637361218628,1790356303.935887,13935,idle,575.1,,,0,0,0,0
1448637521093412,1790356304.095762,14095,idle,515.4,,,0,0,0,0
1448637680244905,1790356304.254914,14254,idle,429.4,,,0,0,0,0
1448637839606162,1790356304.414276,14414,decode,223.1,,,0,0,1,0
1448637994224808,1790356304.568894,14568,idle,218.5,,,0,0,0,0
1448638151820265,1790356304.726489,14726,idle,665.1,,,0,0,0,0
1448638311288621,1790356304.885958,14885,idle,498.3,,,0,0,0,0
1448638463237840,1790356305.037907,37,idle,236.1,,,0,0,0,0
1448638641918601,1790356305.216588,216,tx,50833.7,,,1,0,0,1
1448638794237195,1790356305.368906,368,tx,51802.8,,,1,0,0,1
1448638947212308,1790356305.521882,521,tx,51767.2,,,1,0,0,1
1448639100601102,1790356305.675271,675,tx,51721.5,,,1,0,0,1
1448639253535023,1790356305.828205,828,tx,51755.2,,,1,0,0,1
1448639407239194,1790356305.981908,981,tx,50786.3,,,1,0,0,1
1448639560142112,1790356306.134811,1134,tx,51900.9,,,1,0,0,1
1448639713400272,1790356306.288069,1288,tx,54475.4,,,1,0,0,1
1448639866205874,1790356306.440876,1440,tx,50588.4,,,1,0,0,1
1448640018433293,1790356306.593102,1593,tx,51938.2,,,1,0,0,1
1448640172209866,1790356306.746878,1746,tx,51924.2,,,1,0,0,1
1448640325660348,1790356306.900329,1900,tx,51779.1,,,1,0,0,1
1448640478695052,1790356307.053365,2053,tx,50637.6,,,1,0,0,1
1448640631347724,1790356307.206017,2206,tx,52028.9,,,1,0,0,1
1448640785245523,1790356307.359915,2359,tx,50693.3,,,1,0,0,1
1448640937705772,1790356307.512374,2512,tx,50912.4,,,1,0,0,1
1448641089827804,1790356307.664498,2664,tx,51556.7,,,1,0,0,1
1448641245167347,1790356307.819836,2819,tx,50981.7,,,1,0,0,1
1448641397840031,1790356307.972509,2972,tx,51771.6,,,1,0,0,1
1448641553524986,1790356308.128193,3128,tx,51918.7,,,1,0,0,1
1448641706660660,1790356308.281330,3281,tx,51596.7,,,1,0,0,1
1448641859630158,1790356308.434299,3434,tx,51824.5,,,1,0,0,1
1448642012867798,1790356308.587538,3587,tx,66629.5,,,1,0,0,1
1448642171243272,1790356308.745912,3745,tx,51810.6,,,1,0,0,1
1448642324423667,1790356308.899093,3899,tx,51557.5,,,1,0,0,1
1448642477120994,1790356309.051790,4051,tx,51501.5,,,1,0,0,1
1448642630145570,1790356309.204814,4204,tx,50870.9,,,1,0,0,1
1448642782170684,1790356309.356839,4356,tx,50819.4,,,1,0,0,1
1448642934483373,1790356309.509152,4509,tx,52026.5,,,1,0,0,1
1448643087809457,1790356309.662479,4662,tx,51614.0,,,1,0,0,1
1448643241384560,1790356309.816053,4816,tx,51984.6,,,1,0,0,1
1448643395276120,1790356309.969945,4969,tx,52273.9,,,1,0,0,1
1448643551150824,1790356310.125818,5125,tx,55193.1,,,1,0,0,1
1448643703822796,1790356310.278493,5278,tx,51571.0,,,1,0,0,1
1448643857359174,1790356310.432028,5432,tx,52083.2,,,1,0,0,1
1448644011163522,1790356310.585832,5585,tx,53241.0,,,1,0,0,1
1448644166717531,1790356310.741386,5741,tx,51854.6,,,1,0,0,1
1448644319736540,1790356310.894406,5894,tx,51706.9,,,1,0,0,1
1448644473243002,1790356311.047911,6047,tx,50902.2,,,1,0,0,1
1448644626199007,1790356311.200868,6200,tx,51885.6,,,1,0,0,1
1448644779946169,1790356311.354615,6354,tx,50785.4,,,1,0,0,1
1448644932179511,1790356311.506850,6506,tx,51493.7,,,1,0,0,1
1448645085820395,1790356311.660488,6660,tx,51012.0,,,1,0,0,1
1448645238061979,1790356311.812732,6812,tx,51538.0,,,1,0,0,1
1448645390666194,1790356311.965336,6965,tx,51715.0,,,1,0,0,1
1448645542879846,1790356312.117549,7117,tx,51583.8,,,1,0,0,1
1448645696299356,1790356312.270968,7270,tx,50757.1,,,1,0,0,1
1448645848593246,1790356312.423262,7423,tx,51927.2,,,1,0,0,1
1448646001991767,1790356312.576660,7576,tx,81505.3,,,1,0,0,1
1448646154843658,1790356312.729513,7729,tx,51703.0,,,1,0,0,1
1448646307878395,1790356312.882549,7882,tx,51472.9,,,1,0,0,1
1448646460863554,1790356313.035532,8035,tx,51850.9,,,1,0,0,1
1448646614639825,1790356313.189309,8189,tx,51766.8,,,1,0,0,1
1448646768409480,1790356313.343078,8343,tx,51053.5,,,1,0,0,1
1448646920225683,1790356313.494895,8494,tx,50596.7,,,1,0,0,1
1448647072503282,1790356313.647171,8647,tx,51984.4,,,1,0,0,1
1448647226365201,1790356313.801034,8801,tx,51793.3,,,1,0,0,1
1448647379745455,1790356313.954414,8954,tx,54679.9,,,1,0,0,1
1448647532747776,1790356314.107418,9107,tx,51733.1,,,1,0,0,1
1448647686417328,1790356314.261086,9261,tx,52256.1,,,1,0,0,1
1448647840294545,1790356314.414963,9414,tx,50830.8,,,1,0,0,1
1448647992544962,1790356314.567214,9567,tx,50957.8,,,1,0,0,1
1448648144822937,1790356314.719493,9719,tx,51660.0,,,1,0,0,1
1448648298082015,1790356314.872752,9872,tx,50616.2,,,1,0,0,1
1448648450375849,1790356315.025045,10025,tx,54678.4,,,1,0,0,1
1448648604578356,1790356315.179247,10179,tx,51854.8,,,1,0,0,1
1448648757838199,1790356315.332508,10332,tx,51595.6,,,1,0,0,1
1448648911175600,1790356315.485844,10485,tx,50945.3,,,1,0,0,1
1448649061280540,1790356315.635949,10635,tx,50902.9,,,1,0,0,1
1448649213658662,1790356315.788327,10788,tx,51850.0,,,1,0,0,1
1448649367296521,1790356315.941966,10941,tx,50753.7,,,1,0,0,1
1448649518875601,1790356316.093545,11093,tx,51536.5,,,1,0,0,1
1448649672547318,1790356316.247216,11247,tx,51943.5,,,1,0,0,1
1448649826287950,1790356316.400957,11400,tx,51759.5,,,1,0,0,1
1448649979548197,1790356316.554217,11554,tx,52041.2,,,1,0,0,1
1448650132893432,1790356316.707563,11707,tx,50636.9,,,1,0,0,1
1448650285282750,1790356316.859951,11859,tx,52246.3,,,1,0,0,1
1448650439610447,1790356317.014279,12014,tx,51891.3,,,1,0,0,1
1448650593890154,1790356317.168559,12168,tx,51857.3,,,1,0,0,1
1448650746823049,1790356317.321493,12321,tx,50678.5,,,1,0,0,1
1448650899249826,1790356317.473919,12473,tx,51787.0,,,1,0,0,1
1448651053813399,1790356317.628481,12628,tx,51749.6,,,1,0,0,1
1448651207411241,1790356317.782080,12782,tx,54633.8,,,1,0,0,1
1448651360713651,1790356317.935384,12935,tx,51730.9,,,1,0,0,1
1448651514164234,1790356318.088833,13088,tx,66955.9,,,1,0,0,1
1448651672657263,1790356318.247326,13247,tx,50888.4,,,1,0,0,1
1448651825414290,1790356318.400083,13400,tx,52046.1,,,1,0,0,1
1448651978360270,1790356318.553030,13553,tx,51530.2,,133404.6,1,0,0,1
1448652132138468,1790356318.706807,13706,idle,51828.2,,,0,0,0,0
1448652285594968,1790356318.860263,13860,idle,51873.5,,,0,0,0,0
1448652458716466,1790356319.033386,14033,idle,1580.8,,,0,0,0,0
1448652611163517,1790356319.185833,14185,idle,182.9,,,0,0,0,0
1448652770854470,1790356319.345524,14345,idle,280.1,,,0,0,0,0
1448652920966134,1790356319.495635,14495,idle,630.9,,,0,0,0,0
1448653072564329,1790356319.647233,14647,idle,567.3,,,0,0,0,0
1448653223727457,1790356319.798397,14798,idle,340.6,,,0,0,0,0
1448653383400578,1790356319.958070,14958,idle,304.6,,,0,0,0,0
1448653533503037,1790356320.108172,108,idle,752.2,,,0,0,0,0
1448653693136435,1790356320.267805,267,idle,566.8,,,0,0,0,0
1448653843372363,1790356320.418041,418,idle,540.3,,,0,0,0,0
1448654002988731,1790356320.577658,577,idle,1619.2,,,0,0,0,0
1448654153254184,1790356320.727923,727,idle,593.1,,,0,0,0,0
1448654303585960,1790356320.878254,878,idle,12245.0,,,0,0,0,0
1448654463378018,1790356321.038045,1038,idle,730.3,,,0,0,0,0
1448654622829516,1790356321.197499,1197,idle,193.2,,,0,0,0,0
1448654773622077,1790356321.348290,1348,idle,598.2,,,0,0,0,0
1448654933249589,1790356321.507917,1507,idle,669.8,,,0,0,0,0
1448655093078533,1790356321.667747,1667,idle,521.5,,,0,0,0,0
1448655252985117,1790356321.827655,1827,idle,174.5,,,0,0,0,0
1448655403447907,1790356321.978117,1978,idle,2901.4,,,0,0,0,0
1448655557590998,1790356322.132260,2132,idle,571.0,,,0,0,0,0
1448655712943193,1790356322.287612,2287,idle,564.4,,,0,0,0,0
1448655863291953,1790356322.437959,2437,idle,581.6,,,0,0,0,0
1448656023176013,1790356322.597844,2597,idle,6749.9,,,0,0,0,0
1448656183379581,1790356322.758048,2758,idle,610.8,,,0,0,0,0
1448656343449462,1790356322.918118,2918,idle,657.3,,,0,0,0,0
1448656503430008,1790356323.078099,3078,idle,14328.5,,,0,0,0,0
1448656662356701,1790356323.237026,3237,idle,213.1,,,0,0,0,0
1448656813567183,1790356323.388236,3388,idle,594.2,,,0,0,0,0
1448656972796379,1790356323.547466,3547,idle,402.0,,,0,0,0,0
1448657122869542,1790356323.697539,3697,idle,608.3,,,0,0,0,0
1448657272934248,1790356323.847604,3847,idle,197.1,,,0,0,0,0
1448657423525704,1790356323.998194,3998,idle,583.2,,,0,0,0,0
1448657582458062,1790356324.157127,4157,idle,645.6,,,0,0,0,0
1448657733120593,1790356324.307790,4307,idle,548.2,,,0,0,0,0
1448657892720549,1790356324.467391,4467,idle,194.3,,,0,0,0,0
1448658043623553,1790356324.618293,4618,idle,623.7,,,0,0,0,0
1448658203393951,1790356324.778063,4778,idle,8325.6,,,0,0,0,0
1448658353703355,1790356324.928372,4928,idle,601.3,,,0,0,0,0
1448658513073383,1790356325.087743,5087,idle,1405.0,,,0,0,0,0
1448658672531541,1790356325.247200,5247,idle,559.6,,,0,0,0,0
1448658823176913,1790356325.397846,5397,idle,593.7,,,0,0,0,0
1448658973467238,1790356325.548137,5548,idle,410.4,,,0,0,0,0
1448659133442815,1790356325.708112,5708,idle,609.1,,,0,0,0,0
1448659292954338,1790356325.867625,5867,idle,223.6,,,0,0,0,0
1448659443151411,1790356326.017820,6017,idle,603.6,,,0,0,0,0
1448659593513814,1790356326.168183,6168,idle,633.9,,,0,0,0,0
1448659752971487,1790356326.327640,6327,idle,2141.4,,,0,0,0,0
1448659912627521,1790356326.487297,6487,idle,246.6,,,0,0,0,0
1448660063650578,1790356326.638319,6638,idle,596.5,,,0,0,0,0
1448660223236181,1790356326.797905,6797,idle,589.2,,,0,0,0,0
1448660373969244,1790356326.948638,6948,idle,616.0,,,0,0,0,0
1448660533045682,1790356327.107715,7107,idle,223.7,,,0,0,0,0
1448660692613370,1790356327.267282,7267,idle,638.0,,,0,0,0,0
1448660843088768,1790356327.417757,7417,idle,501.0,,,0,0,0,0
1448660993396107,1790356327.568066,7568,idle,341.3,,,0,0,0,0
1448661152812510,1790356327.727482,7727,idle,241.3,,,0,0,0,0
1448661303104099,1790356327.877774,7877,idle,204.4,,,0,0,0,0
1448661453403645,1790356328.028072,8028,idle,708.0,,,0,0,0,0
1448661613381652,1790356328.188051,8188,idle,676.8,,,0,0,0,0
1448661772995917,1790356328.347665,8347,idle,609.7,,,0,0,0,0
1448661932645355,1790356328.507315,8507,idle,194.8,,,0,0,0,0
1448662083930685,1790356328.658600,8658,idle,576.3,,,0,0,0,0
1448662243466893,1790356328.818135,8818,idle,701.5,,,0,0,0,0
1448662403553904,1790356328.978223,8978,idle,5287.9,,,0,0,0,0
1448662563225507,1790356329.137895,9137,idle,222.0,,,0,0,0,0
1448662713442265,1790356329.288111,9288,idle,714.9,,,0,0,0,0
1448662872757219,1790356329.447427,9447,idle,228.7,,,0,0,0,0
1448663023812209,1790356329.598481,9598,idle,630.7,,,0,0,0,0
1448663183018665,1790356329.757689,9757,idle,242.2,,,0,0,0,0
1448663342472218,1790356329.917141,9917,idle,612.5,,,0,0,0,0
1448663502525295,1790356330.077195,10077,idle,27404.2,,,0,0,0,0
1448663652671069,1790356330.227340,10227,idle,650.1,,,0,0,0,0
1448663802883693,1790356330.377553,10377,idle,7465.1,,,0,0,0,0
1448663962437022,1790356330.537106,10537,idle,676.9,,,0,0,0,0
1448664113374889,1790356330.688044,10688,idle,761.1,,,0,0,0,0
1448664272752664,1790356330.847421,10847,idle,499.9,,,0,0,0,0
1448664422812755,1790356330.997482,10997,idle,605.1,,,0,0,0,0
1448664582747229,1790356331.157417,11157,idle,210.1,,,0,0,0,0
1448664733182268,1790356331.307851,11307,idle,783.3,,,0,0,0,0
1448664883338967,1790356331.458008,11458,idle,633.6,,,0,0,0,0
1448665043125979,1790356331.617795,11617,idle,635.9,,,0,0,0,0
1448665203118867,1790356331.777789,11777,idle,164.6,,,0,0,0,0
1448665355513060,1790356331.930183,11930,decode,175.1,,,0,0,1,0
1448665513466530,1790356332.088135,12088,idle,8602.9,,,0,0,0,0
1448665673402302,1790356332.248071,12248,idle,659.7,,,0,0,0,0
1448665832692951,1790356332.407363,12407,idle,217.3,,,0,0,0,0
1448665982703843,1790356332.557374,12557,idle,263.2,,,0,0,0,0
1448666133540044,1790356332.708209,12708,idle,579.2,,,0,0,0,0
1448666283749658,1790356332.858418,12858,idle,591.5,,,0,0,0,0
1448666443340669,1790356333.018009,13018,idle,559.3,,,0,0,0,0
1448666603201874,1790356333.177872,13177,idle,830.9,,,0,0,0,0
1448666753317396,1790356333.327986,13327,idle,566.9,,,0,0,0,0
1448666903728239,1790356333.478397,13478,idle,5891.0,,,0,0,0,0
1448667057245787,1790356333.631916,13631,idle,197.8,,,0,0,0,0
1448667212570761,1790356333.787241,13787,idle,184.9,,,0,0,0,0
1448667363391664,1790356333.938060,13938,idle,595.4,,,0,0,0,0
1448667513545658,1790356334.088215,14088,idle,5953.1,,,0,0,0,0
1448667672820633,1790356334.247486,14247,idle,596.7,,,0,0,0,0
1448667829220568,1790356334.403890,14403,decode,2045.2,,,0,0,1,0
1448667982913631,1790356334.557584,14557,idle,181.9,,,0,0,0,0
1448668133164051,1790356334.707833,14707,idle,605.1,,,0,0,0,0
1448668283309748,1790356334.857979,14857,idle,536.0,,,0,0,0,0
1448668433804153,1790356335.008473,8,idle,593.6,,,0,0,0,0
1448668626065057,1790356335.200735,200,tx,51552.5,,,1,0,0,1
1448668779780606,1790356335.354450,354,tx,51918.2,,,1,0,0,1
1448668933185563,1790356335.507855,507,tx,50682.5,,,1,0,0,1
1448669085492547,1790356335.660160,660,tx,51835.7,,,1,0,0,1
1448669238206132,1790356335.812876,812,tx,51502.6,,,1,0,0,1
1448669391724096,1790356335.966392,966,tx,51044.7,,,1,0,0,1
1448669551550672,1790356336.126220,1126,tx,51628.6,,,1,0,0,1
1448669704506936,1790356336.279176,1279,tx,51860.6,,,1,0,0,1
1448669857967989,1790356336.432638,1432,tx,51993.3,,,1,0,0,1
1448670011845228,1790356336.586515,1586,tx,55569.5,,,1,0,0,1
1448670161973909,1790356336.736643,1736,tx,53120.8,,,1,0,0,1
1448670319090747,1790356336.893760,1893,tx,52176.1,,,1,0,0,1
1448670474191951,1790356337.048861,2048,tx,54285.3,,,1,0,0,1
1448670630724231,1790356337.205393,2205,tx,58671.6,,,1,0,0,1
1448670785249843,1790356337.359919,2359,tx,52431.0,,,1,0,0,1
1448670941163644,1790356337.515833,2515,tx,56067.4,,,1,0,0,1
1448671097927813,1790356337.672597,2672,tx,51700.8,,,1,0,0,1
1448671251036211,1790356337.825706,2825,tx,51983.1,,,1,0,0,1
1448671404273002,1790356337.978942,2978,tx,51819.4,,,1,0,0,1
1448671557371589,1790356338.132040,3132,tx,51798.0,,,1,0,0,1
1448671710690539,1790356338.285359,3285,tx,50970.1,,,1,0,0,1
1448671862346671,1790356338.437016,3437,tx,51424.3,,,1,0,0,1
1448672015312231,1790356338.589981,3589,tx,66738.7,,,1,0,0,1
1448672173030513,1790356338.747700,3747,tx,51728.4,,,1,0,0,1
1448672326447813,1790356338.901116,3901,tx,51810.7,,,1,0,0,1
1448672479042244,1790356339.053712,4053,tx,50580.0,,,1,0,0,1
1448672631520513,1790356339.206190,4206,tx,51679.8,,,1,0,0,1
1448672784856716,1790356339.359526,4359,tx,51854.6,,,1,0,0,1
1448672938341579,1790356339.513011,4513,tx,50682.8,,,1,0,0,1
1448673090123002,1790356339.664793,4664,tx,51563.5,,,1,0,0,1
1448673243574711,1790356339.818243,4818,tx,51124.7,,,1,0,0,1
1448673396466097,1790356339.971134,4971,tx,51273.2,,,1,0,0,1
1448673551571039,1790356340.126240,5126,tx,51708.7,,,1,0,0,1
1448673704356839,1790356340.279025,5279,tx,50794.5,,,1,0,0,1
1448673856145031,1790356340.430815,5430,tx,51663.7,,,1,0,0,1
1448674009436292,1790356340.584105,5584,tx,56399.8,,,1,0,0,1
1448674167484142,1790356340.742152,5742,tx,50811.3,,,1,0,0,1
1448674319971859,1790356340.894641,5894,tx,51808.1,,,1,0,0,1
1448674473076418,1790356341.047746,6047,tx,54718.0,,,1,0,0,1
1448674626743056,1790356341.201412,6201,tx,51061.2,,,1,0,0,1
1448674779462178,1790356341.354131,6354,tx,51809.0,,,1,0,0,1
1448674932746225,1790356341.507415,6507,tx,52058.9,,,1,0,0,1
1448675086012431,1790356341.660682,6660,tx,51685.1,,,1,0,0,1
1448675238672381,1790356341.813341,6813,tx,52038.9,,,1,0,0,1
1448675392518673,1790356341.967187,6967,tx,50762.5,,,1,0,0,1
1448675543322047,1790356342.117991,7117,tx,51902.4,,,1,0,0,1
1448675696021957,1790356342.270692,7270,tx,51675.2,,,1,0,0,1
1448675848989413,1790356342.423657,7423,tx,53375.3,,,1,0,0,1
1448676002297157,1790356342.576966,7576,tx,81435.2,,,1,0,0,1
1448676155143834,1790356342.729813,7729,tx,50836.3,,,1,0,0,1
1448676307072942,1790356342.881743,7881,tx,51586.0,,,1,0,0,1
1448676459758089,1790356343.034427,8034,tx,50955.9,,,1,0,0,1
1448676612437496,1790356343.187107,8187,tx,50884.2,,,1,0,0,1
1448676764533053,1790356343.339202,8339,tx,50755.4,,,1,0,0,1
1448676916131486,1790356343.490801,8490,tx,51618.0,,,1,0,0,1
1448677068735787,1790356343.643405,8643,tx,51043.9,,,1,0,0,1
1448677221480441,1790356343.796149,8796,tx,51261.7,,,1,0,0,1
1448677374460083,1790356343.949129,8949,tx,51850.2,,,1,0,0,1
1448677528142739,1790356344.102812,9102,tx,53986.9,,,1,0,0,1
1448677683038043,1790356344.257708,9257,tx,50661.4,,,1,0,0,1
1448677835404317,1790356344.410072,9410,tx,50824.7,,,1,0,0,1
1448677987303717,1790356344.561973,9561,tx,51508.3,,,1,0,0,1
1448678140182050,1790356344.714852,9714,tx,51566.2,,,1,0,0,1
1448678292490842,1790356344.867161,9867,tx,54301.4,,,1,0,0,1
1448678445414442,1790356345.020083,10020,tx,51811.3,,,1,0,0,1
1448678598954136,1790356345.173623,10173,tx,50753.6,,,1,0,0,1
1448678751529044,1790356345.326198,10326,tx,51795.0,,,1,0,0,1
1448678904220801,1790356345.478891,10478,tx,51449.6,,,1,0,0,1
1448679060794314,1790356345.635463,10635,tx,51004.2,,,1,0,0,1
1448679213415394,1790356345.788084,10788,tx,51865.3,,,1,0,0,1
1448679366722406,1790356345.941391,10941,tx,52064.1,,,1,0,0,1
1448679519666485,1790356346.094336,11094,tx,50530.7,,,1,0,0,1
1448679671719968,1790356346.246389,11246,tx,52075.7,,,1,0,0,1
1448679825271670,1790356346.399941,11399,tx,50754.0,,,1,0,0,1
1448679977289289,1790356346.551958,11551,tx,50709.3,,,1,0,0,1
1448680129406856,1790356346.704077,11704,tx,51525.9,,,1,0,0,1
1448680282283181,1790356346.856951,11856,tx,50805.3,,,1,0,0,1
1448680434590415,1790356347.009259,12009,tx,51727.2,,,1,0,0,1
1448680587944703,1790356347.162613,12162,tx,50887.1,,,1,0,0,1
1448680740721166,1790356347.315391,12315,tx,51551.8,,,1,0,0,1
1448680893366175,1790356347.468036,12468,tx,51738.0,,,1,0,0,1
1448681043731113,1790356347.618399,12618,tx,51043.7,,,1,0,0,1
1448681196397385,1790356347.771066,12771,tx,50827.2,,,1,0,0,1
1448681348585785,1790356347.923254,12923,tx,52231.3,,,1,0,0,1
1448681501971970,1790356348.076642,13076,tx,78730.7,,,1,0,0,1
1448681661990990,1790356348.236660,13236,tx,51801.9,,,1,0,0,1
1448681815524801,1790356348.390194,13390,tx,51842.3,,,1,0,0,1
1448681968703027,1790356348.543372,13543,tx,51692.3,,134156.3,1,0,0,1
1448682123069373,1790356348.697739,13697,idle,54317.3,,,0,0,0,0
1448682275172296,1790356348.849841,13849,idle,50784.2,,,0,0,0,0
1448682446806029,1790356349.021475,14021,idle,1889.5,,,0,0,0,0
1448682599794110,1790356349.174463,14174,idle,632.0,,,0,0,0,0
1448682759392264,1790356349.334062,14334,idle,228.6,,,0,0,0,0
1448682910245042,1790356349.484914,14484,idle,500.7,,,0,0,0,0
1448683061044408,1790356349.635714,14635,idle,265.8,,,0,0,0,0
1448683220193809,1790356349.794863,14794,idle,548.3,,,0,0,0,0
1448683372799039,1790356349.947469,14947,idle,229.3,,,0,0,0,0
1448683529383021,1790356350.104053,104,idle,295.4,,,0,0,0,0
1448683679642482,1790356350.254311,254,idle,654.4,,,0,0,0,0
1448683830050903,1790356350.404719,404,idle,583.2,,,0,0,0,0
1448683980249267,1790356350.554918,554,idle,445.2,,,0,0,0,0
1448684139319735,1790356350.713990,713,idle,197.9,,,0,0,0,0
1448684290392504,1790356350.865061,865,idle,559.9,,,0,0,0,0
1448684450191544,1790356351.024860,1024,idle,614.9,,,0,0,0,0
1448684600279267,1790356351.174948,1174,idle,571.4,,,0,0,0,0
1448684759859122,1790356351.334529,1334,idle,241.7,,,0,0,0,0
1448684911212383,1790356351.485882,1485,idle,619.4,,,0,0,0,0
1448685070313115,1790356351.644982,1644,idle,617.7,,,0,0,0,0
1448685230085867,1790356351.804755,1804,idle,694.4,,,0,0,0,0
1448685389385971,1790356351.964056,1964,idle,208.3,,,0,0,0,0
1448685540134441,1790356352.114803,2114,idle,700.0,,,0,0,0,0
1448685700275637,1790356352.274944,2274,idle,7752.3,,,0,0,0,0
1448685860089919,1790356352.434759,2434,idle,542.7,,,0,0,0,0
1448686020131461,1790356352.594801,2594,idle,9777.1,,,0,0,0,0
1448686179942252,1790356352.754612,2754,idle,302.7,,,0,0,0,0
1448686330104405,1790356352.904773,2904,idle,640.2,,,0,0,0,0
1448686480424868,1790356353.055093,3055,idle,568.3,,,0,0,0,0
1448686640324543,1790356353.214993,3214,idle,594.4,,,0,0,0,0
1448686799810191,1790356353.374480,3374,idle,211.2,,,0,0,0,0
1448686949877364,1790356353.524546,3524,idle,569.1,,,0,0,0,0
1448687109810487,1790356353.684478,3684,idle,1034.1,,,0,0,0,0
1448687260655071,1790356353.835324,3835,idle,636.0,,,0,0,0,0
1448687419297015,1790356353.993967,3993,idle,205.3,,,0,0,0,0
1448687571672654,1790356354.146341,4146,idle,620.8,,,0,0,0,0
1448687730545597,1790356354.305214,4305,idle,685.8,,,0,0,0,0
1448687890277623,1790356354.464946,4464,idle,612.2,,,0,0,0,0
1448688049079773,1790356354.623750,4623,idle,224.1,,,0,0,0,0
1448688199744679,1790356354.774414,4774,idle,582.7,,,0,0,0,0
1448688350132445,1790356354.924800,4924,idle,585.9,,,0,0,0,0
1448688509692453,1790356355.084362,5084,idle,7226.1,,,0,0,0,0
1448688659971462,1790356355.234641,5234,idle,234.0,,,0,0,0,0
1448688819370828,1790356355.394040,5394,idle,416.4,,,0,0,0,0
1448688969576853,1790356355.544246,5544,idle,528.6,,,0,0,0,0
1448689120140618,1790356355.694809,5694,idle,577.2,,,0,0,0,0
1448689270483047,1790356355.845150,5845,idle,653.5,,,0,0,0,0
1448689429133879,1790356356.003804,6003,idle,219.0,,,0,0,0,0
1448689580440549,1790356356.155109,6155,idle,505.9,,,0,0,0,0
1448689740122701,1790356356.314791,6314,idle,517.2,,,0,0,0,0
1448689890600997,1790356356.465270,6465,idle,641.1,,,0,0,0,0
1448690049240144,1790356356.623910,6623,idle,208.1,,,0,0,0,0
1448690200399035,1790356356.775068,6775,idle,485.4,,,0,0,0,0
1448690359961177,1790356356.934630,6934,idle,486.9,,,0,0,0,0
1448690510122564,1790356357.084791,7084,idle,20485.0,,,0,0,0,0
1448690669644728,1790356357.244314,7244,idle,264.3,,,0,0,0,0
1448690819856550,1790356357.394526,7394,idle,507.7,,,0,0,0,0
1448690969934824,1790356357.544604,7544,idle,494.9,,,0,0,0,0
1448691120198561,1790356357.694867,7694,idle,568.9,,,0,0,0,0
1448691279648766,1790356357.854318,7854,idle,546.5,,,0,0,0,0
1448691430353514,1790356358.005023,8005,idle,237.3,,,0,0,0,0
1448691580440343,1790356358.155109,8155,idle,542.8,,,0,0,0,0
1448691739970999,1790356358.314640,8314,idle,545.0,,,0,0,0,0
1448691890458319,1790356358.465127,8465,idle,626.7,,,0,0,0,0
1448692049225869,1790356358.623896,8623,idle,236.3,,,0,0,0,0
1448692200318500,1790356358.774987,8774,idle,556.1,,,0,0,0,0
1448692359840466,1790356358.934509,8934,idle,585.8,,,0,0,0,0
1448692510266406,1790356359.084935,9084,idle,6939.9,,,0,0,0,0
1448692662738305,1790356359.237407,9237,idle,274.2,,,0,0,0,0
1448692819433120,1790356359.394102,9394,idle,797.4,,,0,0,0,0
1448692969799582,1790356359.544469,9544,idle,377.2,,,0,0,0,0
1448693120028192,1790356359.694697,9694,idle,317.6,,,0,0,0,0
1448693270032020,1790356359.844702,9844,idle,406.6,,,0,0,0,0
1448693429314447,1790356360.003984,10003,idle,281.5,,,0,0,0,0
1448693581950872,1790356360.156617,10156,idle,721.5,,,0,0,0,0
1448693740840068,1790356360.315509,10315,idle,565.3,,,0,0,0,0
1448693900305960,1790356360.474974,10474,idle,595.7,,,0,0,0,0
1448694059720930,1790356360.634391,10634,idle,171.1,,,0,0,0,0
1448694209950879,1790356360.784619,10784,idle,487.9,,,0,0,0,0
1448694360488820,1790356360.935158,10935,idle,567.5,,,0,0,0,0
1448694519801536,1790356361.094471,11094,idle,552.6,,,0,0,0,0
1448694679516293,1790356361.254186,11254,idle,217.9,,,0,0,0,0
1448694830327402,1790356361.404996,11404,idle,567.8,,,0,0,0,0
1448694990216818,1790356361.564885,11564,idle,557.1,,,0,0,0,0
1448695140433430,1790356361.715102,11715,idle,686.5,,,0,0,0,0
1448695291698357,1790356361.866368,11866,decode,221.2,,,0,0,1,0
1448695445880060,1790356362.020550,12020,decode,196.4,,,0,0,1,0
1448695599752691,1790356362.174422,12174,idle,530.0,,,0,0,0,0
1448695750539056,1790356362.325207,12325,idle,581.2,,,0,0,0,0
1448695910423552,1790356362.485091,12485,idle,536.7,,,0,0,0,0
1448696069201266,1790356362.643871,12643,idle,198.4,,,0,0,0,0
1448696220820183,1790356362.795489,12795,idle,638.6,,,0,0,0,0
1448696380882779,1790356362.955551,12955,idle,569.2,,,0,0,0,0
1448696540521745,1790356363.115191,13115,idle,578.9,,,0,0,0,0
1448696698995206,1790356363.273665,13273,idle,249.6,,,0,0,0,0
1448696850996073,1790356363.425665,13425,idle,670.4,,,0,0,0,0
1448697010081812,1790356363.584752,13584,decode,2512.6,,,0,0,1,0
1448697160423131,1790356363.735089,13735,idle,700.2,,,0,0,0,0
1448697319165335,1790356363.893835,13893,idle,216.4,,,0,0,0,0
1448697469724589,1790356364.044394,14044,idle,538.5,,,0,0,0,0
1448697619780316,1790356364.194449,14194,idle,599.5,,,0,0,0,0
1448697770112974,1790356364.344781,14344,idle,579.0,,,0,0,0,0
1448697926865177,1790356364.501535,14501,decode,243.8,,,0,0,1,0
1448698080232162,1790356364.654902,14654,idle,287.1,,,0,0,0,0
1448698240045728,1790356364.814714,14814,idle,304.2,,,0,0,0,0
1448698390355958,1790356364.965025,14965,idle,602.6,,,0,0,0,0
1448698540762060,1790356365.115431,115,tx,136591.9,,,1,0,0,1
1448698738426315,1790356365.313095,313,tx,51754.4,,,1,0,0,1
1448698891312761,1790356365.465982,465,tx,51782.8,,,1,0,0,1
1448699048725819,1790356365.623395,623,tx,50768.4,,,1,0,0,1
1448699200559856,1790356365.775230,775,tx,51549.1,,,1,0,0,1
1448699353328181,1790356365.927998,927,tx,50617.8,,,1,0,0,1
1448699505417796,1790356366.080086,1080,tx,76111.0,,,1,0,0,1
1448699663070159,1790356366.237738,1237,tx,50918.0,,,1,0,0,1
1448699815616383,1790356366.390285,1390,tx,51839.7,,,1,0,0,1
1448699968224996,1790356366.542895,1542,tx,50639.5,,,1,0,0,1
1448700120582768,1790356366.695249,1695,tx,50755.9,,,1,0,0,1
1448700272921597,1790356366.847590,1847,tx,52066.6,,,1,0,0,1
1448700426633157,1790356367.001302,2001,tx,51799.7,,,1,0,0,1
1448700579198578,1790356367.153868,2153,tx,50715.8,,,1,0,0,1
1448700731672211,1790356367.306341,2306,tx,51664.2,,,1,0,0,1
1448700884574639,1790356367.459244,2459,tx,51794.2,,,1,0,0,1
1448701037890239,1790356367.612558,2612,tx,52147.9,,,1,0,0,1
1448701190890034,1790356367.765560,2765,tx,51561.0,,,1,0,0,1
1448701344143714,1790356367.918812,2918,tx,51914.3,,,1,0,0,1
1448701497818858,1790356368.072488,3072,tx,56378.7,,,1,0,0,1
1448701651722970,1790356368.226392,3226,tx,51880.6,,,1,0,0,1
1448701804491863,1790356368.379162,3379,tx,51477.2,,,1,0,0,1
1448701957538494,1790356368.532208,3532,tx,50660.1,,,1,0,0,1
1448702109736627,1790356368.684406,3684,tx,51860.9,,,1,0,0,1
1448702263227436,1790356368.837896,3837,tx,51837.1,,,1,0,0,1
1448702416345980,1790356368.991015,3991,tx,51550.0,,,1,0,0,1
1448702572086791,1790356369.146756,4146,tx,51889.9,,,1,0,0,1
1448702725280349,1790356369.299948,4299,tx,50752.2,,,1,0,0,1
1448702877619839,1790356369.452289,4452,tx,51754.3,,,1,0,0,1
1448703030223466,1790356369.604893,4604,tx,51806.1,,,1,0,0,1
1448703182802102,1790356369.757472,4757,tx,51608.5,,,1,0,0,1
1448703335858416,1790356369.910527,4910,tx,52346.0,,,1,0,0,1
1448703490195458,1790356370.064864,5064,tx,50858.0,,,1,0,0,1
1448703649752144,1790356370.224421,5224,tx,52750.7,,,1,0,0,1
1448703802391997,1790356370.377062,5377,tx,50572.6,,,1,0,0,1
1448703954724420,1790356370.529393,5529,tx,51902.3,,,1,0,0,1
1448704107976204,1790356370.682643,5682,tx,51051.5,,,1,0,0,1
1448704260776142,1790356370.835445,5835,tx,51957.3,,,1,0,0,1
1448704413729957,1790356370.988400,5988,tx,51593.8,,,1,0,0,1
1448704567106994,1790356371.141776,6141,tx,50863.4,,,1,0,0,1
1448704719746979,1790356371.294416,6294,tx,51800.3,,,1,0,0,1
1448704872690535,1790356371.447360,6447,tx,51537.6,,,1,0,0,1
1448705026245224,1790356371.600915,6600,tx,54785.4,,,1,0,0,1
1448705182117352,1790356371.756787,6756,tx,52004.2,,,1,0,0,1
1448705335486883,1790356371.910156,6910,tx,54946.5,,,1,0,0,1
1448705488283647,1790356372.062953,7062,tx,51751.7,,,1,0,0,1
1448705640964057,1790356372.215634,7215,tx,51475.5,,,1,0,0,1
1448705793376753,1790356372.368047,7368,tx,51601.5,,,1,0,0,1
1448705946090274,1790356372.520759,7520,tx,50897.5,,,1,0,0,1
1448706098362728,1790356372.673033,7673,tx,51791.0,,,1,0,0,1
1448706251480868,1790356372.826150,7826,tx,52094.1,,,1,0,0,1
1448706407077671,1790356372.981747,7981,tx,50575.6,,,1,0,0,1
1448706560745435,1790356373.135414,8135,tx,54293.9,,,1,0,0,1
1448706716443945,1790356373.291113,8291,tx,50621.4,,,1,0,0,1
1448706868356050,1790356373.443025,8443,tx,50662.8,,,1,0,0,1
1448707019865806,1790356373.594536,8594,tx,50457.8,,,1,0,0,1
1448707171438882,1790356373.746109,8746,tx,51630.8,,,1,0,0,1
1448707324568601,1790356373.899238,8899,tx,51647.0,,,1,0,0,1
1448707477535410,1790356374.052204,9052,tx,51762.5,,,1,0,0,1
1448707630477230,1790356374.205147,9205,tx,51547.2,,,1,0,0,1
1448707783913928,1790356374.358583,9358,tx,52242.9,,,1,0,0,1
1448707937572893,1790356374.512242,9512,tx,50660.0,,,1,0,0,1
1448708089696492,1790356374.664366,9664,tx,50747.8,,,1,0,0,1
1448708244394900,1790356374.819064,9819,tx,50620.3,,,1,0,0,1
1448708396063263,1790356374.970732,9970,tx,51536.0,,,1,0,0,1
1448708550253401,1790356375.124923,10124,tx,52589.3,,,1,0,0,1
1448708702681569,1790356375.277350,10277,tx,51852.1,,,1,0,0,1
1448708855594832,1790356375.430264,10430,tx,51646.4,,,1,0,0,1
1448709008296731,1790356375.582967,10582,tx,72102.9,,,1,0,0,1
1448709161348010,1790356375.736017,10736,tx,59927.6,,,1,0,0,1
1448709315024231,1790356375.889693,10889,tx,52066.3,,,1,0,0,1
1448709468495607,1790356376.043164,11043,tx,50751.4,,,1,0,0,1
1448709620440505,1790356376.195110,11195,tx,50593.8,,,1,0,0,1
1448709772689917,1790356376.347358,11347,tx,51940.2,,,1,0,0,1
1448709925849640,1790356376.500519,11500,tx,50794.9,,,1,0,0,1
1448710078852235,1790356376.653520,11653,tx,51963.2,,,1,0,0,1
1448710231749152,1790356376.806419,11806,tx,51485.1,,,1,0,0,1
1448710384572087,1790356376.959242,11959,tx,50633.5,,,1,0,0,1
1448710536573099,1790356377.111243,12111,tx,50654.6,,,1,0,0,1
1448710688536465,1790356377.263204,12263,tx,51738.7,,,1,0,0,1
1448710842692028,1790356377.417362,12417,tx,54797.6,,,1,0,0,1
1448710995469391,1790356377.570138,12570,tx,51471.5,,,1,0,0,1
1448711148342144,1790356377.723012,12723,tx,50673.5,,,1,0,0,1
1448711300346035,1790356377.875015,12875,tx,50713.9,,,1,0,0,1
1448711452659144,1790356378.027328,13027,tx,54219.1,,,1,0,0,1
1448711605547136,1790356378.180217,13180,tx,51473.4,,,1,0,0,1
1448711758174555,1790356378.332844,13332,tx,51818.7,,,1,0,0,1
1448711911079046,1790356378.485749,13485,tx,52003.6,,192578.8,1,0,0,1
1448712069637375,1790356378.644306,13644,tx,51803.4,,,0,0,0,0
1448712222468290,1790356378.797137,13797,idle,51516.5,,,0,0,0,0
1448712444973838,1790356379.019643,14019,idle,1694.3,,,0,0,0,0
1448712596748658,1790356379.171418,14171,idle,345.3,,,0,0,0,0
1448712756883912,1790356379.331553,14331,idle,606.9,,,0,0,0,0
1448712906912960,1790356379.481583,14481,idle,219.5,,,0,0,0,0
1448713056963625,1790356379.631633,14631,idle,286.5,,,0,0,0,0
1448713217035880,1790356379.791705,14791,idle,349.6,,,0,0,0,0
1448713376871433,1790356379.951540,14951,idle,566.8,,,0,0,0,0
1448713536702377,1790356380.111372,111,idle,4430.9,,,0,0,0,0
1448713692072985,1790356380.266742,266,idle,401.5,,,0,0,0,0
1448713848354785,1790356380.423024,423,idle,455.1,,,0,0,0,0
1448714002459750,1790356380.577129,577,idle,7208.7,,,0,0,0,0
1448714162419349,1790356380.737089,737,idle,363.0,,,0,0,0,0
1448714321808533,1790356380.896478,896,idle,210.5,,,0,0,0,0
1448714472799873,1790356381.047469,1047,idle,603.7,,,0,0,0,0
1448714632442730,1790356381.207112,1207,idle,638.9,,,0,0,0,0
1448714792554738,1790356381.367224,1367,idle,668.5,,,0,0,0,0
1448714945593421,1790356381.520263,1520,idle,193.2,,,0,0,0,0
1448715101531825,1790356381.676200,1676,idle,12720.3,,,0,0,0,0
1448715251597825,1790356381.826267,1826,idle,717.7,,,0,0,0,0
1448715402061677,1790356381.976730,1976,idle,9621.0,,,0,0,0,0
1448715561145871,1790356382.135816,2135,idle,207.0,,,0,0,0,0
1448715711660131,1790356382.286329,2286,idle,634.4,,,0,0,0,0
1448715861681165,1790356382.436351,2436,idle,377.9,,,0,0,0,0
1448716012441499,1790356382.587110,2587,idle,527.1,,,0,0,0,0
1448716172320995,1790356382.746990,2746,idle,343.7,,,0,0,0,0
1448716331839368,1790356382.906509,2906,idle,249.0,,,0,0,0,0
1448716491772687,1790356383.066442,3066,idle,249.2,,,0,0,0,0
1448716647093320,1790356383.221763,3221,idle,397.1,,,0,0,0,0
1448716802898599,1790356383.377568,3377,idle,2843.6,,,0,0,0,0
1448716962349341,1790356383.537019,3537,idle,202.5,,,0,0,0,0
1448717122486759,1790356383.697155,3697,idle,602.3,,,0,0,0,0
1448717272600704,1790356383.847270,3847,idle,607.6,,,0,0,0,0
1448717432715596,1790356384.007385,4007,idle,455.0,,,0,0,0,0
1448717582812562,1790356384.157482,4157,idle,224.5,,,0,0,0,0
1448717734456227,1790356384.309125,4309,idle,361.9,,,0,0,0,0
1448717892395822,1790356384.467066,4467,idle,328.1,,,0,0,0,0
1448718052220513,1790356384.626890,4626,idle,350.2,,,0,0,0,0
1448718202761482,1790356384.777431,4777,idle,192.8,,,0,0,0,0
1448718354143243,1790356384.928812,4928,idle,451.8,,,0,0,0,0
1448718513339107,1790356385.088008,5088,idle,392.6,,,0,0,0,0
1448718663404058,1790356385.238073,5238,idle,328.7,,,0,0,0,0
1448718823417361,1790356385.398087,5398,idle,426.3,,,0,0,0,0
1448718982887861,1790356385.557558,5557,idle,218.1,,,0,0,0,0
1448719133969617,1790356385.708639,5708,idle,619.3,,,0,0,0,0
1448719293193763,1790356385.867863,5867,idle,625.0,,,0,0,0,0
1448719449353562,1790356386.024022,6024,idle,492.7,,,0,0,0,0
1448719603234794,1790356386.177905,6177,idle,261.1,,,0,0,0,0
1448719756000065,1790356386.330670,6330,idle,354.0,,,0,0,0,0
1448719914040801,1790356386.488710,6488,idle,444.9,,,0,0,0,0
1448720073622488,1790356386.648292,6648,idle,350.6,,,0,0,0,0
1448720223998926,1790356386.798669,6798,idle,265.1,,,0,0,0,0
1448720383719047,1790356386.958387,6958,idle,594.5,,,0,0,0,0
1448720543118385,1790356387.117788,7117,idle,368.0,,,0,0,0,0
1448720693871143,1790356387.268541,7268,idle,404.3,,,0,0,0,0
1448720845557990,1790356387.420228,7420,idle,296.2,,,0,0,0,0
1448721004059768,1790356387.578728,7578,idle,38701.1,,,0,0,0,0
1448721164095806,1790356387.738765,7738,idle,515.2,,,0,0,0,0
1448721314776894,1790356387.889415,7889,idle,611.4,,,0,0,0,0
1448721474225760,1790356388.048895,8048,idle,429.3,,,0,0,0,0
1448721634036127,1790356388.208705,8208,idle,246.8,,,0,0,0,0
1448721784112680,1790356388.358781,8358,idle,584.8,,,0,0,0,0
1448721936432435,1790356388.511102,8511,idle,505.3,,,0,0,0,0
1448722093757929,1790356388.668406,8668,idle,511.8,,,0,0,0,0
1448722245208323,1790356388.819878,8819,idle,297.9,,,0,0,0,0
1448722404190621,1790356388.978860,8978,idle,2443.4,,,0,0,0,0
1448722563411123,1790356389.138080,9138,idle,563.2,,,0,0,0,0
1448722714537259,1790356389.289207,9289,idle,479.9,,,0,0,0,0
1448722874235765,1790356389.448905,9448,idle,242.4,,,0,0,0,0
1448723033843700,1790356389.608513,9608,idle,310.3,,,0,0,0,0
1448723184425828,1790356389.759095,9759,idle,391.4,,,0,0,0,0
1448723335089485,1790356389.909759,9909,idle,322.4,,,0,0,0,0
1448723493932954,1790356390.068602,10068,idle,3500.6,,,0,0,0,0
1448723654082395,1790356390.228752,10228,idle,300.9,,,0,0,0,0
1448723813932675,1790356390.388601,10388,idle,327.0,,,0,0,0,0
1448723964819764,1790356390.539489,10539,idle,402.8,,,0,0,0,0
1448724122592097,1790356390.697261,10697,idle,469.3,,,0,0,0,0
1448724272908596,1790356390.847578,10847,idle,626.3,,,0,0,0,0
1448724423122306,1790356390.997791,10997,idle,437.4,,,0,0,0,0
1448724573616911,1790356391.148285,11148,idle,991.9,,,0,0,0,0
1448724733223252,1790356391.307890,11307,idle,623.5,,,0,0,0,0
1448724883380610,1790356391.458050,11458,idle,222.6,,,0,0,0,0
1448725034185987,1790356391.608855,11608,idle,455.8,,,0,0,0,0
1448725193554759,1790356391.768224,11768,idle,646.1,,,0,0,0,0
1448725346882345,1790356391.921552,11921,decode,176.4,,,0,0,1,0
1448725503140004,1790356392.077810,12077,decode,38177.8,,,0,0,1,0
1448725662155593,1790356392.236825,12236,idle,270.0,,,0,0,0,0
1448725813194358,1790356392.387863,12387,idle,569.9,,,0,0,0,0
1448725972665772,1790356392.547335,12547,idle,310.1,,,0,0,0,0
1448726123513607,1790356392.698182,12698,idle,772.8,,,0,0,0,0
1448726282303829,1790356392.856974,12856,idle,199.9,,,0,0,0,0
1448726432719363,1790356393.007388,13007,idle,509.6,,,0,0,0,0
1448726592626720,1790356393.167296,13167,idle,348.9,,,0,0,0,0
1448726747487227,1790356393.322156,13322,idle,471.6,,,0,0,0,0
1448726902067096,1790356393.476737,13476,idle,2892.0,,,0,0,0,0
1448727052650266,1790356393.627317,13627,idle,644.7,,,0,0,0,0
1448727204064416,1790356393.778733,13778,idle,4517.5,,,0,0,0,0
1448727363502466,1790356393.938171,13938,idle,570.3,,,0,0,0,0
1448727523366327,1790356394.098036,14098,idle,269.1,,,0,0,0,0
1448727682747794,1790356394.257417,14257,idle,575.6,,,0,0,0,0
1448727833913227,1790356394.408582,14408,decode,442.3,,,0,0,1,0
1448727993435091,1790356394.568105,14568,decode,227.0,,,0,0,1,0
1448728149571079,1790356394.724241,14724,idle,233.8,,,0,0,0,0
1448728302992216,1790356394.877662,14877,idle,206.3,,,0,0,0,0
1448728454965246,1790356395.029635,29,idle,224.4,,,0,0,0,0
1448728661690150,1790356395.236360,236,tx,55476.2,,,1,0,0,1
1448728814563183,1790356395.389233,389,tx,51666.0,,,1,0,0,1
1448728967133209,1790356395.541803,541,tx,50571.1,,,1,0,0,1
1448729119205720,1790356395.693874,693,tx,50983.9,,,1,0,0,1
1448729272078078,1790356395.846747,846,tx,51681.5,,,1,0,0,1
1448729425078343,1790356395.999747,999,tx,50830.4,,,1,0,0,1
1448729577019176,1790356396.151689,1151,tx,51610.8,,,1,0,0,1
1448729729925423,1790356396.304594,1304,tx,50786.7,,,1,0,0,1
1448729881934897,1790356396.456603,1456,tx,51809.7,,,1,0,0,1
1448730035409398,1790356396.610078,1610,tx,58825.2,,,1,0,0,1
1448730195110246,1790356396.769780,1769,tx,51452.5,,,1,0,0,1
1448730348830808,1790356396.923500,1923,tx,53778.5,,,1,0,0,1
1448730502700325,1790356397.077369,2077,tx,51694.9,,,1,0,0,1
1448730655861894,1790356397.230531,2230,tx,50917.4,,,1,0,0,1
1448730807594462,1790356397.382264,2382,tx,50571.8,,,1,0,0,1
1448730959945610,1790356397.534615,2534,tx,50848.7,,,1,0,0,1
1448731112399800,1790356397.687069,2687,tx,51891.7,,,1,0,0,1
1448731266377683,1790356397.841046,2841,tx,51962.2,,,1,0,0,1
1448731419507856,1790356397.994178,2994,tx,51709.0,,,1,0,0,1
1448731573735942,1790356398.148406,3148,tx,51569.5,,,1,0,0,1
1448731726514219,1790356398.301184,3301,tx,51702.0,,,1,0,0,1
1448731879309439,1790356398.453978,3453,tx,51991.0,,,1,0,0,1
1448732032634580,1790356398.607304,3607,tx,50674.0,,,1,0,0,1
1448732184124123,1790356398.758794,3758,tx,51601.7,,,1,0,0,1
1448732336732306,1790356398.911401,3911,tx,51837.5,,,1,0,0,1
1448732490317951,1790356399.064987,4064,tx,56211.6,,,1,0,0,1
1448732643419518,1790356399.218088,4218,tx,52207.7,,,1,0,0,1
1448732796674838,1790356399.371345,4371,tx,50575.2,,,1,0,0,1
1448732948990782,1790356399.523660,4523,tx,51589.2,,,1,0,0,1
1448733102427031,1790356399.677095,4677,tx,51880.4,,,1,0,0,1
1448733256067003,1790356399.830735,4830,tx,51772.2,,,1,0,0,1
1448733410213991,1790356399.984884,4984,tx,50483.7,,,1,0,0,1
1448733562570958,1790356400.137240,5137,tx,51753.9,,,1,0,0,1
1448733715894184,1790356400.290562,5290,tx,51893.2,,,1,0,0,1
1448733868838781,1790356400.443508,5443,tx,50873.4,,,1,0,0,1
1448734020589798,1790356400.595259,5595,tx,69613.5,,,1,0,0,1
1448734171525401,1790356400.746194,5746,tx,50825.0,,,1,0,0,1
1448734323890292,1790356400.898558,5898,tx,51959.0,,,1,0,0,1
1448734477066969,1790356401.051736,6051,tx,50776.5,,,1,0,0,1
1448734628933845,1790356401.203604,6203,tx,51518.3,,,1,0,0,1
1448734782232119,1790356401.356901,6356,tx,52162.3,,,1,0,0,1
1448734936097141,1790356401.510766,6510,tx,50794.9,,,1,0,0,1
1448735088390914,1790356401.663059,6663,tx,50950.1,,,1,0,0,1
1448735240855061,1790356401.815524,6815,tx,51704.7,,,1,0,0,1
1448735393634298,1790356401.968304,6968,tx,51572.9,,,1,0,0,1
1448735552869589,1790356402.127538,7127,tx,50873.7,,,1,0,0,1
1448735705379369,1790356402.280048,7280,tx,50902.2,,,1,0,0,1
1448735857597885,1790356402.432267,7432,tx,51705.3,,,1,0,0,1
1448736010226968,1790356402.584897,7584,tx,50486.3,,,1,0,0,1
1448736162398775,1790356402.737068,7737,tx,51919.8,,,1,0,0,1
1448736316258670,1790356402.890928,7890,tx,56473.2,,,1,0,0,1
1448736469886195,1790356403.044555,8044,tx,50851.9,,,1,0,0,1
1448736621752331,1790356403.196422,8196,tx,50496.8,,,1,0,0,1
1448736774031969,1790356403.348701,8348,tx,50879.0,,,1,0,0,1
1448736926273706,1790356403.500943,8500,tx,52036.7,,,1,0,0,1
1448737080705763,1790356403.655375,8655,tx,51114.8,,,1,0,0,1
1448737232734321,1790356403.807404,8807,tx,51444.8,,,1,0,0,1
1448737385350900,1790356403.960019,8960,tx,51045.1,,,1,0,0,1
1448737537889281,1790356404.112559,9112,tx,51681.3,,,1,0,0,1
1448737691067762,1790356404.265737,9265,tx,50744.2,,,1,0,0,1
1448737847092318,1790356404.421762,9421,tx,51463.1,,,1,0,0,1
1448737999770304,1790356404.574440,9574,tx,51637.4,,,1,0,0,1
1448738154039170,1790356404.728708,9728,tx,52001.8,,,1,0,0,1
1448738307485948,1790356404.882155,9882,tx,51930.4,,,1,0,0,1
1448738460933624,1790356405.035602,10035,tx,51727.9,,,1,0,0,1
1448738613725904,1790356405.188396,10188,tx,50611.5,,,1,0,0,1
1448738765474852,1790356405.340144,10340,tx,51932.4,,,1,0,0,1
1448738918584292,1790356405.493253,10493,tx,51716.1,,,1,0,0,1
1448739071896110,1790356405.646565,10646,tx,51860.9,,,1,0,0,1
1448739224554892,1790356405.799224,10799,tx,51698.4,,,1,0,0,1
1448739377438494,1790356405.952107,10952,tx,51910.5,,,1,0,0,1
1448739530927259,1790356406.105596,11105,tx,61539.5,,,1,0,0,1
1448739683775206,1790356406.258443,11258,tx,51979.4,,,1,0,0,1
1448739838851279,1790356406.413521,11413,tx,51591.4,,,1,0,0,1
1448739991969570,1790356406.566638,11566,tx,51869.0,,,1,0,0,1
1448740150146701,1790356406.724815,11724,tx,55762.2,,,1,0,0,1
1448740303245904,1790356406.877914,11877,tx,51157.0,,,1,0,0,1
1448740455278604,1790356407.029948,12029,tx,52999.1,,,1,0,0,1
1448740608214872,1790356407.182883,12182,tx,52206.9,,,1,0,0,1
1448740761770394,1790356407.336438,12336,tx,51976.0,,,1,0,0,1
1448740915124400,1790356407.489793,12489,tx,50767.4,,,1,0,0,1
1448741071970885,1790356407.646641,12646,tx,51527.6,,,1,0,0,1
1448741224788344,1790356407.799458,12799,tx,51749.5,,,1,0,0,1
1448741378308784,1790356407.952978,12952,tx,52126.9,,,1,0,0,1
1448741531861167,1790356408.106531,13106,tx,50736.7,,,1,0,0,1
1448741683943048,1790356408.258613,13258,tx,51464.1,,,1,0,0,1
1448741836850518,1790356408.411520,13411,tx,51622.6,,,1,0,0,1
1448741989949406,1790356408.564619,13564,tx,50802.2,,121219.8,1,0,0,1
1448742142753961,1790356408.717424,13717,idle,51502.5,,,0,0,0,0
1448742295742694,1790356408.870409,13870,idle,51785.6,,,0,0,0,0
1448742461015829,1790356409.035686,14035,idle,336.2,,,0,0,0,0
1448742620036036,1790356409.194703,14194,idle,655.2,,,0,0,0,0
1448742770282106,1790356409.344951,14344,idle,571.3,,,0,0,0,0
1448742920650813,1790356409.495320,14495,idle,913.9,,,0,0,0,0
1448743079452870,1790356409.654123,14654,idle,222.8,,,0,0,0,0
1448743230451403,1790356409.805120,14805,idle,621.5,,,0,0,0,0
1448743380891149,1790356409.955560,14955,idle,595.6,,,0,0,0,0
1448743539933374,1790356410.114603,114,idle,2279.4,,,0,0,0,0
1448743693130806,1790356410.267801,267,idle,206.8,,,0,0,0,0
1448743843715403,1790356410.418385,418,idle,208.9,,,0,0,0,0
1448744003051866,1790356410.577721,577,idle,3861.6,,,0,0,0,0
1448744160596043,1790356410.735264,735,idle,617.4,,,0,0,0,0
1448744313638624,1790356410.888309,888,idle,187.0,,,0,0,0,0
1448744473443458,1790356411.048113,1048,idle,348.8,,,0,0,0,0
1448744633529354,1790356411.208198,1208,idle,556.2,,,0,0,0,0
1448744783695794,1790356411.358365,1358,idle,530.3,,,0,0,0,0
1448744938987354,1790356411.513656,1513,idle,411.6,,,0,0,0,0
1448745092291833,1790356411.666962,1666,idle,186.1,,,0,0,0,0
1448745248739530,1790356411.823408,1823,idle,642.7,,,0,0,0,0
1448745403116237,1790356411.977785,1977,idle,6972.1,,,0,0,0,0
1448745563169198,1790356412.137839,2137,idle,271.0,,,0,0,0,0
1448745722439368,1790356412.297109,2297,idle,227.3,,,0,0,0,0
1448745873246888,1790356412.447916,2447,idle,387.0,,,0,0,0,0
1448746023288285,1790356412.597957,2597,idle,571.0,,,0,0,0,0
1448746173638946,1790356412.748308,2748,idle,616.4,,,0,0,0,0
1448746333441951,1790356412.908112,2908,idle,201.5,,,0,0,0,0
1448746493289100,1790356413.067958,3067,idle,568.4,,,0,0,0,0
1448746649262183,1790356413.223930,3223,idle,509.5,,,0,0,0,0
1448746804566277,1790356413.379235,3379,idle,4087.7,,,0,0,0,0
1448746955201534,1790356413.529871,3529,idle,945.7,,,0,0,0,0
1448747113888402,1790356413.688558,3688,idle,279.0,,,0,0,0,0
1448747265064504,1790356413.839732,3839,idle,563.3,,,0,0,0,0
1448747424316193,1790356413.998985,3998,idle,728.6,,,0,0,0,0
1448747584266030,1790356414.158935,4158,idle,669.9,,,0,0,0,0
1448747743849608,1790356414.318519,4318,idle,212.8,,,0,0,0,0
1448747894883176,1790356414.469552,4469,idle,501.0,,,0,0,0,0
1448748054375032,1790356414.629044,4629,idle,480.5,,,0,0,0,0
1448748205522586,1790356414.780191,4780,idle,3407.4,,,0,0,0,0
1448748365156724,1790356414.939826,4939,idle,220.3,,,0,0,0,0
1448748515961732,1790356415.090630,5090,idle,2608.5,,,0,0,0,0
1448748674984969,1790356415.249654,5249,idle,688.2,,,0,0,0,0
1448748825591578,1790356415.400259,5400,idle,611.0,,,0,0,0,0
1448748985424585,1790356415.560094,5560,idle,190.5,,,0,0,0,0
1448749145203332,1790356415.719872,5719,idle,567.0,,,0,0,0,0
1448749295609016,1790356415.870278,5870,idle,667.9,,,0,0,0,0
1448749449546385,1790356416.024215,6024,idle,595.3,,,0,0,0,0
1448749604396230,1790356416.179066,6179,idle,2322.8,,,0,0,0,0
1448749764029557,1790356416.338699,6338,idle,241.4,,,0,0,0,0
1448749914605224,1790356416.489273,6489,idle,444.1,,,0,0,0,0
1448750065046421,1790356416.639716,6639,idle,353.4,,,0,0,0,0
1448750224899039,1790356416.799568,6799,idle,492.0,,,0,0,0,0
1448750384536443,1790356416.959206,6959,idle,203.9,,,0,0,0,0
1448750540142127,1790356417.114811,7114,idle,523.1,,,0,0,0,0
1448750694576109,1790356417.269243,7269,idle,603.1,,,0,0,0,0
1448750849498725,1790356417.424168,7424,idle,613.3,,,0,0,0,0
1448751004271003,1790356417.578941,7578,idle,38258.4,,,0,0,0,0
1448751163927246,1790356417.738595,7738,idle,560.2,,,0,0,0,0
1448751314133671,1790356417.888803,7888,idle,596.2,,,0,0,0,0
1448751464806179,1790356418.039475,8039,idle,637.2,,,0,0,0,0
1448751623911362,1790356418.198581,8198,idle,284.3,,,0,0,0,0
1448751783265379,1790356418.357935,8357,idle,249.8,,,0,0,0,0
1448751939231137,1790356418.513900,8513,idle,565.3,,,0,0,0,0
1448752094575863,1790356418.669245,8669,idle,674.7,,,0,0,0,0
1448752252201416,1790356418.826870,8826,idle,546.3,,,0,0,0,0
1448752403944620,1790356418.978615,8978,idle,210.3,,,0,0,0,0
1448752563947003,1790356419.138615,9138,idle,648.7,,,0,0,0,0
1448752715289147,1790356419.289958,9289,idle,547.9,,,0,0,0,0
1448752874792458,1790356419.449461,9449,idle,581.1,,,0,0,0,0
1448753034583362,1790356419.609253,9609,idle,266.6,,,0,0,0,0
1448753194552484,1790356419.769221,9769,idle,647.0,,,0,0,0,0
1448753349855323,1790356419.924524,9924,idle,683.0,,,0,0,0,0
1448753505182506,1790356420.079850,10079,idle,15036.1,,,0,0,0,0
1448753664869956,1790356420.239540,10239,idle,255.7,,,0,0,0,0
1448753824505391,1790356420.399174,10399,idle,609.6,,,0,0,0,0
1448753974958473,1790356420.549628,10549,idle,307.8,,,0,0,0,0
1448754134571121,1790356420.709240,10709,idle,637.4,,,0,0,0,0
1448754284598502,1790356420.859268,10859,idle,224.5,,,0,0,0,0
1448754444083139,1790356421.018753,11018,idle,234.1,,,0,0,0,0
1448754595088171,1790356421.169756,11169,idle,563.9,,,0,0,0,0
1448754750332454,1790356421.325001,11325,idle,637.2,,,0,0,0,0
1448754904660440,1790356421.479328,11479,idle,7995.5,,,0,0,0,0
1448755064348135,1790356421.639018,11639,idle,199.8,,,0,0,0,0
1448755214389019,1790356421.789058,11789,idle,645.2,,,0,0,0,0
1448755370173226,1790356421.944843,11944,decode,274.8,,,0,0,1,0
1448755524544526,1790356422.099214,12099,idle,16697.0,,,0,0,0,0
1448755682169575,1790356422.256840,12256,idle,210.5,,,0,0,0,0
1448755833200376,1790356422.407869,12407,idle,537.3,,,0,0,0,0
1448755992438722,1790356422.567108,12567,idle,357.9,,,0,0,0,0
1448756148674089,1790356422.723343,12723,idle,705.8,,,0,0,0,0
1448756302390906,1790356422.877061,12877,idle,810.9,,,0,0,0,0
1448756462438169,1790356423.037107,13037,idle,604.5,,,0,0,0,0
1448756622428346,1790356423.197098,13197,idle,558.6,,,0,0,0,0
1448756772798432,1790356423.347467,13347,idle,594.8,,,0,0,0,0
1448756923150048,1790356423.497820,13497,idle,240.8,,,0,0,0,0
1448757082149294,1790356423.656819,13656,idle,213.9,,,0,0,0,0
1448757233301166,1790356423.807970,13807,idle,552.6,,,0,0,0,0
1448757383658922,1790356423.958328,13958,idle,608.7,,,0,0,0,0
1448757538424001,1790356424.113093,14113,idle,679.5,,,0,0,0,0
1448757693234569,1790356424.267904,14267,idle,254.7,,,0,0,0,0
1448757853162274,1790356424.427832,14427,decode,264.6,,,0,0,1,0
1448758011214577,1790356424.585884,14585,idle,186.4,,,0,0,0,0
1448758163121699,1790356424.737791,14737,idle,406.6,,,0,0,0,0
1448758322818497,1790356424.897488,14897,idle,214.4,,,0,0,0,0
1448758473227039,1790356425.047896,47,idle,750.2,,,0,0,0,0
1448758658927384,1790356425.233597,233,tx,51533.8,,,1,0,0,1
1448758812095901,1790356425.386764,386,tx,51791.4,,,1,0,0,1
1448758964748294,1790356425.539418,539,tx,54858.1,,,1,0,0,1
1448759121263805,1790356425.695932,695,tx,50888.4,,,1,0,0,1
1448759273784798,1790356425.848453,848,tx,51876.5,,,1,0,0,1
1448759427123584,1790356426.001791,1001,tx,50792.0,,,1,0,0,1
1448759580020479,1790356426.154690,1154,tx,57193.7,,,1,0,0,1
1448759733149958,1790356426.307820,1307,tx,50588.4,,,1,0,0,1
1448759885119671,1790356426.459788,1459,tx,51763.2,,,1,0,0,1
1448760038319420,1790356426.612988,1612,tx,56354.0,,,1,0,0,1
1448760196509807,1790356426.771177,1771,tx,52046.5,,,1,0,0,1
1448760349851004,1790356426.924521,1924,tx,52617.1,,,1,0,0,1
1448760502682256,1790356427.077348,2077,tx,51883.5,,,1,0,0,1
1448760656075744,1790356427.230745,2230,tx,50765.3,,,1,0,0,1
1448760808440931,1790356427.383110,2383,tx,51808.5,,,1,0,0,1
1448760961056715,1790356427.535727,2535,tx,50607.8,,,1,0,0,1
1448761113930644,1790356427.688600,2688,tx,50880.0,,,1,0,0,1
1448761266525073,1790356427.841194,2841,tx,52145.5,,,1,0,0,1
1448761420174305,1790356427.994843,2994,tx,51891.6,,,1,0,0,1
1448761572072884,1790356428.146743,3146,tx,51629.8,,,1,0,0,1
1448761725285943,1790356428.299955,3299,tx,50749.8,,,1,0,0,1
1448761877662450,1790356428.452332,3452,tx,51883.7,,,1,0,0,1
1448762031176535,1790356428.605845,3605,tx,50853.2,,,1,0,0,1
1448762183070294,1790356428.757740,3757,tx,51453.8,,,1,0,0,1
1448762336267492,1790356428.910937,3910,tx,50957.6,,,1,0,0,1
1448762488311281,1790356429.062980,4062,tx,50886.5,,,1,0,0,1
1448762648294500,1790356429.222963,4222,tx,50918.3,,,1,0,0,1
1448762800415092,1790356429.375084,4375,tx,51789.2,,,1,0,0,1
1448762953095230,1790356429.527765,4527,tx,51490.2,,,1,0,0,1
1448763106433073,1790356429.681101,4681,tx,51875.1,,,1,0,0,1
1448763259962819,1790356429.834631,4834,tx,51860.4,,,1,0,0,1
1448763413503085,1790356429.988172,4988,tx,56321.1,,,1,0,0,1
1448763567156018,1790356430.141826,5141,tx,51616.7,,,1,0,0,1
1448763720444989,1790356430.295115,5295,tx,50605.3,,,1,0,0,1
1448763872358622,1790356430.447028,5447,tx,50873.1,,,1,0,0,1
1448764024281544,1790356430.598951,5598,tx,69778.0,,,1,0,0,1
1448764174656358,1790356430.749326,5749,tx,50572.0,,,1,0,0,1
1448764326315604,1790356430.900985,5900,tx,51693.6,,,1,0,0,1
1448764479244022,1790356431.053913,6053,tx,50700.1,,,1,0,0,1
1448764631772831,1790356431.206442,6206,tx,51848.0,,,1,0,0,1
1448764784413247,1790356431.359083,6359,tx,51497.7,,,1,0,0,1
1448764937214229,1790356431.511883,6511,tx,50975.7,,,1,0,0,1
1448765089551028,1790356431.664219,6664,tx,52118.0,,,1,0,0,1
1448765245148628,1790356431.819818,6819,tx,51755.3,,,1,0,0,1
1448765398480262,1790356431.973150,6973,tx,51577.7,,,1,0,0,1
1448765551536897,1790356432.126206,7126,tx,52123.5,,,1,0,0,1
1448765705238298,1790356432.279907,7279,tx,50849.7,,,1,0,0,1
1448765857574326,1790356432.432243,7432,tx,52035.0,,,1,0,0,1
1448766011433620,1790356432.586103,7586,tx,51819.6,,,1,0,0,1
1448766164039341,1790356432.738709,7738,tx,51669.6,,,1,0,0,1
1448766317372669,1790356432.892041,7892,tx,51923.1,,,1,0,0,1
1448766471052830,1790356433.045722,8045,tx,51885.7,,,1,0,0,1
1448766625255666,1790356433.199925,8199,tx,51754.1,,,1,0,0,1
1448766777988837,1790356433.352659,8352,tx,51696.2,,,1,0,0,1
1448766931591617,1790356433.506260,8506,tx,50990.8,,,1,0,0,1
1448767084783233,1790356433.659452,8659,tx,51954.4,,,1,0,0,1
1448767238250388,1790356433.812919,8812,tx,56549.1,,,1,0,0,1
1448767391194108,1790356433.965864,8965,tx,51560.8,,,1,0,0,1
1448767546687900,1790356434.121357,9121,tx,50899.8,,,1,0,0,1
1448767699318135,1790356434.273987,9273,tx,50842.6,,,1,0,0,1
1448767851918516,1790356434.426587,9426,tx,50867.4,,,1,0,0,1
1448768004015368,1790356434.578685,9578,tx,88044.1,,,1,0,0,1
1448768162917706,1790356434.737587,9737,tx,51713.5,,,1,0,0,1
1448768316756771,1790356434.891426,9891,tx,51807.0,,,1,0,0,1
1448768470133593,1790356435.044803,10044,tx,51704.0,,,1,0,0,1
1448768623262637,1790356435.197932,10197,tx,51641.1,,,1,0,0,1
1448768776061177,1790356435.350731,10350,tx,50560.5,,,1,0,0,1
1448768928445816,1790356435.503114,10503,tx,51814.3,,,1,0,0,1
1448769081582296,1790356435.656250,10656,tx,52063.2,,,1,0,0,1
1448769235347901,1790356435.810017,10810,tx,51836.8,,,1,0,0,1
1448769387902874,1790356435.962573,10962,tx,51826.1,,,1,0,0,1
1448769541201671,1790356436.115870,11115,tx,50722.8,,,1,0,0,1
1448769693623230,1790356436.268292,11268,tx,52070.3,,,1,0,0,1
1448769847367961,1790356436.422036,11422,tx,50878.0,,,1,0,0,1
1448769999092216,1790356436.573762,11573,tx,51497.6,,,1,0,0,1
1448770152159286,1790356436.726828,11726,tx,51959.0,,,1,0,0,1
1448770305444318,1790356436.880112,11880,tx,50802.9,,,1,0,0,1
1448770457625189,1790356437.032293,12032,tx,51999.5,,,1,0,0,1
1448770611928989,1790356437.186599,12186,tx,51672.9,,,1,0,0,1
1448770765263494,1790356437.339932,12339,tx,51920.2,,,1,0,0,1
1448770918634884,1790356437.493304,12493,tx,52164.9,,,1,0,0,1
1448771075715380,1790356437.650384,12650,tx,57803.5,,,1,0,0,1
1448771228991080,1790356437.803661,12803,tx,50565.5,,,1,0,0,1
1448771381129971,1790356437.955798,12955,tx,50843.7,,,1,0,0,1
1448771533620558,1790356438.108289,13108,tx,51044.9,,,1,0,0,1
1448771686276180,1790356438.260945,13260,tx,50994.2,,,1,0,0,1
1448771838623834,1790356438.413293,13413,tx,52008.7,,,1,0,0,1
1448771991520343,1790356438.566190,13566,tx,50595.7,,113505.5,1,0,0,1
1448772150893719,1790356438.725564,13725,idle,52044.6,,,0,0,0,0
1448772304390927,1790356438.879059,13879,idle,50797.6,,,0,0,0,0
1448772475380340,1790356439.050049,14050,idle,2108.1,,,0,0,0,0
1448772628801563,1790356439.203471,14203,idle,233.3,,,0,0,0,0
1448772788961653,1790356439.363631,14363,idle,623.7,,,0,0,0,0
1448772939340802,1790356439.514010,14514,idle,559.9,,,0,0,0,0
1448773099366092,1790356439.674034,14674,idle,735.5,,,0,0,0,0
1448773258145239,1790356439.832815,14832,idle,279.2,,,0,0,0,0
1448773409066135,1790356439.983734,14983,idle,1803.6,,,0,0,0,0
1448773562321719,1790356440.136991,136,idle,586.1,,,0,0,0,0
1448773713808837,1790356440.288477,288,idle,470.4,,,0,0,0,0
1448773872571448,1790356440.447241,447,idle,254.5,,,0,0,0,0
1448774023436856,1790356440.598106,598,idle,549.3,,,0,0,0,0
1448774173590461,1790356440.748259,748,idle,693.9,,,0,0,0,0
1448774333102885,1790356440.907771,907,idle,545.9,,,0,0,0,0
1448774483383837,1790356441.058053,1058,idle,274.1,,,0,0,0,0
1448774634454848,1790356441.209124,1209,idle,650.1,,,0,0,0,0
1448774792962648,1790356441.367631,1367,idle,672.7,,,0,0,0,0
1448774950789547,1790356441.525459,1525,idle,448.7,,,0,0,0,0
1448775102690894,1790356441.677360,1677,idle,5998.4,,,0,0,0,0
1448775262392167,1790356441.837062,1837,idle,235.9,,,0,0,0,0
1448775413351797,1790356441.988020,1988,idle,523.5,,,0,0,0,0
1448775573153666,1790356442.147823,2147,idle,530.7,,,0,0,0,0
1448775723408749,1790356442.298077,2298,idle,677.5,,,0,0,0,0
1448775882215231,1790356442.456885,2456,idle,1403.2,,,0,0,0,0
1448776032691601,1790356442.607361,2607,idle,384.5,,,0,0,0,0
1448776183099241,1790356442.757768,2757,idle,508.5,,,0,0,0,0
1448776335276253,1790356442.909946,2909,idle,222.2,,,0,0,0,0
1448776492632472,1790356443.067302,3067,idle,2606.5,,,0,0,0,0
1448776643168717,1790356443.217839,3217,idle,226.0,,,0,0,0,0
1448776803035881,1790356443.377704,3377,idle,4951.6,,,0,0,0,0
1448776953153395,1790356443.527822,3527,idle,468.3,,,0,0,0,0
1448777112809376,1790356443.687478,3687,idle,821.3,,,0,0,0,0
1448777272553633,1790356443.847223,3847,idle,358.7,,,0,0,0,0
1448777422885793,1790356443.997555,3997,idle,676.6,,,0,0,0,0
1448777582612287,1790356444.157282,4157,idle,338.2,,,0,0,0,0
1448777738629390,1790356444.313298,4313,idle,702.6,,,0,0,0,0
1448777892625293,1790356444.467295,4467,idle,194.0,,,0,0,0,0
1448778043083424,1790356444.617753,4617,idle,553.1,,,0,0,0,0
1448778194423106,1790356444.769091,4769,idle,553.4,,,0,0,0,0
1448778350870730,1790356444.925539,4925,idle,563.0,,,0,0,0,0
1448778503934610,1790356445.078604,5078,idle,725.7,,,0,0,0,0
1448778654289090,1790356445.228959,5228,idle,330.2,,,0,0,0,0
1448778804647041,1790356445.379316,5379,idle,3767.1,,,0,0,0,0
1448778963753156,1790356445.538421,5538,idle,637.9,,,0,0,0,0
1448779115092351,1790356445.689761,5689,idle,575.4,,,0,0,0,0
1448779273664580,1790356445.848335,5848,idle,211.9,,,0,0,0,0
1448779424763240,1790356445.999431,5999,idle,592.2,,,0,0,0,0
1448779582704467,1790356446.157373,6157,idle,767.4,,,0,0,0,0
1448779734514098,1790356446.309183,6309,idle,671.6,,,0,0,0,0
1448779892804565,1790356446.467474,6467,idle,213.4,,,0,0,0,0
1448780047330205,1790356446.621999,6621,idle,583.0,,,0,0,0,0
1448780203158532,1790356446.777827,6777,idle,4518.3,,,0,0,0,0
1448780353353723,1790356446.928022,6928,idle,2070.2,,,0,0,0,0
1448780513365877,1790356447.088036,7088,idle,216.2,,,0,0,0,0
1448780672979042,1790356447.247648,7247,idle,759.7,,,0,0,0,0
1448780823628142,1790356447.398297,7398,idle,575.8,,,0,0,0,0
1448780973744001,1790356447.548414,7548,idle,391.6,,,0,0,0,0
1448781133636221,1790356447.708306,7708,idle,381.2,,,0,0,0,0
1448781293253548,1790356447.867923,7867,idle,223.3,,,0,0,0,0
1448781450187033,1790356448.024856,8024,idle,643.4,,,0,0,0,0
1448781603420247,1790356448.178089,8178,idle,5623.0,,,0,0,0,0
1448781753442950,1790356448.328112,8328,idle,642.1,,,0,0,0,0
1448781913355974,1790356448.488026,8488,idle,236.9,,,0,0,0,0
1448782063693225,1790356448.638362,8638,idle,918.7,,,0,0,0,0
1448782214051078,1790356448.788719,8788,idle,766.0,,,0,0,0,0
1448782373582296,1790356448.948251,8948,idle,614.0,,,0,0,0,0
1448782533456886,1790356449.108126,9108,idle,7419.4,,,0,0,0,0
1448782692068905,1790356449.266738,9266,idle,632.7,,,0,0,0,0
1448782847654131,1790356449.422323,9422,idle,531.2,,,0,0,0,0
1448783002641311,1790356449.577310,9577,idle,4671.6,,,0,0,0,0
1448783162477144,1790356449.737147,9737,idle,259.1,,,0,0,0,0
1448783321830886,1790356449.896501,9896,idle,380.3,,,0,0,0,0
1448783473049409,1790356450.047717,10047,idle,549.6,,,0,0,0,0
1448783632542903,1790356450.207212,10207,idle,492.9,,,0,0,0,0
1448783782812667,1790356450.357480,10357,idle,666.5,,,0,0,0,0
1448783934453299,1790356450.509123,10509,idle,224.1,,,0,0,0,0
1448784084553363,1790356450.659222,10659,idle,585.6,,,0,0,0,0
1448784235651674,1790356450.810320,10810,idle,602.8,,,0,0,0,0
1448784395103144,1790356450.969772,10969,idle,604.0,,,0,0,0,0
1448784545922302,1790356451.120592,11120,idle,203.6,,,0,0,0,0
1448784704759052,1790356451.279428,11279,idle,4279.8,,,0,0,0,0
1448784855051741,1790356451.429721,11429,idle,522.2,,,0,0,0,0
1448785005201974,1790356451.579871,11579,idle,1239.0,,,0,0,0,0
1448785155281038,1790356451.729951,11729,idle,246.0,,,0,0,0,0
1448785310736291,1790356451.885406,11885,decode,257.0,,,0,0,1,0
1448785462732639,1790356452.037402,12037,idle,214.4,,,0,0,0,0
1448785622236029,1790356452.196903,12196,idle,663.6,,,0,0,0,0
1448785772547630,1790356452.347217,12347,idle,583.6,,,0,0,0,0
1448785932211267,1790356452.506881,12506,idle,2996.3,,,0,0,0,0
1448786082603474,1790356452.657272,12657,idle,591.0,,,0,0,0,0
1448786239303042,1790356452.813972,12813,idle,623.1,,,0,0,0,0
1448786392886594,1790356452.967556,12967,idle,595.2,,,0,0,0,0
1448786547361742,1790356453.122032,13122,idle,207.2,,,0,0,0,0
1448786702148663,1790356453.276817,13276,idle,5905.3,,,0,0,0,0
1448786852317169,1790356453.426985,13426,idle,518.2,,,0,0,0,0
1448787002357337,1790356453.577027,13577,decode,38988.7,,,0,0,1,0
1448787152384447,1790356453.727054,13727,idle,354.4,,,0,0,0,0
1448787303023042,1790356453.877693,13877,idle,190.6,,,0,0,0,0
1448787453188788,1790356454.027858,14027,idle,512.1,,,0,0,0,0
1448787612925665,1790356454.187594,14187,idle,552.5,,,0,0,0,0
1448787763217520,1790356454.337886,14337,idle,612.3,,,0,0,0,0
1448787920392180,1790356454.495062,14495,decode,1314.1,,,0,0,1,0
1448788073314475,1790356454.647984,14647,idle,445.6,,,0,0,0,0
1448788232799167,1790356454.807468,14807,idle,612.7,,,0,0,0,0
1448788383282518,1790356454.957951,14957,idle,583.2,,,0,0,0,0
1448788654599985,1790356455.229270,229,tx,50607.0,,,1,0,0,1
1448788806510320,1790356455.381179,381,tx,51776.2,,,1,0,0,1
1448788959097687,1790356455.533768,533,tx,51688.7,,,1,0,0,1
1448789112513682,1790356455.687182,687,tx,51794.8,,,1,0,0,1
1448789265145605,1790356455.839815,839,tx,51683.0,,,1,0,0,1
1448789418272666,1790356455.992942,992,tx,50823.6,,,1,0,0,1
1448789570776789,1790356456.145446,1145,tx,52164.1,,,1,0,0,1
1448789724443268,1790356456.299112,1299,tx,50870.4,,,1,0,0,1
1448789876120642,1790356456.450790,1450,tx,50624.5,,,1,0,0,1
1448790028353362,1790356456.603023,1603,tx,64626.8,,,1,0,0,1
1448790184239533,1790356456.758909,1758,tx,51973.0,,,1,0,0,1
1448790337541233,1790356456.912210,1912,tx,50889.9,,,1,0,0,1
1448790490625860,1790356457.065295,2065,tx,64093.9,,,1,0,0,1
1448790643967302,1790356457.218636,2218,tx,52014.4,,,1,0,0,1
1448790797429168,1790356457.372097,2372,tx,50896.6,,,1,0,0,1
1448790949764005,1790356457.524433,2524,tx,52625.2,,,1,0,0,1
1448791103154946,1790356457.677825,2677,tx,51606.1,,,1,0,0,1
1448791255708556,1790356457.830378,2830,tx,50639.4,,,1,0,0,1
1448791407728107,1790356457.982397,2982,tx,51178.7,,,1,0,0,1
1448791563332055,1790356458.138001,3138,tx,50870.7,,,1,0,0,1
1448791715365997,1790356458.290035,3290,tx,51685.9,,,1,0,0,1
1448791868190584,1790356458.442861,3442,tx,50622.3,,,1,0,0,1
1448792020463963,1790356458.595132,3595,tx,51827.9,,,1,0,0,1
1448792173111894,1790356458.747782,3747,tx,50722.4,,,1,0,0,1
1448792325404061,1790356458.900072,3900,tx,51788.1,,,1,0,0,1
1448792478144668,1790356459.052813,4052,tx,51717.6,,,1,0,0,1
1448792631469561,1790356459.206138,4206,tx,51737.7,,,1,0,0,1
1448792784536680,1790356459.359206,4359,tx,50888.3,,,1,0,0,1
1448792936783309,1790356459.511452,4511,tx,51085.1,,,1,0,0,1
1448793089084960,1790356459.663755,4663,tx,51691.0,,,1,0,0,1
1448793244434435,1790356459.819103,4819,tx,51170.0,,,1,0,0,1
1448793396976333,1790356459.971644,4971,tx,51858.1,,,1,0,0,1
1448793550520688,1790356460.125190,5125,tx,52640.1,,,1,0,0,1
1448793703260329,1790356460.277930,5277,tx,51516.3,,,1,0,0,1
1448793855775122,1790356460.430444,5430,tx,51498.7,,,1,0,0,1
1448794008296197,1790356460.582965,5582,tx,86581.2,,,1,0,0,1
1448794166370395,1790356460.741039,5741,tx,50854.7,,,1,0,0,1
1448794318335746,1790356460.893005,5893,tx,63361.8,,,1,0,0,1
1448794471192676,1790356461.045862,6045,tx,51699.4,,,1,0,0,1
1448794624359762,1790356461.199029,6199,tx,50912.8,,,1,0,0,1
1448794776595328,1790356461.351264,6351,tx,51833.4,,,1,0,0,1
1448794929671011,1790356461.504339,6504,tx,51828.4,,,1,0,0,1
1448795082642457,1790356461.657312,6657,tx,50585.8,,,1,0,0,1
1448795234307346,1790356461.808976,6808,tx,50770.1,,,1,0,0,1
1448795386414600,1790356461.961082,6961,tx,50872.5,,,1,0,0,1
1448795538352984,1790356462.113022,7113,tx,55489.9,,,1,0,0,1
1448795695158259,1790356462.269828,7269,tx,51698.1,,,1,0,0,1
1448795847966912,1790356462.422636,7422,tx,51893.3,,,1,0,0,1
1448796001588301,1790356462.576257,7576,tx,50781.8,,,1,0,0,1
1448796153725657,1790356462.728395,7728,tx,51799.9,,,1,0,0,1
1448796306317832,1790356462.880987,7880,tx,51711.8,,,1,0,0,1
1448796459419412,1790356463.034088,8034,tx,50787.0,,,1,0,0,1
1448796611748753,1790356463.186418,8186,tx,52266.8,,,1,0,0,1
1448796765441420,1790356463.340110,8340,tx,50838.6,,,1,0,0,1
1448796917795225,1790356463.492465,8492,tx,52012.8,,,1,0,0,1
1448797073305313,1790356463.647975,8647,tx,50524.0,,,1,0,0,1
1448797225179900,1790356463.799849,8799,tx,51808.2,,,1,0,0,1
1448797378380017,1790356463.953049,8953,tx,51915.0,,,1,0,0,1
1448797531547189,1790356464.106215,9106,tx,51686.3,,,1,0,0,1
1448797684195747,1790356464.258865,9258,tx,51670.5,,,1,0,0,1
1448797837177403,1790356464.411846,9411,tx,51817.5,,,1,0,0,1
1448797990490957,1790356464.565160,9565,tx,50881.7,,,1,0,0,1
1448798143934736,1790356464.718604,9718,tx,63693.3,,,1,0,0,1
1448798296706427,1790356464.871376,9871,tx,51678.8,,,1,0,0,1
1448798449577205,1790356465.024245,10024,tx,50817.3,,,1,0,0,1
1448798601836754,1790356465.176504,10176,tx,52228.3,,,1,0,0,1
1448798755345636,1790356465.330014,10330,tx,50860.6,,,1,0,0,1
1448798907142062,1790356465.481812,10481,tx,51721.3,,,1,0,0,1
1448799060541214,1790356465.635209,10635,tx,51800.0,,,1,0,0,1
1448799213404720,1790356465.788073,10788,tx,50862.8,,,1,0,0,1
1448799365352414,1790356465.940021,10940,tx,51951.8,,,1,0,0,1
1448799521529678,1790356466.096200,11096,tx,70698.6,,,1,0,0,1
1448799673246750,1790356466.247916,11247,tx,51180.4,,,1,0,0,1
1448799825648562,1790356466.400318,11400,tx,50661.8,,,1,0,0,1
1448799977342694,1790356466.552011,11552,tx,51969.4,,,1,0,0,1
1448800131031849,1790356466.705701,11705,tx,51833.9,,,1,0,0,1
1448800283848560,1790356466.858518,11858,tx,51485.8,,,1,0,0,1
1448800436571976,1790356467.011240,12011,tx,50818.5,,,1,0,0,1
1448800589168045,1790356467.163837,12163,tx,50766.0,,,1,0,0,1
1448800741533679,1790356467.316202,12316,tx,51889.0,,,1,0,0,1
1448800894264577,1790356467.468934,12468,tx,51626.4,,,1,0,0,1
1448801052308908,1790356467.626978,12626,tx,51734.2,,,1,0,0,1
1448801205775593,1790356467.780444,12780,tx,51182.1,,,1,0,0,1
1448801358421176,1790356467.933090,12933,tx,51767.8,,,1,0,0,1
1448801511184195,1790356468.085854,13085,tx,51667.1,,,1,0,0,1
1448801664840792,1790356468.239510,13239,tx,51055.7,,,1,0,0,1
1448801817592085,1790356468.392259,13392,tx,50804.5,,,1,0,0,1
1448801970154448,1790356468.544824,13544,tx,63430.9,,133880.6,1,0,0,1
1448802124236361,1790356468.698906,13698,idle,51605.9,,,0,0,0,0
1448802277757521,1790356468.852426,13852,idle,52106.1,,,0,0,0,0
1448802450528109,1790356469.025197,14025,idle,1467.9,,,0,0,0,0
1448802603181469,1790356469.177851,14177,idle,2644.3,,,0,0,0,0
1448802755911027,1790356469.330581,14330,idle,217.9,,,0,0,0,0
1448802913763922,1790356469.488433,14488,idle,544.4,,,0,0,0,0
1448803073337924,1790356469.648007,14648,idle,507.9,,,0,0,0,0
1448803223656483,1790356469.798326,14798,idle,454.4,,,0,0,0,0
1448803383682891,1790356469.958353,14958,idle,225.0,,,0,0,0,0
1448803542810711,1790356470.117480,117,idle,488.4,,,0,0,0,0
1448803694228845,1790356470.268898,268,idle,591.6,,,0,0,0,0
1448803848502565,1790356470.423171,423,idle,638.3,,,0,0,0,0
1448804003558424,1790356470.578228,578,idle,361.4,,,0,0,0,0
1448804153787602,1790356470.728457,728,idle,223.6,,,0,0,0,0
1448804304082493,1790356470.878752,878,idle,3657.6,,,0,0,0,0
1448804459679345,1790356471.034348,1034,idle,578.8,,,0,0,0,0
1448804613813246,1790356471.188483,1188,idle,487.5,,,0,0,0,0
1448804773442619,1790356471.348112,1348,idle,210.9,,,0,0,0,0
1448804924441039,1790356471.499110,1499,idle,544.7,,,0,0,0,0
1448805083218720,1790356471.657887,1657,idle,550.4,,,0,0,0,0
1448805240966106,1790356471.815635,1815,idle,612.1,,,0,0,0,0
1448805394578022,1790356471.969248,1969,idle,273.2,,,0,0,0,0
1448805545897459,1790356472.120566,2120,idle,546.1,,,0,0,0,0
1448805704296650,1790356472.278965,2278,idle,5917.8,,,0,0,0,0
1448805863818056,1790356472.438487,2438,idle,456.9,,,0,0,0,0
1448806023486301,1790356472.598156,2598,idle,200.0,,,0,0,0,0
1448806173662242,1790356472.748332,2748,idle,266.2,,,0,0,0,0
1448806323853908,1790356472.898523,2898,idle,582.6,,,0,0,0,0
1448806474060753,1790356473.048730,3048,idle,585.5,,,0,0,0,0
1448806624631443,1790356473.199300,3199,idle,567.3,,,0,0,0,0
1448806775175569,1790356473.349845,3349,idle,196.0,,,0,0,0,0
1448806925248094,1790356473.499917,3499,idle,550.1,,,0,0,0,0
1448807084843623,1790356473.659511,3659,idle,502.5,,,0,0,0,0
1448807238183996,1790356473.812852,3812,idle,480.4,,,0,0,0,0
1448807394991646,1790356473.969661,3969,idle,302.1,,,0,0,0,0
1448807545368554,1790356474.120038,4120,idle,676.3,,,0,0,0,0
1448807695422484,1790356474.270092,4270,idle,555.7,,,0,0,0,0
1448807851119965,1790356474.425789,4425,idle,743.2,,,0,0,0,0
1448808004930845,1790356474.579601,4579,idle,36674.2,,,0,0,0,0
1448808162578570,1790356474.737248,4737,idle,243.2,,,0,0,0,0
1448808312926891,1790356474.887595,4887,idle,587.5,,,0,0,0,0
1448808463343903,1790356475.038013,5038,idle,643.3,,,0,0,0,0
1448808623414889,1790356475.198084,5198,idle,558.6,,,0,0,0,0
1448808782863314,1790356475.357533,5357,idle,251.7,,,0,0,0,0
1448808933643897,1790356475.508312,5508,idle,666.8,,,0,0,0,0
1448809092419275,1790356475.667089,5667,idle,224.5,,,0,0,0,0
1448809244221413,1790356475.818891,5818,idle,208.3,,,0,0,0,0
1448809402395866,1790356475.977066,5977,idle,3005.6,,,0,0,0,0
1448809562599384,1790356476.137269,6137,idle,426.5,,,0,0,0,0
1448809713880318,1790356476.288548,6288,idle,972.1,,,0,0,0,0
1448809864419313,1790356476.439088,6439,idle,539.0,,,0,0,0,0
1448810023223115,1790356476.597893,6597,idle,207.8,,,0,0,0,0
1448810173937837,1790356476.748607,6748,idle,568.1,,,0,0,0,0
1448810333565895,1790356476.908234,6908,idle,599.2,,,0,0,0,0
1448810493545429,1790356477.068215,7068,idle,273.4,,,0,0,0,0
1448810652833171,1790356477.227503,7227,idle,256.4,,,0,0,0,0
1448810803426321,1790356477.378096,7378,idle,177.3,,,0,0,0,0
1448810963467244,1790356477.538137,7538,idle,253.1,,,0,0,0,0
1448811122201324,1790356477.696871,7696,idle,256.5,,,0,0,0,0
1448811273166702,1790356477.847836,7847,idle,444.5,,,0,0,0,0
1448811433072084,1790356478.007742,8007,idle,245.8,,,0,0,0,0
1448811583369477,1790356478.158038,8158,idle,582.4,,,0,0,0,0
1448811733606358,1790356478.308275,8308,idle,328.6,,,0,0,0,0
1448811893075461,1790356478.467743,8467,idle,617.5,,,0,0,0,0
1448812046974413,1790356478.621644,8621,idle,256.8,,,0,0,0,0
1448812202440053,1790356478.777110,8777,idle,4281.1,,,0,0,0,0
1448812362258369,1790356478.936927,8936,idle,407.1,,,0,0,0,0
1448812512974338,1790356479.087643,9087,idle,29291.5,,,0,0,0,0
1448812664071857,1790356479.238741,9238,idle,266.8,,,0,0,0,0
1448812816210965,1790356479.390880,9390,idle,265.5,,,0,0,0,0
1448812973738460,1790356479.548408,9548,idle,229.1,,,0,0,0,0
1448813123955540,1790356479.698625,9698,idle,499.0,,,0,0,0,0
1448813283942685,1790356479.858612,9858,idle,405.0,,,0,0,0,0
1448813435817035,1790356480.010487,10010,idle,406.7,,,0,0,0,0
1448813593485610,1790356480.168154,10168,idle,648.6,,,0,0,0,0
1448813750134700,1790356480.324804,10324,idle,599.6,,,0,0,0,0
1448813903662320,1790356480.478330,10478,idle,11120.1,,,0,0,0,0
1448814062520631,1790356480.637190,10637,idle,363.4,,,0,0,0,0
1448814212747110,1790356480.787417,10787,idle,199.3,,,0,0,0,0
1448814363998960,1790356480.938668,10938,idle,528.8,,,0,0,0,0
1448814523386756,1790356481.098055,11098,idle,536.7,,,0,0,0,0
1448814673682019,1790356481.248350,11248,idle,582.2,,,0,0,0,0
1448814833295431,1790356481.407965,11407,idle,247.2,,,0,0,0,0
1448814993209268,1790356481.567878,11567,idle,560.3,,,0,0,0,0
1448815150816854,1790356481.725486,11725,idle,645.1,,,0,0,0,0
1448815305427727,1790356481.880098,11880,decode,158.7,,,0,0,1,0
1448815465215279,1790356482.039885,12039,idle,234.5,,,0,0,0,0
1448815621908690,1790356482.196577,12196,idle,563.0,,,0,0,0,0
1448815772079187,1790356482.346748,12346,idle,561.4,,,0,0,0,0
1448815922478110,1790356482.497147,12497,idle,570.8,,,0,0,0,0
1448816081933331,1790356482.656603,12656,idle,252.4,,,0,0,0,0
1448816232572347,1790356482.807242,12807,idle,317.6,,,0,0,0,0
1448816382752893,1790356482.957422,12957,idle,560.5,,,0,0,0,0
1448816537457497,1790356483.112126,13112,idle,671.7,,,0,0,0,0
1448816693022913,1790356483.267670,13267,idle,505.9,,,0,0,0,0
1448816843072530,1790356483.417742,13417,idle,194.4,,,0,0,0,0
1448817001722280,1790356483.576392,13576,decode,39766.0,,,0,0,1,0
1448817152693649,1790356483.727362,13727,idle,652.3,,,0,0,0,0
1448817303189362,1790356483.877858,13877,idle,6254.9,,,0,0,0,0
1448817462756049,1790356484.037426,14037,idle,230.8,,,0,0,0,0
1448817613113267,1790356484.187782,14187,idle,577.2,,,0,0,0,0
1448817763672257,1790356484.338341,14338,idle,2909.7,,,0,0,0,0
1448817920862767,1790356484.495533,14495,decode,229.3,,,0,0,1,0
1448818072391907,1790356484.647062,14647,idle,236.1,,,0,0,0,0
1448818223165825,1790356484.797835,14797,idle,554.2,,,0,0,0,0
1448818373326822,1790356484.947996,14947,idle,663.3,,,0,0,0,0
1448818523344669,1790356485.098014,98,idle,181276.2,,,0,0,0,1
1448818765476111,1790356485.340146,340,tx,51569.4,,,1,0,0,1
1448818918901040,1790356485.493571,493,tx,51527.0,,,1,0,0,1
1448819071577487,1790356485.646247,646,tx,51506.9,,,1,0,0,1
1448819225115865,1790356485.799785,799,tx,51971.7,,,1,0,0,1
1448819377782116,1790356485.952452,952,tx,50447.7,,,1,0,0,1
1448819529671046,1790356486.104340,1104,tx,50714.8,,,1,0,0,1
1448819681787168,1790356486.256455,1256,tx,51930.8,,,1,0,0,1
1448819835120709,1790356486.409789,1409,tx,51986.7,,,1,0,0,1
1448819988412081,1790356486.563082,1563,tx,51636.6,,,1,0,0,1
1448820141229780,1790356486.715898,1715,tx,50878.5,,,1,0,0,1
1448820293665394,1790356486.868334,1868,tx,50742.4,,,1,0,0,1
1448820450179931,1790356487.024849,2024,tx,54795.0,,,1,0,0,1
1448820603946519,1790356487.178616,2178,tx,50564.7,,,1,0,0,1
1448820755422042,1790356487.330091,2330,tx,51790.6,,,1,0,0,1
1448820908773131,1790356487.483443,2483,tx,50578.7,,,1,0,0,1
1448821061130827,1790356487.635800,2635,tx,52045.5,,,1,0,0,1
1448821215039497,1790356487.789708,2789,tx,52094.0,,,1,0,0,1
1448821367990522,1790356487.942660,2942,tx,57247.9,,,1,0,0,1
1448821520929287,1790356488.095599,3095,tx,70596.6,,,1,0,0,1
1448821672914667,1790356488.247583,3247,tx,51887.7,,,1,0,0,1
1448821826524986,1790356488.401194,3401,tx,51605.8,,,1,0,0,1
1448821980205974,1790356488.554876,3554,tx,51833.5,,,1,0,0,1
1448822134070912,1790356488.708739,3708,tx,52046.7,,,1,0,0,1
1448822287598831,1790356488.862268,3862,tx,51740.8,,,1,0,0,1
1448822441176133,1790356489.015845,4015,tx,51929.0,,,1,0,0,1
1448822594616777,1790356489.169287,4169,tx,51549.7,,,1,0,0,1
1448822747134046,1790356489.321803,4321,tx,51964.3,,,1,0,0,1
1448822901050718,1790356489.475719,4475,tx,52175.2,,,1,0,0,1
1448823053510425,1790356489.628180,4628,tx,51744.3,,,1,0,0,1
1448823206901235,1790356489.781571,4781,tx,51729.7,,,1,0,0,1
1448823359386879,1790356489.934057,4934,tx,51768.5,,,1,0,0,1
1448823512174151,1790356490.086843,5086,tx,52185.0,,,1,0,0,1
1448823665537466,1790356490.240206,5240,tx,50790.0,,,1,0,0,1
1448823817699330,1790356490.392368,5392,tx,51647.2,,,1,0,0,1
1448823970402501,1790356490.545072,5545,tx,51679.9,,,1,0,0,1
1448824125244341,1790356490.699913,5699,tx,50846.3,,,1,0,0,1
1448824277838646,1790356490.852507,5852,tx,51806.2,,,1,0,0,1
1448824431331377,1790356491.006001,6006,tx,51735.6,,,1,0,0,1
1448824584647260,1790356491.159317,6159,tx,51533.6,,,1,0,0,1
1448824738140902,1790356491.312810,6312,tx,52004.3,,,1,0,0,1
1448824891667723,1790356491.466336,6466,tx,51883.6,,,1,0,0,1
1448825045515351,1790356491.620184,6620,tx,50795.7,,,1,0,0,1
1448825197444016,1790356491.772114,6772,tx,59876.7,,,1,0,0,1
1448825350292778,1790356491.924962,6924,tx,53540.1,,,1,0,0,1
1448825504189965,1790356492.078859,7078,tx,88223.2,,,1,0,0,1
1448825663443613,1790356492.238113,7238,tx,51700.6,,,1,0,0,1
1448825817059999,1790356492.391730,7391,tx,50532.6,,,1,0,0,1
1448825968560968,1790356492.543231,7543,tx,51645.2,,,1,0,0,1
1448826121660792,1790356492.696329,7696,tx,51901.8,,,1,0,0,1
1448826275048084,1790356492.849715,7849,tx,52147.7,,,1,0,0,1
1448826428915119,1790356493.003584,8003,tx,51815.6,,,1,0,0,1
1448826581765748,1790356493.156435,8156,tx,51496.5,,,1,0,0,1
1448826735116759,1790356493.309786,8309,tx,52016.9,,,1,0,0,1
1448826889107008,1790356493.463776,8463,tx,51037.6,,,1,0,0,1
1448827048599268,1790356493.623268,8623,tx,51773.3,,,1,0,0,1
1448827201427431,1790356493.776097,8776,tx,51775.6,,,1,0,0,1
1448827354371048,1790356493.929040,8929,tx,50802.4,,,1,0,0,1
1448827506315312,1790356494.080984,9080,tx,50868.6,,,1,0,0,1
1448827658131608,1790356494.232799,9232,tx,52012.8,,,1,0,0,1
1448827810915478,1790356494.385585,9385,tx,51434.2,,,1,0,0,1
1448827963970733,1790356494.538640,9538,tx,51638.0,,,1,0,0,1
1448828117628936,1790356494.692297,9692,tx,51850.6,,,1,0,0,1
1448828270947796,1790356494.845617,9845,tx,52375.9,,,1,0,0,1
1448828424424608,1790356494.999094,9999,tx,51664.4,,,1,0,0,1
1448828577379976,1790356495.152049,10152,tx,51910.8,,,1,0,0,1
1448828731118451,1790356495.305787,10305,tx,51162.7,,,1,0,0,1
1448828884269025,1790356495.458936,10458,tx,50982.4,,,1,0,0,1
1448829036426181,1790356495.611096,10611,tx,62353.9,,,1,0,0,1
1448829191673062,1790356495.766343,10766,tx,51694.7,,,1,0,0,1
1448829344869368,1790356495.919538,10919,tx,50826.7,,,1,0,0,1
1448829496961295,1790356496.071630,11071,tx,51708.3,,,1,0,0,1
1448829649786733,1790356496.224456,11224,tx,53539.9,,,1,0,0,1
1448829802541780,1790356496.377211,11377,tx,50671.0,,,1,0,0,1
1448829954372839,1790356496.529041,11529,tx,51880.8,,,1,0,0,1
1448830108019822,1790356496.682689,11682,tx,51592.4,,,1,0,0,1
1448830260941942,1790356496.835609,11835,tx,51883.5,,,1,0,0,1
1448830413554531,1790356496.988224,11988,tx,51567.4,,,1,0,0,1
1448830566770122,1790356497.141439,12141,tx,51825.7,,,1,0,0,1
1448830719700826,1790356497.294370,12294,tx,51869.9,,,1,0,0,1
1448830872983356,1790356497.447652,12447,tx,50875.7,,,1,0,0,1
1448831026269519,1790356497.600939,12600,tx,65212.5,,,1,0,0,1
1448831182563137,1790356497.757232,12757,tx,50796.7,,,1,0,0,1
1448831334767807,1790356497.909437,12909,tx,52058.8,,,1,0,0,1
1448831488121429,1790356498.062790,13062,tx,52107.1,,,1,0,0,1
1448831643532266,1790356498.218202,13218,tx,51631.3,,,1,0,0,1
1448831796145761,1790356498.370815,13370,tx,50566.1,,,1,0,0,1
1448831948243369,1790356498.522912,13522,tx,51998.3,,164339.0,1,0,0,1
1448832102287739,1790356498.676957,13676,tx,51933.0,,,0,0,0,0
1448832255665436,1790356498.830334,13830,idle,51855.4,,,0,0,0,0
1448832459183747,1790356499.033854,14033,idle,708.9,,,0,0,0,0
1448832616680756,1790356499.191350,14191,idle,576.6,,,0,0,0,0
1448832766717438,1790356499.341387,14341,idle,552.4,,,0,0,0,0
1448832917081015,1790356499.491749,14491,idle,542.3,,,0,0,0,0
1448833075741096,1790356499.650411,14650,idle,220.4,,,0,0,0,0
1448833226562935,1790356499.801232,14801,idle,565.3,,,0,0,0,0
1448833376937404,1790356499.951606,14951,idle,617.3,,,0,0,0,0
1448833536221897,1790356500.110891,110,idle,638.4,,,0,0,0,0
1448833695941513,1790356500.270611,270,idle,214.1,,,0,0,0,0
1448833846637106,1790356500.421306,421,idle,583.1,,,0,0,0,0
1448833996620625,1790356500.571290,571,idle,335.3,,,0,0,0,0
1448834146944141,1790356500.721613,721,idle,537.8,,,0,0,0,0
1448834306729741,1790356500.881400,881,idle,204.5,,,0,0,0,0
1448834466781253,1790356501.041450,1041,idle,538.5,,,0,0,0,0
1448834626810115,1790356501.201480,1201,idle,228.6,,,0,0,0,0
1448834786893600,1790356501.361561,1361,idle,582.9,,,0,0,0,0
1448834946590384,1790356501.521260,1521,idle,258.2,,,0,0,0,0
1448835106414018,1790356501.681083,1681,idle,4256.7,,,0,0,0,0
1448835256890600,1790356501.831559,1831,idle,552.2,,,0,0,0,0
1448835416465408,1790356501.991134,1991,idle,601.2,,,0,0,0,0
1448835576341909,1790356502.151011,2151,idle,415.2,,,0,0,0,0
1448835735935620,1790356502.310605,2310,idle,355.1,,,0,0,0,0
1448835887242129,1790356502.461911,2461,idle,565.0,,,0,0,0,0
1448836046670914,1790356502.621340,2621,idle,453.7,,,0,0,0,0
1448836197089710,1790356502.771758,2771,idle,523.6,,,0,0,0,0
1448836356668188,1790356502.931338,2931,idle,230.4,,,0,0,0,0
1448836516835579,1790356503.091504,3091,idle,18248.4,,,0,0,0,0
1448836676234803,1790356503.250904,3250,idle,301.5,,,0,0,0,0
1448836836377521,1790356503.411046,3411,idle,752.3,,,0,0,0,0
1448836996060683,1790356503.570730,3570,idle,225.7,,,0,0,0,0
1448837146257745,1790356503.720927,3720,idle,541.6,,,0,0,0,0
1448837306370722,1790356503.881039,3881,idle,4336.8,,,0,0,0,0
1448837456779430,1790356504.031448,4031,idle,658.5,,,0,0,0,0
1448837606762353,1790356504.181432,4181,idle,223.9,,,0,0,0,0
1448837766208888,1790356504.340878,4340,idle,564.5,,,0,0,0,0
1448837916377093,1790356504.491046,4491,idle,560.4,,,0,0,0,0
1448838074512939,1790356504.649182,4649,idle,441.0,,,0,0,0,0
1448838226789499,1790356504.801457,4801,idle,650.4,,,0,0,0,0
1448838386398522,1790356504.961068,4961,idle,283.9,,,0,0,0,0
1448838536418263,1790356505.111087,5111,idle,660.3,,,0,0,0,0
1448838686667827,1790356505.261337,5261,idle,652.1,,,0,0,0,0
1448838837078400,1790356505.411748,5411,idle,566.3,,,0,0,0,0
1448838995855729,1790356505.570525,5570,idle,241.4,,,0,0,0,0
1448839146721692,1790356505.721390,5721,idle,608.6,,,0,0,0,0
1448839296976318,1790356505.871646,5871,idle,246.9,,,0,0,0,0
1448839457077254,1790356506.031746,6031,idle,649.1,,,0,0,0,0
1448839616165112,1790356506.190835,6190,idle,201.5,,,0,0,0,0
1448839766507123,1790356506.341177,6341,idle,233.0,,,0,0,0,0
1448839916832844,1790356506.491502,6491,idle,584.1,,,0,0,0,0
1448840076837518,1790356506.651506,6651,idle,557.4,,,0,0,0,0
1448840236320738,1790356506.810990,6810,idle,521.7,,,0,0,0,0
1448840395933092,1790356506.970603,6970,idle,186.7,,,0,0,0,0
1448840546936909,1790356507.121606,7121,idle,616.1,,,0,0,0,0
1448840706995454,1790356507.281664,7281,idle,3926.6,,,0,0,0,0
1448840866413824,1790356507.441083,7441,idle,553.8,,,0,0,0,0
1448841026030108,1790356507.600699,7600,idle,6182.0,,,0,0,0,0
1448841177119560,1790356507.751789,7751,idle,564.5,,,0,0,0,0
1448841336496520,1790356507.911165,7911,idle,614.8,,,0,0,0,0
1448841496483766,1790356508.071153,8071,idle,624.5,,,0,0,0,0
1448841655776864,1790356508.230447,8230,idle,248.5,,,0,0,0,0
1448841806428197,1790356508.381097,8381,idle,13699.4,,,0,0,0,0
1448841965942193,1790356508.540612,8540,idle,205.3,,,0,0,0,0
1448842116571188,1790356508.691241,8691,idle,182.1,,,0,0,0,0
1448842275792240,1790356508.850462,8850,idle,200.6,,,0,0,0,0
1448842426167235,1790356509.000834,9000,idle,654.6,,,0,0,0,0
1448842586269935,1790356509.160938,9160,idle,569.6,,,0,0,0,0
1448842736637908,1790356509.311306,9311,idle,621.2,,,0,0,0,0
1448842886860821,1790356509.461529,9461,idle,557.9,,,0,0,0,0
1448843046618913,1790356509.621287,9621,idle,596.0,,,0,0,0,0
1448843197076354,1790356509.771744,9771,idle,517.0,,,0,0,0,0
1448843356273235,1790356509.930940,9930,idle,583.1,,,0,0,0,0
1448843506591010,1790356510.081259,10081,idle,10957.4,,,0,0,0,0
1448843666251996,1790356510.240922,10240,idle,232.0,,,0,0,0,0
1448843826376135,1790356510.401045,10401,idle,550.1,,,0,0,0,0
1448843976849940,1790356510.551519,10551,idle,389.2,,,0,0,0,0
1448844136975051,1790356510.711644,10711,idle,597.4,,,0,0,0,0
1448844295884757,1790356510.870555,10870,idle,221.0,,,0,0,0,0
1448844446695660,1790356511.021365,11021,idle,608.0,,,0,0,0,0
1448844606689709,1790356511.181358,11181,idle,3860.8,,,0,0,0,0
1448844757058964,1790356511.331727,11331,idle,647.0,,,0,0,0,0
1448844916075784,1790356511.490746,11490,idle,229.5,,,0,0,0,0
1448845076155725,1790356511.650825,11650,idle,602.4,,,0,0,0,0
1448845226212649,1790356511.800879,11800,idle,589.9,,,0,0,0,0
1448845386192321,1790356511.960862,11960,decode,226.9,,,0,0,1,0
1448845540915602,1790356512.115586,12115,idle,221.5,,,0,0,0,0
1448845696206737,1790356512.270876,12270,idle,226.8,,,0,0,0,0
1448845847319719,1790356512.421989,12421,idle,572.4,,,0,0,0,0
1448846006593542,1790356512.581263,12581,idle,3327.1,,,0,0,0,0
1448846157075416,1790356512.731743,12731,idle,637.4,,,0,0,0,0
1448846315669178,1790356512.890339,12890,idle,233.3,,,0,0,0,0
1448846466297280,1790356513.040967,13040,idle,361.1,,,0,0,0,0
1448846616683182,1790356513.191353,13191,idle,370.6,,,0,0,0,0
1448846776400125,1790356513.351069,13351,idle,398.5,,,0,0,0,0
1448846936071476,1790356513.510741,13510,idle,1163.7,,,0,0,0,0
1448847096150986,1790356513.670821,13670,idle,278.3,,,0,0,0,0
1448847247721475,1790356513.822390,13822,idle,558.3,,,0,0,0,0
1448847407103983,1790356513.981773,13981,idle,430.9,,,0,0,0,0
1448847560599533,1790356514.135269,14135,idle,251.2,,,0,0,0,0
1448847716070910,1790356514.290741,14290,idle,254.9,,,0,0,0,0
1448847875858220,1790356514.450528,14450,decode,227.1,,,0,0,1,0
1448848031342565,1790356514.606012,14606,idle,283.7,,,0,0,0,0
1448848186235403,1790356514.760905,14760,idle,323.2,,,0,0,0,0
1448848346242506,1790356514.920912,14920,idle,241.3,,,0,0,0,0
1448848506052815,1790356515.080722,80,idle,27998.6,,,0,0,0,0
1448848656442095,1790356515.231111,231,idle,671.9,,,0,0,0,0
1448848816178678,1790356515.390848,390,idle,292.3,,,0,0,0,0
1448848966836412,1790356515.541506,541,idle,251.3,,,0,0,0,0
1448849126903296,1790356515.701571,701,idle,577.9,,,0,0,0,0
1448849286193895,1790356515.860862,860,idle,668.7,,,0,0,0,0
1448849436293315,1790356516.010963,1010,idle,320.5,,,0,0,0,0
1448849586358069,1790356516.161028,1161,idle,248.9,,,0,0,0,0
1448849738130852,1790356516.312798,1312,idle,5269.0,,,0,0,0,0
1448849896918629,1790356516.471587,1471,idle,609.8,,,0,0,0,0
1448850054361347,1790356516.629031,1629,idle,307.0,,,0,0,0,0
1448850206804452,1790356516.781474,1781,idle,4494.6,,,0,0,0,0
1448850366538102,1790356516.941208,1941,idle,223.7,,,0,0,0,0
1448850516719608,1790356517.091388,2091,idle,1517.5,,,0,0,0,0
1448850666891220,1790356517.241560,2241,idle,621.8,,,0,0,0,0
1448850827027095,1790356517.401696,2401,idle,410.7,,,0,0,0,0
1448850986734377,1790356517.561404,2561,idle,225.0,,,0,0,0,0
1448851146755424,1790356517.721424,2721,idle,562.3,,,0,0,0,0
1448851296812621,1790356517.871482,2871,idle,424.3,,,0,0,0,0
1448851456488983,1790356518.031159,3031,idle,312.8,,,0,0,0,0
1448851616026862,1790356518.190696,3190,idle,253.3,,,0,0,0,0
1448851766701943,1790356518.341371,3341,idle,493.8,,,0,0,0,0
1448851916754141,1790356518.491423,3491,idle,507.2,,,0,0,0,0
1448852076569453,1790356518.651239,3651,idle,258.1,,,0,0,0,0
1448852235764707,1790356518.810434,3810,idle,234.2,,,0,0,0,0
1448852386216518,1790356518.960886,3960,idle,354.2,,,0,0,0,0
1448852546072505,1790356519.120741,4120,idle,375.5,,,0,0,0,0
1448852696884053,1790356519.271553,4271,idle,564.8,,,0,0,0,0
1448852856573737,1790356519.431243,4431,idle,258.2,,,0,0,0,0
1448853016082464,1790356519.590751,4590,idle,18199.1,,,0,0,0,0
1448853166500376,1790356519.741170,4741,idle,405.5,,,0,0,0,0
1448853326598328,1790356519.901268,4901,idle,625.5,,,0,0,0,0
1448853476921045,1790356520.051590,5051,idle,332.2,,,0,0,0,0
1448853636247472,1790356520.210917,5210,idle,236.6,,,0,0,0,0
1448853796124838,1790356520.370794,5370,idle,705.5,,,0,0,0,0
1448853947275161,1790356520.521945,5521,idle,361.3,,,0,0,0,0
1448854106439881,1790356520.681109,5681,idle,303.0,,,0,0,0,0
1448854266160237,1790356520.840830,5840,idle,238.3,,,0,0,0,0
1448854416531113,1790356520.991201,5991,idle,194.9,,,0,0,0,0
1448854572486478,1790356521.147156,6147,idle,259.3,,,0,0,0,0
1448854725893230,1790356521.300562,6300,idle,358.6,,,0,0,0,0
1448854876827525,1790356521.451497,6451,idle,231.2,,,0,0,0,0
1448855036026519,1790356521.610697,6610,idle,164.0,,,0,0,0,0
1448855186391086,1790356521.761060,6761,idle,576.9,,,0,0,0,0
1448855336857799,1790356521.911527,6911,idle,600.4,,,0,0,0,0
1448855496358262,1790356522.071027,7071,idle,575.9,,,0,0,0,0
1448855655828600,1790356522.230498,7230,idle,170.1,,,0,0,0,0
1448855806871726,1790356522.381540,7381,idle,3262.2,,,0,0,0,0
1448855966341912,1790356522.541012,7541,idle,409.8,,,0,0,0,0
1448856117259645,1790356522.691929,7691,idle,466.6,,,0,0,0,0
1448856275885073,1790356522.850555,7850,idle,216.1,,,0,0,0,0
1448856426454330,1790356523.001122,8001,idle,594.2,,,0,0,0,0
1448856576868350,1790356523.151536,8151,idle,652.8,,,0,0,0,0
1448856736252040,1790356523.310921,8310,idle,524.3,,,0,0,0,0
1448856896126006,1790356523.470796,8470,idle,193.7,,,0,0,0,0
1448857046659145,1790356523.621328,8621,idle,439.7,,,0,0,0,0
1448857196978193,1790356523.771647,8771,idle,502.1,,,0,0,0,0
1448857356600718,1790356523.931267,8931,idle,522.5,,,0,0,0,0
1448857506848750,1790356524.081517,9081,idle,26163.8,,,0,0,0,0
1448857666029131,1790356524.240699,9240,idle,129.8,,,0,0,0,0
1448857817118970,1790356524.391788,9391,idle,502.9,,,0,0,0,0
1448857976630732,1790356524.551300,9551,idle,551.3,,,0,0,0,0
1448858126680558,1790356524.701349,9701,idle,610.0,,,0,0,0,0
1448858286416768,1790356524.861087,9861,idle,205.1,,,0,0,0,0
1448858436536618,1790356525.011205,10011,idle,738.3,,,0,0,0,0
1448858586852188,1790356525.161521,10161,idle,663.1,,,0,0,0,0
1448858746616650,1790356525.321285,10321,idle,676.9,,,0,0,0,0
1448858906501555,1790356525.481171,10481,idle,193.9,,,0,0,0,0
1448859065344945,1790356525.640011,10640,idle,556.7,,,0,0,0,0
1448859216808428,1790356525.791476,10791,idle,663.3,,,0,0,0,0
1448859376422019,1790356525.951091,10951,idle,605.5,,,0,0,0,0
1448859536017757,1790356526.110687,11110,idle,197.2,,,0,0,0,0
1448859686784151,1790356526.261452,11261,idle,666.3,,,0,0,0,0
1448859837211042,1790356526.411880,11411,idle,548.4,,,0,0,0,0
1448859997150899,1790356526.571820,11571,idle,402.5,,,0,0,0,0
1448860156724747,1790356526.731395,11731,idle,227.4,,,0,0,0,0
1448860310535590,1790356526.885205,11885,decode,197.0,,,0,0,1,0
1448860462237446,1790356527.036907,12036,idle,377.9,,,0,0,0,0
1448860616622056,1790356527.191291,12191,idle,552.8,,,0,0,0,0
1448860766868795,1790356527.341538,12341,idle,290.2,,,0,0,0,0
1448860926209381,1790356527.500878,12500,idle,571.7,,,0,0,0,0
1448861076811626,1790356527.651481,12651,idle,632.0,,,0,0,0,0
1448861236347796,1790356527.811017,12811,idle,636.6,,,0,0,0,0
1448861386672447,1790356527.961341,12961,idle,581.7,,,0,0,0,0
1448861546418951,1790356528.121089,13121,idle,213.2,,,0,0,0,0
1448861696619414,1790356528.271288,13271,idle,574.3,,,0,0,0,0
1448861847136447,1790356528.421804,13421,idle,620.8,,,0,0,0,0
1448861997211302,1790356528.571881,13571,decode,231.6,,,0,0,1,0
1448862156025328,1790356528.730695,13730,idle,251.9,,,0,0,0,0
1448862306503174,1790356528.881172,13881,idle,2484.9,,,0,0,0,0
1448862457100798,1790356529.031770,14031,idle,582.3,,,0,0,0,0
1448862617265443,1790356529.191934,14191,idle,610.6,,,0,0,0,0
1448862776524136,1790356529.351194,14351,idle,204.4,,,0,0,0,0
1448862927156378,1790356529.501826,14501,decode,173.6,,,0,0,1,0
1448863077655376,1790356529.652325,14652,idle,273.8,,,0,0,0,0
1448863237123745,1790356529.811793,14811,idle,545.9,,,0,0,0,0
1448863396662777,1790356529.971331,14971,idle,857.8,,,0,0,0,0
1448863552781393,1790356530.127451,127,idle,206.7,,,0,0,0,0
1448863707123169,1790356530.281792,281,idle,7477.1,,,0,0,0,0
1448863866735848,1790356530.441404,441,idle,555.4,,,0,0,0,0
1448864026517278,1790356530.601187,601,idle,267.4,,,0,0,0,0
1448864185973822,1790356530.760643,760,idle,248.6,,,0,0,0,0
1448864337000040,1790356530.911669,911,idle,629.2,,,0,0,0,0
1448864496215466,1790356531.070885,1070,idle,197.3,,,0,0,0,0
1448864646761584,1790356531.221430,1221,idle,549.5,,,0,0,0,0
1448864806745238,1790356531.381414,1381,idle,215.8,,,0,0,0,0
1448864966791377,1790356531.541460,1541,idle,393.2,,,0,0,0,0
1448865126787992,1790356531.701457,1701,idle,748.7,,,0,0,0,0
1448865286652231,1790356531.861321,1861,idle,604.7,,,0,0,0,0
1448865437135800,1790356532.011806,2011,idle,210.8,,,0,0,0,0
1448865596240370,1790356532.170909,2170,idle,553.1,,,0,0,0,0
1448865746748588,1790356532.321418,2321,idle,563.9,,,0,0,0,0
1448865906377731,1790356532.481047,2481,idle,242.1,,,0,0,0,0
1448866066284348,1790356532.640953,2640,idle,522.7,,,0,0,0,0
1448866225963086,1790356532.800632,2800,idle,778.8,,,0,0,0,0
1448866377038225,1790356532.951707,2951,idle,593.0,,,0,0,0,0
1448866537208417,1790356533.111877,3111,idle,585.3,,,0,0,0,0
1448866697037712,1790356533.271707,3271,idle,566.8,,,0,0,0,0
1448866856106819,1790356533.430777,3430,idle,225.0,,,0,0,0,0
1448867007282080,1790356533.581951,3581,idle,3218.4,,,0,0,0,0
1448867166710438,1790356533.741379,3741,idle,632.7,,,0,0,0,0
1448867317246327,1790356533.891915,3891,idle,594.3,,,0,0,0,0
1448867475965979,1790356534.050636,4050,idle,505.3,,,0,0,0,0
1448867627235508,1790356534.201904,4201,idle,628.6,,,0,0,0,0
1448867786890314,1790356534.361559,4361,idle,595.7,,,0,0,0,0
1448867946752506,1790356534.521420,4521,idle,649.8,,,0,0,0,0
1448868096907502,1790356534.671577,4671,idle,215.2,,,0,0,0,0
1448868246951920,1790356534.821621,4821,idle,389.9,,,0,0,0,0
1448868397425690,1790356534.972095,4972,idle,549.7,,,0,0,0,0
1448868557394501,1790356535.132063,5132,idle,557.8,,,0,0,0,0
1448868716997556,1790356535.291666,5291,idle,537.3,,,0,0,0,0
1448868876632429,1790356535.451302,5451,idle,558.9,,,0,0,0,0
1448869026941777,1790356535.601610,5601,idle,623.2,,,0,0,0,0
1448869177453469,1790356535.752122,5752,idle,636.0,,,0,0,0,0
1448869337399552,1790356535.912068,5912,idle,640.3,,,0,0,0,0
1448869495794498,1790356536.070465,6070,idle,216.5,,,0,0,0,0
1448869647491993,1790356536.222161,6222,idle,644.5,,,0,0,0,0
1448869807224244,1790356536.381893,6381,idle,827.3,,,0,0,0,0
1448869967081139,1790356536.541750,6541,idle,460.5,,,0,0,0,0
1448870126824368,1790356536.701494,6701,idle,251.7,,,0,0,0,0
1448870276954238,1790356536.851623,6851,idle,620.0,,,0,0,0,0
1448870436753817,1790356537.011423,7011,idle,706.0,,,0,0,0,0
1448870587196450,1790356537.161865,7161,idle,571.6,,,0,0,0,0
1448870746216054,1790356537.320885,7320,idle,240.6,,,0,0,0,0
1448870897195956,1790356537.471864,7471,idle,586.8,,,0,0,0,0
1448871055289016,1790356537.629958,7629,idle,658.0,,,0,0,0,0
1448871207292098,1790356537.781960,7781,idle,1337.2,,,0,0,0,0
1448871366751783,1790356537.941422,7941,idle,269.6,,,0,0,0,0
1448871526579492,1790356538.101248,8101,idle,558.5,,,0,0,0,0
1448871676670758,1790356538.251339,8251,idle,574.0,,,0,0,0,0
1448871826911308,1790356538.401580,8401,idle,604.6,,,0,0,0,0
1448871977078880,1790356538.551748,8551,idle,544.0,,,0,0,0,0
1448872136295528,1790356538.710965,8710,idle,211.5,,,0,0,0,0
1448872286432006,1790356538.861101,8861,idle,553.6,,,0,0,0,0
1448872436705098,1790356539.011374,9011,idle,634.4,,,0,0,0,0
1448872586940611,1790356539.161609,9161,idle,648.7,,,0,0,0,0
1448872746930171,1790356539.321600,9321,idle,262.4,,,0,0,0,0
1448872906766225,1790356539.481435,9481,idle,1570.7,,,0,0,0,0
1448873066654768,1790356539.641324,9641,idle,673.2,,,0,0,0,0
1448873217352895,1790356539.792022,9792,idle,481.6,,,0,0,0,0
1448873376262565,1790356539.950933,9950,idle,210.7,,,0,0,0,0
1448873526759215,1790356540.101429,10101,idle,440.8,,,0,0,0,0
1448873677082213,1790356540.251751,10251,idle,544.1,,,0,0,0,0
1448873836666476,1790356540.411334,10411,idle,632.3,,,0,0,0,0
1448873986993677,1790356540.561663,10561,idle,580.5,,,0,0,0,0
1448874146073551,1790356540.720743,10720,idle,608.9,,,0,0,0,0
1448874297037031,1790356540.871706,10871,idle,565.9,,,0,0,0,0
1448874456676863,1790356541.031346,11031,idle,560.0,,,0,0,0,0
1448874615957452,1790356541.190627,11190,idle,189.0,,,0,0,0,0
1448874766108349,1790356541.340778,11340,idle,211.3,,,0,0,0,0
1448874916242704,1790356541.490912,11490,idle,204.1,,,0,0,0,0
1448875066616847,1790356541.641286,11641,idle,616.9,,,0,0,0,0
1448875217143887,1790356541.791813,11791,idle,574.8,,,0,0,0,0
1448875370525560,1790356541.945195,11945,decode,152.3,,,0,0,1,0
1448875528321455,1790356542.102991,12102,idle,4600.8,,,0,0,0,0
1448875687173614,1790356542.261842,12261,idle,517.8,,,0,0,0,0
1448875837458531,1790356542.412127,12412,idle,515.5,,,0,0,0,0
1448875996380217,1790356542.571050,12571,idle,202.0,,,0,0,0,0
1448876156458813,1790356542.731128,12731,idle,703.7,,,0,0,0,0
1448876307238510,1790356542.881907,12881,idle,2911.1,,,0,0,0,0
1448876467267121,1790356543.041936,13041,idle,596.3,,,0,0,0,0
1448876626588657,1790356543.201258,13201,idle,285.7,,,0,0,0,0
1448876786217413,1790356543.360886,13360,idle,492.4,,,0,0,0,0
1448876936828055,1790356543.511497,13511,idle,579.4,,,0,0,0,0
1448877086929072,1790356543.661599,13661,idle,291.3,,,0,0,0,0
1448877237346938,1790356543.812016,13812,idle,565.3,,,0,0,0,0
1448877395907062,1790356543.970577,13970,idle,265.5,,,0,0,0,0
1448877546758278,1790356544.121428,14121,idle,565.3,,,0,0,0,0
1448877697300264,1790356544.271969,14271,idle,532.7,,,0,0,0,0
1448877854138907,1790356544.428808,14428,decode,528.2,,,0,0,1,0
1448878010441719,1790356544.585112,14585,decode,223.6,,,0,0,1,0
1448878166913280,1790356544.741582,14741,idle,621.8,,,0,0,0,0
1448878317669563,1790356544.892339,14892,idle,571.6,,,0,0,0,0
1448878477365719,1790356545.052035,52,idle,600.4,,,0,0,0,0
1448878636233221,1790356545.210903,210,idle,216.1,,,0,0,0,0
1448878787515889,1790356545.362185,362,idle,588.0,,,0,0,0,0
1448878947212507,1790356545.521882,521,idle,582.5,,,0,0,0,0
1448879097274077,1790356545.671942,671,idle,577.9,,,0,0,0,0
1448879256669215,1790356545.831339,831,idle,274.5,,,0,0,0,0
1448879416311794,1790356545.990981,990,idle,578.5,,,0,0,0,0
1448879566688298,1790356546.141357,1141,idle,579.5,,,0,0,0,0
1448879716890309,1790356546.291559,1291,idle,611.8,,,0,0,0,0
1448879867345891,1790356546.442014,1442,idle,1189.0,,,0,0,0,0
1448880026600203,1790356546.601270,1601,idle,4687.2,,,0,0,0,0
1448880177465354,1790356546.752134,1752,idle,608.5,,,0,0,0,0
1448880337262929,1790356546.911931,1911,idle,598.5,,,0,0,0,0
1448880496839611,1790356547.071508,2071,idle,607.4,,,0,0,0,0
1448880656638658,1790356547.231308,2231,idle,243.1,,,0,0,0,0
1448880816672117,1790356547.391341,2391,idle,542.7,,,0,0,0,0
1448880966968203,1790356547.541637,2541,idle,344.7,,,0,0,0,0
1448881117134659,1790356547.691803,2691,idle,552.5,,,0,0,0,0
1448881276151906,1790356547.850822,2850,idle,223.1,,,0,0,0,0
1448881426749716,1790356548.001419,3001,idle,328.5,,,0,0,0,0
1448881585199706,1790356548.159869,3159,idle,349.4,,,0,0,0,0
1448881737304712,1790356548.311974,3311,idle,592.8,,,0,0,0,0
1448881897107371,1790356548.471776,3471,idle,586.0,,,0,0,0,0
1448882056333315,1790356548.631003,3631,idle,198.7,,,0,0,0,0
1448882207305586,1790356548.781974,3781,idle,1572.8,,,0,0,0,0
1448882367104933,1790356548.941774,3941,idle,665.0,,,0,0,0,0
1448882526980052,1790356549.101647,4101,idle,569.3,,,0,0,0,0
1448882686643747,1790356549.261313,4261,idle,227.6,,,0,0,0,0
1448882836970057,1790356549.411639,4411,idle,613.8,,,0,0,0,0
1448882996725583,1790356549.571394,4571,idle,792.6,,,0,0,0,0
1448883147253189,1790356549.721922,4721,idle,577.1,,,0,0,0,0
1448883306165908,1790356549.880836,4880,idle,196.3,,,0,0,0,0
1448883457119527,1790356550.031788,5031,idle,597.7,,,0,0,0,0
1448883607293266,1790356550.181962,5181,idle,6016.1,,,0,0,0,0
1448883767339535,1790356550.342008,5342,idle,649.1,,,0,0,0,0
1448883926888033,1790356550.501558,5501,idle,218.6,,,0,0,0,0
1448884086452764,1790356550.661122,5661,idle,303.8,,,0,0,0,0
1448884236741800,1790356550.811410,5811,idle,648.0,,,0,0,0,0
1448884387623122,1790356550.962292,5962,idle,628.5,,,0,0,0,0
1448884547575271,1790356551.122244,6122,idle,577.0,,,0,0,0,0
1448884706165264,1790356551.280835,6280,idle,176.8,,,0,0,0,0
1448884857457271,1790356551.432126,6432,idle,615.8,,,0,0,0,0
1448885016770561,1790356551.591439,6591,idle,570.3,,,0,0,0,0
1448885167135559,1790356551.741803,6741,idle,600.6,,,0,0,0,0
1448885325994566,1790356551.900665,6900,idle,210.4,,,0,0,0,0
1448885477124933,1790356552.051793,7051,idle,607.5,,,0,0,0,0
1448885636518088,1790356552.211187,7211,idle,542.7,,,0,0,0,0
1448885786953481,1790356552.361622,7361,idle,574.5,,,0,0,0,0
1448885946340081,1790356552.521010,7521,idle,200.0,,,0,0,0,0
1448886096862581,1790356552.671532,7671,idle,288.2,,,0,0,0,0
1448886247241205,1790356552.821910,7821,idle,609.6,,,0,0,0,0
1448886407295673,1790356552.981964,7981,idle,597.0,,,0,0,0,0
1448886558405231,1790356553.133075,8133,idle,225.8,,,0,0,0,0
1448886716977910,1790356553.291647,8291,idle,350.8,,,0,0,0,0
1448886867224245,1790356553.441893,8441,idle,609.5,,,0,0,0,0
1448887027162154,1790356553.601831,8601,idle,591.4,,,0,0,0,0
1448887187137344,1790356553.761806,8761,idle,603.5,,,0,0,0,0
1448887346706639,1790356553.921376,8921,idle,255.0,,,0,0,0,0
1448887497167813,1790356554.071836,9071,idle,574.1,,,0,0,0,0
1448887656546655,1790356554.231215,9231,idle,637.1,,,0,0,0,0
1448887806859550,1790356554.381528,9381,idle,1677.6,,,0,0,0,0
1448887957212090,1790356554.531882,9531,idle,174.6,,,0,0,0,0
1448888117204059,1790356554.691873,9691,idle,596.9,,,0,0,0,0
1448888276947737,1790356554.851616,9851,idle,554.8,,,0,0,0,0
1448888427248053,1790356555.001916,10001,idle,576.3,,,0,0,0,0
1448888586935087,1790356555.161605,10161,idle,238.3,,,0,0,0,0
1448888746843486,1790356555.321512,10321,idle,661.5,,,0,0,0,0
1448888906800115,1790356555.481469,10481,idle,1582.6,,,0,0,0,0
1448889066075687,1790356555.640743,10640,idle,741.4,,,0,0,0,0
1448889216303521,1790356555.790973,10790,idle,231.5,,,0,0,0,0
1448889366984100,1790356555.941653,10941,idle,326.4,,,0,0,0,0
1448889517041358,1790356556.091711,11091,idle,272.9,,,0,0,0,0
1448889678213203,1790356556.252883,11252,idle,277.5,,,0,0,0,0
1448889838017078,1790356556.412686,11412,idle,467.9,,,0,0,0,0
1448889989721525,1790356556.564391,11564,idle,259.7,,,0,0,0,0
1448890146308416,1790356556.720978,11720,idle,284.0,,,0,0,0,0
1448890297385566,1790356556.872055,11872,decode,481.9,,,0,0,1,0
1448890455076748,1790356557.029747,12029,decode,197.1,,,0,0,1,0
1448890606977261,1790356557.181647,12181,idle,218.0,,,0,0,0,0
1448890766474818,1790356557.341144,12341,idle,265.1,,,0,0,0,0
1448890916857966,1790356557.491528,12491,idle,238.3,,,0,0,0,0
1448891066941081,1790356557.641610,12641,idle,595.6,,,0,0,0,0
1448891217489902,1790356557.792159,12792,idle,617.9,,,0,0,0,0
1448891377197228,1790356557.951866,12951,idle,623.7,,,0,0,0,0
1448891536695072,1790356558.111364,13111,idle,610.8,,,0,0,0,0
1448891686775432,1790356558.261443,13261,idle,743.2,,,0,0,0,0
1448891837391930,1790356558.412061,13412,idle,543.2,,,0,0,0,0
1448891996444494,1790356558.571114,13571,decode,344.0,,,0,0,1,0
1448892146956140,1790356558.721625,13721,idle,576.6,,,0,0,0,0
1448892297915555,1790356558.872584,13872,idle,931.1,,,0,0,0,0
1448892456802590,1790356559.031471,14031,idle,596.1,,,0,0,0,0
1448892616151314,1790356559.190821,14190,idle,231.1,,,0,0,0,0
1448892766706204,1790356559.341375,14341,idle,719.3,,,0,0,0,0
1448892921585491,1790356559.496255,14496,decode,205.6,,,0,0,1,0
1448893076390033,1790356559.651060,14651,idle,320.1,,,0,0,0,0
1448893236398994,1790356559.811068,14811,idle,310.1,,,0,0,0,0
1448893386745234,1790356559.961413,14961,idle,378.8,,,0,0,0,0
1448893537105689,1790356560.111774,111,idle,631.9,,,0,0,0,0
1448893696740209,1790356560.271409,271,idle,571.5,,,0,0,0,0
1448893847064480,1790356560.421732,421,idle,675.2,,,0,0,0,0
1448894006643990,1790356560.581314,581,idle,2241.3,,,0,0,0,0
1448894156985577,1790356560.731654,731,idle,585.5,,,0,0,0,0
1448894307309647,1790356560.881978,881,idle,4733.3,,,0,0,0,0
1448894467256936,1790356561.041924,1041,idle,565.4,,,0,0,0,0
1448894626581769,1790356561.201252,1201,idle,207.3,,,0,0,0,0
1448894777213711,1790356561.351883,1351,idle,282.0,,,0,0,0,0
1448894927242817,1790356561.501912,1501,idle,556.3,,,0,0,0,0
1448895084581036,1790356561.659250,1659,idle,632.3,,,0,0,0,0
1448895236684075,1790356561.811354,1811,idle,225.6,,,0,0,0,0
1448895387447656,1790356561.962116,1962,idle,598.1,,,0,0,0,0
1448895546946133,1790356562.121615,2121,idle,752.6,,,0,0,0,0
1448895697558089,1790356562.272227,2272,idle,607.6,,,0,0,0,0
1448895856789611,1790356562.431459,2431,idle,292.9,,,0,0,0,0
1448896016260553,1790356562.590930,2590,idle,337.3,,,0,0,0,0
1448896167719230,1790356562.742388,2742,idle,660.9,,,0,0,0,0
1448896327109158,1790356562.901778,2901,idle,620.1,,,0,0,0,0
1448896477631479,1790356563.052300,3052,idle,690.9,,,0,0,0,0
1448896636302949,1790356563.210973,3210,idle,222.8,,,0,0,0,0
1448896787265936,1790356563.361935,3361,idle,593.9,,,0,0,0,0
1448896947038810,1790356563.521708,3521,idle,555.7,,,0,0,0,0
1448897107043105,1790356563.681709,3681,idle,1850.5,,,0,0,0,0
1448897266709414,1790356563.841379,3841,idle,222.3,,,0,0,0,0
1448897416968873,1790356563.991637,3991,idle,610.2,,,0,0,0,0
1448897567175358,1790356564.141845,4141,idle,523.2,,,0,0,0,0
1448897726841373,1790356564.301510,4301,idle,556.0,,,0,0,0,0
1448897886507164,1790356564.461177,4461,idle,231.5,,,0,0,0,0
1448898037327711,1790356564.611995,4611,idle,607.1,,,0,0,0,0
1448898196332447,1790356564.771001,4771,idle,564.4,,,0,0,0,0
1448898346679502,1790356564.921348,4921,idle,566.5,,,0,0,0,0
1448898496734868,1790356565.071405,5071,idle,206.8,,,0,0,0,0
1448898656519530,1790356565.231189,5231,idle,561.3,,,0,0,0,0
1448898806925546,1790356565.381594,5381,idle,958.0,,,0,0,0,0
1448898957600786,1790356565.532270,5532,idle,382.5,,,0,0,0,0
1448899117484812,1790356565.692154,5692,idle,302.5,,,0,0,0,0
1448899277017788,1790356565.851688,5851,idle,146.5,,,0,0,0,0
1448899427197436,1790356566.001866,6001,idle,514.2,,,0,0,0,0
1448899587137272,1790356566.161807,6161,idle,418.0,,,0,0,0,0
1448899737474547,1790356566.312143,6312,idle,560.4,,,0,0,0,0
1448899897018973,1790356566.471689,6471,idle,186.1,,,0,0,0,0
1448900048145706,1790356566.622814,6622,idle,584.2,,,0,0,0,0
1448900208163117,1790356566.782832,6782,idle,480.8,,,0,0,0,0
1448900367868935,1790356566.942538,6942,idle,609.3,,,0,0,0,0
1448900526700569,1790356567.101371,7101,idle,197.0,,,0,0,0,0
1448900677492240,1790356567.252161,7252,idle,553.6,,,0,0,0,0
1448900836931112,1790356567.411600,7411,idle,582.0,,,0,0,0,0
1448900987567001,1790356567.562236,7562,idle,572.7,,,0,0,0,0
1448901147032795,1790356567.721703,7721,idle,212.3,,,0,0,0,0
1448901306604557,1790356567.881273,7881,idle,3038.6,,,0,0,0,0
1448901457238720,1790356568.031907,8031,idle,570.1,,,0,0,0,0
1448901607484377,1790356568.182153,8182,idle,1329.8,,,0,0,0,0
1448901767088473,1790356568.341758,8341,idle,332.2,,,0,0,0,0
1448901926620399,1790356568.501290,8501,idle,236.1,,,0,0,0,0
1448902077900893,1790356568.652570,8652,idle,567.4,,,0,0,0,0
1448902237816312,1790356568.812485,8812,idle,590.9,,,0,0,0,0
1448902397634742,1790356568.972303,8972,idle,1927.7,,,0,0,0,0
1448902553163389,1790356569.127833,9127,idle,208.2,,,0,0,0,0
1448902707555649,1790356569.282224,9282,idle,1596.7,,,0,0,0,0
1448902867434809,1790356569.442104,9442,idle,591.6,,,0,0,0,0
1448903017726948,1790356569.592393,9592,idle,639.2,,,0,0,0,0
1448903176284084,1790356569.750954,9750,idle,269.4,,,0,0,0,0
1448903326899184,1790356569.901568,9901,idle,588.2,,,0,0,0,0
1448903477618337,1790356570.052286,10052,idle,694.4,,,0,0,0,0
1448903637725566,1790356570.212394,10212,idle,534.7,,,0,0,0,0
1448903796835685,1790356570.371505,10371,idle,188.9,,,0,0,0,0
1448903947331517,1790356570.522001,10522,idle,302.2,,,0,0,0,0
1448904097748049,1790356570.672417,10672,idle,571.2,,,0,0,0,0
1448904257190539,1790356570.831858,10831,idle,590.6,,,0,0,0,0
1448904407425887,1790356570.982094,10982,idle,3899.8,,,0,0,0,0
1448904566547238,1790356571.141217,11141,idle,220.4,,,0,0,0,0
1448904717635097,1790356571.292304,11292,idle,554.2,,,0,0,0,0
1448904876394974,1790356571.451065,11451,idle,231.4,,,0,0,0,0
1448905027499849,1790356571.602168,11602,idle,474.2,,,0,0,0,0
1448905187152815,1790356571.761823,11761,idle,218.1,,,0,0,0,0
1448905346481041,1790356571.921151,11921,decode,127.0,,,0,0,1,0
1448905496752566,1790356572.071422,12071,idle,286.9,,,0,0,0,0
1448905647088985,1790356572.221758,12221,idle,500.4,,,0,0,0,0
1448905797087329,1790356572.371757,12371,idle,267.6,,,0,0,0,0
1448905956560571,1790356572.531230,12531,idle,569.9,,,0,0,0,0
1448906107099047,1790356572.681768,12681,idle,7301.2,,,0,0,0,0
1448906257287646,1790356572.831956,12831,idle,509.7,,,0,0,0,0
1448906407300516,1790356572.981969,12981,idle,6541.0,,,0,0,0,0
1448906567250571,1790356573.141921,13141,idle,232.9,,,0,0,0,0
1448906717417895,1790356573.292087,13292,idle,525.8,,,0,0,0,0
1448906867544916,1790356573.442214,13442,idle,594.1,,,0,0,0,0
1448907026955104,1790356573.601625,13601,decode,5985.4,,,0,0,1,0
1448907187041694,1790356573.761711,13761,idle,324.2,,,0,0,0,0
1448907337437466,1790356573.912106,13912,idle,554.1,,,0,0,0,0
1448907497231158,1790356574.071900,14071,idle,558.1,,,0,0,0,0
1448907647811378,1790356574.222480,14222,idle,654.2,,,0,0,0,0
1448907797855030,1790356574.372525,14372,idle,219.0,,,0,0,0,0
1448907954522176,1790356574.529192,14529,idle,213.2,,,0,0,0,0
1448908108211732,1790356574.682880,14682,idle,2541.0,,,0,0,0,0
1448908267998485,1790356574.842667,14842,idle,686.1,,,0,0,0,0
1448908427405090,1790356575.002075,2,idle,249.4,,,0,0,0,0
1448908584131720,1790356575.158800,158,idle,627.7,,,0,0,0,0
1448908737545540,1790356575.312214,312,idle,614.3,,,0,0,0,0
1448908897310210,1790356575.471979,471,idle,594.6,,,0,0,0,0
1448909047314909,1790356575.621984,621,idle,606.6,,,0,0,0,0
1448909206847539,1790356575.781518,781,idle,203.4,,,0,0,0,0
1448909357946753,1790356575.932616,932,idle,554.6,,,0,0,0,0
1448909517254038,1790356576.091923,1091,idle,448.5,,,0,0,0,0
1448909667557429,1790356576.242225,1242,idle,668.9,,,0,0,0,0
1448909827222175,1790356576.401892,1401,idle,211.2,,,0,0,0,0
1448909987121773,1790356576.561791,1561,idle,520.5,,,0,0,0,0
1448910137789198,1790356576.712458,1712,idle,640.9,,,0,0,0,0
1448910297468090,1790356576.872137,1872,idle,660.9,,,0,0,0,0
1448910447580209,1790356577.022250,2022,idle,229.0,,,0,0,0,0
1448910607158317,1790356577.181827,2181,idle,1436.2,,,0,0,0,0
1448910757540265,1790356577.332209,2332,idle,514.6,,,0,0,0,0
1448910917075575,1790356577.491744,2491,idle,669.2,,,0,0,0,0
1448911076455872,1790356577.651125,2651,idle,215.2,,,0,0,0,0
1448911226989151,1790356577.801658,2801,idle,578.4,,,0,0,0,0
1448911377589754,1790356577.952259,2952,idle,583.0,,,0,0,0,0
1448911537080801,1790356578.111750,3111,idle,676.1,,,0,0,0,0
1448911687370891,1790356578.262040,3262,idle,611.5,,,0,0,0,0
1448911846958893,1790356578.421629,3421,idle,359.9,,,0,0,0,0
1448911997238123,1790356578.571908,3571,idle,379.1,,,0,0,0,0
1448912157028405,1790356578.731699,3731,idle,215.8,,,0,0,0,0
1448912307113711,1790356578.881782,3881,idle,2372.3,,,0,0,0,0
1448912466844046,1790356579.041514,4041,idle,224.7,,,0,0,0,0
1448912617225403,1790356579.191894,4191,idle,642.8,,,0,0,0,0
1448912767729530,1790356579.342398,4342,idle,613.5,,,0,0,0,0
1448912927721897,1790356579.502391,4502,idle,593.8,,,0,0,0,0
1448913082893545,1790356579.657563,4657,idle,201.5,,,0,0,0,0
1448913237076664,1790356579.811746,4811,idle,562.0,,,0,0,0,0
1448913387525966,1790356579.962194,4962,idle,595.0,,,0,0,0,0
1448913547250479,1790356580.121919,5121,idle,627.1,,,0,0,0,0
1448913697224495,1790356580.271894,5271,idle,230.0,,,0,0,0,0
1448913856410788,1790356580.431080,5431,idle,544.0,,,0,0,0,0
1448914007503725,1790356580.582173,5582,idle,386.8,,,0,0,0,0
1448914167317762,1790356580.741987,5741,idle,630.8,,,0,0,0,0
1448914317614047,1790356580.892283,5892,idle,556.7,,,0,0,0,0
1448914477169801,1790356581.051840,6051,idle,207.2,,,0,0,0,0
1448914627421938,1790356581.202091,6202,idle,659.4,,,0,0,0,0
1448914778088956,1790356581.352757,6352,idle,673.5,,,0,0,0,0
1448914936913342,1790356581.511583,6511,idle,295.9,,,0,0,0,0
1448915088184207,1790356581.662854,6662,idle,204.5,,,0,0,0,0
1448915247443994,1790356581.822112,6822,idle,815.8,,,0,0,0,0
1448915397862233,1790356581.972531,6972,idle,616.1,,,0,0,0,0
1448915557126644,1790356582.131795,7131,idle,587.3,,,0,0,0,0
1448915717025748,1790356582.291695,7291,idle,281.3,,,0,0,0,0
1448915867559075,1790356582.442228,7442,idle,591.7,,,0,0,0,0
1448916026833451,1790356582.601501,7601,idle,7592.9,,,0,0,0,0
1448916177591280,1790356582.752260,7752,idle,589.3,,,0,0,0,0
1448916336965274,1790356582.911634,7911,idle,400.2,,,0,0,0,0
1448916496282828,1790356583.070953,8070,idle,209.8,,,0,0,0,0
1448916647858758,1790356583.222528,8222,idle,307.3,,,0,0,0,0
1448916807367107,1790356583.382036,8382,idle,1205.7,,,0,0,0,0
1448916957604615,1790356583.532274,8532,idle,424.4,,,0,0,0,0
1448917116353353,1790356583.691023,8691,idle,209.6,,,0,0,0,0
1448917267581078,1790356583.842250,8842,idle,653.0,,,0,0,0,0
1448917427356018,1790356584.002025,9002,idle,605.0,,,0,0,0,0
1448917585140209,1790356584.159809,9159,idle,528.3,,,0,0,0,0
1448917736816777,1790356584.311487,9311,idle,217.9,,,0,0,0,0
1448917887671917,1790356584.462341,9462,idle,855.9,,,0,0,0,0
1448918047234933,1790356584.621903,9621,idle,638.7,,,0,0,0,0
1448918197615939,1790356584.772285,9772,idle,590.1,,,0,0,0,0
1448918356859905,1790356584.931529,9931,idle,283.6,,,0,0,0,0
1448918507183324,1790356585.081853,10081,idle,327.8,,,0,0,0,0
1448918657939977,1790356585.232609,10232,idle,532.3,,,0,0,0,0
1448918817686923,1790356585.392356,10392,idle,585.0,,,0,0,0,0
1448918977025705,1790356585.551670,10551,idle,564.0,,,0,0,0,0
1448919137081578,1790356585.711752,10711,idle,218.4,,,0,0,0,0
1448919287539378,1790356585.862208,10862,idle,676.4,,,0,0,0,0
1448919447380164,1790356586.022049,11022,idle,602.6,,,0,0,0,0
1448919607375385,1790356586.182044,11182,idle,1510.3,,,0,0,0,0
1448919767040521,1790356586.341710,11341,idle,244.0,,,0,0,0,0
1448919917275858,1790356586.491945,11491,idle,353.1,,,0,0,0,0
1448920067452947,1790356586.642122,11642,idle,601.9,,,0,0,0,0
1448920227377670,1790356586.802046,11802,idle,577.6,,,0,0,0,0
1448920383836307,1790356586.958506,11958,decode,258.3,,,0,0,1,0
1448920535119074,1790356587.109789,12109,idle,228.2,,,0,0,0,0
1448920687537565,1790356587.262206,12262,idle,689.3,,,0,0,0,0
1448920847495969,1790356587.422165,12422,idle,684.9,,,0,0,0,0
1448921007029922,1790356587.581700,12581,idle,2235.8,,,0,0,0,0
1448921157222544,1790356587.731891,12731,idle,550.7,,,0,0,0,0
1448921307683097,1790356587.882351,12882,idle,668.1,,,0,0,0,0
1448921467216626,1790356588.041885,13041,idle,585.8,,,0,0,0,0
1448921626953535,1790356588.201623,13201,idle,229.4,,,0,0,0,0
1448921786547205,1790356588.361214,13361,idle,671.9,,,0,0,0,0
1448921937064186,1790356588.511733,13511,idle,579.6,,,0,0,0,0
1448922087351008,1790356588.662020,13662,idle,316.4,,,0,0,0,0
1448922237533930,1790356588.812203,13812,idle,600.7,,,0,0,0,0
1448922397173268,1790356588.971843,13971,idle,206.3,,,0,0,0,0
1448922557356107,1790356589.132025,14132,idle,532.5,,,0,0,0,0
1448922707763702,1790356589.282433,14282,idle,717.6,,,0,0,0,0
1448922864024307,1790356589.438694,14438,decode,342.0,,,0,0,1,0
1448923020896374,1790356589.595566,14595,decode,207.0,,,0,0,1,0
1448923177054548,1790356589.751724,14751,idle,594.1,,,0,0,0,0
1448923327256090,1790356589.901925,14901,idle,575.0,,,0,0,0,0
1448923477954611,1790356590.052624,52,idle,648.6,,,0,0,0,0
1448923636775844,1790356590.211446,211,idle,198.0,,,0,0,0,0
1448923787478537,1790356590.362147,362,idle,686.4,,,0,0,0,0
1448923947079616,1790356590.521749,521,idle,575.4,,,0,0,0,0
1448924097391657,1790356590.672059,672,idle,605.4,,,0,0,0,0
1448924257358516,1790356590.832028,832,idle,196.9,,,0,0,0,0
1448924417154684,1790356590.991824,991,idle,481.4,,,0,0,0,0
1448924567406483,1790356591.142075,1142,idle,673.2,,,0,0,0,0
1448924727072736,1790356591.301742,1301,idle,568.1,,,0,0,0,0
1448924877581279,1790356591.452249,1452,idle,441.1,,,0,0,0,0
1448925037159136,1790356591.611829,1611,idle,225.4,,,0,0,0,0
1448925197166642,1790356591.771835,1771,idle,581.3,,,0,0,0,0
1448925347554412,1790356591.922223,1922,idle,574.9,,,0,0,0,0
1448925507548071,1790356592.082216,2082,idle,8438.9,,,0,0,0,0
1448925667101419,1790356592.241771,2241,idle,227.7,,,0,0,0,0
1448925817591084,1790356592.392260,2392,idle,613.8,,,0,0,0,0
1448925976279208,1790356592.550949,2550,idle,444.0,,,0,0,0,0
1448926127267369,1790356592.701936,2701,idle,651.0,,,0,0,0,0
1448926287034800,1790356592.861704,2861,idle,231.8,,,0,0,0,0
1448926437170789,1790356593.011839,3011,idle,684.0,,,0,0,0,0
1448926597183997,1790356593.171853,3171,idle,680.7,,,0,0,0,0
1448926747331268,1790356593.322000,3321,idle,565.2,,,0,0,0,0
1448926907228152,1790356593.481898,3481,idle,181.4,,,0,0,0,0
1448927057585803,1790356593.632254,3632,idle,629.1,,,0,0,0,0
1448927217128141,1790356593.791797,3791,idle,517.8,,,0,0,0,0
1448927368101309,1790356593.942770,3942,idle,561.4,,,0,0,0,0
1448927527462948,1790356594.102133,4102,idle,254.1,,,0,0,0,0
1448927686970695,1790356594.261639,4261,idle,516.9,,,0,0,0,0
1448927837323948,1790356594.411993,4411,idle,546.1,,,0,0,0,0
1448927987589287,1790356594.562259,4562,idle,389.8,,,0,0,0,0
1448928147514109,1790356594.722183,4722,idle,578.7,,,0,0,0,0
1448928307168261,1790356594.881838,4881,idle,199.1,,,0,0,0,0
1448928457505140,1790356595.032174,5032,idle,569.6,,,0,0,0,0
1448928607518653,1790356595.182188,5182,idle,4638.9,,,0,0,0,0
1448928767099804,1790356595.341769,5341,idle,609.6,,,0,0,0,0
1448928926913895,1790356595.501583,5501,idle,214.5,,,0,0,0,0
1448929077050401,1790356595.651719,5651,idle,529.8,,,0,0,0,0
1448929227312149,1790356595.801981,5801,idle,584.1,,,0,0,0,0
1448929387345859,1790356595.962015,5962,idle,530.9,,,0,0,0,0
1448929537374487,1790356596.112044,6112,idle,225.3,,,0,0,0,0
1448929696936425,1790356596.271606,6271,idle,383.2,,,0,0,0,0
1448929847483135,1790356596.422152,6422,idle,646.1,,,0,0,0,0
1448930006709645,1790356596.581379,6581,idle,2493.9,,,0,0,0,0
1448930157476240,1790356596.732145,6732,idle,391.4,,,0,0,0,0
1448930316885426,1790356596.891555,6891,idle,193.8,,,0,0,0,0
1448930467705520,1790356597.042374,7042,idle,549.8,,,0,0,0,0
1448930617876343,1790356597.192545,7192,idle,505.7,,,0,0,0,0
1448930777181564,1790356597.351851,7351,idle,542.9,,,0,0,0,0
1448930936895447,1790356597.511565,7511,idle,295.4,,,0,0,0,0
1448931087604017,1790356597.662272,7662,idle,627.6,,,0,0,0,0
1448931247143016,1790356597.821812,7821,idle,328.9,,,0,0,0,0
1448931397602111,1790356597.972270,7972,idle,668.4,,,0,0,0,0
1448931548046266,1790356598.122716,8122,idle,242.7,,,0,0,0,0
1448931706757691,1790356598.281427,8281,idle,332.6,,,0,0,0,0
1448931857619437,1790356598.432289,8432,idle,279.1,,,0,0,0,0
1448932017217947,1790356598.591888,8591,idle,341.4,,,0,0,0,0
1448932176798536,1790356598.751468,8751,idle,307.3,,,0,0,0,0
1448932327460823,1790356598.902129,8902,idle,481.8,,,0,0,0,0
1448932487146526,1790356599.061816,9061,idle,406.2,,,0,0,0,0
1448932637396252,1790356599.212065,9212,idle,420.3,,,0,0,0,0
1448932797173134,1790356599.371843,9371,idle,330.4,,,0,0,0,0
1448932956800761,1790356599.531470,9531,idle,265.6,,,0,0,0,0
1448933107026773,1790356599.681696,9681,idle,288.0,,,0,0,0,0
1448933267113493,1790356599.841783,9841,idle,495.6,,,0,0,0,0
1448933427152092,1790356600.001822,10001,idle,246.5,,,0,0,0,0
1448933577546004,1790356600.152215,10152,idle,279.9,,,0,0,0,0
1448933736959981,1790356600.311630,10311,idle,261.4,,,0,0,0,0
1448933896967973,1790356600.471637,10471,idle,405.9,,,0,0,0,0
1448934052787611,1790356600.627457,10627,idle,339.7,,,0,0,0,0
1448934206676002,1790356600.781346,10781,idle,350.1,,,0,0,0,0
1448934357292797,1790356600.931962,10931,idle,276.8,,,0,0,0,0
1448934516719091,1790356601.091389,11091,idle,350.8,,,0,0,0,0
1448934667371310,1790356601.242041,11242,idle,382.2,,,0,0,0,0
1448934827310811,1790356601.401980,11401,idle,362.8,,,0,0,0,0
1448934986947098,1790356601.561616,11561,idle,324.3,,,0,0,0,0
1448935137041340,1790356601.711709,11711,idle,598.2,,,0,0,0,0
1448935289800234,1790356601.864470,11864,decode,251.1,,,0,0,1,0
1448935446560345,1790356602.021230,12021,decode,216.9,,,0,0,1,0
1448935596738798,1790356602.171408,12171,idle,323.9,,,0,0,0,0
1448935747028681,1790356602.321699,12321,idle,211.7,,,0,0,0,0
1448935906892249,1790356602.481562,12481,idle,279.4,,,0,0,0,0
1448936057434507,1790356602.632103,12632,idle,549.4,,,0,0,0,0
1448936216756965,1790356602.791426,12791,idle,562.9,,,0,0,0,0
1448936369252670,1790356602.943923,12943,idle,287.7,,,0,0,0,0
1448936526732485,1790356603.101402,13101,idle,409.8,,,0,0,0,0
1448936677072607,1790356603.251742,13251,idle,446.9,,,0,0,0,0
1448936828135389,1790356603.402804,13402,idle,497.0,,,0,0,0,0
1448936983014034,1790356603.557670,13557,decode,5136.6,,,0,0,1,0
1448937139534525,1790356603.714204,13714,decode,3980.4,,,0,0,1,0
1448937298410896,1790356603.873079,13873,idle,195.2,,,0,0,0,0
