t_send_ns,t_unix,phase_ms,window,lat_status_us,lat_rts_us,lat_unkey_us,was_tx,rts_before,decoding,transmitting
1454271000837164,1790361937.575504,7575,idle,6541.6,,,0,0,0,0
1454271160243700,1790361937.734910,7734,idle,289.4,,,0,0,0,0
1454271310929649,1790361937.885598,7885,idle,2209.8,,,0,0,0,0
1454271471151764,1790361938.045820,8045,idle,921.0,,,0,0,0,0
1454271631104297,1790361938.205773,8205,idle,750.2,,,0,0,0,0
1454271791024048,1790361938.365694,8365,idle,366.0,,,0,0,0,0
1454271951044124,1790361938.525714,8525,idle,319.2,,,0,0,0,0
1454272110343786,1790361938.685012,8685,idle,7058.2,,,0,0,0,0
1454272260983526,1790361938.835652,8835,idle,836.0,,,0,0,0,0
1454272420786043,1790361938.995455,8995,idle,706.5,,,0,0,0,0
1454272580830580,1790361939.155501,9155,idle,292.3,,,0,0,0,0
1454272731057026,1790361939.305725,9305,idle,788.5,,,0,0,0,0
1454272890992392,1790361939.465661,9465,idle,819.2,,,0,0,0,0
1454273048295649,1790361939.622964,9622,idle,831.2,,,0,0,0,0
1454273201826541,1790361939.776496,9776,idle,1593.4,,,0,0,0,0
1454273360897766,1790361939.935566,9935,idle,581.4,,,0,0,0,0
1454273521069809,1790361940.095739,10095,idle,9535.7,,,0,0,0,0
1454273681123239,1790361940.255792,10255,idle,680.8,,,0,0,0,0
1454273840079890,1790361940.414749,10414,idle,322.7,,,0,0,0,0
1454273991209376,1790361940.565878,10565,idle,784.6,,,0,0,0,0
1454274151184895,1790361940.725854,10725,idle,814.7,,,0,0,0,0
1454274311268110,1790361940.885937,10885,idle,3798.4,,,0,0,0,0
1454274470837635,1790361941.045506,11045,idle,333.6,,,0,0,0,0
1454274621096909,1790361941.195766,11195,idle,407.8,,,0,0,0,0
1454274771397890,1790361941.346066,11346,idle,835.7,,,0,0,0,0
1454274930698145,1790361941.505368,11505,idle,467.5,,,0,0,0,0
1454275080766662,1790361941.655435,11655,idle,828.8,,,0,0,0,0
1454275240474724,1790361941.815145,11815,idle,254.9,,,0,0,0,0
1454275392477239,1790361941.967147,11967,decode,4256.4,,,0,0,1,0
1454275550961055,1790361942.125631,12125,idle,370.0,,,0,0,0,0
1454275701571366,1790361942.276240,12276,idle,9164.0,,,0,0,0,0
1454275860437883,1790361942.435107,12435,idle,1097.8,,,0,0,0,0
1454276010560745,1790361942.585231,12585,idle,1431.9,,,0,0,0,0
1454276169609695,1790361942.744279,12744,idle,489.8,,,0,0,0,0
1454276320769555,1790361942.895438,12895,idle,743.6,,,0,0,0,0
1454276470912591,1790361943.045582,13045,idle,311.7,,,0,0,0,0
1454276631112907,1790361943.205782,13205,idle,643.1,,,0,0,0,0
1454276790759348,1790361943.365428,13365,idle,911.6,,,0,0,0,0
1454276950735157,1790361943.525405,13525,idle,6477.5,,,0,0,0,0
1454277110553567,1790361943.685222,13685,idle,331.9,,,0,0,0,0
1454277261367039,1790361943.836037,13836,idle,376.2,,,0,0,0,0
1454277421102655,1790361943.995771,13995,idle,829.9,,,0,0,0,0
1454277571149362,1790361944.145818,14145,idle,578.1,,,0,0,0,0
1454277721545538,1790361944.296213,14296,idle,761.2,,,0,0,0,0
1454277877772985,1790361944.452443,14452,decode,248.3,,,0,0,1,0
1454278030197978,1790361944.604868,14604,decode,314.0,,,0,0,1,0
1454278181270588,1790361944.755939,14755,idle,800.8,,,0,0,0,0
1454278341055361,1790361944.915724,14915,idle,748.6,,,0,0,0,0
1454278500953841,1790361945.075624,75,idle,3856.0,,,0,0,0,0
1454278651189137,1790361945.225858,225,idle,721.4,,,0,0,0,0
1454278810953515,1790361945.385622,385,idle,4368.6,,,0,0,0,0
1454278971162971,1790361945.545832,545,idle,570.0,,,0,0,0,0
1454279130591435,1790361945.705261,705,idle,298.8,,,0,0,0,0
1454279290778251,1790361945.865446,865,idle,863.2,,,0,0,0,0
1454279441528749,1790361946.016197,1016,idle,850.5,,,0,0,0,0
1454279600558535,1790361946.175227,1175,idle,782.8,,,0,0,0,0
1454279750887266,1790361946.325557,1325,idle,412.9,,,0,0,0,0
1454279901071065,1790361946.475741,1475,idle,1900.8,,,0,0,0,0
1454280061160015,1790361946.635829,1635,idle,741.0,,,0,0,0,0
1454280220659873,1790361946.795330,1795,idle,403.7,,,0,0,0,0
1454280370916863,1790361946.945585,1945,idle,825.8,,,0,0,0,0
1454280530856986,1790361947.105527,2105,idle,310.8,,,0,0,0,0
1454280681061400,1790361947.255730,2255,idle,796.9,,,0,0,0,0
1454280839817810,1790361947.414487,2414,idle,758.8,,,0,0,0,0
1454280990852999,1790361947.565522,2565,idle,493.2,,,0,0,0,0
1454281150805042,1790361947.725475,2725,idle,311.9,,,0,0,0,0
1454281300914963,1790361947.875584,2875,idle,8188.1,,,0,0,0,0
1454281460684187,1790361948.035353,3035,idle,825.4,,,0,0,0,0
1454281620573034,1790361948.195242,3195,idle,639.2,,,0,0,0,0
1454281780328510,1790361948.354999,3354,idle,292.4,,,0,0,0,0
1454281931292417,1790361948.505961,3505,idle,604.8,,,0,0,0,0
1454282091464743,1790361948.666133,3666,idle,808.5,,,0,0,0,0
1454282251411353,1790361948.826080,3826,idle,775.7,,,0,0,0,0
1454282411096203,1790361948.985766,3985,idle,320.5,,,0,0,0,0
1454282570387171,1790361949.145057,4145,idle,455.6,,,0,0,0,0
1454282721072576,1790361949.295740,4295,idle,742.3,,,0,0,0,0
1454282880737210,1790361949.455406,4455,idle,748.0,,,0,0,0,0
1454283030943059,1790361949.605612,4605,idle,651.3,,,0,0,0,0
1454283190617371,1790361949.765287,4765,idle,294.7,,,0,0,0,0
1454283341096583,1790361949.915765,4915,idle,842.4,,,0,0,0,0
1454283500832079,1790361950.075501,5075,idle,26021.0,,,0,0,0,0
1454283651205602,1790361950.225875,5225,idle,630.6,,,0,0,0,0
1454283810195409,1790361950.384865,5384,idle,274.6,,,0,0,0,0
1454283961241123,1790361950.535910,5535,idle,603.5,,,0,0,0,0
1454284120704805,1790361950.695373,5695,idle,800.0,,,0,0,0,0
1454284270906151,1790361950.845575,5845,idle,631.3,,,0,0,0,0
1454284421119757,1790361950.995790,5995,idle,291.5,,,0,0,0,0
1454284580639808,1790361951.155308,6155,idle,847.0,,,0,0,0,0
1454284731213093,1790361951.305882,6305,idle,771.7,,,0,0,0,0
1454284890797070,1790361951.465465,6465,idle,921.5,,,0,0,0,0
1454285050577324,1790361951.625247,6625,idle,346.2,,,0,0,0,0
1454285200959518,1790361951.775629,6775,idle,2149.8,,,0,0,0,0
1454285351316147,1790361951.925985,6925,idle,785.5,,,0,0,0,0
1454285511049706,1790361952.085719,7085,idle,18628.7,,,0,0,0,0
1454285670530044,1790361952.245199,7245,idle,721.3,,,0,0,0,0
1454285830182721,1790361952.404852,7404,idle,332.2,,,0,0,0,0
1454285981457583,1790361952.556127,7556,idle,490.5,,,0,0,0,0
1454286140815617,1790361952.715484,7715,idle,783.8,,,0,0,0,0
1454286291413393,1790361952.866082,7866,idle,811.6,,,0,0,0,0
1454286450469509,1790361953.025139,8025,idle,274.8,,,0,0,0,0
1454286600844218,1790361953.175513,8175,idle,7348.5,,,0,0,0,0
1454286751494375,1790361953.326163,8326,idle,952.6,,,0,0,0,0
1454286911488253,1790361953.486157,8486,idle,4132.5,,,0,0,0,0
1454287071091446,1790361953.645761,8645,idle,313.4,,,0,0,0,0
1454287230965219,1790361953.805634,8805,idle,693.0,,,0,0,0,0
1454287381466741,1790361953.956136,8956,idle,746.9,,,0,0,0,0
1454287541542360,1790361954.116212,9116,idle,434.5,,,0,0,0,0
1454287698936652,1790361954.273606,9273,idle,402.3,,,0,0,0,0
1454287850541335,1790361954.425211,9425,idle,381.2,,,0,0,0,0
1454288000677806,1790361954.575346,9575,idle,14881.5,,,0,0,0,0
1454288151103951,1790361954.725772,9725,idle,809.6,,,0,0,0,0
1454288310915288,1790361954.885585,9885,idle,357.9,,,0,0,0,0
1454288470425239,1790361955.045095,10045,idle,318.7,,,0,0,0,0
1454288621424968,1790361955.196093,10196,idle,397.4,,,0,0,0,0
1454288780861308,1790361955.355530,10355,idle,759.5,,,0,0,0,0
1454288931086191,1790361955.505755,10505,idle,662.5,,,0,0,0,0
1454289090153402,1790361955.664823,10664,idle,325.9,,,0,0,0,0
1454289241322076,1790361955.815991,10815,idle,789.9,,,0,0,0,0
1454289397984422,1790361955.972653,10972,idle,814.5,,,0,0,0,0
1454289551681895,1790361956.126351,11126,idle,660.4,,,0,0,0,0
1454289710681308,1790361956.285351,11285,idle,291.7,,,0,0,0,0
1454289870793063,1790361956.445462,11445,idle,840.8,,,0,0,0,0
1454290021131931,1790361956.595801,11595,idle,9470.4,,,0,0,0,0
1454290171376912,1790361956.746046,11746,idle,772.0,,,0,0,0,0
1454290329598628,1790361956.904268,11904,decode,327.6,,,0,0,1,0
1454290485149204,1790361957.059819,12059,decode,269.6,,,0,0,1,0
1454290645098672,1790361957.219769,12219,idle,269.9,,,0,0,0,0
1454290801061900,1790361957.375731,12375,idle,10173.5,,,0,0,0,0
1454290960662324,1790361957.535331,12535,idle,569.2,,,0,0,0,0
1454291120604493,1790361957.695274,12695,idle,279.9,,,0,0,0,0
1454291270752531,1790361957.845421,12845,idle,807.0,,,0,0,0,0
1454291430530916,1790361958.005201,13005,idle,352.6,,,0,0,0,0
1454291581601958,1790361958.156271,13156,idle,764.8,,,0,0,0,0
1454291740330599,1790361958.315000,13315,idle,293.2,,,0,0,0,0
1454291891678704,1790361958.466346,13466,idle,790.3,,,0,0,0,0
1454292043759334,1790361958.618429,13618,idle,379.6,,,0,0,0,0
1454292201167165,1790361958.775836,13775,idle,8554.5,,,0,0,0,0
1454292361031362,1790361958.935701,13935,idle,317.3,,,0,0,0,0
1454292511230034,1790361959.085898,14085,idle,12288.8,,,0,0,0,0
1454292661585833,1790361959.236255,14236,idle,803.7,,,0,0,0,0
1454292820828122,1790361959.395498,14395,decode,455.4,,,0,0,1,0
1454292980309324,1790361959.554979,14554,decode,311.5,,,0,0,1,0
1454293130748874,1790361959.705419,14705,idle,392.3,,,0,0,0,0
1454293281409251,1790361959.856078,14856,idle,754.2,,,0,0,0,0
1454293441107881,1790361960.015776,15,idle,887.4,,,0,0,0,0
1454293591190128,1790361960.165860,165,idle,458.5,,,0,0,0,0
1454293751151182,1790361960.325821,325,idle,374.9,,,0,0,0,0
1454293901496865,1790361960.476166,476,idle,7869.4,,,0,0,0,0
1454294061267806,1790361960.635937,635,idle,556.1,,,0,0,0,0
1454294220687783,1790361960.795357,795,idle,845.8,,,0,0,0,0
1454294380660493,1790361960.955331,955,idle,297.3,,,0,0,0,0
1454294530802256,1790361961.105471,1105,idle,669.0,,,0,0,0,0
1454294681402872,1790361961.256072,1256,idle,461.9,,,0,0,0,0
1454294841091580,1790361961.415760,1415,idle,787.9,,,0,0,0,0
1454295000905630,1790361961.575575,1575,idle,1739.5,,,0,0,0,0
1454295151061498,1790361961.725730,1725,idle,785.7,,,0,0,0,0
1454295311129998,1790361961.885799,1885,idle,3343.1,,,0,0,0,0
1454295471095134,1790361962.045764,2045,idle,890.1,,,0,0,0,0
1454295630504731,1790361962.205174,2205,idle,306.5,,,0,0,0,0
1454295780533158,1790361962.355202,2355,idle,756.9,,,0,0,0,0
1454295931377304,1790361962.506046,2506,idle,715.7,,,0,0,0,0
1454296091206859,1790361962.665876,2665,idle,781.3,,,0,0,0,0
1454296250760827,1790361962.825430,2825,idle,2624.0,,,0,0,0,0
1454296410676475,1790361962.985346,2985,idle,382.2,,,0,0,0,0
1454296570347946,1790361963.145017,3145,idle,637.2,,,0,0,0,0
1454296721105578,1790361963.295775,3295,idle,710.9,,,0,0,0,0
1454296880857406,1790361963.455526,3455,idle,825.8,,,0,0,0,0
1454297040539370,1790361963.615209,3615,idle,272.1,,,0,0,0,0
1454297190871407,1790361963.765540,3765,idle,726.1,,,0,0,0,0
1454297341419004,1790361963.916088,3916,idle,771.6,,,0,0,0,0
1454297500654029,1790361964.075323,4075,idle,16884.8,,,0,0,0,0
1454297660636381,1790361964.235306,4235,idle,249.2,,,0,0,0,0
1454297811343565,1790361964.386012,4386,idle,646.6,,,0,0,0,0
1454297971045608,1790361964.545715,4545,idle,260.5,,,0,0,0,0
1454298121146512,1790361964.695816,4695,idle,375.8,,,0,0,0,0
1454298281043721,1790361964.855711,4855,idle,347.0,,,0,0,0,0
1454298441120488,1790361965.015789,5015,idle,837.5,,,0,0,0,0
1454298598079756,1790361965.172749,5172,idle,762.9,,,0,0,0,0
1454298757794409,1790361965.332462,5332,idle,728.9,,,0,0,0,0
1454298911367330,1790361965.486037,5486,idle,329.7,,,0,0,0,0
1454299069852064,1790361965.644521,5644,idle,539.0,,,0,0,0,0
1454299221278645,1790361965.795947,5795,idle,860.3,,,0,0,0,0
1454299381046930,1790361965.955716,5955,idle,785.6,,,0,0,0,0
1454299536086780,1790361966.110756,6110,idle,542.2,,,0,0,0,0
1454299690556212,1790361966.265226,6265,idle,302.4,,,0,0,0,0
1454299840804864,1790361966.415474,6415,idle,776.5,,,0,0,0,0
1454299991615471,1790361966.566284,6566,idle,785.9,,,0,0,0,0
1454300147704632,1790361966.722373,6722,idle,770.7,,,0,0,0,0
1454300300819831,1790361966.875490,6875,idle,1811.9,,,0,0,0,0
1454300460070822,1790361967.034740,7034,idle,322.1,,,0,0,0,0
1454300611651471,1790361967.186320,7186,idle,7206.6,,,0,0,0,0
1454300771390079,1790361967.346059,7346,idle,804.6,,,0,0,0,0
1454300930314365,1790361967.504984,7504,idle,301.9,,,0,0,0,0
1454301090179544,1790361967.664850,7664,idle,299.2,,,0,0,0,0
1454301241486800,1790361967.816155,7816,idle,907.7,,,0,0,0,0
1454301401269141,1790361967.975938,7975,idle,7330.3,,,0,0,0,0
1454301560071191,1790361968.134741,8134,idle,2274.3,,,0,0,0,0
1454301710457460,1790361968.285127,8285,idle,383.6,,,0,0,0,0
1454301861232173,1790361968.435900,8435,idle,865.7,,,0,0,0,0
1454302020399345,1790361968.595068,8595,idle,10472.7,,,0,0,0,0
1454302170870292,1790361968.745538,8745,idle,757.1,,,0,0,0,0
1454302330858723,1790361968.905529,8905,idle,282.5,,,0,0,0,0
1454302481051545,1790361969.055720,9055,idle,756.7,,,0,0,0,0
1454302641069274,1790361969.215739,9215,idle,506.3,,,0,0,0,0
1454302791424584,1790361969.366093,9366,idle,813.0,,,0,0,0,0
1454302950332258,1790361969.525002,9525,idle,301.2,,,0,0,0,0
1454303101279088,1790361969.675948,9675,idle,7105.9,,,0,0,0,0
1454303260485254,1790361969.835155,9835,idle,404.8,,,0,0,0,0
1454303410999995,1790361969.985668,9985,idle,3535.5,,,0,0,0,0
1454303570637900,1790361970.145308,10145,idle,308.9,,,0,0,0,0
1454303730778433,1790361970.305447,10305,idle,771.4,,,0,0,0,0
1454303881169811,1790361970.455837,10455,idle,747.7,,,0,0,0,0
1454304040774824,1790361970.615444,10615,idle,868.9,,,0,0,0,0
1454304191275543,1790361970.765944,10765,idle,455.6,,,0,0,0,0
1454304350931254,1790361970.925601,10925,idle,1109.1,,,0,0,0,0
1454304501518377,1790361971.076187,11076,idle,16681.0,,,0,0,0,0
1454304661511253,1790361971.236180,11236,idle,791.7,,,0,0,0,0
1454304821233317,1790361971.395901,11395,idle,853.0,,,0,0,0,0
1454304981185856,1790361971.555856,11555,idle,292.0,,,0,0,0,0
1454305131251878,1790361971.705921,11705,idle,748.0,,,0,0,0,0
1454305282843686,1790361971.857512,11857,decode,794.9,,,0,0,1,0
1454305434232276,1790361972.008902,12008,decode,318.7,,,0,0,1,0
1454305590687887,1790361972.165358,12165,idle,322.6,,,0,0,0,0
1454305740723215,1790361972.315392,12315,idle,746.7,,,0,0,0,0
1454305890725657,1790361972.465395,12465,idle,420.9,,,0,0,0,0
1454306041316221,1790361972.615985,12615,idle,789.0,,,0,0,0,0
1454306200225746,1790361972.774896,12774,idle,309.3,,,0,0,0,0
1454306351234666,1790361972.925904,12925,idle,816.3,,,0,0,0,0
1454306511076951,1790361973.085746,13085,idle,19040.1,,,0,0,0,0
1454306671113970,1790361973.245782,13245,idle,954.6,,,0,0,0,0
1454306830724210,1790361973.405394,13405,idle,303.7,,,0,0,0,0
1454306987369349,1790361973.562039,13562,decode,326.3,,,0,0,1,0
1454307140751239,1790361973.715420,13715,idle,833.3,,,0,0,0,0
1454307297786732,1790361973.872455,13872,idle,773.4,,,0,0,0,0
1454307451344109,1790361974.026014,14026,idle,338.1,,,0,0,0,0
1454307610693413,1790361974.185363,14185,idle,288.2,,,0,0,0,0
1454307770174242,1790361974.344844,14344,idle,377.8,,,0,0,0,0
1454307920687944,1790361974.495358,14495,decode,279.3,,,0,0,1,0
1454308078589406,1790361974.653259,14653,idle,330.3,,,0,0,0,0
1454308231207514,1790361974.805877,14805,idle,318.4,,,0,0,0,0
1454308381713948,1790361974.956383,14956,idle,813.3,,,0,0,0,0
1454308540810165,1790361975.115479,115,idle,412.1,,,0,0,0,0
1454308690952382,1790361975.265622,265,idle,523.7,,,0,0,0,0
1454308841253610,1790361975.415923,415,idle,265.3,,,0,0,0,0
1454309000946973,1790361975.575616,575,idle,19945.8,,,0,0,0,0
1454309160477989,1790361975.735147,735,idle,391.6,,,0,0,0,0
1454309311723313,1790361975.886392,886,idle,4593.5,,,0,0,0,0
1454309470439543,1790361976.045109,1045,idle,312.5,,,0,0,0,0
1454309620996487,1790361976.195666,1195,idle,665.6,,,0,0,0,0
1454309771536095,1790361976.346204,1346,idle,8943.3,,,0,0,0,0
1454309930498695,1790361976.505167,1505,idle,554.7,,,0,0,0,0
1454310080646923,1790361976.655317,1655,idle,371.3,,,0,0,0,0
1454310231514533,1790361976.806183,1806,idle,726.3,,,0,0,0,0
1454310390790477,1790361976.965460,1965,idle,294.7,,,0,0,0,0
1454310550582898,1790361977.125253,2125,idle,305.6,,,0,0,0,0
1454310712060360,1790361977.286730,2286,idle,307.5,,,0,0,0,0
1454310870491746,1790361977.445162,2445,idle,287.7,,,0,0,0,0
1454311021273030,1790361977.595942,2595,idle,9878.9,,,0,0,0,0
1454311181425460,1790361977.756094,2756,idle,847.1,,,0,0,0,0
1454311341236094,1790361977.915905,2915,idle,475.2,,,0,0,0,0
1454311500644650,1790361978.075314,3075,idle,8415.3,,,0,0,0,0
1454311650984739,1790361978.225653,3225,idle,745.1,,,0,0,0,0
1454311810969898,1790361978.385639,3385,idle,3335.5,,,0,0,0,0
1454311968560539,1790361978.543230,3543,idle,807.2,,,0,0,0,0
1454312120518801,1790361978.695188,3695,idle,352.8,,,0,0,0,0
1454312271077603,1790361978.845747,3845,idle,830.3,,,0,0,0,0
1454312421171925,1790361978.995841,3995,idle,766.6,,,0,0,0,0
1454312580940423,1790361979.155609,4155,idle,754.2,,,0,0,0,0
1454312740983273,1790361979.315653,4315,idle,245.5,,,0,0,0,0
1454312891270044,1790361979.465939,4465,idle,864.7,,,0,0,0,0
1454313051281734,1790361979.625950,4625,idle,5758.2,,,0,0,0,0
1454313201439628,1790361979.776109,4776,idle,6687.0,,,0,0,0,0
1454313361048647,1790361979.935718,4935,idle,337.6,,,0,0,0,0
1454313521030686,1790361980.095699,5095,idle,581.2,,,0,0,0,0
1454313671267122,1790361980.245936,5245,idle,909.3,,,0,0,0,0
1454313831286867,1790361980.405956,5405,idle,826.0,,,0,0,0,0
1454313991091998,1790361980.565762,5565,idle,483.9,,,0,0,0,0
1454314150644572,1790361980.725314,5725,idle,430.8,,,0,0,0,0
1454314301124189,1790361980.875793,5875,idle,7106.2,,,0,0,0,0
1454314461292823,1790361981.035962,6035,idle,770.5,,,0,0,0,0
1454314621272353,1790361981.195941,6195,idle,585.0,,,0,0,0,0
1454314780988489,1790361981.355658,6355,idle,360.9,,,0,0,0,0
1454314942103350,1790361981.516772,6516,idle,3452.8,,,0,0,0,0
1454315100953888,1790361981.675623,6675,idle,6751.2,,,0,0,0,0
1454315260911941,1790361981.835581,6835,idle,770.1,,,0,0,0,0
1454315420622304,1790361981.995292,6995,idle,287.2,,,0,0,0,0
1454315571071068,1790361982.145740,7145,idle,641.3,,,0,0,0,0
1454315731171774,1790361982.305841,7305,idle,761.6,,,0,0,0,0
1454315891360953,1790361982.466030,7466,idle,866.8,,,0,0,0,0
1454316043706004,1790361982.618376,7618,idle,251.2,,,0,0,0,0
1454316201152532,1790361982.775821,7775,idle,7709.6,,,0,0,0,0
1454316360949884,1790361982.935619,7935,idle,822.2,,,0,0,0,0
1454316520739710,1790361983.095408,8095,idle,10664.1,,,0,0,0,0
1454316680557880,1790361983.255228,8255,idle,245.3,,,0,0,0,0
1454316840713812,1790361983.415383,8415,idle,734.4,,,0,0,0,0
1454316991281992,1790361983.565951,8565,idle,862.4,,,0,0,0,0
1454317151487097,1790361983.726156,8726,idle,863.7,,,0,0,0,0
1454317310798532,1790361983.885468,8885,idle,275.6,,,0,0,0,0
1454317470832197,1790361984.045501,9045,idle,859.6,,,0,0,0,0
1454317621329881,1790361984.195999,9195,idle,782.0,,,0,0,0,0
1454317781360746,1790361984.356030,9356,idle,860.4,,,0,0,0,0
1454317940836773,1790361984.515507,9515,idle,346.0,,,0,0,0,0
1454318091758147,1790361984.666427,9666,idle,505.7,,,0,0,0,0
1454318251675171,1790361984.826344,9826,idle,826.4,,,0,0,0,0
1454318411038805,1790361984.985707,9985,idle,2102.5,,,0,0,0,0
1454318561415841,1790361985.136085,10136,idle,786.1,,,0,0,0,0
1454318720370908,1790361985.295041,10295,idle,383.9,,,0,0,0,0
1454318870996456,1790361985.445665,10445,idle,854.5,,,0,0,0,0
1454319030831483,1790361985.605501,10605,idle,639.3,,,0,0,0,0
1454319182238343,1790361985.756907,10756,idle,899.3,,,0,0,0,0
1454319340057443,1790361985.914727,10914,idle,364.9,,,0,0,0,0
1454319492245750,1790361986.066915,11066,idle,873.7,,,0,0,0,0
1454319651298649,1790361986.225967,11225,idle,809.6,,,0,0,0,0
1454319801393951,1790361986.376063,11376,idle,6780.4,,,0,0,0,0
1454319960363273,1790361986.535033,11535,idle,382.4,,,0,0,0,0
1454320110645936,1790361986.685315,11685,idle,1796.2,,,0,0,0,0
1454320261612422,1790361986.836281,11836,idle,1429.4,,,0,0,0,0
1454320421544922,1790361986.996215,11996,decode,320.1,,,0,0,1,0
1454320580059496,1790361987.154729,12154,idle,294.3,,,0,0,0,0
1454320731061135,1790361987.305730,12305,idle,747.5,,,0,0,0,0
1454320881256621,1790361987.455925,12455,idle,810.3,,,0,0,0,0
1454321041126678,1790361987.615795,12615,idle,819.2,,,0,0,0,0
1454321200798129,1790361987.775468,12775,idle,2016.0,,,0,0,0,0
1454321360676033,1790361987.935345,12935,idle,522.2,,,0,0,0,0
1454321511276340,1790361988.085945,13085,idle,19783.2,,,0,0,0,0
1454321671178662,1790361988.245847,13245,idle,961.1,,,0,0,0,0
1454321821313781,1790361988.395983,13395,idle,818.8,,,0,0,0,0
1454321975938328,1790361988.550608,13550,decode,302.1,,,0,0,1,0
1454322131900718,1790361988.706569,13706,idle,873.4,,,0,0,0,0
1454322291287481,1790361988.865956,13865,idle,879.5,,,0,0,0,0
1454322441424171,1790361989.016093,14016,idle,806.0,,,0,0,0,0
1454322600502597,1790361989.175172,14175,idle,1646.7,,,0,0,0,0
1454322757859180,1790361989.332528,14332,idle,777.5,,,0,0,0,0
1454322914459944,1790361989.489130,14489,decode,266.2,,,0,0,1,0
1454323069897983,1790361989.644567,14644,idle,442.8,,,0,0,0,0
1454323220935461,1790361989.795605,14795,idle,238.3,,,0,0,0,0
1454323381056044,1790361989.955724,14955,idle,775.0,,,0,0,0,0
1454323540916968,1790361990.115586,115,idle,848.2,,,0,0,0,0
1454323690940697,1790361990.265610,265,idle,826.2,,,0,0,0,0
1454323850893967,1790361990.425564,425,idle,392.2,,,0,0,0,0
1454324010586700,1790361990.585256,585,idle,1441.6,,,0,0,0,0
1454324161122381,1790361990.735791,735,idle,813.8,,,0,0,0,0
1454324321159480,1790361990.895828,895,idle,733.7,,,0,0,0,0
1454324480925633,1790361991.055595,1055,idle,356.3,,,0,0,0,0
1454324640788474,1790361991.215458,1215,idle,390.8,,,0,0,0,0
1454324791870614,1790361991.366539,1366,idle,832.8,,,0,0,0,0
1454324951076158,1790361991.525745,1525,idle,805.8,,,0,0,0,0
1454325101450951,1790361991.676120,1676,idle,7098.3,,,0,0,0,0
1454325253838086,1790361991.828508,1828,idle,319.6,,,0,0,0,0
1454325411711166,1790361991.986380,1986,idle,1177.3,,,0,0,0,0
1454325570385019,1790361992.145054,2145,idle,815.0,,,0,0,0,0
1454325721293476,1790361992.295962,2295,idle,777.2,,,0,0,0,0
1454325880239211,1790361992.454909,2454,idle,256.9,,,0,0,0,0
1454326030881979,1790361992.605551,2605,idle,832.3,,,0,0,0,0
1454326191067262,1790361992.765736,2765,idle,830.9,,,0,0,0,0
1454326350824849,1790361992.925493,2925,idle,703.6,,,0,0,0,0
1454326510179359,1790361993.084849,3084,idle,3258.6,,,0,0,0,0
1454326661456552,1790361993.236125,3236,idle,902.4,,,0,0,0,0
1454326821218086,1790361993.395887,3395,idle,744.6,,,0,0,0,0
1454326980752423,1790361993.555421,3555,idle,881.3,,,0,0,0,0
1454327140790912,1790361993.715461,3715,idle,326.2,,,0,0,0,0
1454327300854500,1790361993.875523,3875,idle,7177.0,,,0,0,0,0
1454327460727844,1790361994.035397,4035,idle,5741.7,,,0,0,0,0
1454327611434066,1790361994.186103,4186,idle,2363.9,,,0,0,0,0
1454327771262173,1790361994.345931,4345,idle,730.4,,,0,0,0,0
1454327930909962,1790361994.505580,4505,idle,330.2,,,0,0,0,0
1454328081360608,1790361994.656029,4656,idle,873.0,,,0,0,0,0
1454328241545442,1790361994.816214,4816,idle,901.0,,,0,0,0,0
1454328391785866,1790361994.966455,4966,idle,836.1,,,0,0,0,0
1454328550755663,1790361995.125426,5125,idle,678.9,,,0,0,0,0
1454328701551639,1790361995.276220,5276,idle,6667.2,,,0,0,0,0
1454328851661753,1790361995.426331,5426,idle,872.5,,,0,0,0,0
1454329001700609,1790361995.576370,5576,idle,12846.8,,,0,0,0,0
1454329160451080,1790361995.735121,5735,idle,352.1,,,0,0,0,0
1454329311623633,1790361995.886292,5886,idle,1648.7,,,0,0,0,0
1454329471451542,1790361996.046120,6046,idle,815.0,,,0,0,0,0
1454329631549062,1790361996.206217,6206,idle,869.7,,,0,0,0,0
1454329790691346,1790361996.365360,6365,idle,369.5,,,0,0,0,0
1454329941110058,1790361996.515779,6515,idle,763.0,,,0,0,0,0
1454330091410213,1790361996.666079,6666,idle,880.0,,,0,0,0,0
1454330241491195,1790361996.816160,6816,idle,850.3,,,0,0,0,0
1454330397061399,1790361996.971731,6971,idle,381.9,,,0,0,0,0
1454330551046989,1790361997.125717,7125,idle,891.5,,,0,0,0,0
1454330701860254,1790361997.276529,7276,idle,11228.5,,,0,0,0,0
1454330861469668,1790361997.436138,7436,idle,7157.4,,,0,0,0,0
1454331011656429,1790361997.586325,7586,idle,11273.4,,,0,0,0,0
1454331170837456,1790361997.745507,7745,idle,293.1,,,0,0,0,0
1454331321486658,1790361997.896156,7896,idle,815.3,,,0,0,0,0
1454331481312107,1790361998.055981,8055,idle,770.8,,,0,0,0,0
1454331640982195,1790361998.215651,8215,idle,823.8,,,0,0,0,0
1454331800677422,1790361998.375347,8375,idle,1682.0,,,0,0,0,0
1454331951071316,1790361998.525740,8525,idle,787.0,,,0,0,0,0
1454332101386931,1790361998.676056,8676,idle,6482.6,,,0,0,0,0
1454332261533146,1790361998.836202,8836,idle,890.3,,,0,0,0,0
1454332420821906,1790361998.995492,8995,idle,289.1,,,0,0,0,0
1454332572034576,1790361999.146703,9146,idle,811.0,,,0,0,0,0
1454332731333024,1790361999.306002,9306,idle,926.3,,,0,0,0,0
1454332881652328,1790361999.456321,9456,idle,837.6,,,0,0,0,0
1454333041170954,1790361999.615840,9615,idle,334.8,,,0,0,0,0
1454333201230188,1790361999.775899,9775,idle,6452.0,,,0,0,0,0
1454333360869212,1790361999.935537,9935,idle,803.6,,,0,0,0,0
1454333520848926,1790362000.095518,10095,idle,9034.1,,,0,0,0,0
1454333680497132,1790362000.255167,10255,idle,377.0,,,0,0,0,0
1454333831159842,1790362000.405829,10405,idle,375.0,,,0,0,0,0
1454333991064747,1790362000.565733,10565,idle,846.2,,,0,0,0,0
1454334141498302,1790362000.716167,10716,idle,882.5,,,0,0,0,0
1454334291799276,1790362000.866468,10866,idle,769.3,,,0,0,0,0
1454334450783111,1790362001.025453,11025,idle,283.1,,,0,0,0,0
1454334601470104,1790362001.176139,11176,idle,7469.2,,,0,0,0,0
1454334760923200,1790362001.335592,11335,idle,811.6,,,0,0,0,0
1454334921062512,1790362001.495731,11495,idle,3836.8,,,0,0,0,0
1454335080403796,1790362001.655074,11655,idle,330.4,,,0,0,0,0
1454335238095231,1790362001.812764,11812,decode,730.1,,,0,0,1,0
1454335389490904,1790362001.964161,11964,decode,268.9,,,0,0,1,0
1454335546077959,1790362002.120747,12120,idle,656.4,,,0,0,0,0
1454335700107265,1790362002.274777,12274,idle,292.9,,,0,0,0,0
1454335851255802,1790362002.425925,12425,idle,870.2,,,0,0,0,0
1454336001397161,1790362002.576066,12576,idle,11533.5,,,0,0,0,0
1454336161114913,1790362002.735784,12735,idle,814.2,,,0,0,0,0
1454336320567509,1790362002.895237,12895,idle,333.4,,,0,0,0,0
1454336471214965,1790362003.045884,13045,idle,524.5,,,0,0,0,0
1454336621249564,1790362003.195918,13195,idle,779.7,,,0,0,0,0
1454336781188715,1790362003.355857,13355,idle,756.9,,,0,0,0,0
1454336931219220,1790362003.505888,13505,idle,769.0,,,0,0,0,0
1454337090419577,1790362003.665090,13665,idle,270.8,,,0,0,0,0
1454337241068455,1790362003.815737,13815,idle,842.6,,,0,0,0,0
1454337391323629,1790362003.965991,13965,idle,870.8,,,0,0,0,0
1454337541338863,1790362004.116008,14116,idle,781.9,,,0,0,0,0
1454337700394508,1790362004.275064,14275,idle,269.8,,,0,0,0,0
1454337853888760,1790362004.428558,14428,decode,400.6,,,0,0,1,0
1454338013298797,1790362004.587969,14587,decode,266.2,,,0,0,1,0
1454338171210236,1790362004.745879,14745,idle,878.3,,,0,0,0,0
1454338330145581,1790362004.904816,14904,idle,294.2,,,0,0,0,0
1454338481231208,1790362005.055900,55,idle,836.6,,,0,0,0,0
1454338631302966,1790362005.205972,205,idle,892.1,,,0,0,0,0
1454338791253538,1790362005.365922,365,idle,861.7,,,0,0,0,0
1454338950703828,1790362005.525373,525,idle,318.2,,,0,0,0,0
1454339101321699,1790362005.675991,675,idle,6443.3,,,0,0,0,0
1454339261514515,1790362005.836183,836,idle,772.9,,,0,0,0,0
1454339421459112,1790362005.996128,996,idle,771.0,,,0,0,0,0
1454339580487119,1790362006.155157,1155,idle,297.4,,,0,0,0,0
1454339731493614,1790362006.306162,1306,idle,857.2,,,0,0,0,0
1454339881933219,1790362006.456602,1456,idle,836.4,,,0,0,0,0
1454340040962426,1790362006.615631,1615,idle,847.6,,,0,0,0,0
1454340197065099,1790362006.771735,1771,idle,435.1,,,0,0,0,0
1454340350594298,1790362006.925264,1925,idle,249.7,,,0,0,0,0
1454340501034854,1790362007.075705,2075,idle,11607.7,,,0,0,0,0
1454340661106016,1790362007.235775,2235,idle,766.5,,,0,0,0,0
1454340811126251,1790362007.385795,2385,idle,2051.0,,,0,0,0,0
1454340971035650,1790362007.545706,2545,idle,315.3,,,0,0,0,0
1454341121177227,1790362007.695846,2695,idle,728.7,,,0,0,0,0
1454341281253998,1790362007.855923,2855,idle,843.2,,,0,0,0,0
1454341441297391,1790362008.015966,3015,idle,795.3,,,0,0,0,0
1454341600764653,1790362008.175434,3175,idle,1934.3,,,0,0,0,0
1454341750963268,1790362008.325632,3325,idle,769.5,,,0,0,0,0
1454341901152137,1790362008.475821,3475,idle,6517.3,,,0,0,0,0
1454342061401323,1790362008.636070,3636,idle,850.0,,,0,0,0,0
1454342220532875,1790362008.795203,3795,idle,306.6,,,0,0,0,0
1454342371594925,1790362008.946263,3946,idle,849.0,,,0,0,0,0
1454342521944287,1790362009.096613,4096,idle,8490.6,,,0,0,0,0
1454342680758922,1790362009.255428,4255,idle,778.8,,,0,0,0,0
1454342837469610,1790362009.412139,4412,idle,348.2,,,0,0,0,0
1454342991391043,1790362009.566060,4566,idle,814.1,,,0,0,0,0
1454343150698370,1790362009.725367,4725,idle,892.4,,,0,0,0,0
1454343301520068,1790362009.876189,4876,idle,6608.9,,,0,0,0,0
1454343460964696,1790362010.035635,5035,idle,387.6,,,0,0,0,0
1454343620309913,1790362010.194978,5194,idle,774.4,,,0,0,0,0
1454343771116582,1790362010.345785,5345,idle,730.6,,,0,0,0,0
1454343931282145,1790362010.505951,5505,idle,795.0,,,0,0,0,0
1454344081405075,1790362010.656074,5656,idle,553.9,,,0,0,0,0
1454344240037171,1790362010.814707,5814,idle,260.0,,,0,0,0,0
1454344391369161,1790362010.966038,5966,idle,884.6,,,0,0,0,0
1454344551555954,1790362011.126225,6126,idle,676.0,,,0,0,0,0
1454344711333063,1790362011.286001,6286,idle,1117.0,,,0,0,0,0
1454344870220712,1790362011.444891,6444,idle,294.3,,,0,0,0,0
1454345021603391,1790362011.596272,6596,idle,785.1,,,0,0,0,0
1454345181855462,1790362011.756524,6756,idle,871.4,,,0,0,0,0
1454345341333232,1790362011.916002,6916,idle,920.4,,,0,0,0,0
1454345500393138,1790362012.075063,7075,idle,280.7,,,0,0,0,0
1454345651218419,1790362012.225887,7225,idle,741.6,,,0,0,0,0
1454345811364300,1790362012.386033,7386,idle,2820.7,,,0,0,0,0
1454345970802068,1790362012.545472,7545,idle,333.1,,,0,0,0,0
1454346121342780,1790362012.696012,7696,idle,363.3,,,0,0,0,0
1454346281188613,1790362012.855858,7855,idle,769.5,,,0,0,0,0
1454346441272360,1790362013.015941,8015,idle,676.3,,,0,0,0,0
1454346595356634,1790362013.170026,8170,idle,618.9,,,0,0,0,0
1454346751374600,1790362013.326043,8326,idle,576.9,,,0,0,0,0
1454346911225940,1790362013.485896,8485,idle,372.8,,,0,0,0,0
1454347061321288,1790362013.635990,8635,idle,867.7,,,0,0,0,0
1454347221353914,1790362013.796023,8796,idle,15777.2,,,0,0,0,0
1454347435253557,1790362014.009924,9009,tx,51585.7,,,1,0,0,1
1454347588617819,1790362014.163287,9163,tx,52048.0,,,1,0,0,1
1454347746338366,1790362014.321008,9321,tx,51059.3,,,1,0,0,1
1454347899355073,1790362014.474024,9474,tx,51184.8,,,1,0,0,1
1454348052518066,1790362014.627187,9627,tx,51910.8,,,1,0,0,1
1454348206070030,1790362014.780740,9780,tx,50815.8,,,1,0,0,1
1454348358544741,1790362014.933213,9933,tx,52226.2,,,1,0,0,1
1454348512728794,1790362015.087398,10087,tx,60795.9,,,1,0,0,1
1454348665518047,1790362015.240187,10240,tx,51976.8,,,1,0,0,1
1454348818699359,1790362015.393369,10393,tx,51852.6,,,1,0,0,1
1454348972238176,1790362015.546907,10546,tx,52204.9,,,1,0,0,1
1454349127066922,1790362015.701736,10701,tx,51480.8,,,1,0,0,1
1454349280245612,1790362015.854914,10854,tx,52176.2,,,1,0,0,1
1454349433281366,1790362016.007951,11007,tx,51743.7,,,1,0,0,1
1454349587446932,1790362016.162116,11162,tx,50996.5,,,1,0,0,1
1454349740461427,1790362016.315130,11315,tx,51997.4,,,1,0,0,1
1454349894367984,1790362016.469037,11469,tx,52021.1,,,1,0,0,1
1454350051852048,1790362016.626522,11626,tx,52024.1,,,1,0,0,1
1454350205552363,1790362016.780221,11780,tx,50965.7,,,1,0,0,1
1454350358458233,1790362016.933127,11933,tx,52141.1,,,1,0,0,1
1454350512318835,1790362017.086988,12086,tx,60607.3,,,1,0,0,1
1454350663702874,1790362017.238373,12238,tx,50766.8,,,1,0,0,1
1454350816372020,1790362017.391041,12391,tx,52102.8,,,1,0,0,1
1454350970451020,1790362017.545120,12545,tx,52190.6,,,1,0,0,1
1454351124183853,1790362017.698853,12698,tx,50794.5,,,1,0,0,1
1454351275859805,1790362017.850529,12850,tx,52660.8,,,1,0,0,1
1454351430267028,1790362018.004936,13004,tx,50786.5,,,1,0,0,1
1454351582505328,1790362018.157174,13157,tx,51880.5,,,1,0,0,1
1454351736726835,1790362018.311396,13311,tx,51219.8,,,1,0,0,1
1454351889860708,1790362018.464530,13464,tx,53692.9,,,1,0,0,1
1454352041794802,1790362018.616464,13616,tx,50921.0,,61841.6,1,0,0,1
1454352194436403,1790362018.769105,13769,idle,51030.2,,,0,0,0,0
1454352351599003,1790362018.926268,13926,idle,142650.5,,,0,0,0,0
1454352587038139,1790362019.161708,14161,idle,225.3,,,0,0,0,0
1454352744645770,1790362019.319314,14319,idle,886.4,,,0,0,0,0
1454352898912453,1790362019.473581,14473,idle,872.9,,,0,0,0,0
1454353056455559,1790362019.631124,14631,idle,784.7,,,0,0,0,0
1454353208066745,1790362019.782737,14782,idle,355.1,,,0,0,0,0
1454353368057884,1790362019.942727,14942,idle,496.0,,,0,0,0,0
1454353518603806,1790362020.093273,93,idle,16534.1,,,0,0,0,0
1454353677421673,1790362020.252090,252,idle,802.6,,,0,0,0,0
1454353836385568,1790362020.411055,411,idle,745.7,,,0,0,0,0
1454353996147925,1790362020.570818,570,idle,278.8,,,0,0,0,0
1454354147032892,1790362020.721701,721,idle,823.7,,,0,0,0,0
1454354297283485,1790362020.871952,871,idle,871.5,,,0,0,0,0
1454354457441004,1790362021.032110,1032,idle,848.4,,,0,0,0,0
1454354616097862,1790362021.190768,1190,idle,239.2,,,0,0,0,0
1454354766712420,1790362021.341381,1341,idle,792.9,,,0,0,0,0
1454354916902060,1790362021.491571,1491,idle,798.7,,,0,0,0,0
1454355074844735,1790362021.649513,1649,idle,851.9,,,0,0,0,0
1454355227317714,1790362021.801988,1801,idle,298.4,,,0,0,0,0
1454355386565643,1790362021.961235,1961,idle,796.9,,,0,0,0,0
1454355546572194,1790362022.121241,2121,idle,597.0,,,0,0,0,0
1454355706699426,1790362022.281368,2281,idle,1680.1,,,0,0,0,0
1454355866084790,1790362022.440755,2440,idle,298.4,,,0,0,0,0
1454356016557043,1790362022.591226,2591,idle,608.5,,,0,0,0,0
1454356176625559,1790362022.751294,2751,idle,832.6,,,0,0,0,0
1454356336492928,1790362022.911161,2911,idle,576.0,,,0,0,0,0
1454356496369656,1790362023.071039,3071,idle,546.0,,,0,0,0,0
1454356655516753,1790362023.230186,3230,idle,370.6,,,0,0,0,0
1454356807554243,1790362023.382223,3382,idle,5531.9,,,0,0,0,0
1454356967493220,1790362023.542162,3542,idle,666.7,,,0,0,0,0
1454357126874451,1790362023.701542,3701,idle,803.8,,,0,0,0,0
1454357285797224,1790362023.860467,3860,idle,272.1,,,0,0,0,0
1454357436422394,1790362024.011091,4011,idle,789.8,,,0,0,0,0
1454357587063990,1790362024.161732,4161,idle,806.8,,,0,0,0,0
1454357737360092,1790362024.312029,4312,idle,844.4,,,0,0,0,0
1454357896223097,1790362024.470893,4470,idle,263.3,,,0,0,0,0
1454358054393169,1790362024.629062,4629,idle,11810.1,,,0,0,0,0
1454358207604068,1790362024.782273,4782,idle,5565.0,,,0,0,0,0
1454358366495086,1790362024.941164,4941,idle,693.8,,,0,0,0,0
1454358516965369,1790362025.091635,5091,idle,261.6,,,0,0,0,0
1454358677052596,1790362025.251721,5251,idle,780.4,,,0,0,0,0
1454358827103924,1790362025.401773,5401,idle,820.2,,,0,0,0,0
1454358977144254,1790362025.551814,5551,idle,544.4,,,0,0,0,0
1454359136823750,1790362025.711493,5711,idle,769.3,,,0,0,0,0
1454359295806383,1790362025.870476,5870,idle,312.9,,,0,0,0,0
1454359446491212,1790362026.021160,6021,idle,890.5,,,0,0,0,0
1454359596586546,1790362026.171255,6171,idle,839.9,,,0,0,0,0
1454359756434239,1790362026.331103,6331,idle,10222.7,,,0,0,0,0
1454359916132868,1790362026.490803,6490,idle,310.1,,,0,0,0,0
1454360066233284,1790362026.640902,6640,idle,832.8,,,0,0,0,0
1454360226406027,1790362026.801075,6801,idle,875.5,,,0,0,0,0
1454360376855980,1790362026.951525,6951,idle,774.1,,,0,0,0,0
1454360536724456,1790362027.111394,7111,idle,262.8,,,0,0,0,0
1454360687096902,1790362027.261766,7261,idle,838.7,,,0,0,0,0
1454360847219729,1790362027.421889,7421,idle,950.2,,,0,0,0,0
1454361001051519,1790362027.575721,7575,idle,20831.3,,,0,0,0,0
1454361155980206,1790362027.730650,7730,idle,351.7,,,0,0,0,0
1454361306701925,1790362027.881371,7881,idle,387.4,,,0,0,0,0
1454361456784283,1790362028.031453,8031,idle,845.3,,,0,0,0,0
1454361616625414,1790362028.191294,8191,idle,742.3,,,0,0,0,0
1454361776488106,1790362028.351158,8351,idle,361.6,,,0,0,0,0
1454361936361639,1790362028.511031,8511,idle,404.1,,,0,0,0,0
1454362087639926,1790362028.662309,8662,idle,883.3,,,0,0,0,0
1454362246580863,1790362028.821250,8821,idle,833.7,,,0,0,0,0
1454362406568359,1790362028.981237,8981,idle,2508.1,,,0,0,0,0
1454362565931159,1790362029.140601,9140,idle,261.5,,,0,0,0,0
1454362716377070,1790362029.291046,9291,idle,847.9,,,0,0,0,0
1454362876329150,1790362029.450998,9450,idle,789.8,,,0,0,0,0
1454363027065820,1790362029.601734,9601,idle,4064.8,,,0,0,0,0
1454363186401789,1790362029.761072,9761,idle,310.4,,,0,0,0,0
1454363336970004,1790362029.911638,9911,idle,836.0,,,0,0,0,0
1454363496968425,1790362030.071637,10071,idle,824.8,,,0,0,0,0
1454363656872538,1790362030.231541,10231,idle,835.8,,,0,0,0,0
1454363815853707,1790362030.390523,10390,idle,332.0,,,0,0,0,0
1454363966201734,1790362030.540871,10540,idle,654.9,,,0,0,0,0
1454364116997374,1790362030.691666,10691,idle,745.8,,,0,0,0,0
1454364277064149,1790362030.851732,10851,idle,805.2,,,0,0,0,0
1454364436073229,1790362031.010743,11010,idle,294.2,,,0,0,0,0
1454364586268971,1790362031.160938,11160,idle,815.8,,,0,0,0,0
1454364737325357,1790362031.311994,11311,idle,876.5,,,0,0,0,0
1454364897402644,1790362031.472071,11472,idle,823.0,,,0,0,0,0
1454365056718978,1790362031.631389,11631,idle,362.6,,,0,0,0,0
1454365216449005,1790362031.791118,11791,idle,535.7,,,0,0,0,0
1454365373422952,1790362031.948093,11948,decode,5147.1,,,0,0,1,0
1454365526403678,1790362032.101074,12101,decode,332.6,,,0,0,1,0
1454365677286795,1790362032.251954,12251,idle,856.8,,,0,0,0,0
1454365836087557,1790362032.410758,12410,idle,266.5,,,0,0,0,0
1454365986344173,1790362032.561013,12561,idle,800.5,,,0,0,0,0
1454366136618881,1790362032.711288,12711,idle,840.0,,,0,0,0,0
1454366286810741,1790362032.861480,12861,idle,931.8,,,0,0,0,0
1454366437293583,1790362033.011963,13011,idle,275.1,,,0,0,0,0
1454366597158974,1790362033.171827,13171,idle,819.9,,,0,0,0,0
1454366756900377,1790362033.331569,13331,idle,830.3,,,0,0,0,0
1454366907134499,1790362033.481803,13481,idle,17730.3,,,0,0,0,0
1454367065707948,1790362033.640378,13640,idle,276.2,,,0,0,0,0
1454367217090756,1790362033.791760,13791,idle,10438.1,,,0,0,0,0
1454367376652118,1790362033.951321,13951,idle,854.0,,,0,0,0,0
1454367526667617,1790362034.101336,14101,idle,4006.1,,,0,0,0,0
1454367686542652,1790362034.261213,14261,idle,275.1,,,0,0,0,0
1454367839608366,1790362034.414278,14414,decode,408.7,,,0,0,1,0
1454367995987096,1790362034.570657,14570,decode,301.7,,,0,0,1,0
1454368146477977,1790362034.721147,14721,idle,824.4,,,0,0,0,0
1454368296640991,1790362034.871310,14871,idle,791.8,,,0,0,0,0
1454368456545479,1790362035.031215,31,idle,318.3,,,0,0,0,0
1454368634308973,1790362035.208978,208,tx,51130.8,,,1,0,0,1
1454368787437754,1790362035.362106,362,tx,52046.4,,,1,0,0,1
1454368941489785,1790362035.516159,516,tx,52235.5,,,1,0,0,1
1454369094316041,1790362035.668986,668,tx,50646.7,,,1,0,0,1
1454369249316235,1790362035.823985,823,tx,51415.1,,,1,0,0,1
1454369402942786,1790362035.977611,977,tx,51183.7,,,1,0,0,1
1454369556546827,1790362036.131215,1131,tx,52127.4,,,1,0,0,1
1454369709870495,1790362036.284540,1284,tx,51658.7,,,1,0,0,1
1454369863500609,1790362036.438170,1438,tx,52197.6,,,1,0,0,1
1454370017574212,1790362036.592244,1592,tx,51925.7,,,1,0,0,1
1454370171827589,1790362036.746496,1746,tx,51992.7,,,1,0,0,1
1454370324859109,1790362036.899529,1899,tx,50857.7,,,1,0,0,1
1454370477853347,1790362037.052522,2052,tx,51092.6,,,1,0,0,1
1454370631083628,1790362037.205752,2205,tx,51214.1,,,1,0,0,1
1454370783877247,1790362037.358546,2358,tx,51076.8,,,1,0,0,1
1454370935905693,1790362037.510576,2510,tx,51590.3,,,1,0,0,1
1454371089610849,1790362037.664280,2664,tx,52064.7,,,1,0,0,1
1454371248614789,1790362037.823283,2823,tx,52161.0,,,1,0,0,1
1454371402583298,1790362037.977252,2977,tx,51188.1,,,1,0,0,1
1454371554373592,1790362038.129043,3129,tx,51654.8,,,1,0,0,1
1454371708387311,1790362038.283056,3283,tx,51351.7,,,1,0,0,1
1454371862088238,1790362038.436757,3436,tx,51081.7,,,1,0,0,1
1454372014695991,1790362038.589365,3589,tx,67947.0,,,1,0,0,1
1454372173740072,1790362038.748410,3748,tx,52110.2,,,1,0,0,1
1454372326941825,1790362038.901611,3901,tx,51076.4,,,1,0,0,1
1454372480182329,1790362039.054851,4054,tx,51091.7,,,1,0,0,1
1454372633881303,1790362039.208550,4208,tx,51054.1,,,1,0,0,1
1454372786034256,1790362039.360704,4360,tx,51734.7,,,1,0,0,1
1454372939442672,1790362039.514112,4514,tx,52191.6,,,1,0,0,1
1454373092884900,1790362039.667555,4667,tx,51677.5,,,1,0,0,1
1454373247154371,1790362039.821824,4821,tx,50844.1,,,1,0,0,1
1454373399520370,1790362039.974190,4974,tx,51662.0,,,1,0,0,1
1454373549586908,1790362040.124256,5124,tx,52936.1,,,1,0,0,1
1454373703644416,1790362040.278313,5278,tx,51144.4,,,1,0,0,1
1454373857122405,1790362040.431791,5431,tx,50964.0,,,1,0,0,1
1454374009679849,1790362040.584349,5584,tx,55170.4,,,1,0,0,1
1454374166094847,1790362040.740765,5740,tx,50681.4,,,1,0,0,1
1454374318877697,1790362040.893547,5893,tx,51090.0,,,1,0,0,1
1454374472062040,1790362041.046731,6046,tx,51074.2,,,1,0,0,1
1454374625508466,1790362041.200177,6200,tx,52141.9,,,1,0,0,1
1454374778576931,1790362041.353247,6353,tx,50797.3,,,1,0,0,1
1454374931816347,1790362041.506485,6506,tx,52124.3,,,1,0,0,1
1454375085917822,1790362041.660587,6660,tx,51169.9,,,1,0,0,1
1454375238993767,1790362041.813663,6813,tx,52064.0,,,1,0,0,1
1454375391943704,1790362041.966614,6966,tx,50811.1,,,1,0,0,1
1454375548505809,1790362042.123175,7123,tx,51320.8,,,1,0,0,1
1454375702091608,1790362042.276760,7276,tx,51081.2,,,1,0,0,1
1454375855445417,1790362042.430114,7430,tx,51287.7,,,1,0,0,1
1454376010532277,1790362042.585202,7585,tx,69361.7,,,1,0,0,1
1454376161504910,1790362042.736174,7736,tx,52243.0,,,1,0,0,1
1454376316171515,1790362042.890840,7890,tx,51141.4,,,1,0,0,1
1454376469580385,1790362043.044249,8044,tx,51169.9,,,1,0,0,1
1454376623135079,1790362043.197805,8197,tx,50683.4,,,1,0,0,1
1454376775836447,1790362043.350506,8350,tx,51162.4,,,1,0,0,1
1454376929392177,1790362043.504061,8504,tx,51367.1,,,1,0,0,1
1454377083092688,1790362043.657762,8657,tx,51146.3,,,1,0,0,1
1454377235129559,1790362043.809799,8809,tx,51638.5,,,1,0,0,1
1454377388621053,1790362043.963290,8963,tx,51184.7,,,1,0,0,1
1454377542046872,1790362044.116715,9116,tx,51182.3,,,1,0,0,1
1454377695509307,1790362044.270177,9270,tx,51278.7,,,1,0,0,1
1454377851967930,1790362044.426638,9426,tx,53247.5,,,1,0,0,1
1454378004918289,1790362044.579587,9579,tx,59381.1,,,1,0,0,1
1454378156821493,1790362044.731490,9731,tx,52097.3,,,1,0,0,1
1454378311195176,1790362044.885865,9885,tx,50816.3,,,1,0,0,1
1454378463527209,1790362045.038196,10038,tx,52064.1,,,1,0,0,1
1454378616881637,1790362045.191552,10191,tx,51669.9,,,1,0,0,1
1454378771314472,1790362045.345983,10345,tx,51139.2,,,1,0,0,1
1454378924303491,1790362045.498971,10498,tx,51206.2,,,1,0,0,1
1454379077331179,1790362045.652000,10651,tx,50975.9,,,1,0,0,1
1454379229110824,1790362045.803781,10803,tx,50756.9,,,1,0,0,1
1454379382095926,1790362045.956765,10956,tx,51225.2,,,1,0,0,1
1454379536024172,1790362046.110694,11110,tx,50819.6,,,1,0,0,1
1454379689195691,1790362046.263865,11263,tx,52086.5,,,1,0,0,1
1454379842986110,1790362046.417656,11417,tx,52233.4,,,1,0,0,1
1454379996818178,1790362046.571487,11571,tx,51343.0,,,1,0,0,1
1454380150270187,1790362046.724939,11724,tx,52781.0,,,1,0,0,1
1454380303351665,1790362046.878020,11878,tx,52014.2,,,1,0,0,1
1454380456231873,1790362047.030902,12030,tx,53117.2,,,1,0,0,1
1454380610091175,1790362047.184760,12184,tx,51093.0,,,1,0,0,1
1454380763186784,1790362047.337855,12337,tx,51062.5,,,1,0,0,1
1454380916304273,1790362047.490973,12490,tx,51265.3,,,1,0,0,1
1454381068879103,1790362047.643549,12643,tx,51715.7,,,1,0,0,1
1454381222938202,1790362047.797607,12797,tx,50940.3,,,1,0,0,1
1454381376201374,1790362047.950870,12950,tx,51248.1,,,1,0,0,1
1454381529774947,1790362048.104443,13104,tx,53000.8,,,1,0,0,1
1454381683557609,1790362048.258227,13258,tx,50716.1,,,1,0,0,1
1454381836316611,1790362048.410985,13410,tx,51105.1,,,1,0,0,1
1454381989420392,1790362048.564089,13564,tx,52289.3,,122929.9,1,0,0,1
1454382145797785,1790362048.720468,13720,idle,50973.9,,,0,0,0,0
1454382297705161,1790362048.872375,13872,idle,51608.2,,,0,0,0,0
1454382468959720,1790362049.043629,14043,idle,7113.4,,,0,0,0,0
1454382622967471,1790362049.197637,14197,idle,570.7,,,0,0,0,0
1454382782975023,1790362049.357644,14357,idle,871.1,,,0,0,0,0
1454382935996705,1790362049.510667,14510,idle,343.3,,,0,0,0,0
1454383090271299,1790362049.664940,14664,idle,833.5,,,0,0,0,0
1454383244106414,1790362049.818775,14818,idle,827.6,,,0,0,0,0
1454383401742109,1790362049.976411,14976,idle,9004.6,,,0,0,0,0
1454383557863700,1790362050.132533,132,idle,443.5,,,0,0,0,0
1454383710494519,1790362050.285163,285,idle,349.9,,,0,0,0,0
1454383861139030,1790362050.435808,435,idle,786.9,,,0,0,0,0
1454384021102988,1790362050.595772,595,idle,3097.6,,,0,0,0,0
1454384171178131,1790362050.745847,745,idle,903.4,,,0,0,0,0
1454384330077568,1790362050.904747,904,idle,279.0,,,0,0,0,0
1454384481791089,1790362051.056460,1056,idle,899.1,,,0,0,0,0
1454384633507142,1790362051.208176,1208,idle,991.5,,,0,0,0,0
1454384793437443,1790362051.368106,1368,idle,859.5,,,0,0,0,0
1454384952338534,1790362051.527008,1527,idle,291.2,,,0,0,0,0
1454385103102287,1790362051.677771,1677,idle,4874.7,,,0,0,0,0
1454385254425261,1790362051.829094,1829,idle,839.7,,,0,0,0,0
1454385413222044,1790362051.987891,1987,idle,752.0,,,0,0,0,0
1454385573038154,1790362052.147708,2147,idle,313.8,,,0,0,0,0
1454385723108831,1790362052.297778,2297,idle,774.7,,,0,0,0,0
1454385873493948,1790362052.448163,2448,idle,799.8,,,0,0,0,0
1454386032558851,1790362052.607229,2607,idle,377.9,,,0,0,0,0
1454386183137915,1790362052.757807,2757,idle,732.1,,,0,0,0,0
1454386343141886,1790362052.917812,2917,idle,322.6,,,0,0,0,0
1454386494124900,1790362053.068794,3068,idle,951.8,,,0,0,0,0
1454386645528444,1790362053.220197,3220,idle,853.7,,,0,0,0,0
1454386803772985,1790362053.378442,3378,idle,4305.6,,,0,0,0,0
1454386962534866,1790362053.537205,3537,idle,306.7,,,0,0,0,0
1454387113413262,1790362053.688082,3688,idle,751.1,,,0,0,0,0
1454387263472736,1790362053.838141,3838,idle,913.7,,,0,0,0,0
1454387413511722,1790362053.988181,3988,idle,739.3,,,0,0,0,0
1454387571641217,1790362054.146311,4146,idle,263.3,,,0,0,0,0
1454387723445816,1790362054.298115,4298,idle,746.0,,,0,0,0,0
1454387873458538,1790362054.448128,4448,idle,867.6,,,0,0,0,0
1454388033259283,1790362054.607928,4607,idle,811.8,,,0,0,0,0
1454388192925229,1790362054.767595,4767,idle,383.6,,,0,0,0,0
1454388352620966,1790362054.927291,4927,idle,433.4,,,0,0,0,0
1454388503130142,1790362055.077799,5077,idle,14782.9,,,0,0,0,0
1454388653647190,1790362055.228316,5228,idle,900.9,,,0,0,0,0
1454388803758276,1790362055.378427,5378,idle,4997.3,,,0,0,0,0
1454388962607324,1790362055.537277,5537,idle,260.0,,,0,0,0,0
1454389113085065,1790362055.687754,5687,idle,753.3,,,0,0,0,0
1454389263242985,1790362055.837912,5837,idle,815.2,,,0,0,0,0
1454389423431526,1790362055.998100,5998,idle,767.4,,,0,0,0,0
1454389582759705,1790362056.157430,6157,idle,282.3,,,0,0,0,0
1454389733536998,1790362056.308206,6308,idle,687.1,,,0,0,0,0
1454389893623394,1790362056.468292,6468,idle,968.7,,,0,0,0,0
1454390045511270,1790362056.620180,6620,idle,822.9,,,0,0,0,0
1454390203542578,1790362056.778212,6778,idle,1260.8,,,0,0,0,0
1454390363539359,1790362056.938209,6938,idle,609.3,,,0,0,0,0
1454390523564639,1790362057.098233,7098,idle,7885.0,,,0,0,0,0
1454390674186740,1790362057.248856,7248,idle,807.5,,,0,0,0,0
1454390832959523,1790362057.407629,7407,idle,331.8,,,0,0,0,0
1454390992962802,1790362057.567632,7567,idle,515.0,,,0,0,0,0
1454391144545569,1790362057.719214,7719,idle,888.8,,,0,0,0,0
1454391303724485,1790362057.878393,7878,idle,4809.6,,,0,0,0,0
1454391454415660,1790362058.029083,8029,idle,872.8,,,0,0,0,0
1454391612632358,1790362058.187302,8187,idle,258.9,,,0,0,0,0
1454391763063349,1790362058.337732,8337,idle,768.6,,,0,0,0,0
1454391913090202,1790362058.487759,8487,idle,772.9,,,0,0,0,0
1454392070822175,1790362058.645491,8645,idle,815.4,,,0,0,0,0
1454392222708998,1790362058.797379,8797,idle,313.9,,,0,0,0,0
1454392382815555,1790362058.957484,8957,idle,829.9,,,0,0,0,0
1454392533765777,1790362059.108435,9108,idle,641.8,,,0,0,0,0
1454392693763436,1790362059.268432,9268,idle,863.3,,,0,0,0,0
1454392844094199,1790362059.418764,9418,idle,323.0,,,0,0,0,0
1454393003200756,1790362059.577870,9577,idle,5228.6,,,0,0,0,0
1454393154724111,1790362059.729393,9729,idle,842.6,,,0,0,0,0
1454393313793844,1790362059.888463,9888,idle,724.7,,,0,0,0,0
1454393473383672,1790362060.048053,10048,idle,536.2,,,0,0,0,0
1454393632856305,1790362060.207526,10207,idle,396.5,,,0,0,0,0
1454393783253533,1790362060.357922,10357,idle,802.8,,,0,0,0,0
1454393933315131,1790362060.507984,10507,idle,776.0,,,0,0,0,0
1454394084038612,1790362060.658707,10658,idle,839.2,,,0,0,0,0
1454394243075982,1790362060.817746,10817,idle,290.9,,,0,0,0,0
1454394395091132,1790362060.969759,10969,idle,840.9,,,0,0,0,0
1454394547911446,1790362061.122581,11122,idle,698.1,,,0,0,0,0
1454394704490233,1790362061.279159,11279,idle,4032.8,,,0,0,0,0
1454394862862957,1790362061.437533,11437,idle,304.2,,,0,0,0,0
1454395022843374,1790362061.597512,11597,idle,9132.6,,,0,0,0,0
1454395174079429,1790362061.748748,11748,idle,789.6,,,0,0,0,0
1454395327449424,1790362061.902119,11902,decode,4165.0,,,0,0,1,0
1454395477554691,1790362062.052224,12052,decode,282.1,,,0,0,1,0
1454395632731842,1790362062.207402,12207,idle,430.9,,,0,0,0,0
1454395783548557,1790362062.358217,12358,idle,838.6,,,0,0,0,0
1454395933711726,1790362062.508380,12508,idle,838.0,,,0,0,0,0
1454396093103963,1790362062.667773,12667,idle,703.5,,,0,0,0,0
1454396252999873,1790362062.827670,12827,idle,322.8,,,0,0,0,0
1454396403551807,1790362062.978220,12978,idle,10147.9,,,0,0,0,0
1454396561243128,1790362063.135912,13135,idle,848.2,,,0,0,0,0
1454396713156419,1790362063.287826,13287,idle,386.2,,,0,0,0,0
1454396864406205,1790362063.439076,13439,idle,324.4,,,0,0,0,0
1454397023711553,1790362063.598380,13598,decode,333.6,,,0,0,1,0
1454397174125365,1790362063.748794,13748,idle,807.0,,,0,0,0,0
1454397333082248,1790362063.907751,13907,idle,772.1,,,0,0,0,0
1454397492969544,1790362064.067639,14067,idle,289.1,,,0,0,0,0
1454397643180011,1790362064.217849,14217,idle,888.8,,,0,0,0,0
1454397793308109,1790362064.367977,14367,idle,817.9,,,0,0,0,0
1454397953032334,1790362064.527702,14527,decode,293.7,,,0,0,1,0
1454398110289745,1790362064.684959,14684,idle,254.9,,,0,0,0,0
1454398263531880,1790362064.838201,14838,idle,863.1,,,0,0,0,0
1454398413570258,1790362064.988239,14988,idle,6325.5,,,0,0,0,0
1454398630095788,1790362065.204765,204,tx,51758.2,,,1,0,0,1
1454398782660164,1790362065.357330,357,tx,50706.9,,,1,0,0,1
1454398935199789,1790362065.509869,509,tx,51150.0,,,1,0,0,1
1454399088385408,1790362065.663054,663,tx,51111.6,,,1,0,0,1
1454399241105466,1790362065.815774,815,tx,54205.5,,,1,0,0,1
1454399394141535,1790362065.968811,968,tx,50793.6,,,1,0,0,1
1454399552085978,1790362066.126755,1126,tx,52083.1,,,1,0,0,1
1454399705947362,1790362066.280616,1280,tx,52190.8,,,1,0,0,1
1454399859924654,1790362066.434594,1434,tx,51051.1,,,1,0,0,1
1454400012161694,1790362066.586832,1586,tx,50661.3,,,1,0,0,1
1454400164871610,1790362066.739541,1739,tx,51066.1,,,1,0,0,1
1454400317893158,1790362066.892562,1892,tx,51105.9,,,1,0,0,1
1454400470944136,1790362067.045613,2045,tx,51025.4,,,1,0,0,1
1454400623349309,1790362067.198019,2198,tx,52926.9,,,1,0,0,1
1454400778164218,1790362067.352833,2352,tx,51057.4,,,1,0,0,1
1454400931079993,1790362067.505749,2505,tx,51102.9,,,1,0,0,1
1454401084637036,1790362067.659306,2659,tx,51385.4,,,1,0,0,1
1454401237284211,1790362067.811954,2811,tx,51669.1,,,1,0,0,1
1454401390857198,1790362067.965526,2965,tx,51139.9,,,1,0,0,1
1454401547427336,1790362068.122096,3122,tx,51840.8,,,1,0,0,1
1454401701651563,1790362068.276320,3276,tx,51332.7,,,1,0,0,1
1454401854826020,1790362068.429496,3429,tx,52023.5,,,1,0,0,1
1454402008452900,1790362068.583123,3583,tx,51894.4,,,1,0,0,1
1454402162738398,1790362068.737407,3737,tx,51200.2,,,1,0,0,1
1454402316316209,1790362068.890985,3890,tx,52121.7,,,1,0,0,1
1454402470611071,1790362069.045280,4045,tx,52349.2,,,1,0,0,1
1454402624215680,1790362069.198886,4198,tx,50688.9,,,1,0,0,1
1454402776748428,1790362069.351417,4351,tx,52266.5,,,1,0,0,1
1454402930878060,1790362069.505547,4505,tx,51162.1,,,1,0,0,1
1454403084150476,1790362069.658819,4658,tx,54619.5,,,1,0,0,1
1454403237132453,1790362069.811802,4811,tx,51931.1,,,1,0,0,1
1454403391202250,1790362069.965871,4965,tx,51140.0,,,1,0,0,1
1454403546099355,1790362070.120768,5120,tx,52125.5,,,1,0,0,1
1454403700879444,1790362070.275548,5275,tx,52019.2,,,1,0,0,1
1454403853870602,1790362070.428540,5428,tx,51676.5,,,1,0,0,1
1454404007364659,1790362070.582033,5582,tx,56910.7,,,1,0,0,1
1454404166503404,1790362070.741171,5741,tx,51166.7,,,1,0,0,1
1454404319938911,1790362070.894608,5894,tx,51994.5,,,1,0,0,1
1454404472870950,1790362071.047541,6047,tx,51673.4,,,1,0,0,1
1454404626219650,1790362071.200888,6200,tx,50980.1,,,1,0,0,1
1454404779293747,1790362071.353961,6353,tx,51229.0,,,1,0,0,1
1454404932482070,1790362071.507151,6507,tx,51232.1,,,1,0,0,1
1454405084789164,1790362071.659459,6659,tx,50685.9,,,1,0,0,1
1454405237216552,1790362071.811885,6811,tx,51157.0,,,1,0,0,1
1454405389955129,1790362071.964624,6964,tx,51170.2,,,1,0,0,1
1454405546738857,1790362072.121407,7121,tx,51257.3,,,1,0,0,1
1454405698920933,1790362072.273591,7273,tx,51510.2,,,1,0,0,1
1454405851252283,1790362072.425922,7425,tx,52030.3,,,1,0,0,1
1454406011124487,1790362072.585792,7585,tx,68865.2,,,1,0,0,1
1454406161595182,1790362072.736264,7736,tx,51125.9,,,1,0,0,1
1454406313851880,1790362072.888522,7888,tx,51586.3,,,1,0,0,1
1454406467132014,1790362073.041801,8041,tx,51028.9,,,1,0,0,1
1454406620497270,1790362073.195165,8195,tx,51228.0,,,1,0,0,1
1454406774102589,1790362073.348770,8348,tx,51269.6,,,1,0,0,1
1454406927654433,1790362073.502323,8502,tx,52826.5,,,1,0,0,1
1454407081139016,1790362073.655809,8655,tx,50779.8,,,1,0,0,1
1454407234258045,1790362073.808927,8808,tx,51262.0,,,1,0,0,1
1454407387630796,1790362073.962299,8962,tx,52451.7,,,1,0,0,1
1454407545179763,1790362074.119849,9119,tx,51014.4,,,1,0,0,1
1454407697174682,1790362074.271845,9271,tx,50737.8,,,1,0,0,1
1454407849964934,1790362074.424634,9424,tx,53224.5,,,1,0,0,1
1454408004368006,1790362074.579037,9579,tx,60111.8,,,1,0,0,1
1454408156524258,1790362074.731193,9731,tx,51979.0,,,1,0,0,1
1454408309335028,1790362074.884005,9884,tx,50732.5,,,1,0,0,1
1454408462520630,1790362075.037189,10037,tx,51033.3,,,1,0,0,1
1454408615244134,1790362075.189912,10189,tx,51133.0,,,1,0,0,1
1454408768655622,1790362075.343324,10343,tx,51070.1,,,1,0,0,1
1454408920802159,1790362075.495472,10495,tx,50615.3,,,1,0,0,1
1454409072751438,1790362075.647420,10647,tx,51194.3,,,1,0,0,1
1454409226065851,1790362075.800735,10800,tx,50994.0,,,1,0,0,1
1454409379273344,1790362075.953942,10953,tx,52029.3,,,1,0,0,1
1454409532148021,1790362076.106818,11106,tx,51844.9,,,1,0,0,1
1454409685915034,1790362076.260583,11260,tx,51107.0,,,1,0,0,1
1454409839407615,1790362076.414076,11414,tx,51259.0,,,1,0,0,1
1454409992867057,1790362076.567536,11567,tx,51116.7,,,1,0,0,1
1454410147150647,1790362076.721820,11721,tx,51674.7,,,1,0,0,1
1454410300241204,1790362076.874910,11874,tx,51086.8,,,1,0,0,1
1454410452624821,1790362077.027293,12027,tx,56755.3,,,1,0,0,1
1454410607432958,1790362077.182102,12182,tx,51911.6,,,1,0,0,1
1454410761268916,1790362077.335938,12335,tx,53169.1,,,1,0,0,1
1454410914447819,1790362077.489118,12489,tx,50757.0,,,1,0,0,1
1454411067378539,1790362077.642047,12642,tx,51187.8,,,1,0,0,1
1454411220728344,1790362077.795397,12795,tx,51249.4,,,1,0,0,1
1454411374152334,1790362077.948821,12948,tx,52095.8,,,1,0,0,1
1454411527153773,1790362078.101824,13101,tx,53412.4,,,1,0,0,1
1454411682679776,1790362078.257348,13257,tx,51458.2,,,1,0,0,1
1454411836404015,1790362078.411073,13411,tx,51010.2,,,1,0,0,1
1454411988995190,1790362078.563664,13563,tx,52054.5,,113200.4,1,0,0,1
1454412145687568,1790362078.720358,13720,idle,51572.7,,,0,0,0,0
1454412298974236,1790362078.873643,13873,idle,52111.6,,,0,0,0,0
1454412471554742,1790362079.046224,14046,idle,7472.3,,,0,0,0,0
1454412625643862,1790362079.200312,14200,idle,871.5,,,0,0,0,0
1454412784533715,1790362079.359204,14359,idle,276.4,,,0,0,0,0
1454412939427404,1790362079.514096,14514,idle,781.3,,,0,0,0,0
1454413093061851,1790362079.667731,14667,idle,765.2,,,0,0,0,0
1454413243825359,1790362079.818494,14818,idle,906.0,,,0,0,0,0
1454413403446802,1790362079.978116,14978,idle,705.2,,,0,0,0,0
1454413563043544,1790362080.137712,137,idle,772.3,,,0,0,0,0
1454413713256183,1790362080.287925,287,idle,6039.8,,,0,0,0,0
1454413863623210,1790362080.438292,438,idle,778.8,,,0,0,0,0
1454414023233362,1790362080.597903,597,idle,305.4,,,0,0,0,0
1454414183357479,1790362080.758027,758,idle,516.1,,,0,0,0,0
1454414333402004,1790362080.908071,908,idle,858.9,,,0,0,0,0
1454414493274088,1790362081.067943,1067,idle,937.0,,,0,0,0,0
1454414647741878,1790362081.222409,1222,idle,677.4,,,0,0,0,0
1454414802530647,1790362081.377200,1377,idle,708.0,,,0,0,0,0
1454414953712221,1790362081.528381,1528,idle,720.6,,,0,0,0,0
1454415113462181,1790362081.688131,1688,idle,1860.8,,,0,0,0,0
1454415272525599,1790362081.847195,1847,idle,379.2,,,0,0,0,0
1454415422824877,1790362081.997495,1997,idle,301.0,,,0,0,0,0
1454415582442988,1790362082.157113,2157,idle,341.8,,,0,0,0,0
1454415732968721,1790362082.307639,2307,idle,389.2,,,0,0,0,0
1454415883546940,1790362082.458216,2458,idle,892.9,,,0,0,0,0
1454416042458522,1790362082.617128,2617,idle,305.3,,,0,0,0,0
1454416193905132,1790362082.768574,2768,idle,826.7,,,0,0,0,0
1454416350546453,1790362082.925216,2925,idle,486.2,,,0,0,0,0
1454416503710790,1790362083.078380,3078,idle,13508.0,,,0,0,0,0
1454416662852800,1790362083.237523,3237,idle,298.3,,,0,0,0,0
1454416812949880,1790362083.387619,3387,idle,1079.7,,,0,0,0,0
1454416972876582,1790362083.547545,3547,idle,836.1,,,0,0,0,0
1454417123700488,1790362083.698369,3698,idle,803.0,,,0,0,0,0
1454417284203298,1790362083.858873,3858,idle,340.7,,,0,0,0,0
1454417443136576,1790362084.017805,4017,idle,771.5,,,0,0,0,0
1454417593392917,1790362084.168061,4168,idle,846.5,,,0,0,0,0
1454417744292437,1790362084.318961,4318,idle,882.7,,,0,0,0,0
1454417903388462,1790362084.478057,4478,idle,4486.9,,,0,0,0,0
1454418062861863,1790362084.637532,4637,idle,319.3,,,0,0,0,0
1454418213384584,1790362084.788054,4788,idle,772.3,,,0,0,0,0
1454418373470324,1790362084.948139,4948,idle,845.1,,,0,0,0,0
1454418533352248,1790362085.108022,5108,idle,533.1,,,0,0,0,0
1454418692728622,1790362085.267399,5267,idle,303.8,,,0,0,0,0
1454418843898393,1790362085.418567,5418,idle,838.2,,,0,0,0,0
1454419003950847,1790362085.578620,5578,idle,9540.0,,,0,0,0,0
1454419163640996,1790362085.738310,5738,idle,872.7,,,0,0,0,0
1454419322714879,1790362085.897385,5897,idle,258.9,,,0,0,0,0
1454419473310252,1790362086.047979,6047,idle,869.5,,,0,0,0,0
1454419625528377,1790362086.200197,6200,idle,784.5,,,0,0,0,0
1454419775749350,1790362086.350418,6350,idle,871.0,,,0,0,0,0
1454419934854944,1790362086.509525,6509,idle,278.0,,,0,0,0,0
1454420085950332,1790362086.660619,6660,idle,797.6,,,0,0,0,0
1454420245819455,1790362086.820488,6820,idle,786.0,,,0,0,0,0
1454420396288386,1790362086.970957,6970,idle,900.7,,,0,0,0,0
1454420547888619,1790362087.122558,7122,idle,497.2,,,0,0,0,0
1454420705511125,1790362087.280181,7280,idle,276.8,,,0,0,0,0
1454420855820558,1790362087.430489,7430,idle,11104.9,,,0,0,0,0
1454421011925219,1790362087.586594,7586,idle,2101.6,,,0,0,0,0
1454421166124263,1790362087.740793,7740,idle,759.1,,,0,0,0,0
1454421325176035,1790362087.899845,7899,idle,611.4,,,0,0,0,0
1454421475998325,1790362088.050666,8050,idle,802.1,,,0,0,0,0
1454421635678955,1790362088.210348,8210,idle,920.1,,,0,0,0,0
1454421795768758,1790362088.370437,8370,idle,876.7,,,0,0,0,0
1454421954562240,1790362088.529232,8529,idle,264.7,,,0,0,0,0
1454422105613444,1790362088.680282,8680,idle,2570.4,,,0,0,0,0
1454422265820833,1790362088.840490,8840,idle,804.7,,,0,0,0,0
1454422415853477,1790362088.990522,8990,idle,755.9,,,0,0,0,0
1454422574690112,1790362089.149360,9149,idle,291.2,,,0,0,0,0
1454422725417462,1790362089.300086,9300,idle,806.0,,,0,0,0,0
1454422876247663,1790362089.450916,9450,idle,856.4,,,0,0,0,0
1454423036098974,1790362089.610767,9610,idle,820.6,,,0,0,0,0
1454423186964030,1790362089.761633,9761,idle,584.8,,,0,0,0,0
1454423345669627,1790362089.920339,9920,idle,378.1,,,0,0,0,0
1454423505667869,1790362090.080337,10080,idle,10481.5,,,0,0,0,0
1454423656035706,1790362090.230704,10230,idle,780.3,,,0,0,0,0
1454423815898644,1790362090.390567,10390,idle,797.1,,,0,0,0,0
1454423974645707,1790362090.549316,10549,idle,272.9,,,0,0,0,0
1454424126175796,1790362090.700845,10700,idle,755.7,,,0,0,0,0
1454424276324201,1790362090.850993,10850,idle,794.3,,,0,0,0,0
1454424436200810,1790362091.010870,11010,idle,776.7,,,0,0,0,0
1454424594647192,1790362091.169317,11169,idle,266.7,,,0,0,0,0
1454424745240521,1790362091.319909,11319,idle,739.1,,,0,0,0,0
1454424896165144,1790362091.470834,11470,idle,812.0,,,0,0,0,0
1454425055568873,1790362091.630238,11630,idle,834.0,,,0,0,0,0
1454425209817506,1790362091.784486,11784,decode,2074.2,,,0,0,1,0
1454425365919716,1790362091.940590,11940,decode,391.3,,,0,0,1,0
1454425525110568,1790362092.099780,12099,idle,312.4,,,0,0,0,0
1454425675831995,1790362092.250501,12250,idle,801.6,,,0,0,0,0
1454425835606877,1790362092.410275,12410,idle,813.4,,,0,0,0,0
1454425995348501,1790362092.570019,12570,idle,274.6,,,0,0,0,0
1454426145855848,1790362092.720525,12720,idle,819.6,,,0,0,0,0
1454426296106509,1790362092.870775,12870,idle,817.4,,,0,0,0,0
1454426456056012,1790362093.030725,13030,idle,764.7,,,0,0,0,0
1454426615166749,1790362093.189837,13189,idle,383.1,,,0,0,0,0
1454426765542841,1790362093.340212,13340,idle,902.9,,,0,0,0,0
1454426916074898,1790362093.490744,13490,idle,6072.7,,,0,0,0,0
1454427075983821,1790362093.650653,13650,idle,811.8,,,0,0,0,0
1454427235041380,1790362093.809711,13809,idle,318.2,,,0,0,0,0
1454427385093108,1790362093.959762,13959,idle,835.0,,,0,0,0,0
1454427535787923,1790362094.110456,14110,idle,552.5,,,0,0,0,0
1454427695424104,1790362094.270093,14270,idle,820.1,,,0,0,0,0
1454427855315648,1790362094.429985,14429,decode,327.8,,,0,0,1,0
1454428014973477,1790362094.589643,14589,idle,236.5,,,0,0,0,0
1454428165298588,1790362094.739968,14739,idle,873.8,,,0,0,0,0
1454428325429419,1790362094.900098,14900,idle,801.7,,,0,0,0,0
1454428476092929,1790362095.050761,50,idle,803.9,,,0,0,0,0
1454428647184027,1790362095.221854,221,tx,50874.4,,,1,0,0,1
1454428800272584,1790362095.374941,374,tx,52023.7,,,1,0,0,1
1454428953980391,1790362095.528649,528,tx,52275.9,,,1,0,0,1
1454429108616019,1790362095.683285,683,tx,52047.3,,,1,0,0,1
1454429261550974,1790362095.836221,836,tx,51639.0,,,1,0,0,1
1454429415144848,1790362095.989814,989,tx,52083.0,,,1,0,0,1
1454429569340942,1790362096.144010,1144,tx,52091.9,,,1,0,0,1
1454429723415632,1790362096.298084,1298,tx,51922.9,,,1,0,0,1
1454429876351600,1790362096.451022,1451,tx,50798.9,,,1,0,0,1
1454430029179466,1790362096.603848,1603,tx,55743.0,,,1,0,0,1
1454430186914734,1790362096.761583,1761,tx,54439.2,,,1,0,0,1
1454430341493832,1790362096.916162,1916,tx,52134.8,,,1,0,0,1
1454430494507335,1790362097.069177,2069,tx,50652.0,,,1,0,0,1
1454430647359281,1790362097.222028,2222,tx,51103.5,,,1,0,0,1
1454430800273719,1790362097.374942,2374,tx,50955.7,,,1,0,0,1
1454430953085178,1790362097.527754,2527,tx,52152.6,,,1,0,0,1
1454431106449437,1790362097.681119,2681,tx,50669.7,,,1,0,0,1
1454431259135082,1790362097.833804,2833,tx,51082.2,,,1,0,0,1
1454431412240854,1790362097.986910,2986,tx,51031.8,,,1,0,0,1
1454431564338981,1790362098.139008,3139,tx,51282.9,,,1,0,0,1
1454431716434159,1790362098.291104,3291,tx,51813.2,,,1,0,0,1
1454431870156034,1790362098.444825,3444,tx,51184.9,,,1,0,0,1
1454432023098813,1790362098.597767,3597,tx,52169.2,,,1,0,0,1
1454432177579854,1790362098.752249,3752,tx,51146.5,,,1,0,0,1
1454432329843116,1790362098.904513,3904,tx,50549.8,,,1,0,0,1
1454432482269923,1790362099.056939,4056,tx,52088.0,,,1,0,0,1
1454432636124933,1790362099.210793,4210,tx,51097.1,,,1,0,0,1
1454432789252177,1790362099.363921,4363,tx,51040.6,,,1,0,0,1
1454432942947411,1790362099.517617,4517,tx,51596.8,,,1,0,0,1
1454433097095707,1790362099.671764,4671,tx,51178.2,,,1,0,0,1
1454433253222268,1790362099.827891,4827,tx,52055.9,,,1,0,0,1
1454433407417104,1790362099.982086,4982,tx,51009.9,,,1,0,0,1
1454433559682752,1790362100.134352,5134,tx,51623.1,,,1,0,0,1
1454433712958226,1790362100.287628,5287,tx,50935.0,,,1,0,0,1
1454433866720727,1790362100.441389,5441,tx,52159.6,,,1,0,0,1
1454434020710825,1790362100.595380,5595,tx,63749.5,,,1,0,0,1
1454434175984444,1790362100.750654,5750,tx,51678.8,,,1,0,0,1
1454434328862935,1790362100.903533,5903,tx,50865.3,,,1,0,0,1
1454434482410570,1790362101.057079,6057,tx,52082.3,,,1,0,0,1
1454434636976634,1790362101.211645,6211,tx,51409.2,,,1,0,0,1
1454434790795108,1790362101.365464,6365,tx,52091.6,,,1,0,0,1
1454434944758169,1790362101.519428,6519,tx,50626.3,,,1,0,0,1
1454435097203435,1790362101.671872,6671,tx,51079.9,,,1,0,0,1
1454435250114856,1790362101.824784,6824,tx,52773.6,,,1,0,0,1
1454435404363773,1790362101.979032,6979,tx,51981.5,,,1,0,0,1
1454435562577377,1790362102.137247,7137,tx,50708.4,,,1,0,0,1
1454435715101656,1790362102.289771,7289,tx,51246.4,,,1,0,0,1
1454435868546678,1790362102.443216,7443,tx,51318.8,,,1,0,0,1
1454436022076721,1790362102.596745,7596,tx,52092.4,,,1,0,0,1
1454436174933278,1790362102.749603,7749,tx,50807.1,,,1,0,0,1
1454436327886469,1790362102.902555,7902,tx,51495.0,,,1,0,0,1
1454436481459352,1790362103.056128,8056,tx,51038.6,,,1,0,0,1
1454436634359209,1790362103.209028,8209,tx,52052.3,,,1,0,0,1
1454436787354143,1790362103.362024,8362,tx,50928.9,,,1,0,0,1
1454436940160555,1790362103.514830,8514,tx,51141.8,,,1,0,0,1
1454437093645776,1790362103.668314,8668,tx,51295.9,,,1,0,0,1
1454437249297611,1790362103.823967,8823,tx,51276.7,,,1,0,0,1
1454437401395776,1790362103.976066,8976,tx,50899.8,,,1,0,0,1
1454437555927544,1790362104.130596,9130,tx,52269.8,,,1,0,0,1
1454437710619752,1790362104.285289,9285,tx,51124.9,,,1,0,0,1
1454437863781640,1790362104.438450,9438,tx,54444.4,,,1,0,0,1
1454438017169806,1790362104.591840,9591,tx,64796.0,,,1,0,0,1
1454438173677799,1790362104.748347,9748,tx,51298.2,,,1,0,0,1
1454438327346636,1790362104.902015,9902,tx,51128.4,,,1,0,0,1
1454438480266590,1790362105.054935,10054,tx,51962.6,,,1,0,0,1
1454438635319939,1790362105.209989,10209,tx,51756.4,,,1,0,0,1
1454438788184969,1790362105.362854,10362,tx,50673.9,,,1,0,0,1
1454438940717597,1790362105.515387,10515,tx,52088.7,,,1,0,0,1
1454439095385286,1790362105.670054,10670,tx,51297.7,,,1,0,0,1
1454439250132159,1790362105.824802,10824,tx,52199.0,,,1,0,0,1
1454439403254292,1790362105.977924,10977,tx,51120.6,,,1,0,0,1
1454439554870594,1790362106.129539,11129,tx,52107.2,,,1,0,0,1
1454439709049037,1790362106.283717,11283,tx,51169.7,,,1,0,0,1
1454439862237859,1790362106.436907,11436,tx,51980.3,,,1,0,0,1
1454440015171154,1790362106.589841,11589,tx,50801.9,,,1,0,0,1
1454440168727027,1790362106.743396,11743,tx,51125.6,,,1,0,0,1
1454440322097291,1790362106.896766,11896,tx,51092.6,,,1,0,0,1
1454440475053290,1790362107.049722,12049,tx,52159.8,,,1,0,0,1
1454440628352359,1790362107.203022,12203,tx,50769.7,,,1,0,0,1
1454440781046968,1790362107.355716,12355,tx,51243.9,,,1,0,0,1
1454440933980303,1790362107.508649,12508,tx,51094.6,,,1,0,0,1
1454441087894155,1790362107.662563,12662,tx,52021.0,,,1,0,0,1
1454441240842690,1790362107.815513,12815,tx,50768.7,,,1,0,0,1
1454441393359689,1790362107.968028,12968,tx,51241.0,,,1,0,0,1
1454441546856928,1790362108.121526,13121,tx,51020.7,,,1,0,0,1
1454441700625776,1790362108.275294,13275,tx,54878.7,,,1,0,0,1
1454441853671797,1790362108.428341,13428,tx,51725.0,,,1,0,0,1
1454442007116099,1790362108.581784,13581,tx,56363.9,,97400.2,1,0,0,1
1454442165072482,1790362108.739742,13739,idle,50799.2,,,0,0,0,0
1454442318073827,1790362108.892741,13892,idle,181345.2,,,0,0,0,0
1454442598672081,1790362109.173341,14173,idle,706.1,,,0,0,0,0
1454442749682965,1790362109.324352,14324,idle,796.7,,,0,0,0,0
1454442899829868,1790362109.474499,14474,idle,790.0,,,0,0,0,0
1454443058338886,1790362109.633009,14633,idle,299.5,,,0,0,0,0
1454443209217548,1790362109.783886,14783,idle,1757.2,,,0,0,0,0
1454443359245278,1790362109.933914,14933,idle,647.9,,,0,0,0,0
1454443509305991,1790362110.083975,83,idle,7624.6,,,0,0,0,0
1454443659317544,1790362110.233987,233,idle,373.0,,,0,0,0,0
1454443818996003,1790362110.393665,393,idle,800.2,,,0,0,0,0
1454443979128867,1790362110.553798,553,idle,633.9,,,0,0,0,0
1454444139170215,1790362110.713839,713,idle,912.1,,,0,0,0,0
1454444299246142,1790362110.873915,873,idle,744.1,,,0,0,0,0
1454444458914755,1790362111.033585,1033,idle,282.8,,,0,0,0,0
1454444618657574,1790362111.193326,1193,idle,8759.8,,,0,0,0,0
1454444769090294,1790362111.343759,1343,idle,890.6,,,0,0,0,0
1454444919470920,1790362111.494140,1494,idle,733.4,,,0,0,0,0
1454445078310381,1790362111.652980,1652,idle,291.6,,,0,0,0,0
1454445229832172,1790362111.804501,1804,idle,885.2,,,0,0,0,0
1454445389194794,1790362111.963864,1963,idle,873.3,,,0,0,0,0
1454445549184327,1790362112.123854,2123,idle,471.5,,,0,0,0,0
1454445708994869,1790362112.283665,2283,idle,249.6,,,0,0,0,0
1454445859455094,1790362112.434124,2434,idle,860.2,,,0,0,0,0
1454446018601668,1790362112.593271,2593,idle,348.1,,,0,0,0,0
1454446169094453,1790362112.743763,2743,idle,843.7,,,0,0,0,0
1454446328809045,1790362112.903479,2903,idle,299.0,,,0,0,0,0
1454446479065115,1790362113.053734,3053,idle,811.0,,,0,0,0,0
1454446629272213,1790362113.203941,3203,idle,852.8,,,0,0,0,0
1454446789373085,1790362113.364042,3364,idle,931.2,,,0,0,0,0
1454446949202820,1790362113.523873,3523,idle,339.8,,,0,0,0,0
1454447109101049,1790362113.683770,3683,idle,4741.8,,,0,0,0,0
1454447268924589,1790362113.843593,3843,idle,800.6,,,0,0,0,0
1454447428939062,1790362114.003608,4003,idle,1015.3,,,0,0,0,0
1454447579141209,1790362114.153810,4153,idle,742.2,,,0,0,0,0
1454447739170591,1790362114.313840,4313,idle,360.0,,,0,0,0,0
1454447899222492,1790362114.473891,4473,idle,820.9,,,0,0,0,0
1454448059190615,1790362114.633859,4633,idle,7897.5,,,0,0,0,0
1454448219168124,1790362114.793837,4793,idle,810.9,,,0,0,0,0
1454448378022467,1790362114.952693,4952,idle,303.2,,,0,0,0,0
1454448529778857,1790362115.104448,5104,idle,1277.5,,,0,0,0,0
1454448689852953,1790362115.264522,5264,idle,848.8,,,0,0,0,0
1454448849594983,1790362115.424264,5424,idle,874.0,,,0,0,0,0
1454449008575051,1790362115.583245,5583,idle,839.6,,,0,0,0,0
1454449158845797,1790362115.733515,5733,idle,803.6,,,0,0,0,0
1454449318610552,1790362115.893280,5893,idle,767.8,,,0,0,0,0
1454449469412542,1790362116.044081,6044,idle,862.5,,,0,0,0,0
1454449628915194,1790362116.203585,6203,idle,383.5,,,0,0,0,0
1454449779432227,1790362116.354100,6354,idle,827.4,,,0,0,0,0
1454449939279224,1790362116.513948,6513,idle,782.6,,,0,0,0,0
1454450089360522,1790362116.664029,6664,idle,849.0,,,0,0,0,0
1454450248421004,1790362116.823090,6823,idle,285.5,,,0,0,0,0
1454450399475572,1790362116.974144,6974,idle,799.0,,,0,0,0,0
1454450559177207,1790362117.133845,7133,idle,913.2,,,0,0,0,0
1454450709267899,1790362117.283937,7283,idle,3452.9,,,0,0,0,0
1454450868816916,1790362117.443487,7443,idle,334.3,,,0,0,0,0
1454451021632525,1790362117.596302,7596,idle,617.2,,,0,0,0,0
1454451178751223,1790362117.753420,7753,idle,819.7,,,0,0,0,0
1454451339078575,1790362117.913748,7913,idle,765.5,,,0,0,0,0
1454451497472993,1790362118.072142,8072,idle,805.3,,,0,0,0,0
1454451649121854,1790362118.223792,8223,idle,291.9,,,0,0,0,0
1454451809165573,1790362118.383834,8383,idle,4642.0,,,0,0,0,0
1454451968813363,1790362118.543483,8543,idle,574.8,,,0,0,0,0
1454452119490569,1790362118.694159,8694,idle,761.8,,,0,0,0,0
1454452278175820,1790362118.852846,8852,idle,287.3,,,0,0,0,0
1454452430037761,1790362119.004706,9004,idle,845.0,,,0,0,0,0
1454452588903162,1790362119.163572,9163,idle,786.0,,,0,0,0,0
1454452748843505,1790362119.323512,9323,idle,760.1,,,0,0,0,0
1454452908836813,1790362119.483507,9483,idle,281.3,,,0,0,0,0
1454453064556667,1790362119.639225,9639,idle,834.6,,,0,0,0,0
1454453219223115,1790362119.793892,9793,idle,747.8,,,0,0,0,0
1454453378665381,1790362119.953335,9953,idle,468.1,,,0,0,0,0
1454453538352259,1790362120.113022,10113,idle,265.8,,,0,0,0,0
1454453689364823,1790362120.264034,10264,idle,852.1,,,0,0,0,0
1454453849358266,1790362120.424027,10424,idle,889.3,,,0,0,0,0
1454454009528108,1790362120.584197,10584,idle,3979.7,,,0,0,0,0
1454454168963330,1790362120.743633,10743,idle,285.6,,,0,0,0,0
1454454319132735,1790362120.893801,10893,idle,9032.2,,,0,0,0,0
1454454479260562,1790362121.053929,11053,idle,852.7,,,0,0,0,0
1454454639136382,1790362121.213805,11213,idle,921.6,,,0,0,0,0
1454454798751194,1790362121.373421,11373,idle,3462.5,,,0,0,0,0
1454454949077811,1790362121.523748,11523,idle,398.0,,,0,0,0,0
1454455099946222,1790362121.674615,11674,idle,837.0,,,0,0,0,0
1454455255109976,1790362121.829779,11829,decode,780.9,,,0,0,1,0
1454455405501592,1790362121.980171,11980,decode,235.5,,,0,0,1,0
1454455558961643,1790362122.133631,12133,idle,341.7,,,0,0,0,0
1454455709266397,1790362122.283936,12283,idle,4269.9,,,0,0,0,0
1454455869515977,1790362122.444185,12444,idle,933.1,,,0,0,0,0
1454456029608481,1790362122.604278,12604,idle,813.6,,,0,0,0,0
1454456188516692,1790362122.763187,12763,idle,323.3,,,0,0,0,0
1454456338956100,1790362122.913625,12913,idle,795.4,,,0,0,0,0
1454456499113754,1790362123.073782,13073,idle,831.8,,,0,0,0,0
1454456659208360,1790362123.233877,13233,idle,7524.5,,,0,0,0,0
1454456818050194,1790362123.392720,13392,idle,287.3,,,0,0,0,0
1454456968904334,1790362123.543574,13543,decode,447.1,,,0,0,1,0
1454457119152745,1790362123.693821,13693,idle,771.9,,,0,0,0,0
1454457279282548,1790362123.853951,13853,idle,825.5,,,0,0,0,0
1454457438279615,1790362124.012949,14012,idle,298.2,,,0,0,0,0
1454457588561736,1790362124.163230,14163,idle,884.0,,,0,0,0,0
1454457738571884,1790362124.313241,14313,idle,781.0,,,0,0,0,0
1454457888561175,1790362124.463231,14463,decode,315.6,,,0,0,1,0
1454458040203426,1790362124.614873,14614,decode,292.0,,,0,0,1,0
1454458199225777,1790362124.773895,14773,idle,509.2,,,0,0,0,0
1454458359405086,1790362124.934074,14934,idle,782.8,,,0,0,0,0
1454458518680127,1790362125.093349,93,idle,179559.8,,,0,0,0,1
1454458757827426,1790362125.332497,332,tx,51720.4,,,1,0,0,1
1454458910923466,1790362125.485593,485,tx,51158.6,,,1,0,0,1
1454459064756145,1790362125.639425,639,tx,51200.7,,,1,0,0,1
1454459218307725,1790362125.792977,792,tx,52267.8,,,1,0,0,1
1454459371834668,1790362125.946504,946,tx,51620.8,,,1,0,0,1
1454459525402052,1790362126.100071,1100,tx,51206.1,,,1,0,0,1
1454459678669828,1790362126.253339,1253,tx,51170.6,,,1,0,0,1
1454459831778515,1790362126.406447,1406,tx,51234.8,,,1,0,0,1
1454459984082433,1790362126.558752,1558,tx,51622.1,,,1,0,0,1
1454460137407690,1790362126.712077,1712,tx,51173.3,,,1,0,0,1
1454460290645076,1790362126.865314,1865,tx,52228.8,,,1,0,0,1
1454460449361405,1790362127.024030,2024,tx,51200.6,,,1,0,0,1
1454460602576954,1790362127.177246,2177,tx,51884.1,,,1,0,0,1
1454460755393465,1790362127.330063,2330,tx,52186.2,,,1,0,0,1
1454460909712670,1790362127.484381,2484,tx,52174.6,,,1,0,0,1
1454461064044050,1790362127.638713,2638,tx,51066.4,,,1,0,0,1
1454461216902432,1790362127.791571,2791,tx,51922.3,,,1,0,0,1
1454461369920538,1790362127.944591,2944,tx,53945.2,,,1,0,0,1
1454461523590514,1790362128.098258,3098,tx,61505.8,,,1,0,0,1
1454461676700953,1790362128.251370,3251,tx,51115.9,,,1,0,0,1
1454461829736261,1790362128.404405,3404,tx,52087.8,,,1,0,0,1
1454461982885018,1790362128.557555,3557,tx,51666.6,,,1,0,0,1
1454462136329927,1790362128.710999,3710,tx,51331.6,,,1,0,0,1
1454462289929893,1790362128.864599,3864,tx,51225.1,,,1,0,0,1
1454462448840649,1790362129.023510,4023,tx,51066.4,,,1,0,0,1
1454462601082033,1790362129.175752,4175,tx,50744.7,,,1,0,0,1
1454462753769042,1790362129.328438,4328,tx,52057.1,,,1,0,0,1
1454462908021298,1790362129.482690,4482,tx,51044.1,,,1,0,0,1
1454463064593958,1790362129.639263,4639,tx,52239.4,,,1,0,0,1
1454463217851950,1790362129.792522,4792,tx,50652.1,,,1,0,0,1
1454463370565131,1790362129.945234,4945,tx,51174.5,,,1,0,0,1
1454463523692567,1790362130.098361,5098,tx,51142.4,,,1,0,0,1
1454463676772348,1790362130.251441,5251,tx,51307.8,,,1,0,0,1
1454463828934472,1790362130.403604,5403,tx,51685.1,,,1,0,0,1
1454463982247278,1790362130.556916,5556,tx,51396.6,,,1,0,0,1
1454464135689432,1790362130.710358,5710,tx,52215.5,,,1,0,0,1
1454464290099568,1790362130.864768,5864,tx,51105.6,,,1,0,0,1
1454464445155319,1790362131.019825,6019,tx,51586.1,,,1,0,0,1
1454464598419080,1790362131.173089,6173,tx,52151.9,,,1,0,0,1
1454464753724846,1790362131.328394,6328,tx,51961.9,,,1,0,0,1
1454464908277581,1790362131.482946,6482,tx,51293.1,,,1,0,0,1
1454465061228340,1790362131.635898,6635,tx,51842.1,,,1,0,0,1
1454465214046064,1790362131.788716,6788,tx,53756.0,,,1,0,0,1
1454465368067190,1790362131.942735,6942,tx,51030.8,,,1,0,0,1
1454465521232720,1790362132.095902,7095,tx,62213.6,,,1,0,0,1
1454465675153272,1790362132.249822,7249,tx,51992.0,,,1,0,0,1
1454465828067413,1790362132.402737,7402,tx,50826.6,,,1,0,0,1
1454465980370467,1790362132.555039,7555,tx,51281.1,,,1,0,0,1
1454466134036481,1790362132.708705,7708,tx,52056.1,,,1,0,0,1
1454466288641587,1790362132.863310,7863,tx,52023.4,,,1,0,0,1
1454466443308049,1790362133.017978,8017,tx,50709.5,,,1,0,0,1
1454466596458860,1790362133.171127,8171,tx,51185.9,,,1,0,0,1
1454466750853958,1790362133.325523,8325,tx,52696.9,,,1,0,0,1
1454466904750267,1790362133.479419,8479,tx,51013.8,,,1,0,0,1
1454467063138132,1790362133.637808,8637,tx,50663.0,,,1,0,0,1
1454467216383470,1790362133.791052,8791,tx,51134.9,,,1,0,0,1
1454467369571382,1790362133.944240,8944,tx,51104.9,,,1,0,0,1
1454467522716537,1790362134.097385,9097,tx,51172.1,,,1,0,0,1
1454467674704209,1790362134.249374,9249,tx,50692.1,,,1,0,0,1
1454467827750237,1790362134.402419,9402,tx,51245.6,,,1,0,0,1
1454467980992783,1790362134.555662,9555,tx,51241.2,,,1,0,0,1
1454468134618287,1790362134.709287,9709,tx,51227.6,,,1,0,0,1
1454468286774749,1790362134.861445,9861,tx,51589.6,,,1,0,0,1
1454468440605158,1790362135.015274,10015,tx,51090.1,,,1,0,0,1
1454468594112577,1790362135.168781,10168,tx,51184.5,,,1,0,0,1
1454468748546733,1790362135.323216,10323,tx,51230.5,,,1,0,0,1
1454468901071327,1790362135.475741,10475,tx,51591.9,,,1,0,0,1
1454469054873624,1790362135.629543,10629,tx,55207.1,,,1,0,0,1
1454469208877405,1790362135.783546,10783,tx,51236.5,,,1,0,0,1
1454469362895883,1790362135.937565,10937,tx,51090.9,,,1,0,0,1
1454469515991476,1790362136.090661,11090,tx,67324.4,,,1,0,0,1
1454469674551777,1790362136.249221,11249,tx,50880.4,,,1,0,0,1
1454469827626448,1790362136.402295,11402,tx,51168.0,,,1,0,0,1
1454469980363138,1790362136.555031,11555,tx,52079.2,,,1,0,0,1
1454470134892201,1790362136.709561,11709,tx,51986.9,,,1,0,0,1
1454470287892273,1790362136.862562,11862,tx,50695.9,,,1,0,0,1
1454470440685507,1790362137.015354,12015,tx,51122.1,,,1,0,0,1
1454470594292699,1790362137.168962,12168,tx,52231.6,,,1,0,0,1
1454470753621391,1790362137.328290,12328,tx,52127.9,,,1,0,0,1
1454470905428920,1790362137.480099,12480,tx,50717.2,,,1,0,0,1
1454471065269214,1790362137.639938,12639,tx,52358.7,,,1,0,0,1
1454471219808242,1790362137.794477,12794,tx,51987.6,,,1,0,0,1
1454471372602899,1790362137.947273,12947,tx,51731.0,,,1,0,0,1
1454471525169951,1790362138.099840,13099,tx,50663.4,,,1,0,0,1
1454471677603945,1790362138.252273,13252,tx,51245.5,,,1,0,0,1
1454471830792253,1790362138.405461,13405,tx,51280.3,,,1,0,0,1
1454471983814169,1790362138.558483,13558,tx,51173.4,,119469.1,1,0,0,1
1454472143687641,1790362138.718357,13718,idle,51876.4,,,0,0,0,0
1454472297625629,1790362138.872294,13872,idle,51025.7,,,0,0,0,0
1454472468910003,1790362139.043579,14043,idle,7524.6,,,0,0,0,0
1454472622572116,1790362139.197241,14197,idle,689.5,,,0,0,0,0
1454472781830290,1790362139.356500,14356,idle,285.4,,,0,0,0,0
1454472932907883,1790362139.507576,14507,idle,713.6,,,0,0,0,0
1454473093126146,1790362139.667795,14667,idle,803.2,,,0,0,0,0
1454473247823714,1790362139.822492,14822,idle,842.0,,,0,0,0,0
1454473402408664,1790362139.977078,14977,idle,7039.2,,,0,0,0,0
1454473553053922,1790362140.127724,127,idle,337.9,,,0,0,0,0
1454473704528813,1790362140.279198,279,idle,8545.6,,,0,0,0,0
1454473864509630,1790362140.439178,439,idle,868.3,,,0,0,0,0
1454474024562854,1790362140.599231,599,idle,3079.4,,,0,0,0,0
1454474183883899,1790362140.758554,758,idle,248.0,,,0,0,0,0
1454474334558313,1790362140.909227,909,idle,798.4,,,0,0,0,0
1454474494590194,1790362141.069259,1069,idle,839.8,,,0,0,0,0
1454474647060634,1790362141.221729,1221,idle,775.1,,,0,0,0,0
1454474803966869,1790362141.378637,1378,idle,292.6,,,0,0,0,0
1454474954335945,1790362141.529005,1529,idle,563.1,,,0,0,0,0
1454475104487055,1790362141.679156,1679,idle,3980.3,,,0,0,0,0
1454475255254276,1790362141.829923,1829,idle,829.8,,,0,0,0,0
1454475414455891,1790362141.989125,1989,idle,315.2,,,0,0,0,0
1454475564585444,1790362142.139254,2139,idle,874.8,,,0,0,0,0
1454475714615200,1790362142.289284,2289,idle,762.3,,,0,0,0,0
1454475865449098,1790362142.440118,2440,idle,862.4,,,0,0,0,0
1454476025255079,1790362142.599924,2599,idle,816.5,,,0,0,0,0
1454476184174467,1790362142.758830,2758,idle,362.1,,,0,0,0,0
1454476334822782,1790362142.909492,2909,idle,1019.6,,,0,0,0,0
1454476494937913,1790362143.069607,3069,idle,855.6,,,0,0,0,0
1454476646077422,1790362143.220746,3220,idle,848.8,,,0,0,0,0
1454476805174326,1790362143.379844,3379,idle,263.7,,,0,0,0,0
1454476957641206,1790362143.532310,3532,idle,464.9,,,0,0,0,0
1454477116144484,1790362143.690813,3690,idle,734.6,,,0,0,0,0
1454477275994942,1790362143.850664,3850,idle,801.6,,,0,0,0,0
1454477434975645,1790362144.009645,4009,idle,310.2,,,0,0,0,0
1454477585784794,1790362144.160453,4160,idle,844.0,,,0,0,0,0
1454477745677261,1790362144.320346,4320,idle,874.1,,,0,0,0,0
1454477896676748,1790362144.471345,4471,idle,847.7,,,0,0,0,0
1454478053261977,1790362144.627932,4627,idle,2506.0,,,0,0,0,0
1454478206644329,1790362144.781313,4781,idle,1696.1,,,0,0,0,0
1454478366761960,1790362144.941431,4941,idle,859.6,,,0,0,0,0
1454478525980244,1790362145.100649,5100,idle,3104.4,,,0,0,0,0
1454478685521819,1790362145.260191,5260,idle,318.8,,,0,0,0,0
1454478845378872,1790362145.420048,5420,idle,852.6,,,0,0,0,0
1454478996354778,1790362145.571024,5571,idle,806.4,,,0,0,0,0
1454479156440728,1790362145.731109,5731,idle,849.7,,,0,0,0,0
1454479316331597,1790362145.891000,5891,idle,775.7,,,0,0,0,0
1454479475520417,1790362146.050189,6050,idle,789.6,,,0,0,0,0
1454479625890977,1790362146.200560,6200,idle,908.2,,,0,0,0,0
1454479776040859,1790362146.350709,6350,idle,859.8,,,0,0,0,0
1454479936209020,1790362146.510878,6510,idle,764.5,,,0,0,0,0
1454480095321050,1790362146.669991,6669,idle,283.8,,,0,0,0,0
1454480245705792,1790362146.820374,6820,idle,877.6,,,0,0,0,0
1454480397382238,1790362146.972051,6972,idle,845.6,,,0,0,0,0
1454480547732202,1790362147.122401,7122,idle,821.6,,,0,0,0,0
1454480705867820,1790362147.280538,7280,idle,264.5,,,0,0,0,0
1454480855959581,1790362147.430628,7430,idle,10729.9,,,0,0,0,0
1454481011997831,1790362147.586667,7586,idle,2629.1,,,0,0,0,0
1454481166192445,1790362147.740861,7740,idle,746.1,,,0,0,0,0
1454481325846903,1790362147.900517,7900,idle,343.3,,,0,0,0,0
1454481485694509,1790362148.060364,8060,idle,745.7,,,0,0,0,0
1454481636404775,1790362148.211073,8211,idle,803.8,,,0,0,0,0
1454481796167735,1790362148.370835,8370,idle,780.7,,,0,0,0,0
1454481955941847,1790362148.530612,8530,idle,360.3,,,0,0,0,0
1454482105961714,1790362148.680631,8680,idle,353.0,,,0,0,0,0
1454482266096961,1790362148.840766,8840,idle,858.8,,,0,0,0,0
1454482426301959,1790362149.000971,9000,idle,891.2,,,0,0,0,0
1454482585888750,1790362149.160558,9160,idle,815.5,,,0,0,0,0
1454482746088324,1790362149.320758,9320,idle,367.5,,,0,0,0,0
1454482906138966,1790362149.480808,9480,idle,5987.5,,,0,0,0,0
1454483064179894,1790362149.638849,9638,idle,868.7,,,0,0,0,0
1454483216131103,1790362149.790800,9790,idle,758.9,,,0,0,0,0
1454483375883828,1790362149.950553,9950,idle,300.9,,,0,0,0,0
1454483525933567,1790362150.100602,10100,idle,2883.8,,,0,0,0,0
1454483676109744,1790362150.250779,10250,idle,824.6,,,0,0,0,0
1454483836115896,1790362150.410785,10410,idle,787.5,,,0,0,0,0
1454483995209577,1790362150.569879,10569,idle,275.4,,,0,0,0,0
1454484145641035,1790362150.720310,10720,idle,809.8,,,0,0,0,0
1454484296865704,1790362150.871535,10871,idle,801.0,,,0,0,0,0
1454484455751917,1790362151.030421,11030,idle,797.9,,,0,0,0,0
1454484615185974,1790362151.189856,11189,idle,348.9,,,0,0,0,0
1454484766297204,1790362151.340966,11340,idle,803.6,,,0,0,0,0
1454484926227889,1790362151.500896,11500,idle,3332.0,,,0,0,0,0
1454485076305783,1790362151.650975,11650,idle,919.3,,,0,0,0,0
1454485230347879,1790362151.805017,11805,decode,722.9,,,0,0,1,0
1454485383028794,1790362151.957699,11957,decode,313.3,,,0,0,1,0
1454485541178905,1790362152.115849,12115,idle,341.4,,,0,0,0,0
1454485695617708,1790362152.270286,12270,idle,799.9,,,0,0,0,0
1454485846203466,1790362152.420872,12420,idle,786.1,,,0,0,0,0
1454486005315031,1790362152.579985,12579,idle,15708.2,,,0,0,0,0
1454486155905468,1790362152.730574,12730,idle,795.1,,,0,0,0,0
1454486315892616,1790362152.890561,12890,idle,860.8,,,0,0,0,0
1454486475643822,1790362153.050313,13050,idle,798.4,,,0,0,0,0
1454486635207558,1790362153.209877,13209,idle,275.0,,,0,0,0,0
1454486786306076,1790362153.360975,13360,idle,879.9,,,0,0,0,0
1454486939076352,1790362153.513745,13513,decode,679.9,,,0,0,1,0
1454487096801932,1790362153.671471,13671,idle,806.0,,,0,0,0,0
1454487255228657,1790362153.829898,13829,idle,366.7,,,0,0,0,0
1454487406273607,1790362153.980943,13980,idle,761.2,,,0,0,0,0
1454487558591491,1790362154.133261,14133,idle,323.8,,,0,0,0,0
1454487716299426,1790362154.290968,14290,idle,835.4,,,0,0,0,0
1454487875051148,1790362154.449720,14449,decode,351.7,,,0,0,1,0
1454488025367046,1790362154.600037,14600,decode,310.7,,,0,0,1,0
1454488175896917,1790362154.750566,14750,idle,773.4,,,0,0,0,0
1454488326427477,1790362154.901096,14901,idle,825.4,,,0,0,0,0
1454488476467695,1790362155.051136,51,idle,854.4,,,0,0,0,0
1454488648567614,1790362155.223238,223,tx,50700.1,,,1,0,0,1
1454488801046899,1790362155.375715,375,tx,52033.1,,,1,0,0,1
1454488954773585,1790362155.529443,529,tx,52127.0,,,1,0,0,1
1454489109063913,1790362155.683733,683,tx,52015.9,,,1,0,0,1
1454489262084578,1790362155.836754,836,tx,50799.3,,,1,0,0,1
1454489414908423,1790362155.989577,989,tx,50928.7,,,1,0,0,1
1454489567718992,1790362156.142388,1142,tx,52095.8,,,1,0,0,1
1454489721927313,1790362156.296596,1296,tx,52121.9,,,1,0,0,1
1454489875061319,1790362156.449731,1449,tx,51650.8,,,1,0,0,1
1454490028386433,1790362156.603055,1603,tx,56567.5,,,1,0,0,1
1454490187107286,1790362156.761776,1761,tx,51173.5,,,1,0,0,1
1454490340402350,1790362156.915071,1915,tx,51212.3,,,1,0,0,1
1454490492349105,1790362157.067019,2067,tx,50674.0,,,1,0,0,1
1454490645890787,1790362157.220559,2220,tx,51094.4,,,1,0,0,1
1454490799249002,1790362157.373916,2373,tx,52094.7,,,1,0,0,1
1454490952839315,1790362157.527509,2527,tx,51888.5,,,1,0,0,1
1454491106078097,1790362157.680748,2680,tx,50670.0,,,1,0,0,1
1454491258700931,1790362157.833370,2833,tx,51050.5,,,1,0,0,1
1454491411972542,1790362157.986641,2986,tx,51135.4,,,1,0,0,1
1454491564754789,1790362158.139424,3139,tx,51076.4,,,1,0,0,1
1454491716781269,1790362158.291451,3291,tx,51941.7,,,1,0,0,1
1454491870822024,1790362158.445491,3445,tx,51060.3,,,1,0,0,1
1454492023597305,1790362158.598265,3598,tx,51242.1,,,1,0,0,1
1454492176662994,1790362158.751332,3751,tx,51235.7,,,1,0,0,1
1454492329225468,1790362158.903895,3903,tx,54372.4,,,1,0,0,1
1454492482603410,1790362159.057273,4057,tx,52260.1,,,1,0,0,1
1454492636779018,1790362159.211447,4211,tx,51106.0,,,1,0,0,1
1454492790160778,1790362159.364830,4364,tx,52070.9,,,1,0,0,1
1454492948214214,1790362159.522883,4522,tx,51966.9,,,1,0,0,1
1454493101278541,1790362159.675949,4675,tx,50648.9,,,1,0,0,1
1454493253789121,1790362159.828458,4828,tx,52277.3,,,1,0,0,1
1454493407994344,1790362159.982663,4982,tx,52055.9,,,1,0,0,1
1454493561873785,1790362160.136543,5136,tx,51939.5,,,1,0,0,1
1454493714967064,1790362160.289637,5289,tx,50767.8,,,1,0,0,1
1454493868049172,1790362160.442718,5442,tx,52161.6,,,1,0,0,1
1454494022487430,1790362160.597156,5597,tx,61729.0,,,1,0,0,1
1454494176099014,1790362160.750766,5750,tx,52131.7,,,1,0,0,1
1454494329010482,1790362160.903680,5903,tx,51789.9,,,1,0,0,1
1454494482844585,1790362161.057513,6057,tx,52271.8,,,1,0,0,1
1454494636797321,1790362161.211465,6211,tx,51297.8,,,1,0,0,1
1454494790670284,1790362161.365339,6365,tx,51303.1,,,1,0,0,1
1454494945297414,1790362161.519967,6519,tx,51782.3,,,1,0,0,1
1454495099632948,1790362161.674302,6674,tx,52171.3,,,1,0,0,1
1454495254124467,1790362161.828793,6828,tx,52106.6,,,1,0,0,1
1454495408618137,1790362161.983287,6983,tx,51201.0,,,1,0,0,1
1454495564070644,1790362162.138741,7138,tx,51627.3,,,1,0,0,1
1454495717742011,1790362162.292411,7292,tx,51067.7,,,1,0,0,1
1454495871364459,1790362162.446033,7446,tx,51113.7,,,1,0,0,1
1454496021882362,1790362162.596551,7596,tx,51000.3,,,1,0,0,1
1454496175096572,1790362162.749766,7749,tx,54666.8,,,1,0,0,1
1454496328172116,1790362162.902842,7902,tx,50806.6,,,1,0,0,1
1454496481571380,1790362163.056240,8056,tx,52230.2,,,1,0,0,1
1454496635723568,1790362163.210392,8210,tx,51100.6,,,1,0,0,1
1454496789083358,1790362163.363752,8363,tx,52021.7,,,1,0,0,1
1454496942516277,1790362163.517186,8517,tx,50807.3,,,1,0,0,1
1454497095932426,1790362163.670601,8670,tx,51129.3,,,1,0,0,1
1454497252221310,1790362163.826890,8826,tx,52733.5,,,1,0,0,1
1454497406642817,1790362163.981312,8981,tx,51058.3,,,1,0,0,1
1454497560275394,1790362164.134945,9134,tx,50678.1,,,1,0,0,1
1454497713040294,1790362164.287709,9287,tx,51022.0,,,1,0,0,1
1454497866383353,1790362164.441052,9441,tx,51111.3,,,1,0,0,1
1454498019341982,1790362164.594011,9594,tx,66388.9,,,1,0,0,1
1454498176611036,1790362164.751281,9751,tx,50649.5,,,1,0,0,1
1454498329464488,1790362164.904134,9904,tx,51160.2,,,1,0,0,1
1454498482959071,1790362165.057628,10057,tx,51038.5,,,1,0,0,1
1454498636272814,1790362165.210942,10210,tx,51204.9,,,1,0,0,1
1454498788238679,1790362165.362908,10362,tx,50666.5,,,1,0,0,1
1454498940657328,1790362165.515326,10515,tx,51189.3,,,1,0,0,1
1454499094276501,1790362165.668945,10668,tx,51183.8,,,1,0,0,1
1454499251067516,1790362165.825736,10825,tx,53334.4,,,1,0,0,1
1454499404236924,1790362165.978907,10978,tx,51646.8,,,1,0,0,1
1454499563947958,1790362166.138617,11138,tx,51250.1,,,1,0,0,1
1454499717387310,1790362166.292056,11292,tx,51122.1,,,1,0,0,1
1454499870553219,1790362166.445222,11445,tx,51431.7,,,1,0,0,1
1454500023424814,1790362166.598095,11598,tx,54808.5,,,1,0,0,1
1454500176573887,1790362166.751244,11751,tx,50735.9,,,1,0,0,1
1454500329598084,1790362166.904267,11904,tx,51335.6,,,1,0,0,1
1454500483038755,1790362167.057708,12057,tx,51137.4,,,1,0,0,1
1454500636216219,1790362167.210886,12210,tx,51611.8,,,1,0,0,1
1454500789030038,1790362167.363700,12363,tx,50843.5,,,1,0,0,1
1454500941708062,1790362167.516377,12516,tx,51135.1,,,1,0,0,1
1454501095292294,1790362167.669961,12669,tx,51067.3,,,1,0,0,1
1454501250454707,1790362167.825124,12825,tx,53257.4,,,1,0,0,1
1454501403339246,1790362167.978009,12978,tx,50731.7,,,1,0,0,1
1454501559299038,1790362168.133967,13133,tx,51176.6,,,1,0,0,1
1454501713137486,1790362168.287807,13287,tx,51097.6,,,1,0,0,1
1454501866139814,1790362168.440809,13440,tx,52002.0,,,1,0,0,1
1454502019180462,1790362168.593850,13593,tx,63247.3,,85035.1,1,0,0,1
1454502173634311,1790362168.748304,13748,idle,51753.9,,,0,0,0,0
1454502327345322,1790362168.902014,13902,idle,150945.4,,,0,0,0,0
1454502575548236,1790362169.150218,14150,idle,197.7,,,0,0,0,0
1454502726203072,1790362169.300871,14300,idle,925.8,,,0,0,0,0
1454502877280948,1790362169.451950,14451,idle,835.5,,,0,0,0,0
1454503037465771,1790362169.612134,14612,idle,887.1,,,0,0,0,0
1454503196396871,1790362169.771067,14771,idle,448.6,,,0,0,0,0
1454503356483285,1790362169.931152,14931,idle,410.3,,,0,0,0,0
1454503507051447,1790362170.081720,81,idle,8932.9,,,0,0,0,0
1454503667258418,1790362170.241927,241,idle,931.2,,,0,0,0,0
1454503817748060,1790362170.392416,392,idle,746.8,,,0,0,0,0
1454503976316997,1790362170.550987,550,idle,278.3,,,0,0,0,0
1454504126657200,1790362170.701327,701,idle,369.5,,,0,0,0,0
1454504286016961,1790362170.860687,860,idle,381.9,,,0,0,0,0
1454504436849385,1790362171.011518,1011,idle,826.9,,,0,0,0,0
1454504596603280,1790362171.171273,1171,idle,321.1,,,0,0,0,0
1454504746634715,1790362171.321304,1321,idle,901.6,,,0,0,0,0
1454504896709909,1790362171.471379,1471,idle,768.3,,,0,0,0,0
1454505056547119,1790362171.631216,1631,idle,822.7,,,0,0,0,0
1454505214882934,1790362171.789553,1789,idle,341.2,,,0,0,0,0
1454505366905330,1790362171.941574,1941,idle,795.8,,,0,0,0,0
1454505516926958,1790362172.091594,2091,idle,17458.2,,,0,0,0,0
1454505667302503,1790362172.241971,2241,idle,889.2,,,0,0,0,0
1454505827249344,1790362172.401919,2401,idle,413.1,,,0,0,0,0
1454505986864058,1790362172.561534,2561,idle,404.3,,,0,0,0,0
1454506146780909,1790362172.721450,2721,idle,982.4,,,0,0,0,0
1454506296929179,1790362172.871598,2871,idle,819.5,,,0,0,0,0
1454506456542162,1790362173.031212,3031,idle,364.7,,,0,0,0,0
1454506616243549,1790362173.190913,3190,idle,330.7,,,0,0,0,0
1454506766769996,1790362173.341439,3341,idle,876.7,,,0,0,0,0
1454506916819970,1790362173.491488,3491,idle,11964.8,,,0,0,0,0
1454507073965017,1790362173.648634,3648,idle,812.1,,,0,0,0,0
1454507225848392,1790362173.800518,3800,idle,255.4,,,0,0,0,0
1454507377614699,1790362173.952283,3952,idle,846.2,,,0,0,0,0
1454507536539638,1790362174.111209,4111,idle,636.8,,,0,0,0,0
1454507687551153,1790362174.262220,4262,idle,792.3,,,0,0,0,0
1454507846832720,1790362174.421503,4421,idle,272.8,,,0,0,0,0
1454507997066664,1790362174.571735,4571,idle,806.1,,,0,0,0,0
1454508157093598,1790362174.731762,4731,idle,857.3,,,0,0,0,0
1454508317258857,1790362174.891927,4891,idle,725.7,,,0,0,0,0
1454508476885632,1790362175.051555,5051,idle,310.5,,,0,0,0,0
1454508636805109,1790362175.211474,5211,idle,839.3,,,0,0,0,0
1454508786812104,1790362175.361481,5361,idle,895.5,,,0,0,0,0
1454508936980174,1790362175.511648,5511,idle,819.0,,,0,0,0,0
1454509096697399,1790362175.671366,5671,idle,818.5,,,0,0,0,0
1454509256666847,1790362175.831337,5831,idle,285.0,,,0,0,0,0
1454509407389898,1790362175.982059,5982,idle,6520.8,,,0,0,0,0
1454509559815663,1790362176.134484,6134,idle,685.0,,,0,0,0,0
1454509716617578,1790362176.291286,6291,idle,11706.0,,,0,0,0,0
1454509876399565,1790362176.451069,6451,idle,286.2,,,0,0,0,0
1454510026788039,1790362176.601457,6601,idle,829.3,,,0,0,0,0
1454510177111019,1790362176.751780,6751,idle,855.9,,,0,0,0,0
1454510337082779,1790362176.911752,6911,idle,826.7,,,0,0,0,0
1454510496672126,1790362177.071342,7071,idle,298.1,,,0,0,0,0
1454510647642507,1790362177.222311,7222,idle,877.3,,,0,0,0,0
1454510807311654,1790362177.381981,7381,idle,5272.2,,,0,0,0,0
1454510967236895,1790362177.541906,7541,idle,911.9,,,0,0,0,0
1454511127051258,1790362177.701721,7701,idle,310.6,,,0,0,0,0
1454511286883827,1790362177.861553,7861,idle,879.7,,,0,0,0,0
1454511447070217,1790362178.021738,8021,idle,877.6,,,0,0,0,0
1454511606794134,1790362178.181460,8181,idle,9683.5,,,0,0,0,0
1454511766599728,1790362178.341269,8341,idle,322.4,,,0,0,0,0
1454511926713541,1790362178.501382,8501,idle,792.6,,,0,0,0,0
1454512077097785,1790362178.651766,8651,idle,868.1,,,0,0,0,0
1454512236921162,1790362178.811590,8811,idle,802.7,,,0,0,0,0
1454512395995800,1790362178.970665,8970,idle,332.3,,,0,0,0,0
1454512546519390,1790362179.121189,9121,idle,545.9,,,0,0,0,0
1454512697449074,1790362179.272118,9272,idle,836.0,,,0,0,0,0
1454512857674499,1790362179.432343,9432,idle,884.9,,,0,0,0,0
1454513016494653,1790362179.591163,9591,idle,6729.8,,,0,0,0,0
1454513176170976,1790362179.750841,9750,idle,297.0,,,0,0,0,0
1454513326907019,1790362179.901576,9901,idle,747.5,,,0,0,0,0
1454513487100491,1790362180.061769,10061,idle,869.7,,,0,0,0,0
1454513646753700,1790362180.221423,10221,idle,827.6,,,0,0,0,0
1454513806787125,1790362180.381457,10381,idle,326.3,,,0,0,0,0
1454513957152125,1790362180.531821,10531,idle,804.0,,,0,0,0,0
1454514116990447,1790362180.691659,10691,idle,722.6,,,0,0,0,0
1454514276862502,1790362180.851531,10851,idle,815.0,,,0,0,0,0
1454514436563195,1790362181.011233,11011,idle,262.3,,,0,0,0,0
1454514587564494,1790362181.162233,11162,idle,835.8,,,0,0,0,0
1454514747636567,1790362181.322305,11322,idle,873.2,,,0,0,0,0
1454514907061462,1790362181.481730,11481,idle,10904.8,,,0,0,0,0
1454515065878552,1790362181.640548,11640,idle,372.1,,,0,0,0,0
1454515217229540,1790362181.791898,11791,idle,6951.0,,,0,0,0,0
1454515375486581,1790362181.950156,11950,decode,247.4,,,0,0,1,0
1454515525826335,1790362182.100496,12100,decode,279.0,,,0,0,1,0
1454515676471538,1790362182.251141,12251,idle,312.2,,,0,0,0,0
1454515836679932,1790362182.411349,12411,idle,813.8,,,0,0,0,0
1454515996509835,1790362182.571179,12571,idle,880.3,,,0,0,0,0
1454516147663977,1790362182.722333,12722,idle,827.5,,,0,0,0,0
1454516306501016,1790362182.881171,12881,idle,388.0,,,0,0,0,0
1454516456505791,1790362183.031175,13031,idle,527.0,,,0,0,0,0
1454516607397680,1790362183.182066,13182,idle,8255.2,,,0,0,0,0
1454516767266035,1790362183.341935,13341,idle,869.0,,,0,0,0,0
1454516924536806,1790362183.499206,13499,decode,385.3,,,0,0,1,0
1454517076228746,1790362183.650898,13650,idle,350.7,,,0,0,0,0
1454517226750010,1790362183.801419,13801,idle,1071.6,,,0,0,0,0
1454517377049854,1790362183.951718,13951,idle,791.7,,,0,0,0,0
1454517536853637,1790362184.111523,14111,idle,603.6,,,0,0,0,0
1454517696465565,1790362184.271136,14271,idle,303.7,,,0,0,0,0
1454517848515774,1790362184.423185,14423,decode,552.7,,,0,0,1,0
1454518006167230,1790362184.580837,14580,decode,3219.9,,,0,0,1,0
1454518157102707,1790362184.731771,14731,idle,804.4,,,0,0,0,0
1454518316023511,1790362184.890693,14890,idle,299.7,,,0,0,0,0
1454518467270370,1790362185.041939,41,idle,832.2,,,0,0,0,0
1454518652895520,1790362185.227564,227,tx,51965.2,,,1,0,0,1
1454518806914231,1790362185.381583,381,tx,51999.5,,,1,0,0,1
1454518959835574,1790362185.534505,534,tx,50737.7,,,1,0,0,1
1454519112079334,1790362185.686748,686,tx,51107.4,,,1,0,0,1
1454519265107647,1790362185.839776,839,tx,51077.8,,,1,0,0,1
1454519418250757,1790362185.992920,992,tx,51129.8,,,1,0,0,1
1454519570461984,1790362186.145132,1145,tx,54999.1,,,1,0,0,1
1454519724063895,1790362186.298733,1298,tx,51056.1,,,1,0,0,1
1454519877429024,1790362186.452098,1452,tx,50927.9,,,1,0,0,1
1454520030250014,1790362186.604919,1604,tx,53972.7,,,1,0,0,1
1454520185542132,1790362186.760212,1760,tx,51550.7,,,1,0,0,1
1454520338949156,1790362186.913618,1913,tx,52230.1,,,1,0,0,1
1454520493181373,1790362187.067850,2067,tx,52002.6,,,1,0,0,1
1454520650437319,1790362187.225106,2225,tx,52867.3,,,1,0,0,1
1454520802968589,1790362187.377637,2377,tx,52063.9,,,1,0,0,1
1454520956173659,1790362187.530843,2530,tx,50925.1,,,1,0,0,1
1454521109443207,1790362187.684112,2684,tx,52156.2,,,1,0,0,1
1454521263554076,1790362187.838223,2838,tx,50960.8,,,1,0,0,1
1454521416657909,1790362187.991327,2991,tx,52059.6,,,1,0,0,1
1454521572888049,1790362188.147558,3147,tx,51699.2,,,1,0,0,1
1454521726735429,1790362188.301404,3301,tx,50986.1,,,1,0,0,1
1454521879680888,1790362188.454349,3454,tx,52034.0,,,1,0,0,1
1454522033538234,1790362188.608207,3608,tx,52053.4,,,1,0,0,1
1454522186525581,1790362188.761195,3761,tx,51548.1,,,1,0,0,1
1454522340229812,1790362188.914899,3914,tx,51075.5,,,1,0,0,1
1454522493115208,1790362189.067784,4067,tx,50912.7,,,1,0,0,1
1454522646856717,1790362189.221525,4221,tx,52239.8,,,1,0,0,1
1454522799869094,1790362189.374539,4374,tx,50736.7,,,1,0,0,1
1454522952301047,1790362189.526970,4526,tx,52681.6,,,1,0,0,1
1454523106503250,1790362189.681172,4681,tx,51174.8,,,1,0,0,1
1454523259487185,1790362189.834156,4834,tx,52145.7,,,1,0,0,1
1454523412351633,1790362189.987021,4987,tx,54790.2,,,1,0,0,1
1454523566146403,1790362190.140815,5140,tx,51251.7,,,1,0,0,1
1454523719520592,1790362190.294189,5294,tx,51103.8,,,1,0,0,1
1454523872715791,1790362190.447385,5447,tx,51250.7,,,1,0,0,1
1454524024980575,1790362190.599648,5599,tx,58574.8,,,1,0,0,1
1454524175637228,1790362190.750306,5750,tx,52233.6,,,1,0,0,1
1454524329847457,1790362190.904517,5904,tx,51371.5,,,1,0,0,1
1454524483673368,1790362191.058342,6058,tx,51279.4,,,1,0,0,1
1454524636681681,1790362191.211351,6211,tx,50651.6,,,1,0,0,1
1454524789170810,1790362191.363839,6363,tx,52149.4,,,1,0,0,1
1454524948128707,1790362191.522797,6522,tx,52108.9,,,1,0,0,1
1454525102491650,1790362191.677160,6677,tx,51229.2,,,1,0,0,1
1454525255457710,1790362191.830127,6830,tx,51641.4,,,1,0,0,1
1454525408327857,1790362191.982997,6982,tx,50768.5,,,1,0,0,1
1454525564267826,1790362192.138937,7138,tx,51033.4,,,1,0,0,1
1454525717519964,1790362192.292188,7292,tx,51080.8,,,1,0,0,1
1454525871428164,1790362192.446097,7446,tx,51987.2,,,1,0,0,1
1454526021627805,1790362192.596298,7596,tx,50696.8,,,1,0,0,1
1454526174683291,1790362192.749352,7749,tx,51157.1,,,1,0,0,1
1454526328150653,1790362192.902820,7902,tx,51235.1,,,1,0,0,1
1454526481585904,1790362193.056255,8056,tx,52169.8,,,1,0,0,1
1454526634614065,1790362193.209284,8209,tx,50572.5,,,1,0,0,1
1454526787369690,1790362193.362037,8362,tx,51095.6,,,1,0,0,1
1454526940373979,1790362193.515043,8515,tx,51177.8,,,1,0,0,1
1454527094186382,1790362193.668855,8668,tx,52016.8,,,1,0,0,1
1454527247020069,1790362193.821690,8821,tx,55025.7,,,1,0,0,1
1454527400751489,1790362193.975420,8975,tx,51372.3,,,1,0,0,1
1454527551775824,1790362194.126445,9126,tx,51916.0,,,1,0,0,1
1454527705148946,1790362194.279818,9279,tx,51133.9,,,1,0,0,1
1454527857047737,1790362194.431718,9431,tx,51738.5,,,1,0,0,1
1454528010596065,1790362194.585264,9585,tx,53686.2,,,1,0,0,1
1454528166292603,1790362194.740961,9740,tx,51307.8,,,1,0,0,1
1454528320138344,1790362194.894807,9894,tx,51195.4,,,1,0,0,1
1454528472349017,1790362195.047019,10047,tx,51692.4,,,1,0,0,1
1454528626482014,1790362195.201151,10201,tx,51308.1,,,1,0,0,1
1454528779807721,1790362195.354476,10354,tx,51380.5,,,1,0,0,1
1454528933485104,1790362195.508154,10508,tx,51172.9,,,1,0,0,1
1454529086271706,1790362195.660942,10660,tx,51695.7,,,1,0,0,1
1454529239591604,1790362195.814260,10814,tx,52085.6,,,1,0,0,1
1454529393512648,1790362195.968182,10968,tx,51259.4,,,1,0,0,1
1454529546742200,1790362196.121411,11121,tx,51069.6,,,1,0,0,1
1454529699651374,1790362196.274320,11274,tx,51999.9,,,1,0,0,1
1454529852526014,1790362196.427196,11427,tx,51850.3,,,1,0,0,1
1454530006126208,1790362196.580795,11580,tx,53806.7,,,1,0,0,1
1454530161905502,1790362196.736574,11736,tx,51247.1,,,1,0,0,1
1454530314821020,1790362196.889490,11889,tx,51975.3,,,1,0,0,1
1454530467717599,1790362197.042388,12042,tx,50588.2,,,1,0,0,1
1454530620850618,1790362197.195519,12195,tx,51286.5,,,1,0,0,1
1454530774302156,1790362197.348971,12348,tx,51076.1,,,1,0,0,1
1454530927782212,1790362197.502451,12502,tx,52079.0,,,1,0,0,1
1454531080840974,1790362197.655511,12655,tx,54976.8,,,1,0,0,1
1454531234195265,1790362197.808864,12808,tx,51001.7,,,1,0,0,1
1454531387535934,1790362197.962205,12962,tx,51342.0,,,1,0,0,1
1454531540795380,1790362198.115464,13115,tx,51224.8,,,1,0,0,1
1454531692825813,1790362198.267496,13267,tx,50661.4,,,1,0,0,1
1454531847902372,1790362198.422571,13422,tx,51342.2,,,1,0,0,1
1454532000951594,1790362198.575620,13575,tx,63038.8,,105868.7,1,0,0,1
1454532155198182,1790362198.729868,13729,idle,50993.4,,,0,0,0,0
1454532306997478,1790362198.881667,13881,idle,50749.7,,,0,0,0,0
1454532499057910,1790362199.073727,14073,idle,7534.6,,,0,0,0,0
1454532653063168,1790362199.227732,14227,idle,773.0,,,0,0,0,0
1454532803246031,1790362199.377915,14377,idle,7395.5,,,0,0,0,0
1454532962112857,1790362199.536782,14536,idle,307.0,,,0,0,0,0
1454533113287856,1790362199.687957,14687,idle,1223.1,,,0,0,0,0
1454533273185419,1790362199.847854,14847,idle,848.9,,,0,0,0,0
1454533432962002,1790362200.007631,7,idle,743.4,,,0,0,0,0
1454533584037426,1790362200.158707,158,idle,313.3,,,0,0,0,0
1454533735114595,1790362200.309783,309,idle,855.9,,,0,0,0,0
1454533885206162,1790362200.459875,459,idle,849.1,,,0,0,0,0
1454534045210435,1790362200.619880,619,idle,570.9,,,0,0,0,0
1454534204616826,1790362200.779287,779,idle,342.7,,,0,0,0,0
1454534354710704,1790362200.929380,929,idle,684.3,,,0,0,0,0
1454534504898838,1790362201.079568,1079,idle,12128.8,,,0,0,0,0
1454534657593407,1790362201.232263,1232,idle,645.4,,,0,0,0,0
1454534815278647,1790362201.389948,1389,idle,398.8,,,0,0,0,0
1454534975088525,1790362201.549758,1549,idle,364.0,,,0,0,0,0
1454535125653792,1790362201.700323,1700,idle,761.2,,,0,0,0,0
1454535275771820,1790362201.850441,1850,idle,884.6,,,0,0,0,0
1454535435884776,1790362202.010554,2010,idle,789.2,,,0,0,0,0
1454535594894917,1790362202.169565,2169,idle,283.0,,,0,0,0,0
1454535745130605,1790362202.319799,2319,idle,833.2,,,0,0,0,0
1454535896206739,1790362202.470876,2470,idle,754.8,,,0,0,0,0
1454536056309265,1790362202.630978,2630,idle,835.3,,,0,0,0,0
1454536215347289,1790362202.790017,2790,idle,293.7,,,0,0,0,0
1454536365900827,1790362202.940570,2940,idle,736.3,,,0,0,0,0
1454536515962526,1790362203.090631,3090,idle,19134.9,,,0,0,0,0
1454536666790904,1790362203.241459,3241,idle,796.1,,,0,0,0,0
1454536825912898,1790362203.400583,3400,idle,350.3,,,0,0,0,0
1454536976191478,1790362203.550862,3550,idle,314.5,,,0,0,0,0
1454537126555659,1790362203.701225,3701,idle,801.3,,,0,0,0,0
1454537276612601,1790362203.851281,3851,idle,905.8,,,0,0,0,0
1454537435962065,1790362204.010632,4010,idle,291.7,,,0,0,0,0
1454537586048847,1790362204.160719,4160,idle,393.8,,,0,0,0,0
1454537737062478,1790362204.311730,4311,idle,782.5,,,0,0,0,0
1454537887071210,1790362204.461740,4461,idle,797.1,,,0,0,0,0
1454538047084362,1790362204.621753,4621,idle,757.9,,,0,0,0,0
1454538205939033,1790362204.780609,4780,idle,372.8,,,0,0,0,0
1454538356804253,1790362204.931472,4931,idle,790.3,,,0,0,0,0
1454538506826818,1790362205.081496,5081,idle,9629.6,,,0,0,0,0
1454538661379974,1790362205.236050,5236,idle,488.6,,,0,0,0,0
1454538816149811,1790362205.390820,5390,idle,264.4,,,0,0,0,0
1454538966468171,1790362205.541137,5541,idle,883.6,,,0,0,0,0
1454539117242879,1790362205.691911,5691,idle,801.4,,,0,0,0,0
1454539276992099,1790362205.851661,5851,idle,856.3,,,0,0,0,0
1454539436175656,1790362206.010845,6010,idle,289.0,,,0,0,0,0
1454539596176666,1790362206.170846,6170,idle,880.7,,,0,0,0,0
1454539756292018,1790362206.330961,6330,idle,10573.4,,,0,0,0,0
1454539907196807,1790362206.481866,6481,idle,5621.2,,,0,0,0,0
1454540066464274,1790362206.641134,6641,idle,317.2,,,0,0,0,0
1454540226724205,1790362206.801393,6801,idle,792.7,,,0,0,0,0
1454540376873817,1790362206.951543,6951,idle,799.4,,,0,0,0,0
1454540536742808,1790362207.111412,7111,idle,762.2,,,0,0,0,0
1454540696293377,1790362207.270963,7270,idle,402.0,,,0,0,0,0
1454540856109080,1790362207.430779,7430,idle,404.3,,,0,0,0,0
1454541012045235,1790362207.586714,7586,idle,1841.8,,,0,0,0,0
1454541167141424,1790362207.741810,7741,idle,750.7,,,0,0,0,0
1454541317202627,1790362207.891872,7891,idle,330.3,,,0,0,0,0
1454541475801567,1790362208.050471,8050,idle,383.6,,,0,0,0,0
1454541627422011,1790362208.202091,8202,idle,1046.6,,,0,0,0,0
1454541786808528,1790362208.361477,8361,idle,882.7,,,0,0,0,0
1454541936926774,1790362208.511595,8511,idle,817.4,,,0,0,0,0
1454542096659826,1790362208.671330,8671,idle,351.3,,,0,0,0,0
1454542256177982,1790362208.830847,8830,idle,891.3,,,0,0,0,0
1454542406939939,1790362208.981609,8981,idle,6402.2,,,0,0,0,0
1454542557403101,1790362209.132072,9132,idle,474.8,,,0,0,0,0
1454542716207967,1790362209.290878,9290,idle,316.2,,,0,0,0,0
1454542866717316,1790362209.441386,9441,idle,795.4,,,0,0,0,0
1454543026626514,1790362209.601295,9601,idle,735.4,,,0,0,0,0
1454543186488025,1790362209.761157,9761,idle,890.6,,,0,0,0,0
1454543345759183,1790362209.920429,9920,idle,263.4,,,0,0,0,0
1454543497088885,1790362210.071758,10071,idle,846.9,,,0,0,0,0
1454543656949014,1790362210.231618,10231,idle,838.9,,,0,0,0,0
1454543816923138,1790362210.391592,10391,idle,11006.3,,,0,0,0,0
1454543975911383,1790362210.550581,10550,idle,304.1,,,0,0,0,0
1454544126149489,1790362210.700819,10700,idle,474.9,,,0,0,0,0
1454544277088278,1790362210.851757,10851,idle,783.2,,,0,0,0,0
1454544437168116,1790362211.011837,11011,idle,793.4,,,0,0,0,0
1454544595764595,1790362211.170434,11170,idle,269.8,,,0,0,0,0
1454544746668411,1790362211.321338,11321,idle,569.4,,,0,0,0,0
1454544896838929,1790362211.471508,11471,idle,825.4,,,0,0,0,0
1454545056850539,1790362211.631519,11631,idle,828.6,,,0,0,0,0
1454545216735526,1790362211.791404,11791,idle,926.6,,,0,0,0,0
1454545374163778,1790362211.948833,11948,decode,304.0,,,0,0,1,0
1454545526126224,1790362212.100796,12100,idle,7642.7,,,0,0,0,0
1454545677030513,1790362212.251699,12251,idle,800.4,,,0,0,0,0
1454545837115300,1790362212.411784,12411,idle,864.4,,,0,0,0,0
1454545995915051,1790362212.570585,12570,idle,285.2,,,0,0,0,0
1454546146802794,1790362212.721472,12721,idle,752.5,,,0,0,0,0
1454546297112772,1790362212.871782,12871,idle,800.8,,,0,0,0,0
1454546457188826,1790362213.031858,13031,idle,800.1,,,0,0,0,0
1454546615962408,1790362213.190632,13190,idle,299.8,,,0,0,0,0
1454546766046099,1790362213.340714,13340,idle,851.6,,,0,0,0,0
1454546917144109,1790362213.491813,13491,idle,703.8,,,0,0,0,0
1454547076064275,1790362213.650733,13650,idle,729.3,,,0,0,0,0
1454547226258039,1790362213.800928,13800,idle,346.4,,,0,0,0,0
1454547386391678,1790362213.961061,13961,idle,769.2,,,0,0,0,0
1454547546259347,1790362214.120929,14120,idle,605.6,,,0,0,0,0
1454547697427930,1790362214.272096,14272,idle,843.0,,,0,0,0,0
1454547857220982,1790362214.431889,14431,decode,683.5,,,0,0,1,0
1454548016332804,1790362214.591003,14591,decode,284.5,,,0,0,1,0
1454548166886605,1790362214.741555,14741,idle,794.3,,,0,0,0,0
1454548317099933,1790362214.891768,14891,idle,727.1,,,0,0,0,0
1454548476619810,1790362215.051288,51,idle,734.3,,,0,0,0,0
1454548645880934,1790362215.220551,220,tx,51533.4,,,1,0,0,1
1454548799835167,1790362215.374504,374,tx,52118.0,,,1,0,0,1
1454548953793707,1790362215.528463,528,tx,51936.7,,,1,0,0,1
1454549107618651,1790362215.682288,682,tx,52020.0,,,1,0,0,1
1454549260605885,1790362215.835276,835,tx,50630.5,,,1,0,0,1
1454549413354182,1790362215.988023,988,tx,52166.1,,,1,0,0,1
1454549567353979,1790362216.142023,1142,tx,52095.4,,,1,0,0,1
1454549721590246,1790362216.296259,1296,tx,52042.8,,,1,0,0,1
1454549874630120,1790362216.449300,1449,tx,50678.7,,,1,0,0,1
1454550027262937,1790362216.601932,1601,tx,57100.7,,,1,0,0,1
1454550186691631,1790362216.761360,1761,tx,52210.0,,,1,0,0,1
1454550340984631,1790362216.915653,1915,tx,52082.3,,,1,0,0,1
1454550493920508,1790362217.068590,2068,tx,55557.3,,,1,0,0,1
1454550647364011,1790362217.222033,2222,tx,51120.8,,,1,0,0,1
1454550800231213,1790362217.374900,2374,tx,52205.7,,,1,0,0,1
1454550953877801,1790362217.528547,2528,tx,52017.9,,,1,0,0,1
1454551107029038,1790362217.681699,2681,tx,50738.7,,,1,0,0,1
1454551259673786,1790362217.834343,2834,tx,51122.7,,,1,0,0,1
1454551412741477,1790362217.987410,2987,tx,51115.8,,,1,0,0,1
1454551565094320,1790362218.139763,3139,tx,52331.0,,,1,0,0,1
1454551718653915,1790362218.293324,3293,tx,50758.1,,,1,0,0,1
1454551871340324,1790362218.446009,3446,tx,52136.4,,,1,0,0,1
1454552025422967,1790362218.600092,3600,tx,52016.1,,,1,0,0,1
1454552179247620,1790362218.753917,3753,tx,51235.4,,,1,0,0,1
1454552331792001,1790362218.906462,3906,tx,51664.7,,,1,0,0,1
1454552484990551,1790362219.059659,4059,tx,51045.9,,,1,0,0,1
1454552637964577,1790362219.212633,4212,tx,51063.4,,,1,0,0,1
1454552790753067,1790362219.365422,4365,tx,51210.0,,,1,0,0,1
1454552947191866,1790362219.521862,4521,tx,51696.9,,,1,0,0,1
1454553100511219,1790362219.675180,4675,tx,50934.0,,,1,0,0,1
1454553253266952,1790362219.827936,4827,tx,52606.9,,,1,0,0,1
1454553407458359,1790362219.982127,4982,tx,50983.8,,,1,0,0,1
1454553560086663,1790362220.134756,5134,tx,51700.3,,,1,0,0,1
1454553712877518,1790362220.287547,5287,tx,50752.7,,,1,0,0,1
1454553865702350,1790362220.440371,5440,tx,51185.9,,,1,0,0,1
1454554018959414,1790362220.593628,5593,tx,65652.7,,,1,0,0,1
1454554176365966,1790362220.751035,5751,tx,52066.4,,,1,0,0,1
1454554329280755,1790362220.903951,5903,tx,56028.5,,,1,0,0,1
1454554482823682,1790362221.057492,6057,tx,51029.2,,,1,0,0,1
1454554636977697,1790362221.211647,6211,tx,52144.7,,,1,0,0,1
1454554791443241,1790362221.366112,6366,tx,52026.6,,,1,0,0,1
1454554944233325,1790362221.518903,6518,tx,50743.0,,,1,0,0,1
1454555097773445,1790362221.672442,6672,tx,51103.9,,,1,0,0,1
1454555252780402,1790362221.827449,6827,tx,52743.9,,,1,0,0,1
1454555406992216,1790362221.981660,6981,tx,52001.0,,,1,0,0,1
1454555562223274,1790362222.136893,7136,tx,50747.1,,,1,0,0,1
1454555715092224,1790362222.289761,7289,tx,51305.6,,,1,0,0,1
1454555868856030,1790362222.443525,7443,tx,51258.0,,,1,0,0,1
1454556021734892,1790362222.596404,7596,tx,51121.4,,,1,0,0,1
1454556173612989,1790362222.748283,7748,tx,50646.1,,,1,0,0,1
1454556326403125,1790362222.901071,7901,tx,51089.4,,,1,0,0,1
1454556479741825,1790362223.054410,8054,tx,51127.2,,,1,0,0,1
1454556632767102,1790362223.207436,8207,tx,51107.1,,,1,0,0,1
1454556784746409,1790362223.359416,8359,tx,50662.7,,,1,0,0,1
1454556937251312,1790362223.511919,8511,tx,51090.9,,,1,0,0,1
1454557090904193,1790362223.665572,8665,tx,51212.5,,,1,0,0,1
1454557245714295,1790362223.820383,8820,tx,51058.2,,,1,0,0,1
1454557397750531,1790362223.972420,8972,tx,51605.8,,,1,0,0,1
1454557552031582,1790362224.126670,9126,tx,51485.2,,,1,0,0,1
1454557704644694,1790362224.279313,9279,tx,51129.6,,,1,0,0,1
1454557857934143,1790362224.432603,9432,tx,51021.1,,,1,0,0,1
1454558010282303,1790362224.584952,9584,tx,54438.0,,,1,0,0,1
1454558166253020,1790362224.740923,9740,tx,56361.9,,,1,0,0,1
1454558320353988,1790362224.895022,9895,tx,51163.3,,,1,0,0,1
1454558473870394,1790362225.048539,10048,tx,51217.9,,,1,0,0,1
1454558627376719,1790362225.202046,10202,tx,51895.5,,,1,0,0,1
1454558780173651,1790362225.354843,10354,tx,50777.8,,,1,0,0,1
1454558932828443,1790362225.507497,10507,tx,51106.1,,,1,0,0,1
1454559086568721,1790362225.661237,10661,tx,52191.7,,,1,0,0,1
1454559240970837,1790362225.815639,10815,tx,50968.4,,,1,0,0,1
1454559392836362,1790362225.967506,10967,tx,51569.2,,,1,0,0,1
1454559547083035,1790362226.121749,11121,tx,51064.9,,,1,0,0,1
1454559700912760,1790362226.275582,11275,tx,51161.4,,,1,0,0,1
1454559854223677,1790362226.428892,11428,tx,52094.0,,,1,0,0,1
1454560007259184,1790362226.581929,11581,tx,52488.2,,,1,0,0,1
1454560162153770,1790362226.736822,11736,tx,51246.4,,,1,0,0,1
1454560315363554,1790362226.890031,11890,tx,51182.4,,,1,0,0,1
1454560469089829,1790362227.043759,12043,tx,51013.4,,,1,0,0,1
1454560621296885,1790362227.195967,12195,tx,50639.7,,,1,0,0,1
1454560773711864,1790362227.348381,12348,tx,51222.3,,,1,0,0,1
1454560927349298,1790362227.502018,12502,tx,51127.2,,,1,0,0,1
1454561081562039,1790362227.656231,12656,tx,51157.2,,,1,0,0,1
1454561233774662,1790362227.808444,12808,tx,50734.5,,,1,0,0,1
1454561386332527,1790362227.961001,12961,tx,51094.7,,,1,0,0,1
1454561539650583,1790362228.114319,13114,tx,51250.9,,,1,0,0,1
1454561693185725,1790362228.267855,13267,tx,52309.6,,,1,0,0,1
1454561848499741,1790362228.423170,13423,tx,51795.6,,,1,0,0,1
1454562002426851,1790362228.577096,13577,tx,61307.9,,101749.8,1,0,0,1
1454562154746460,1790362228.729416,13729,idle,51823.7,,,0,0,0,0
1454562308496182,1790362228.883165,13883,idle,51077.6,,,0,0,0,0
1454562493955502,1790362229.068625,14068,idle,3226.4,,,0,0,0,0
1454562653027866,1790362229.227696,14227,idle,535.4,,,0,0,0,0
1454562813071448,1790362229.387740,14387,idle,1833.2,,,0,0,0,0
1454562973080466,1790362229.547748,14547,idle,809.4,,,0,0,0,0
1454563123384980,1790362229.698054,14698,idle,817.6,,,0,0,0,0
1454563283262205,1790362229.857932,14857,idle,390.4,,,0,0,0,0
1454563443200732,1790362230.017870,17,idle,472.5,,,0,0,0,0
1454563595497876,1790362230.170166,170,idle,766.9,,,0,0,0,0
1454563749480169,1790362230.324149,324,idle,855.7,,,0,0,0,0
1454563905331951,1790362230.480001,480,idle,306.0,,,0,0,0,0
1454564055894803,1790362230.630563,630,idle,809.9,,,0,0,0,0
1454564215847479,1790362230.790516,790,idle,764.5,,,0,0,0,0
1454564375936639,1790362230.950606,950,idle,788.4,,,0,0,0,0
1454564535022970,1790362231.109693,1109,idle,314.5,,,0,0,0,0
1454564685288683,1790362231.259957,1259,idle,864.8,,,0,0,0,0
1454564836321449,1790362231.410990,1410,idle,839.9,,,0,0,0,0
1454564996215733,1790362231.570884,1570,idle,834.1,,,0,0,0,0
1454565156278735,1790362231.730948,1730,idle,294.0,,,0,0,0,0
1454565316420695,1790362231.891090,1891,idle,878.3,,,0,0,0,0
1454565476707476,1790362232.051376,2051,idle,980.4,,,0,0,0,0
1454565636288517,1790362232.210957,2210,idle,873.8,,,0,0,0,0
1454565795831171,1790362232.370501,2370,idle,348.4,,,0,0,0,0
1454565955470544,1790362232.530140,2530,idle,411.8,,,0,0,0,0
1454566106993002,1790362232.681662,2681,idle,1544.4,,,0,0,0,0
1454566265980218,1790362232.840649,2840,idle,780.8,,,0,0,0,0
1454566426084865,1790362233.000754,3000,idle,729.2,,,0,0,0,0
1454566582641291,1790362233.157311,3157,idle,375.2,,,0,0,0,0
1454566736229764,1790362233.310899,3310,idle,825.0,,,0,0,0,0
1454566886282807,1790362233.460952,3460,idle,793.8,,,0,0,0,0
1454567046244083,1790362233.620913,3620,idle,848.7,,,0,0,0,0
1454567205161265,1790362233.779830,3779,idle,270.9,,,0,0,0,0
1454567356816787,1790362233.931485,3931,idle,769.4,,,0,0,0,0
1454567515882653,1790362234.090552,4090,idle,13925.7,,,0,0,0,0
1454567665887977,1790362234.240557,4240,idle,797.9,,,0,0,0,0
1454567816026763,1790362234.390697,4390,idle,274.3,,,0,0,0,0
1454567976180386,1790362234.550849,4550,idle,786.8,,,0,0,0,0
1454568126971340,1790362234.701640,4701,idle,824.5,,,0,0,0,0
1454568287100620,1790362234.861769,4861,idle,748.4,,,0,0,0,0
1454568446852071,1790362235.021521,5021,idle,354.6,,,0,0,0,0
1454568607034595,1790362235.181703,5181,idle,5690.3,,,0,0,0,0
1454568767162533,1790362235.341829,5341,idle,783.2,,,0,0,0,0
1454568927246784,1790362235.501915,5501,idle,721.6,,,0,0,0,0
1454569077455900,1790362235.652125,5652,idle,738.2,,,0,0,0,0
1454569236224931,1790362235.810894,5810,idle,370.4,,,0,0,0,0
1454569387287308,1790362235.961956,5961,idle,839.8,,,0,0,0,0
1454569547420595,1790362236.122089,6122,idle,756.9,,,0,0,0,0
1454569706173750,1790362236.280843,6280,idle,3551.3,,,0,0,0,0
1454569857058300,1790362236.431728,6431,idle,309.2,,,0,0,0,0
1454570007517131,1790362236.582186,6582,idle,11390.9,,,0,0,0,0
1454570167461043,1790362236.742130,6742,idle,818.4,,,0,0,0,0
1454570317605320,1790362236.892273,6892,idle,800.6,,,0,0,0,0
1454570476345877,1790362237.051016,7051,idle,269.8,,,0,0,0,0
1454570627394010,1790362237.202063,7202,idle,832.0,,,0,0,0,0
1454570777666682,1790362237.352336,7352,idle,945.2,,,0,0,0,0
1454570937602082,1790362237.512271,7512,idle,797.4,,,0,0,0,0
1454571096626429,1790362237.671296,7671,idle,319.6,,,0,0,0,0
1454571246831960,1790362237.821501,7821,idle,827.4,,,0,0,0,0
1454571397236269,1790362237.971905,7971,idle,830.3,,,0,0,0,0
1454571548400712,1790362238.123070,8123,idle,514.6,,,0,0,0,0
1454571706635645,1790362238.281306,8281,idle,892.7,,,0,0,0,0
1454571866720132,1790362238.441389,8441,idle,885.1,,,0,0,0,0
1454572017288712,1790362238.591958,8591,idle,466.7,,,0,0,0,0
1454572177238170,1790362238.751907,8751,idle,754.3,,,0,0,0,0
1454572337220358,1790362238.911890,8911,idle,567.1,,,0,0,0,0
1454572497287150,1790362239.071957,9071,idle,384.0,,,0,0,0,0
1454572649475809,1790362239.224145,9224,idle,801.0,,,0,0,0,0
1454572807673363,1790362239.382340,9382,idle,5768.2,,,0,0,0,0
1454572967516712,1790362239.542186,9542,idle,777.9,,,0,0,0,0
1454573126772844,1790362239.701443,9701,idle,261.1,,,0,0,0,0
1454573277601839,1790362239.852271,9852,idle,873.5,,,0,0,0,0
1454573437244325,1790362240.011913,10011,idle,882.9,,,0,0,0,0
1454573597068663,1790362240.171737,10171,idle,778.2,,,0,0,0,0
1454573756880496,1790362240.331550,10331,idle,287.4,,,0,0,0,0
1454573907248387,1790362240.481917,10481,idle,6363.3,,,0,0,0,0
1454574064958771,1790362240.639628,10639,idle,720.2,,,0,0,0,0
1454574216826885,1790362240.791496,10791,idle,722.1,,,0,0,0,0
1454574366888415,1790362240.941558,10941,idle,324.2,,,0,0,0,0
1454574526938898,1790362241.101608,11101,idle,837.2,,,0,0,0,0
1454574677056655,1790362241.251724,11251,idle,729.2,,,0,0,0,0
1454574837217311,1790362241.411886,11411,idle,928.3,,,0,0,0,0
1454574988625341,1790362241.563295,11563,idle,336.4,,,0,0,0,0
1454575147382968,1790362241.722052,11722,idle,819.0,,,0,0,0,0
1454575298627218,1790362241.873297,11873,decode,5645.4,,,0,0,1,0
1454575457406319,1790362242.032076,12032,idle,354.2,,,0,0,0,0
1454575617045690,1790362242.191715,12191,idle,691.4,,,0,0,0,0
1454575776920841,1790362242.351590,12351,idle,712.6,,,0,0,0,0
1454575936738912,1790362242.511408,12511,idle,788.2,,,0,0,0,0
1454576087649930,1790362242.662319,12662,idle,821.0,,,0,0,0,0
1454576247585525,1790362242.822253,12822,idle,841.6,,,0,0,0,0
1454576406518366,1790362242.981188,12981,idle,270.6,,,0,0,0,0
1454576559208963,1790362243.133878,13133,idle,749.8,,,0,0,0,0
1454576716836330,1790362243.291504,13291,idle,800.4,,,0,0,0,0
1454576876799580,1790362243.451468,13451,idle,828.3,,,0,0,0,0
1454577028017277,1790362243.602687,13602,idle,5081.4,,,0,0,0,0
1454577187415159,1790362243.762084,13762,idle,894.5,,,0,0,0,0
1454577337470866,1790362243.912140,13912,idle,903.8,,,0,0,0,0
1454577497656351,1790362244.072325,14072,idle,840.5,,,0,0,0,0
1454577656161348,1790362244.230831,14230,idle,293.6,,,0,0,0,0
1454577807846002,1790362244.382515,14382,idle,22443.2,,,0,0,0,0
1454577966613552,1790362244.541284,14541,decode,288.8,,,0,0,1,0
1454578126788422,1790362244.701458,14701,idle,498.9,,,0,0,0,0
1454578277904921,1790362244.852574,14852,idle,302.1,,,0,0,0,0
1454578436930649,1790362245.011599,11,idle,813.9,,,0,0,0,0
1454578653343545,1790362245.228013,228,tx,51913.2,,,1,0,0,1
1454578807512884,1790362245.382182,382,tx,52062.0,,,1,0,0,1
1454578960472880,1790362245.535143,535,tx,50616.1,,,1,0,0,1
1454579112753254,1790362245.687422,687,tx,51968.8,,,1,0,0,1
1454579267045987,1790362245.841714,841,tx,52015.8,,,1,0,0,1
1454579420891578,1790362245.995560,995,tx,51962.2,,,1,0,0,1
1454579573990703,1790362246.148660,1148,tx,51714.5,,,1,0,0,1
1454579727360237,1790362246.302029,1302,tx,52053.2,,,1,0,0,1
1454579881179359,1790362246.455848,1455,tx,52057.2,,,1,0,0,1
1454580035391991,1790362246.610061,1610,tx,51060.1,,,1,0,0,1
1454580187150870,1790362246.761821,1761,tx,50691.3,,,1,0,0,1
1454580339704894,1790362246.914374,1914,tx,51115.0,,,1,0,0,1
1454580492599597,1790362247.067268,2067,tx,51142.0,,,1,0,0,1
1454580646705129,1790362247.221373,2221,tx,52224.8,,,1,0,0,1
1454580800010286,1790362247.374680,2374,tx,51803.9,,,1,0,0,1
1454580953647814,1790362247.528317,2528,tx,52108.5,,,1,0,0,1
1454581107909440,1790362247.682578,2682,tx,51043.9,,,1,0,0,1
1454581261179188,1790362247.835849,2835,tx,55886.1,,,1,0,0,1
1454581418286955,1790362247.992957,2992,tx,51695.3,,,1,0,0,1
1454581574836307,1790362248.149505,3149,tx,57081.2,,,1,0,0,1
1454581728740799,1790362248.303410,3303,tx,51085.6,,,1,0,0,1
1454581881768073,1790362248.456437,3456,tx,52874.4,,,1,0,0,1
1454582036580295,1790362248.611250,3611,tx,52181.7,,,1,0,0,1
1454582190190532,1790362248.764860,3764,tx,50819.9,,,1,0,0,1
1454582347516160,1790362248.922185,3922,tx,51349.9,,,1,0,0,1
1454582500792450,1790362249.075461,4075,tx,52123.4,,,1,0,0,1
1454582654559479,1790362249.229228,4229,tx,52203.1,,,1,0,0,1
1454582807591439,1790362249.382261,4382,tx,50736.8,,,1,0,0,1
1454582959994593,1790362249.534664,4534,tx,51035.3,,,1,0,0,1
1454583113589090,1790362249.688258,4688,tx,51309.3,,,1,0,0,1
1454583266769995,1790362249.841439,4841,tx,52016.5,,,1,0,0,1
1454583419612245,1790362249.994282,4994,tx,50670.3,,,1,0,0,1
1454583572139976,1790362250.146809,5146,tx,51049.2,,,1,0,0,1
1454583726040843,1790362250.300709,5300,tx,51059.7,,,1,0,0,1
1454583879238425,1790362250.453907,5453,tx,51975.4,,,1,0,0,1
1454584031958291,1790362250.606628,5606,tx,50701.0,,,1,0,0,1
1454584184896582,1790362250.759565,5759,tx,51051.1,,,1,0,0,1
1454584338267626,1790362250.912936,5912,tx,50973.6,,,1,0,0,1
1454584491318880,1790362251.065987,6065,tx,51175.7,,,1,0,0,1
1454584643842513,1790362251.218512,6218,tx,50869.4,,,1,0,0,1
1454584797134825,1790362251.371803,6371,tx,51229.7,,,1,0,0,1
1454584949863827,1790362251.524533,6524,tx,52779.2,,,1,0,0,1
1454585104239228,1790362251.678908,6678,tx,51001.9,,,1,0,0,1
1454585256331125,1790362251.831001,6831,tx,51587.6,,,1,0,0,1
1454585409665815,1790362251.984335,6984,tx,57268.2,,,1,0,0,1
1454585563549956,1790362252.138219,7138,tx,52378.1,,,1,0,0,1
1454585717902729,1790362252.292571,7292,tx,51080.4,,,1,0,0,1
1454585870259017,1790362252.444929,7444,tx,51636.9,,,1,0,0,1
1454586021560390,1790362252.596230,7596,tx,71305.2,,,1,0,0,1
1454586174853672,1790362252.749522,7749,tx,51346.0,,,1,0,0,1
1454586328474402,1790362252.903143,7903,tx,51359.1,,,1,0,0,1
1454586482093784,1790362253.056762,8056,tx,52110.3,,,1,0,0,1
1454586635523801,1790362253.210194,8210,tx,50896.9,,,1,0,0,1
1454586788201713,1790362253.362870,8362,tx,51175.6,,,1,0,0,1
1454586947452240,1790362253.522121,8522,tx,51114.0,,,1,0,0,1
1454587101263750,1790362253.675932,8675,tx,52109.9,,,1,0,0,1
1454587254227053,1790362253.828897,8828,tx,50598.6,,,1,0,0,1
1454587407216630,1790362253.981886,8981,tx,51135.7,,,1,0,0,1
1454587563779144,1790362254.138448,9138,tx,51184.3,,,1,0,0,1
1454587716928613,1790362254.291598,9291,tx,51738.4,,,1,0,0,1
1454587869479724,1790362254.444149,9444,tx,51820.8,,,1,0,0,1
1454588022716118,1790362254.597386,9597,tx,51744.1,,,1,0,0,1
1454588176952840,1790362254.751622,9751,tx,51158.9,,,1,0,0,1
1454588330204637,1790362254.904873,9904,tx,51024.3,,,1,0,0,1
1454588482024292,1790362255.056694,10056,tx,50671.3,,,1,0,0,1
1454588634414684,1790362255.209083,10209,tx,51026.6,,,1,0,0,1
1454588787685609,1790362255.362354,10362,tx,51235.7,,,1,0,0,1
1454588941082013,1790362255.515752,10515,tx,50735.0,,,1,0,0,1
1454589092883135,1790362255.667553,10667,tx,50895.3,,,1,0,0,1
1454589248213631,1790362255.822883,10822,tx,59099.1,,,1,0,0,1
1454589401816391,1790362255.976485,10976,tx,51208.9,,,1,0,0,1
1454589553097618,1790362256.127766,11127,tx,52160.8,,,1,0,0,1
1454589706303643,1790362256.280973,11280,tx,50672.2,,,1,0,0,1
1454589858995748,1790362256.433665,11433,tx,50976.2,,,1,0,0,1
1454590011981608,1790362256.586651,11586,tx,60274.8,,,1,0,0,1
1454590164194780,1790362256.738864,11738,tx,52147.7,,,1,0,0,1
1454590317395423,1790362256.892065,11892,tx,51612.0,,,1,0,0,1
1454590470804267,1790362257.045473,12045,tx,51084.4,,,1,0,0,1
1454590623979208,1790362257.198648,12198,tx,51124.4,,,1,0,0,1
1454590777083968,1790362257.351753,12351,tx,51269.6,,,1,0,0,1
1454590929911640,1790362257.504580,12504,tx,51918.7,,,1,0,0,1
1454591083307426,1790362257.657977,12657,tx,50748.9,,,1,0,0,1
1454591236403647,1790362257.811073,12811,tx,51231.8,,,1,0,0,1
1454591390227183,1790362257.964896,12964,tx,51085.7,,,1,0,0,1
1454591548514444,1790362258.123183,13123,tx,51984.4,,,1,0,0,1
1454591701248779,1790362258.275919,13275,tx,50688.5,,,1,0,0,1
1454591854097783,1790362258.428766,13428,tx,52088.5,,,1,0,0,1
1454592008424621,1790362258.583093,13583,tx,64317.6,,96357.3,1,0,0,1
1454592163875159,1790362258.738545,13738,idle,51982.3,,,0,0,0,0
1454592316735181,1790362258.891405,13891,idle,166389.6,,,0,0,0,0
1454592576469071,1790362259.151138,14151,idle,331.2,,,0,0,0,0
1454592727232545,1790362259.301901,14301,idle,737.0,,,0,0,0,0
1454592886848693,1790362259.461519,14461,idle,313.4,,,0,0,0,0
1454593046895096,1790362259.621563,14621,idle,913.4,,,0,0,0,0
1454593196916735,1790362259.771585,14771,idle,721.7,,,0,0,0,0
1454593347439076,1790362259.922108,14922,idle,781.3,,,0,0,0,0
1454593507264243,1790362260.081933,81,idle,13888.0,,,0,0,0,0
1454593667025124,1790362260.241695,241,idle,337.1,,,0,0,0,0
1454593817861525,1790362260.392530,392,idle,713.2,,,0,0,0,0
1454593977732281,1790362260.552401,552,idle,869.5,,,0,0,0,0
1454594136957884,1790362260.711627,711,idle,805.6,,,0,0,0,0
1454594296722477,1790362260.871392,871,idle,294.9,,,0,0,0,0
1454594447749003,1790362261.022418,1022,idle,944.4,,,0,0,0,0
1454594607441974,1790362261.182111,1182,idle,8557.3,,,0,0,0,0
1454594757488083,1790362261.332122,1332,idle,832.8,,,0,0,0,0
1454594916376617,1790362261.491046,1491,idle,277.0,,,0,0,0,0
1454595068064402,1790362261.642733,1642,idle,856.9,,,0,0,0,0
1454595227871584,1790362261.802540,1802,idle,789.2,,,0,0,0,0
1454595377908033,1790362261.952577,1952,idle,773.9,,,0,0,0,0
1454595537239695,1790362262.111910,2111,idle,292.5,,,0,0,0,0
1454595697349310,1790362262.272018,2272,idle,857.2,,,0,0,0,0
1454595857144386,1790362262.431813,2431,idle,734.4,,,0,0,0,0
1454596016772649,1790362262.591442,2591,idle,533.3,,,0,0,0,0
1454596167059822,1790362262.741730,2741,idle,316.7,,,0,0,0,0
1454596327160733,1790362262.901830,2901,idle,559.8,,,0,0,0,0
1454596487297751,1790362263.061967,3061,idle,873.2,,,0,0,0,0
1454596647295240,1790362263.221964,3221,idle,800.2,,,0,0,0,0
1454596807367129,1790362263.382036,3382,idle,5747.9,,,0,0,0,0
1454596967386510,1790362263.542056,3542,idle,364.2,,,0,0,0,0
1454597118139243,1790362263.692807,3692,idle,764.6,,,0,0,0,0
1454597277184152,1790362263.851853,3851,idle,889.3,,,0,0,0,0
1454597437136659,1790362264.011806,4011,idle,764.9,,,0,0,0,0
1454597596338921,1790362264.171009,4171,idle,291.1,,,0,0,0,0
1454597747932285,1790362264.322601,4322,idle,842.2,,,0,0,0,0
1454597907329672,1790362264.481997,4481,idle,6403.3,,,0,0,0,0
1454598067425869,1790362264.642095,4642,idle,723.0,,,0,0,0,0
1454598226975027,1790362264.801645,4801,idle,321.1,,,0,0,0,0
1454598386992364,1790362264.961662,4961,idle,340.0,,,0,0,0,0
1454598537053518,1790362265.111723,5111,idle,568.3,,,0,0,0,0
1454598687404997,1790362265.262074,5262,idle,836.2,,,0,0,0,0
1454598847145623,1790362265.421816,5421,idle,326.5,,,0,0,0,0
1454598997364710,1790362265.572034,5572,idle,775.0,,,0,0,0,0
1454599147567118,1790362265.722236,5722,idle,821.9,,,0,0,0,0
1454599307638593,1790362265.882307,5882,idle,5402.7,,,0,0,0,0
1454599467363450,1790362266.042033,6042,idle,560.7,,,0,0,0,0
1454599627021114,1790362266.201691,6201,idle,422.9,,,0,0,0,0
1454599777697360,1790362266.352366,6352,idle,845.0,,,0,0,0,0
1454599937613769,1790362266.512283,6512,idle,746.4,,,0,0,0,0
1454600097099964,1790362266.671769,6671,idle,740.5,,,0,0,0,0
1454600256677499,1790362266.831347,6831,idle,350.4,,,0,0,0,0
1454600407285352,1790362266.981954,6981,idle,5657.6,,,0,0,0,0
1454600566558137,1790362267.141228,7141,idle,371.3,,,0,0,0,0
1454600717113318,1790362267.291782,7291,idle,814.5,,,0,0,0,0
1454600867173409,1790362267.441843,7441,idle,320.3,,,0,0,0,0
1454601021765165,1790362267.596434,7596,idle,771.6,,,0,0,0,0
1454601177720574,1790362267.752389,7752,idle,827.5,,,0,0,0,0
1454601337577333,1790362267.912246,7912,idle,879.3,,,0,0,0,0
1454601496654409,1790362268.071321,8071,idle,302.0,,,0,0,0,0
1454601656692358,1790362268.231361,8231,idle,650.5,,,0,0,0,0
1454601807732489,1790362268.382401,8382,idle,6468.8,,,0,0,0,0
1454601967511205,1790362268.542180,8542,idle,603.0,,,0,0,0,0
1454602117528511,1790362268.692197,8692,idle,512.0,,,0,0,0,0
1454602277533753,1790362268.852203,8852,idle,437.8,,,0,0,0,0
1454602436111572,1790362269.010782,9010,idle,290.4,,,0,0,0,0
1454602596114493,1790362269.170784,9170,idle,296.6,,,0,0,0,0
1454602747564590,1790362269.322233,9322,idle,751.5,,,0,0,0,0
1454602906259838,1790362269.480930,9480,idle,289.2,,,0,0,0,0
1454603063118456,1790362269.637787,9637,idle,829.6,,,0,0,0,0
1454603217059616,1790362269.791727,9791,idle,13463.6,,,0,0,0,0
1454603367103061,1790362269.941770,9941,idle,801.2,,,0,0,0,0
1454603527097065,1790362270.101767,10101,idle,281.0,,,0,0,0,0
1454603677851905,1790362270.252521,10252,idle,850.0,,,0,0,0,0
1454603837852740,1790362270.412522,10412,idle,683.3,,,0,0,0,0
1454603997574947,1790362270.572243,10572,idle,895.9,,,0,0,0,0
1454604156112388,1790362270.730782,10730,idle,282.7,,,0,0,0,0
1454604307431773,1790362270.882100,10882,idle,10261.4,,,0,0,0,0
1454604457603538,1790362271.032272,11032,idle,874.8,,,0,0,0,0
1454604607771392,1790362271.182440,11182,idle,6081.3,,,0,0,0,0
1454604767959523,1790362271.342629,11342,idle,337.7,,,0,0,0,0
1454604926952535,1790362271.501622,11501,idle,528.7,,,0,0,0,0
1454605077593592,1790362271.652262,11652,idle,784.4,,,0,0,0,0
1454605237651734,1790362271.812320,11812,idle,804.3,,,0,0,0,0
1454605389975561,1790362271.964644,11964,decode,284.2,,,0,0,1,0
1454605547167283,1790362272.121837,12121,idle,378.1,,,0,0,0,0
1454605697962084,1790362272.272630,12272,idle,843.7,,,0,0,0,0
1454605857057981,1790362272.431726,12431,idle,859.4,,,0,0,0,0
1454606017121579,1790362272.591790,12591,idle,5675.8,,,0,0,0,0
1454606176838151,1790362272.751508,12751,idle,323.5,,,0,0,0,0
1454606327408777,1790362272.902077,12902,idle,899.9,,,0,0,0,0
1454606477643338,1790362273.052312,13052,idle,844.5,,,0,0,0,0
1454606637365375,1790362273.212034,13212,idle,848.7,,,0,0,0,0
1454606787682445,1790362273.362352,13362,idle,340.9,,,0,0,0,0
1454606937950217,1790362273.512619,13512,idle,775.7,,,0,0,0,0
1454607095979247,1790362273.670649,13670,idle,414.4,,,0,0,0,0
1454607247802008,1790362273.822471,13822,idle,850.3,,,0,0,0,0
1454607407146714,1790362273.981816,13981,idle,397.5,,,0,0,0,0
1454607562069021,1790362274.136738,14136,idle,759.4,,,0,0,0,0
1454607717117550,1790362274.291786,14291,idle,739.7,,,0,0,0,0
1454607868175804,1790362274.442845,14442,decode,361.3,,,0,0,1,0
1454608026640429,1790362274.601310,14601,decode,293.0,,,0,0,1,0
1454608177819047,1790362274.752488,14752,idle,835.2,,,0,0,0,0
1454608336820565,1790362274.911489,14911,idle,846.0,,,0,0,0,0
1454608487170081,1790362275.061839,61,idle,785.0,,,0,0,0,0
1454608647814589,1790362275.222485,222,tx,51522.9,,,1,0,0,1
1454608800875458,1790362275.375544,375,tx,60868.5,,,1,0,0,1
1454608954511158,1790362275.529181,529,tx,51856.1,,,1,0,0,1
1454609108812762,1790362275.683482,683,tx,52515.0,,,1,0,0,1
1454609264683339,1790362275.839353,839,tx,50609.8,,,1,0,0,1
1454609417186726,1790362275.991856,991,tx,51968.2,,,1,0,0,1
1454609570641836,1790362276.145310,1145,tx,51265.8,,,1,0,0,1
1454609723675097,1790362276.298344,1298,tx,51106.2,,,1,0,0,1
1454609876477882,1790362276.451146,1451,tx,51925.6,,,1,0,0,1
1454610029461306,1790362276.604131,1604,tx,53311.5,,,1,0,0,1
1454610184802492,1790362276.759471,1759,tx,51457.1,,,1,0,0,1
1454610338164380,1790362276.912833,1912,tx,51132.2,,,1,0,0,1
1454610491404329,1790362277.066073,2066,tx,52023.2,,,1,0,0,1
1454610644548156,1790362277.219218,2219,tx,51605.0,,,1,0,0,1
1454610798156255,1790362277.372825,2372,tx,52002.4,,,1,0,0,1
1454610952086317,1790362277.526755,2526,tx,51948.0,,,1,0,0,1
1454611106342568,1790362277.681011,2681,tx,51980.9,,,1,0,0,1
1454611259329198,1790362277.833999,2833,tx,51786.2,,,1,0,0,1
1454611412792413,1790362277.987461,2987,tx,51013.1,,,1,0,0,1
1454611565213779,1790362278.139883,3139,tx,52100.9,,,1,0,0,1
1454611719285305,1790362278.293955,3293,tx,51935.2,,,1,0,0,1
1454611872119573,1790362278.446789,3446,tx,51043.9,,,1,0,0,1
1454612025181211,1790362278.599850,3599,tx,51143.3,,,1,0,0,1
1454612178050264,1790362278.752719,3752,tx,51178.3,,,1,0,0,1
1454612331216363,1790362278.905885,3905,tx,51000.3,,,1,0,0,1
1454612482876606,1790362279.057546,4057,tx,51558.3,,,1,0,0,1
1454612636981820,1790362279.211650,4211,tx,56958.5,,,1,0,0,1
1454612791202133,1790362279.365870,4365,tx,50957.3,,,1,0,0,1
1454612946899835,1790362279.521569,4521,tx,51002.9,,,1,0,0,1
1454613099469158,1790362279.674139,4674,tx,51682.0,,,1,0,0,1
1454613253086855,1790362279.827755,4827,tx,52091.4,,,1,0,0,1
1454613407229557,1790362279.981898,4981,tx,50996.1,,,1,0,0,1
1454613559946151,1790362280.134614,5134,tx,51108.7,,,1,0,0,1
1454613712479005,1790362280.287149,5287,tx,51598.3,,,1,0,0,1
1454613865769363,1790362280.440438,5440,tx,51130.4,,,1,0,0,1
1454614018631419,1790362280.593300,5593,tx,66557.6,,,1,0,0,1
1454614177260176,1790362280.751929,5751,tx,51131.4,,,1,0,0,1
1454614331071004,1790362280.905740,5905,tx,53552.0,,,1,0,0,1
1454614486359772,1790362281.061029,6061,tx,50775.3,,,1,0,0,1
1454614639417368,1790362281.214086,6214,tx,52195.3,,,1,0,0,1
1454614793787836,1790362281.368456,6368,tx,52042.2,,,1,0,0,1
1454614949414500,1790362281.524083,6524,tx,54728.8,,,1,0,0,1
1454615102333011,1790362281.677003,6677,tx,50839.4,,,1,0,0,1
1454615255419792,1790362281.830088,6830,tx,52174.3,,,1,0,0,1
1454615409764934,1790362281.984433,6984,tx,51217.4,,,1,0,0,1
1454615564719526,1790362282.139389,7139,tx,52088.2,,,1,0,0,1
1454615717681030,1790362282.292351,7292,tx,50700.6,,,1,0,0,1
1454615870865431,1790362282.445534,7445,tx,51371.0,,,1,0,0,1
1454616021426726,1790362282.596096,7596,tx,51055.3,,,1,0,0,1
1454616175063509,1790362282.749732,7749,tx,52086.4,,,1,0,0,1
1454616327980686,1790362282.902650,7902,tx,50668.5,,,1,0,0,1
1454616480655708,1790362283.055324,8055,tx,58891.2,,,1,0,0,1
1454616634935694,1790362283.209604,8209,tx,51406.1,,,1,0,0,1
1454616788583320,1790362283.363252,8363,tx,52201.6,,,1,0,0,1
1454616943286409,1790362283.517956,8517,tx,50902.8,,,1,0,0,1
1454617097201365,1790362283.671870,8671,tx,52248.8,,,1,0,0,1
1454617251646770,1790362283.826315,8826,tx,53120.1,,,1,0,0,1
1454617406274679,1790362283.980943,8980,tx,51124.0,,,1,0,0,1
1454617558618109,1790362284.133288,9133,tx,50781.2,,,1,0,0,1
1454617711290130,1790362284.285959,9285,tx,52148.3,,,1,0,0,1
1454617865712645,1790362284.440382,9440,tx,51134.8,,,1,0,0,1
1454618018438289,1790362284.593107,9593,tx,66334.6,,,1,0,0,1
1454618175512073,1790362284.750182,9750,tx,51632.4,,,1,0,0,1
1454618329117920,1790362284.903787,9903,tx,51075.7,,,1,0,0,1
1454618482341971,1790362285.057011,10057,tx,50999.0,,,1,0,0,1
1454618635800198,1790362285.210469,10210,tx,52177.8,,,1,0,0,1
1454618789774227,1790362285.364444,10364,tx,51656.8,,,1,0,0,1
1454618943169269,1790362285.517839,10517,tx,50894.3,,,1,0,0,1
1454619096109201,1790362285.670777,10670,tx,51146.7,,,1,0,0,1
1454619251449931,1790362285.826119,10826,tx,51743.9,,,1,0,0,1
1454619404712955,1790362285.979383,10979,tx,51677.2,,,1,0,0,1
1454619562884288,1790362286.137554,11137,tx,51729.6,,,1,0,0,1
1454619716587274,1790362286.291256,11291,tx,51092.9,,,1,0,0,1
1454619870306999,1790362286.444976,11444,tx,52127.3,,,1,0,0,1
1454620024244995,1790362286.598914,11598,tx,52023.8,,,1,0,0,1
1454620177134607,1790362286.751805,11751,tx,50703.4,,,1,0,0,1
1454620329788020,1790362286.904457,11904,tx,58253.0,,,1,0,0,1
1454620483957124,1790362287.058626,12058,tx,50984.4,,,1,0,0,1
1454620637281849,1790362287.211950,12211,tx,52047.0,,,1,0,0,1
1454620790191972,1790362287.364862,12364,tx,50712.3,,,1,0,0,1
1454620947820787,1790362287.522490,12522,tx,51207.2,,,1,0,0,1
1454621101687481,1790362287.676354,12676,tx,51109.4,,,1,0,0,1
1454621254987607,1790362287.829656,12829,tx,52358.0,,,1,0,0,1
1454621408429589,1790362287.983099,12983,tx,51666.2,,,1,0,0,1
1454621562357320,1790362288.137026,13137,tx,50931.8,,,1,0,0,1
1454621715247155,1790362288.289915,13289,tx,51093.6,,,1,0,0,1
1454621868679262,1790362288.443348,13443,tx,51065.0,,,1,0,0,1
1454622020535548,1790362288.595205,13595,tx,61096.0,,82407.2,1,0,0,1
1454622172922627,1790362288.747591,13747,idle,50828.9,,,0,0,0,0
1454622325420287,1790362288.900089,13900,idle,158561.9,,,0,0,0,0
1454622576952128,1790362289.151622,14151,idle,281.7,,,0,0,0,0
1454622727338797,1790362289.302009,14302,idle,338.9,,,0,0,0,0
1454622878104272,1790362289.452773,14452,idle,812.4,,,0,0,0,0
1454623038089582,1790362289.612758,14612,idle,755.9,,,0,0,0,0
1454623197989104,1790362289.772658,14772,idle,794.8,,,0,0,0,0
1454623357764903,1790362289.932435,14932,idle,295.5,,,0,0,0,0
1454623508295645,1790362290.082964,82,idle,9116.3,,,0,0,0,0
1454623658742349,1790362290.233411,233,idle,855.3,,,0,0,0,0
1454623818174436,1790362290.392843,392,idle,721.0,,,0,0,0,0
1454623977045624,1790362290.551715,551,idle,310.2,,,0,0,0,0
1454624128677483,1790362290.703346,703,idle,900.2,,,0,0,0,0
1454624288256126,1790362290.862925,862,idle,907.0,,,0,0,0,0
1454624448427479,1790362291.023096,1023,idle,895.6,,,0,0,0,0
1454624607317144,1790362291.181987,1181,idle,2617.4,,,0,0,0,0
1454624758698727,1790362291.333368,1333,idle,835.1,,,0,0,0,0
1454624917994987,1790362291.492664,1492,idle,730.8,,,0,0,0,0
1454625068161803,1790362291.642831,1642,idle,782.0,,,0,0,0,0
1454625227915260,1790362291.802585,1802,idle,344.3,,,0,0,0,0
1454625387461684,1790362291.962131,1962,idle,477.8,,,0,0,0,0
1454625538248847,1790362292.112918,2112,idle,608.6,,,0,0,0,0
1454625698237137,1790362292.272906,2272,idle,830.5,,,0,0,0,0
1454625858178205,1790362292.432847,2432,idle,806.1,,,0,0,0,0
1454626017944145,1790362292.592614,2592,idle,263.3,,,0,0,0,0
1454626168403537,1790362292.743072,2743,idle,819.3,,,0,0,0,0
1454626328245930,1790362292.902915,2902,idle,997.6,,,0,0,0,0
1454626488188081,1790362293.062857,3062,idle,853.0,,,0,0,0,0
1454626647099214,1790362293.221769,3221,idle,298.6,,,0,0,0,0
1454626798277673,1790362293.372946,3372,idle,815.5,,,0,0,0,0
1454626950151042,1790362293.524820,3524,idle,616.4,,,0,0,0,0
1454627109074013,1790362293.683743,3683,idle,5683.5,,,0,0,0,0
1454627268134679,1790362293.842805,3842,idle,281.9,,,0,0,0,0
1454627418542727,1790362293.993212,3993,idle,801.6,,,0,0,0,0
1454627578560502,1790362294.153229,4153,idle,801.5,,,0,0,0,0
1454627738401572,1790362294.313070,4313,idle,868.5,,,0,0,0,0
1454627897285614,1790362294.471955,4471,idle,271.9,,,0,0,0,0
1454628048331231,1790362294.623000,4622,idle,863.2,,,0,0,0,0
1454628207972019,1790362294.782640,4782,idle,7778.5,,,0,0,0,0
1454628358449463,1790362294.933118,4933,idle,900.5,,,0,0,0,0
1454628517908610,1790362295.092578,5092,idle,3462.8,,,0,0,0,0
1454628667981703,1790362295.242651,5242,idle,557.3,,,0,0,0,0
1454628818227123,1790362295.392896,5392,idle,726.2,,,0,0,0,0
1454628978150351,1790362295.552819,5552,idle,825.0,,,0,0,0,0
1454629128535232,1790362295.703204,5703,idle,779.5,,,0,0,0,0
1454629287501036,1790362295.862171,5862,idle,321.1,,,0,0,0,0
1454629437923534,1790362296.012592,6012,idle,829.8,,,0,0,0,0
1454629588315365,1790362296.162984,6162,idle,885.8,,,0,0,0,0
1454629748455441,1790362296.323124,6323,idle,852.9,,,0,0,0,0
1454629907547734,1790362296.482218,6482,idle,307.7,,,0,0,0,0
1454630063107356,1790362296.637776,6637,idle,849.0,,,0,0,0,0
1454630218427656,1790362296.793097,6793,idle,766.9,,,0,0,0,0
1454630378454455,1790362296.953123,6953,idle,754.3,,,0,0,0,0
1454630537494689,1790362297.112164,7112,idle,289.8,,,0,0,0,0
1454630688579630,1790362297.263248,7263,idle,858.5,,,0,0,0,0
1454630848734552,1790362297.423403,7423,idle,824.2,,,0,0,0,0
1454630998977759,1790362297.573647,7573,idle,822.2,,,0,0,0,0
1454631157786289,1790362297.732456,7732,idle,383.9,,,0,0,0,0
1454631317909770,1790362297.892579,7892,idle,740.8,,,0,0,0,0
1454631477776553,1790362298.052445,8052,idle,756.4,,,0,0,0,0
1454631637860056,1790362298.212529,8212,idle,856.9,,,0,0,0,0
1454631797485166,1790362298.372155,8372,idle,356.7,,,0,0,0,0
1454631948270379,1790362298.522939,8522,idle,840.3,,,0,0,0,0
1454632098560654,1790362298.673229,8673,idle,818.6,,,0,0,0,0
1454632258379494,1790362298.833048,8833,idle,723.5,,,0,0,0,0
1454632418395693,1790362298.993065,8993,idle,308.8,,,0,0,0,0
1454632577753816,1790362299.152423,9152,idle,418.2,,,0,0,0,0
1454632728588365,1790362299.303257,9303,idle,851.4,,,0,0,0,0
1454632878937723,1790362299.453606,9453,idle,811.8,,,0,0,0,0
1454633038047945,1790362299.612716,9612,idle,853.7,,,0,0,0,0
1454633197803009,1790362299.772473,9772,idle,273.8,,,0,0,0,0
1454633348474206,1790362299.923143,9923,idle,776.1,,,0,0,0,0
1454633508190787,1790362300.082860,10082,idle,8143.4,,,0,0,0,0
1454633668122935,1790362300.242792,10242,idle,830.4,,,0,0,0,0
1454633827347815,1790362300.402018,10402,idle,289.6,,,0,0,0,0
1454633981329610,1790362300.555999,10555,idle,862.1,,,0,0,0,0
1454634138766764,1790362300.713436,10713,idle,788.4,,,0,0,0,0
1454634298196006,1790362300.872865,10872,idle,842.4,,,0,0,0,0
1454634457148863,1790362301.031819,11031,idle,282.0,,,0,0,0,0
1454634608551342,1790362301.183220,11183,idle,6277.6,,,0,0,0,0
1454634768771417,1790362301.343440,11343,idle,833.5,,,0,0,0,0
1454634928085156,1790362301.502754,11502,idle,524.9,,,0,0,0,0
1454635078239310,1790362301.652909,11652,idle,280.2,,,0,0,0,0
1454635233337889,1790362301.808008,11808,decode,4033.4,,,0,0,1,0
1454635393360721,1790362301.968031,11968,decode,278.4,,,0,0,1,0
1454635550270769,1790362302.124941,12124,idle,419.0,,,0,0,0,0
1454635708078710,1790362302.282747,12282,idle,3878.3,,,0,0,0,0
1454635858125610,1790362302.432795,12432,idle,357.8,,,0,0,0,0
1454636008625406,1790362302.583294,12583,idle,13691.2,,,0,0,0,0
1454636168102995,1790362302.742772,12742,idle,740.1,,,0,0,0,0
1454636318265731,1790362302.892935,12892,idle,802.7,,,0,0,0,0
1454636477070222,1790362303.051740,13051,idle,308.6,,,0,0,0,0
1454636628027385,1790362303.202696,13202,idle,774.0,,,0,0,0,0
1454636787984538,1790362303.362653,13362,idle,783.7,,,0,0,0,0
1454636938723831,1790362303.513392,13513,decode,818.3,,,0,0,1,0
1454637097148086,1790362303.671818,13671,idle,287.7,,,0,0,0,0
1454637248644359,1790362303.823312,13823,idle,817.5,,,0,0,0,0
1454637408543192,1790362303.983212,13983,idle,4286.9,,,0,0,0,0
1454637562229662,1790362304.136899,14136,idle,554.7,,,0,0,0,0
1454637717280255,1790362304.291950,14291,idle,302.3,,,0,0,0,0
1454637867596546,1790362304.442267,14442,decode,256.6,,,0,0,1,0
1454638017949270,1790362304.592619,14592,decode,278.5,,,0,0,1,0
1454638168374410,1790362304.743042,14743,idle,841.7,,,0,0,0,0
1454638328378390,1790362304.903048,14903,idle,399.1,,,0,0,0,0
1454638488227067,1790362305.062896,62,idle,750.8,,,0,0,0,0
1454638653976285,1790362305.228645,228,tx,50888.5,,,1,0,0,1
1454638807103344,1790362305.381771,381,tx,52035.9,,,1,0,0,1
1454638960944348,1790362305.535612,535,tx,52013.3,,,1,0,0,1
1454639114923345,1790362305.689593,689,tx,50575.1,,,1,0,0,1
1454639267638357,1790362305.842307,842,tx,52037.5,,,1,0,0,1
1454639421771013,1790362305.996440,996,tx,51046.6,,,1,0,0,1
1454639574783021,1790362306.149452,1149,tx,53547.3,,,1,0,0,1
1454639729187356,1790362306.303857,1303,tx,50727.6,,,1,0,0,1
1454639881949907,1790362306.456619,1456,tx,58988.9,,,1,0,0,1
1454640035840079,1790362306.610509,1610,tx,51070.6,,,1,0,0,1
1454640188727489,1790362306.763396,1763,tx,52075.3,,,1,0,0,1
1454640344644015,1790362306.919314,1919,tx,50890.5,,,1,0,0,1
1454640497572028,1790362307.072241,2072,tx,51100.7,,,1,0,0,1
1454640651056412,1790362307.225725,2225,tx,52540.3,,,1,0,0,1
1454640804922753,1790362307.379591,2379,tx,52001.9,,,1,0,0,1
1454640957845221,1790362307.532515,2532,tx,51690.9,,,1,0,0,1
1454641111871497,1790362307.686541,2686,tx,51095.7,,,1,0,0,1
1454641264934852,1790362307.839603,2839,tx,51238.8,,,1,0,0,1
1454641418305444,1790362307.992846,2992,tx,51381.1,,,1,0,0,1
1454641573234034,1790362308.147903,3147,tx,50600.5,,,1,0,0,1
1454641725928284,1790362308.300597,3300,tx,51118.9,,,1,0,0,1
1454641879358897,1790362308.454028,3454,tx,52257.4,,,1,0,0,1
1454642033425240,1790362308.608094,3608,tx,51217.8,,,1,0,0,1
1454642185361970,1790362308.760031,3760,tx,50669.6,,,1,0,0,1
1454642338289884,1790362308.912958,3912,tx,52457.7,,,1,0,0,1
1454642492705335,1790362309.067374,4067,tx,51208.2,,,1,0,0,1
1454642648422780,1790362309.223091,4223,tx,51263.5,,,1,0,0,1
1454642800892047,1790362309.375561,4375,tx,51178.1,,,1,0,0,1
1454642953668420,1790362309.528337,4528,tx,51931.8,,,1,0,0,1
1454643107701113,1790362309.682370,4682,tx,52089.5,,,1,0,0,1
1454643262101001,1790362309.836770,4836,tx,51002.9,,,1,0,0,1
1454643414215622,1790362309.988885,4988,tx,51619.5,,,1,0,0,1
1454643568395386,1790362310.143064,5143,tx,52090.0,,,1,0,0,1
1454643722698812,1790362310.297367,5297,tx,58007.3,,,1,0,0,1
1454643877220075,1790362310.451889,5451,tx,51002.1,,,1,0,0,1
1454644029609467,1790362310.604279,5604,tx,55138.4,,,1,0,0,1
1454644186234311,1790362310.760904,5760,tx,50756.4,,,1,0,0,1
1454644339235599,1790362310.913904,5913,tx,51255.2,,,1,0,0,1
1454644493067407,1790362311.067736,6067,tx,51211.7,,,1,0,0,1
1454644647784396,1790362311.222453,6222,tx,52044.4,,,1,0,0,1
1454644801097605,1790362311.375766,6375,tx,51095.9,,,1,0,0,1
1454644954440668,1790362311.529110,6529,tx,50950.1,,,1,0,0,1
1454645107437241,1790362311.682106,6682,tx,51294.3,,,1,0,0,1
1454645261591931,1790362311.836260,6836,tx,51056.9,,,1,0,0,1
1454645414270594,1790362311.988940,6988,tx,50634.7,,,1,0,0,1
1454645564480320,1790362312.139149,7139,tx,52142.0,,,1,0,0,1
1454645718882434,1790362312.293551,7293,tx,51957.4,,,1,0,0,1
1454645872631096,1790362312.447300,7447,tx,51017.5,,,1,0,0,1
1454646030794747,1790362312.605464,7605,tx,50690.6,,,1,0,0,1
1454646183618715,1790362312.758288,7758,tx,51185.6,,,1,0,0,1
1454646337230914,1790362312.911900,7911,tx,51171.7,,,1,0,0,1
1454646490604548,1790362313.065273,8065,tx,51110.8,,,1,0,0,1
1454646643150441,1790362313.217820,8217,tx,51546.3,,,1,0,0,1
1454646796978446,1790362313.371647,8371,tx,51019.5,,,1,0,0,1
1454646950053296,1790362313.524722,8524,tx,53359.7,,,1,0,0,1
1454647104730405,1790362313.679399,8679,tx,50960.5,,,1,0,0,1
1454647256453003,1790362313.831123,8831,tx,50616.0,,,1,0,0,1
1454647409531219,1790362313.984200,8984,tx,51263.6,,,1,0,0,1
1454647566549533,1790362314.141218,9141,tx,58243.1,,,1,0,0,1
1454647720579020,1790362314.295248,9295,tx,51235.9,,,1,0,0,1
1454647872812047,1790362314.447482,9447,tx,51679.4,,,1,0,0,1
1454648026666299,1790362314.601335,9601,tx,58115.7,,,1,0,0,1
1454648176825066,1790362314.751493,9751,tx,51174.6,,,1,0,0,1
1454648330377264,1790362314.905045,9905,tx,51411.8,,,1,0,0,1
1454648482964975,1790362315.057635,10057,tx,51544.3,,,1,0,0,1
1454648636869684,1790362315.211538,10211,tx,51095.5,,,1,0,0,1
1454648789791083,1790362315.364460,10364,tx,51288.8,,,1,0,0,1
1454648948067518,1790362315.522737,10522,tx,51006.0,,,1,0,0,1
1454649100142807,1790362315.674813,10674,tx,51557.1,,,1,0,0,1
1454649253221775,1790362315.827891,10827,tx,51839.1,,,1,0,0,1
1454649407147491,1790362315.981816,10981,tx,51145.9,,,1,0,0,1
1454649565316565,1790362316.139986,11139,tx,50738.9,,,1,0,0,1
1454649718068550,1790362316.292738,11292,tx,51698.8,,,1,0,0,1
1454649871317034,1790362316.445987,11445,tx,50773.1,,,1,0,0,1
1454650023971429,1790362316.598640,11598,tx,51199.4,,,1,0,0,1
1454650177342289,1790362316.752011,11752,tx,50990.6,,,1,0,0,1
1454650330315521,1790362316.904984,11904,tx,51943.4,,,1,0,0,1
1454650483166877,1790362317.057837,12057,tx,50643.9,,,1,0,0,1
1454650636834241,1790362317.211503,12211,tx,51205.7,,,1,0,0,1
1454650790116855,1790362317.364786,12364,tx,52161.4,,,1,0,0,1
1454650947769424,1790362317.522437,12522,tx,51941.8,,,1,0,0,1
1454651100934446,1790362317.675605,12675,tx,51670.3,,,1,0,0,1
1454651254697792,1790362317.829366,12829,tx,52078.6,,,1,0,0,1
1454651409417028,1790362317.984086,12984,tx,57104.6,,,1,0,0,1
1454651561326055,1790362318.135995,13135,tx,52000.4,,,1,0,0,1
1454651714241311,1790362318.288911,13288,tx,50656.5,,,1,0,0,1
1454651867275447,1790362318.441944,13441,tx,51008.0,,,1,0,0,1
1454652020284727,1790362318.594954,13594,tx,65367.6,,84630.2,1,0,0,1
1454652177235100,1790362318.751904,13751,idle,50975.0,,,0,0,0,0
1454652329008832,1790362318.903679,13903,idle,155047.6,,,0,0,0,0
1454652576720638,1790362319.151391,14151,idle,430.5,,,0,0,0,0
1454652728532245,1790362319.303201,14303,idle,1006.0,,,0,0,0,0
1454652888532547,1790362319.463202,14463,idle,821.7,,,0,0,0,0
1454653041894279,1790362319.616564,14616,idle,321.2,,,0,0,0,0
1454653198765469,1790362319.773434,14773,idle,817.7,,,0,0,0,0
1454653358137170,1790362319.932807,14932,idle,414.1,,,0,0,0,0
1454653517673541,1790362320.092342,92,idle,17033.5,,,0,0,0,0
1454653677621213,1790362320.252291,252,idle,270.3,,,0,0,0,0
1454653828305766,1790362320.402974,402,idle,831.7,,,0,0,0,0
1454653988304360,1790362320.562973,562,idle,815.9,,,0,0,0,0
1454654148198684,1790362320.722867,722,idle,789.3,,,0,0,0,0
1454654307207817,1790362320.881877,881,idle,328.8,,,0,0,0,0
1454654457698596,1790362321.032367,1032,idle,775.7,,,0,0,0,0
1454654607827340,1790362321.182496,1182,idle,8234.0,,,0,0,0,0
1454654767981364,1790362321.342650,1342,idle,846.2,,,0,0,0,0
1454654927223875,1790362321.501894,1501,idle,289.4,,,0,0,0,0
1454655084335532,1790362321.659004,1659,idle,835.5,,,0,0,0,0
1454655238230310,1790362321.812899,1812,idle,871.6,,,0,0,0,0
1454655398460920,1790362321.973130,1973,idle,912.3,,,0,0,0,0
1454655556460499,1790362322.131130,2131,idle,255.3,,,0,0,0,0
1454655707808679,1790362322.282478,2282,idle,437.1,,,0,0,0,0
1454655858422091,1790362322.433091,2433,idle,840.5,,,0,0,0,0
1454656018385954,1790362322.593055,2593,idle,771.8,,,0,0,0,0
1454656178183708,1790362322.752853,2752,idle,803.8,,,0,0,0,0
1454656338014436,1790362322.912684,2912,idle,303.8,,,0,0,0,0
1454656488284735,1790362323.062954,3062,idle,457.1,,,0,0,0,0
1454656638445672,1790362323.213114,3213,idle,916.4,,,0,0,0,0
1454656798468086,1790362323.373137,3373,idle,819.0,,,0,0,0,0
1454656957149357,1790362323.531819,3531,idle,302.0,,,0,0,0,0
1454657107982785,1790362323.682651,3682,idle,8492.2,,,0,0,0,0
1454657267677613,1790362323.842346,3842,idle,820.3,,,0,0,0,0
1454657417889788,1790362323.992559,3992,idle,732.8,,,0,0,0,0
1454657577453293,1790362324.152123,4152,idle,262.1,,,0,0,0,0
1454657737684460,1790362324.312353,4312,idle,835.6,,,0,0,0,0
1454657888303098,1790362324.462972,4462,idle,747.4,,,0,0,0,0
1454658048096259,1790362324.622765,4622,idle,847.7,,,0,0,0,0
1454658207505636,1790362324.782176,4782,idle,291.9,,,0,0,0,0
1454658357696571,1790362324.932366,4932,idle,562.2,,,0,0,0,0
1454658508868479,1790362325.083537,5083,idle,6986.6,,,0,0,0,0
1454658668740192,1790362325.243409,5243,idle,859.2,,,0,0,0,0
1454658828060333,1790362325.402730,5402,idle,781.7,,,0,0,0,0
1454658987989613,1790362325.562659,5562,idle,362.1,,,0,0,0,0
1454659138113227,1790362325.712782,5712,idle,843.5,,,0,0,0,0
1454659297645637,1790362325.872314,5872,idle,795.4,,,0,0,0,0
1454659448683865,1790362326.023353,6023,idle,879.6,,,0,0,0,0
1454659607600582,1790362326.182271,6182,idle,278.1,,,0,0,0,0
1454659760428090,1790362326.335097,6335,idle,637.8,,,0,0,0,0
1454659918417370,1790362326.493086,6493,idle,922.9,,,0,0,0,0
1454660078127226,1790362326.652796,6652,idle,768.2,,,0,0,0,0
1454660237067218,1790362326.811737,6811,idle,256.9,,,0,0,0,0
1454660387245975,1790362326.961915,6961,idle,841.1,,,0,0,0,0
1454660538047897,1790362327.112716,7112,idle,776.9,,,0,0,0,0
1454660697939967,1790362327.272609,7272,idle,928.1,,,0,0,0,0
1454660848133190,1790362327.422803,7422,idle,299.7,,,0,0,0,0
1454661000969716,1790362327.575639,7575,idle,12405.6,,,0,0,0,0
1454661158694213,1790362327.733363,7733,idle,733.5,,,0,0,0,0
1454661318810037,1790362327.893479,7893,idle,789.1,,,0,0,0,0
1454661477635815,1790362328.052305,8052,idle,361.1,,,0,0,0,0
1454661628273627,1790362328.202943,8202,idle,430.0,,,0,0,0,0
1454661778520403,1790362328.353189,8353,idle,876.7,,,0,0,0,0
1454661938293286,1790362328.512962,8512,idle,807.1,,,0,0,0,0
1454662098268002,1790362328.672937,8672,idle,817.8,,,0,0,0,0
1454662257374506,1790362328.832045,8832,idle,279.1,,,0,0,0,0
1454662407763850,1790362328.982433,8982,idle,4878.9,,,0,0,0,0
1454662567645589,1790362329.142316,9142,idle,292.5,,,0,0,0,0
1454662718027793,1790362329.292696,9292,idle,817.0,,,0,0,0,0
1454662877679055,1790362329.452348,9452,idle,320.8,,,0,0,0,0
1454663027806730,1790362329.602476,9602,idle,726.9,,,0,0,0,0
1454663178582341,1790362329.753250,9753,idle,765.9,,,0,0,0,0
1454663338370762,1790362329.913040,9913,idle,762.2,,,0,0,0,0
1454663497739254,1790362330.072408,10072,idle,283.8,,,0,0,0,0
1454663657733895,1790362330.232403,10232,idle,821.8,,,0,0,0,0
1454663817643504,1790362330.392312,10392,idle,829.8,,,0,0,0,0
1454663968475101,1790362330.543144,10543,idle,634.0,,,0,0,0,0
1454664128141729,1790362330.702811,10702,idle,363.1,,,0,0,0,0
1454664278310411,1790362330.852980,10852,idle,504.5,,,0,0,0,0
1454664438263490,1790362331.012932,11012,idle,815.6,,,0,0,0,0
1454664598071189,1790362331.172740,11172,idle,760.3,,,0,0,0,0
1454664757716392,1790362331.332386,11332,idle,377.8,,,0,0,0,0
1454664917356869,1790362331.492026,11492,idle,520.7,,,0,0,0,0
1454665067902576,1790362331.642571,11642,idle,803.6,,,0,0,0,0
1454665218258581,1790362331.792928,11792,decode,6736.4,,,0,0,1,0
1454665373619269,1790362331.948289,11948,decode,283.3,,,0,0,1,0
1454665526406648,1790362332.101077,12101,decode,297.6,,,0,0,1,0
1454665678046052,1790362332.252715,12252,idle,800.0,,,0,0,0,0
1454665837699410,1790362332.412368,12412,idle,794.6,,,0,0,0,0
1454665988118450,1790362332.562787,12562,idle,623.2,,,0,0,0,0
1454666148142636,1790362332.722812,12722,idle,287.5,,,0,0,0,0
1454666298583555,1790362332.873252,12873,idle,825.7,,,0,0,0,0
1454666458318377,1790362333.032987,13032,idle,792.5,,,0,0,0,0
1454666618355077,1790362333.193024,13193,idle,9777.7,,,0,0,0,0
1454666777074838,1790362333.351745,13351,idle,301.2,,,0,0,0,0
1454666928361616,1790362333.503029,13503,decode,735.0,,,0,0,1,0
1454667087590740,1790362333.662260,13662,idle,720.7,,,0,0,0,0
1454667238184565,1790362333.812853,13812,idle,723.6,,,0,0,0,0
1454667397084754,1790362333.971755,13971,idle,273.6,,,0,0,0,0
1454667551915826,1790362334.126585,14126,idle,708.0,,,0,0,0,0
1454667707863220,1790362334.282531,14282,idle,8658.0,,,0,0,0,0
1454667858937047,1790362334.433607,14433,decode,358.6,,,0,0,1,0
1454668017683750,1790362334.592353,14592,decode,3708.2,,,0,0,1,0
1454668177373836,1790362334.752044,14752,decode,272.6,,,0,0,1,0
1454668328524203,1790362334.903193,14903,idle,836.9,,,0,0,0,0
1454668480520518,1790362335.055190,55,idle,1657.0,,,0,0,0,0
1454668634910152,1790362335.209579,209,idle,9991.7,,,0,0,0,0
1454668842360435,1790362335.417030,417,tx,51093.5,,,1,0,0,1
1454668995217013,1790362335.569886,569,tx,51987.3,,,1,0,0,1
1454669149161940,1790362335.723831,723,tx,51240.5,,,1,0,0,1
1454669302171313,1790362335.876840,876,tx,51920.9,,,1,0,0,1
1454669455449592,1790362336.030119,1030,tx,53719.0,,,1,0,0,1
1454669608369278,1790362336.183038,1183,tx,51070.3,,,1,0,0,1
1454669761478144,1790362336.336147,1336,tx,52036.0,,,1,0,0,1
1454669916244535,1790362336.490914,1490,tx,52009.9,,,1,0,0,1
1454670067179082,1790362336.641849,1641,tx,50782.4,,,1,0,0,1
1454670219808192,1790362336.794477,1794,tx,51284.9,,,1,0,0,1
1454670373056283,1790362336.947725,1947,tx,51006.1,,,1,0,0,1
1454670526089720,1790362337.100759,2100,tx,50938.7,,,1,0,0,1
1454670678213460,1790362337.252883,2252,tx,50776.3,,,1,0,0,1
1454670831172313,1790362337.405841,2405,tx,51110.0,,,1,0,0,1
1454670983997602,1790362337.558666,2558,tx,59395.7,,,1,0,0,1
1454671138527767,1790362337.713196,2713,tx,51255.9,,,1,0,0,1
1454671290521708,1790362337.865192,2865,tx,50733.7,,,1,0,0,1
1454671445504426,1790362338.020173,3020,tx,51326.5,,,1,0,0,1
1454671599093014,1790362338.173762,3173,tx,51030.3,,,1,0,0,1
1454671751776109,1790362338.326445,3326,tx,53209.6,,,1,0,0,1
1454671905334810,1790362338.480004,3480,tx,51597.6,,,1,0,0,1
1454672058848057,1790362338.633517,3633,tx,52192.4,,,1,0,0,1
1454672213094536,1790362338.787763,3787,tx,52183.1,,,1,0,0,1
1454672367103792,1790362338.941772,3941,tx,52166.4,,,1,0,0,1
1454672520832458,1790362339.095502,4095,tx,63547.8,,,1,0,0,1
1454672675532767,1790362339.250202,4250,tx,50813.5,,,1,0,0,1
1454672828433190,1790362339.403101,4403,tx,52019.9,,,1,0,0,1
1454672982165971,1790362339.556834,4556,tx,51027.8,,,1,0,0,1
1454673135371872,1790362339.710041,4710,tx,50907.2,,,1,0,0,1
1454673287195868,1790362339.861866,4861,tx,51752.3,,,1,0,0,1
1454673440875791,1790362340.015545,5015,tx,52154.6,,,1,0,0,1
1454673595091469,1790362340.169760,5169,tx,52201.3,,,1,0,0,1
1454673751235141,1790362340.325904,5325,tx,52929.2,,,1,0,0,1
1454673904120928,1790362340.478791,5478,tx,50721.5,,,1,0,0,1
1454674054828748,1790362340.629498,5629,tx,52117.9,,,1,0,0,1
1454674209459606,1790362340.784128,5784,tx,51139.4,,,1,0,0,1
1454674362959150,1790362340.937628,5937,tx,51232.5,,,1,0,0,1
1454674515129216,1790362341.089799,6089,tx,50762.1,,,1,0,0,1
1454674668416155,1790362341.243085,6243,tx,51084.5,,,1,0,0,1
1454674821496840,1790362341.396166,6396,tx,59231.4,,,1,0,0,1
1454674974974885,1790362341.549644,6549,tx,51071.2,,,1,0,0,1
1454675127170619,1790362341.701840,6701,tx,52787.2,,,1,0,0,1
1454675282182950,1790362341.856852,6856,tx,51121.1,,,1,0,0,1
1454675435487677,1790362342.010156,7010,tx,51169.5,,,1,0,0,1
1454675589063926,1790362342.163733,7163,tx,51256.2,,,1,0,0,1
1454675745375753,1790362342.320046,7320,tx,51601.6,,,1,0,0,1
1454675899051599,1790362342.473720,7473,tx,50990.5,,,1,0,0,1
1454676055129229,1790362342.629798,7629,tx,50990.9,,,1,0,0,1
1454676208754699,1790362342.783423,7783,tx,51354.3,,,1,0,0,1
1454676361669521,1790362342.936339,7936,tx,51683.5,,,1,0,0,1
1454676514562957,1790362343.089232,8089,tx,68923.5,,,1,0,0,1
1454676665195572,1790362343.239864,8239,tx,51226.8,,,1,0,0,1
1454676818474236,1790362343.393143,8393,tx,51157.7,,,1,0,0,1
1454676970802982,1790362343.545473,8545,tx,51647.6,,,1,0,0,1
1454677124021252,1790362343.698691,8698,tx,50833.0,,,1,0,0,1
1454677276845487,1790362343.851514,8851,tx,51303.3,,,1,0,0,1
1454677430391570,1790362344.005060,9005,tx,51101.5,,,1,0,0,1
1454677584111753,1790362344.158781,9158,tx,52071.4,,,1,0,0,1
1454677737178739,1790362344.311848,9311,tx,50774.5,,,1,0,0,1
1454677890304060,1790362344.464972,9464,tx,51498.7,,,1,0,0,1
1454678045445711,1790362344.620114,9620,tx,51115.7,,,1,0,0,1
1454678199037698,1790362344.773706,9773,tx,52069.4,,,1,0,0,1
1454678351889990,1790362344.926560,9926,tx,51838.6,,,1,0,0,1
1454678505366306,1790362345.080035,10080,tx,54773.2,,,1,0,0,1
1454678662947191,1790362345.237616,10237,tx,58752.9,,,1,0,0,1
1454678817306139,1790362345.391975,10391,tx,51950.7,,,1,0,0,1
1454678970257737,1790362345.544928,10544,tx,50684.9,,,1,0,0,1
1454679122566321,1790362345.697235,10697,tx,51929.2,,,1,0,0,1
1454679276865855,1790362345.851535,10851,tx,51202.8,,,1,0,0,1
1454679430167792,1790362346.004837,11004,tx,51233.8,,,1,0,0,1
1454679582350684,1790362346.157021,11157,tx,51802.2,,,1,0,0,1
1454679736123121,1790362346.310792,11310,tx,51197.2,,,1,0,0,1
1454679889168399,1790362346.463837,11463,tx,51075.7,,,1,0,0,1
1454680047099815,1790362346.621768,11621,tx,51245.2,,,1,0,0,1
1454680199440595,1790362346.774111,11774,tx,50610.4,,,1,0,0,1
1454680352178158,1790362346.926847,11926,tx,52239.0,,,1,0,0,1
1454680506605417,1790362347.081274,12081,tx,57479.3,,,1,0,0,1
1454680666045369,1790362347.240714,12240,tx,51122.1,,,1,0,0,1
1454680817946626,1790362347.392617,12392,tx,51611.2,,,1,0,0,1
1454680971228519,1790362347.545897,12545,tx,52026.2,,,1,0,0,1
1454681125113240,1790362347.699782,12699,tx,52279.4,,,1,0,0,1
1454681279693812,1790362347.854363,12854,tx,51100.4,,,1,0,0,1
1454681431825391,1790362348.006495,13006,tx,51637.0,,,1,0,0,1
1454681586267760,1790362348.160936,13160,tx,51091.7,,,1,0,0,1
1454681739704157,1790362348.314373,13314,tx,51092.0,,,1,0,0,1
1454681892871438,1790362348.467540,13467,tx,51224.4,,210615.6,1,0,0,1
1454682052748612,1790362348.627418,13627,tx,53033.9,,,0,0,0,0
1454682205818045,1790362348.780487,13780,idle,51477.1,,,0,0,0,0
1454682450984709,1790362349.025654,14025,idle,7532.9,,,0,0,0,0
1454682604938356,1790362349.179607,14179,idle,1545.9,,,0,0,0,0
1454682764520407,1790362349.339190,14339,idle,328.7,,,0,0,0,0
1454682914997862,1790362349.489667,14489,idle,692.9,,,0,0,0,0
1454683074955092,1790362349.649624,14649,idle,823.1,,,0,0,0,0
1454683235229166,1790362349.809898,14809,idle,871.4,,,0,0,0,0
1454683394901413,1790362349.969571,14969,idle,299.3,,,0,0,0,0
1454683555056262,1790362350.129725,129,idle,599.0,,,0,0,0,0
1454683706982416,1790362350.281651,281,idle,7642.8,,,0,0,0,0
1454683866809840,1790362350.441479,441,idle,816.7,,,0,0,0,0
1454684025152056,1790362350.599822,599,idle,320.7,,,0,0,0,0
1454684176258099,1790362350.750927,750,idle,866.4,,,0,0,0,0
1454684336087579,1790362350.910757,910,idle,626.7,,,0,0,0,0
1454684495878684,1790362351.070547,1070,idle,792.1,,,0,0,0,0
1454684655560271,1790362351.230230,1230,idle,327.3,,,0,0,0,0
1454684806865166,1790362351.381534,1381,idle,1537.3,,,0,0,0,0
1454684966654505,1790362351.541323,1541,idle,669.6,,,0,0,0,0
1454685116734397,1790362351.691403,1691,idle,819.5,,,0,0,0,0
1454685276260088,1790362351.850930,1850,idle,362.3,,,0,0,0,0
1454685436153747,1790362352.010823,2010,idle,395.3,,,0,0,0,0
1454685586496770,1790362352.161165,2161,idle,824.5,,,0,0,0,0
1454685746486129,1790362352.321155,2321,idle,833.9,,,0,0,0,0
1454685906357909,1790362352.481027,2481,idle,1553.5,,,0,0,0,0
1454686065460140,1790362352.640130,2640,idle,591.4,,,0,0,0,0
1454686216250409,1790362352.790920,2790,idle,676.9,,,0,0,0,0
1454686376324777,1790362352.950994,2950,idle,836.8,,,0,0,0,0
1454686536200684,1790362353.110870,3110,idle,571.3,,,0,0,0,0
1454686695877010,1790362353.270547,3270,idle,318.4,,,0,0,0,0
1454686846474081,1790362353.421143,3421,idle,830.6,,,0,0,0,0
1454687006540480,1790362353.581209,3581,idle,6855.6,,,0,0,0,0
1454687156569635,1790362353.731238,3731,idle,10307.8,,,0,0,0,0
1454687315357426,1790362353.890027,3890,idle,268.8,,,0,0,0,0
1454687466961635,1790362354.041631,4041,idle,798.6,,,0,0,0,0
1454687626134744,1790362354.200804,4200,idle,803.6,,,0,0,0,0
1454687776349345,1790362354.351018,4351,idle,759.1,,,0,0,0,0
1454687935205410,1790362354.509875,4509,idle,301.0,,,0,0,0,0
1454688086629807,1790362354.661299,4661,idle,775.6,,,0,0,0,0
1454688246671549,1790362354.821340,4821,idle,790.6,,,0,0,0,0
1454688406720955,1790362354.981390,4981,idle,3727.7,,,0,0,0,0
1454688566445808,1790362355.141116,5141,idle,310.3,,,0,0,0,0
1454688716623274,1790362355.291292,5291,idle,863.1,,,0,0,0,0
1454688876614479,1790362355.451283,5451,idle,768.8,,,0,0,0,0
1454689036418081,1790362355.611087,5611,idle,834.5,,,0,0,0,0
1454689195572597,1790362355.770242,5770,idle,325.6,,,0,0,0,0
1454689346548253,1790362355.921217,5921,idle,871.5,,,0,0,0,0
1454689496648395,1790362356.071317,6071,idle,832.6,,,0,0,0,0
1454689656735153,1790362356.231404,6231,idle,783.4,,,0,0,0,0
1454689815366572,1790362356.390036,6390,idle,366.4,,,0,0,0,0
1454689966177858,1790362356.540848,6540,idle,362.4,,,0,0,0,0
1454690116601080,1790362356.691270,6691,idle,767.2,,,0,0,0,0
1454690266626110,1790362356.841295,6841,idle,773.5,,,0,0,0,0
1454690416748208,1790362356.991417,6991,idle,357.9,,,0,0,0,0
1454690575762197,1790362357.150432,7150,idle,293.1,,,0,0,0,0
1454690726464034,1790362357.301133,7301,idle,916.9,,,0,0,0,0
1454690876644422,1790362357.451313,7451,idle,1019.7,,,0,0,0,0
1454691031831434,1790362357.606500,7606,idle,1986.6,,,0,0,0,0
1454691185908672,1790362357.760578,7760,idle,296.0,,,0,0,0,0
1454691336295717,1790362357.910964,7910,idle,865.7,,,0,0,0,0
1454691496146199,1790362358.070815,8070,idle,757.0,,,0,0,0,0
1454691655954807,1790362358.230623,8230,idle,859.1,,,0,0,0,0
1454691806656075,1790362358.381325,8381,idle,284.9,,,0,0,0,0
1454691965676193,1790362358.540346,8540,idle,627.2,,,0,0,0,0
1454692116277441,1790362358.690946,8690,idle,718.5,,,0,0,0,0
1454692276148568,1790362358.850817,8850,idle,850.3,,,0,0,0,0
1454692435593954,1790362359.010264,9010,idle,300.6,,,0,0,0,0
1454692595422455,1790362359.170091,9170,idle,787.9,,,0,0,0,0
1454692746561509,1790362359.321230,9321,idle,768.9,,,0,0,0,0
1454692896679012,1790362359.471348,9471,idle,849.5,,,0,0,0,0
1454693055908048,1790362359.630577,9630,idle,713.8,,,0,0,0,0
1454693215523515,1790362359.790193,9790,idle,279.9,,,0,0,0,0
1454693365897624,1790362359.940567,9940,idle,810.5,,,0,0,0,0
1454693516922661,1790362360.091591,10091,idle,12019.2,,,0,0,0,0
1454693676161138,1790362360.250830,10250,idle,829.7,,,0,0,0,0
1454693835762294,1790362360.410432,10410,idle,299.6,,,0,0,0,0
1454693986108973,1790362360.560777,10560,idle,822.3,,,0,0,0,0
1454694146248502,1790362360.720917,10720,idle,862.1,,,0,0,0,0
1454694306359461,1790362360.881028,10881,idle,2481.9,,,0,0,0,0
1454694465149712,1790362361.039820,11039,idle,269.7,,,0,0,0,0
1454694616546582,1790362361.191214,11191,idle,14007.5,,,0,0,0,0
1454694776688201,1790362361.351357,11351,idle,865.5,,,0,0,0,0
1454694936658724,1790362361.511328,11511,idle,313.8,,,0,0,0,0
1454695095924348,1790362361.670594,11670,idle,299.6,,,0,0,0,0
1454695246367027,1790362361.821037,11821,decode,438.6,,,0,0,1,0
1454695398918552,1790362361.973588,11973,decode,385.2,,,0,0,1,0
1454695553911837,1790362362.128581,12128,idle,861.6,,,0,0,0,0
1454695706629318,1790362362.281299,12281,idle,267.7,,,0,0,0,0
1454695856874734,1790362362.431544,12431,idle,464.2,,,0,0,0,0
1454696016423719,1790362362.591092,12591,idle,801.4,,,0,0,0,0
1454696176399130,1790362362.751068,12751,idle,806.4,,,0,0,0,0
1454696335980204,1790362362.910650,12910,idle,311.1,,,0,0,0,0
1454696495814794,1790362363.070484,13070,idle,521.0,,,0,0,0,0
1454696655174203,1790362363.229844,13229,idle,385.9,,,0,0,0,0
1454696805951571,1790362363.380620,13380,idle,2669.6,,,0,0,0,0
1454696958431523,1790362363.533101,13533,decode,480.0,,,0,0,1,0
1454697115050196,1790362363.689720,13689,idle,331.8,,,0,0,0,0
1454697265520261,1790362363.840190,13840,idle,370.9,,,0,0,0,0
1454697416499474,1790362363.991168,13991,idle,713.5,,,0,0,0,0
1454697570740791,1790362364.145410,14145,idle,475.5,,,0,0,0,0
1454697725446083,1790362364.300115,14300,idle,324.8,,,0,0,0,0
1454697878971477,1790362364.453641,14453,decode,425.5,,,0,0,1,0
1454698032009060,1790362364.606679,14606,idle,362.1,,,0,0,0,0
1454698186793387,1790362364.761462,14761,idle,824.0,,,0,0,0,0
1454698346153007,1790362364.920823,14920,idle,267.5,,,0,0,0,0
1454698506238415,1790362365.080907,80,idle,189874.3,,,0,0,0,1
1454698757084216,1790362365.331753,331,tx,50946.1,,,1,0,0,1
1454698909751050,1790362365.484420,484,tx,52002.5,,,1,0,0,1
1454699063029504,1790362365.637699,637,tx,50765.3,,,1,0,0,1
1454699215920271,1790362365.790589,790,tx,51114.3,,,1,0,0,1
1454699368911656,1790362365.943580,943,tx,51075.9,,,1,0,0,1
1454699521585611,1790362366.096254,1096,tx,52011.2,,,1,0,0,1
1454699674566542,1790362366.249236,1249,tx,50748.5,,,1,0,0,1
1454699826873286,1790362366.401542,1401,tx,51052.5,,,1,0,0,1
1454699979788811,1790362366.554458,1554,tx,51052.4,,,1,0,0,1
1454700132551201,1790362366.707220,1707,tx,52017.7,,,1,0,0,1
1454700285628029,1790362366.860298,1860,tx,51655.0,,,1,0,0,1
1454700439307905,1790362367.013977,2013,tx,51079.9,,,1,0,0,1
1454700592625604,1790362367.167295,2167,tx,51980.4,,,1,0,0,1
1454700745679143,1790362367.320349,2320,tx,51612.9,,,1,0,0,1
1454700898075391,1790362367.472745,2472,tx,50766.4,,,1,0,0,1
1454701051202409,1790362367.625871,2625,tx,53355.8,,,1,0,0,1
1454701205295105,1790362367.779964,2779,tx,51186.3,,,1,0,0,1
1454701358965753,1790362367.933635,2933,tx,52110.7,,,1,0,0,1
1454701513391445,1790362368.088061,3088,tx,58846.0,,,1,0,0,1
1454701664420812,1790362368.239090,3239,tx,51022.2,,,1,0,0,1
1454701817177766,1790362368.391846,3391,tx,51201.5,,,1,0,0,1
1454701970307353,1790362368.544976,3544,tx,52170.5,,,1,0,0,1
1454702124074978,1790362368.698744,3698,tx,58355.4,,,1,0,0,1
1454702277133784,1790362368.851804,3851,tx,50884.4,,,1,0,0,1
1454702429817469,1790362369.004486,4004,tx,51209.7,,,1,0,0,1
1454702583625551,1790362369.158294,4158,tx,51148.4,,,1,0,0,1
1454702736419158,1790362369.311088,4311,tx,51989.1,,,1,0,0,1
1454702889336013,1790362369.464005,4464,tx,52141.2,,,1,0,0,1
1454703044189228,1790362369.618858,4618,tx,52302.5,,,1,0,0,1
1454703198832973,1790362369.773502,4773,tx,51285.3,,,1,0,0,1
1454703352071276,1790362369.926740,4926,tx,52832.0,,,1,0,0,1
1454703504994820,1790362370.079665,5079,tx,67498.3,,,1,0,0,1
1454703664700866,1790362370.239370,5239,tx,52157.8,,,1,0,0,1
1454703819784312,1790362370.394453,5394,tx,52065.5,,,1,0,0,1
1454703973744694,1790362370.548414,5548,tx,52143.5,,,1,0,0,1
1454704126614181,1790362370.701284,5701,tx,50631.4,,,1,0,0,1
1454704279358793,1790362370.854028,5854,tx,51206.3,,,1,0,0,1
1454704432798417,1790362371.007467,6007,tx,51298.8,,,1,0,0,1
1454704586052805,1790362371.160722,6160,tx,51249.1,,,1,0,0,1
1454704738137558,1790362371.312807,6312,tx,50603.5,,,1,0,0,1
1454704891064305,1790362371.465733,6465,tx,51042.4,,,1,0,0,1
1454705043325520,1790362371.617994,6617,tx,51210.6,,,1,0,0,1
1454705196788713,1790362371.771457,6771,tx,51061.8,,,1,0,0,1
1454705348959001,1790362371.923629,6923,tx,51592.3,,,1,0,0,1
1454705502719029,1790362372.077388,7077,tx,57952.5,,,1,0,0,1
1454705652912938,1790362372.227580,7227,tx,52056.1,,,1,0,0,1
1454705807140016,1790362372.381809,7381,tx,51117.4,,,1,0,0,1
1454705960368877,1790362372.535038,7535,tx,58250.2,,,1,0,0,1
1454706113283926,1790362372.687954,7687,tx,50935.6,,,1,0,0,1
1454706266725945,1790362372.841395,7841,tx,51256.1,,,1,0,0,1
1454706420487524,1790362372.995156,7995,tx,51957.9,,,1,0,0,1
1454706574895020,1790362373.149564,8149,tx,52014.7,,,1,0,0,1
1454706728174355,1790362373.302844,8302,tx,50896.2,,,1,0,0,1
1454706881418997,1790362373.456087,8456,tx,52091.7,,,1,0,0,1
1454707035663131,1790362373.610332,8610,tx,51128.7,,,1,0,0,1
1454707189164649,1790362373.763833,8763,tx,52258.8,,,1,0,0,1
1454707343048766,1790362373.917719,8917,tx,50801.3,,,1,0,0,1
1454707495920611,1790362374.070590,9070,tx,51146.7,,,1,0,0,1
1454707649717107,1790362374.224386,9224,tx,53977.2,,,1,0,0,1
1454707804037670,1790362374.378706,9378,tx,52031.4,,,1,0,0,1
1454707956846958,1790362374.531517,9531,tx,51603.1,,,1,0,0,1
1454708110801126,1790362374.685470,9685,tx,51215.1,,,1,0,0,1
1454708263953009,1790362374.838622,9838,tx,51163.4,,,1,0,0,1
1454708417265710,1790362374.991935,9991,tx,51208.2,,,1,0,0,1
1454708570053718,1790362375.144722,10144,tx,50799.4,,,1,0,0,1
1454708722535668,1790362375.297204,10297,tx,51279.7,,,1,0,0,1
1454708875638640,1790362375.450307,10450,tx,51176.9,,,1,0,0,1
1454709028779590,1790362375.603448,10603,tx,55905.8,,,1,0,0,1
1454709185583862,1790362375.760254,10760,tx,50742.2,,,1,0,0,1
1454709338441589,1790362375.913110,10913,tx,52113.0,,,1,0,0,1
1454709492460845,1790362376.067130,11067,tx,52011.8,,,1,0,0,1
1454709646409335,1790362376.221079,11221,tx,50810.6,,,1,0,0,1
1454709798146907,1790362376.372817,11372,tx,58307.1,,,1,0,0,1
1454709951305738,1790362376.525975,11525,tx,53409.5,,,1,0,0,1
1454710105554513,1790362376.680223,11680,tx,52078.8,,,1,0,0,1
1454710259583503,1790362376.834252,11834,tx,51086.2,,,1,0,0,1
1454710411674122,1790362376.986344,11986,tx,51592.7,,,1,0,0,1
1454710563445612,1790362377.138114,12138,tx,51019.4,,,1,0,0,1
1454710716740470,1790362377.291407,12291,tx,51302.3,,,1,0,0,1
1454710870095645,1790362377.444763,12444,tx,50998.3,,,1,0,0,1
1454711022596362,1790362377.597266,12597,tx,51700.3,,,1,0,0,1
1454711175835171,1790362377.750504,12750,tx,50997.3,,,1,0,0,1
1454711329054564,1790362377.903723,12903,tx,50992.9,,,1,0,0,1
1454711482446268,1790362378.057115,13057,tx,52043.0,,,1,0,0,1
1454711636588695,1790362378.211258,13211,tx,51984.4,,,1,0,0,1
1454711789868184,1790362378.364538,13364,tx,51553.3,,,1,0,0,1
1454711948512289,1790362378.523180,13523,tx,51871.2,,160181.2,1,0,0,1
1454712102953783,1790362378.677623,13677,tx,52107.6,,,0,0,0,0
1454712256884048,1790362378.831552,13831,idle,52401.6,,,0,0,0,0
1454712425559704,1790362379.000230,14000,idle,1927.8,,,0,0,0,0
1454712585106731,1790362379.159776,14159,idle,378.6,,,0,0,0,0
1454712739182200,1790362379.313851,14313,idle,863.3,,,0,0,0,0
1454712895613963,1790362379.470283,14470,idle,823.4,,,0,0,0,0
1454713051517207,1790362379.626187,14626,idle,306.0,,,0,0,0,0
1454713205784226,1790362379.780453,14780,idle,2737.6,,,0,0,0,0
1454713365887685,1790362379.940556,14940,idle,849.9,,,0,0,0,0
1454713525131911,1790362380.099801,99,idle,4171.1,,,0,0,0,0
1454713684203845,1790362380.258874,258,idle,300.8,,,0,0,0,0
1454713835406371,1790362380.410075,410,idle,804.1,,,0,0,0,0
1454713995449319,1790362380.570118,570,idle,595.8,,,0,0,0,0
1454714148982918,1790362380.723652,723,idle,849.6,,,0,0,0,0
1454714304582451,1790362380.879252,879,idle,1700.6,,,0,0,0,0
1454714455319992,1790362381.029989,1029,idle,510.1,,,0,0,0,0
1454714615107743,1790362381.189777,1189,idle,987.4,,,0,0,0,0
1454714765231465,1790362381.339900,1339,idle,759.6,,,0,0,0,0
1454714915240849,1790362381.489910,1489,idle,757.3,,,0,0,0,0
1454715074886795,1790362381.649557,1649,idle,313.0,,,0,0,0,0
1454715225358690,1790362381.800028,1800,idle,790.3,,,0,0,0,0
1454715385556939,1790362381.960226,1960,idle,891.2,,,0,0,0,0
1454715537864762,1790362382.112534,2112,idle,628.3,,,0,0,0,0
1454715694743253,1790362382.269413,2269,idle,294.7,,,0,0,0,0
1454715848934278,1790362382.423603,2423,idle,838.9,,,0,0,0,0
1454716005146662,1790362382.579815,2579,idle,18301.6,,,0,0,0,0
1454716155371922,1790362382.730041,2730,idle,827.7,,,0,0,0,0
1454716314778102,1790362382.889448,2889,idle,284.4,,,0,0,0,0
1454716465731190,1790362383.040400,3040,idle,796.4,,,0,0,0,0
1454716624783727,1790362383.199453,3199,idle,726.6,,,0,0,0,0
1454716775624854,1790362383.350293,3350,idle,839.3,,,0,0,0,0
1454716935185099,1790362383.509855,3509,idle,315.8,,,0,0,0,0
1454717094791197,1790362383.669461,3669,idle,558.9,,,0,0,0,0
1454717249652103,1790362383.824321,3824,idle,848.8,,,0,0,0,0
1454717405692547,1790362383.980361,3980,idle,5427.8,,,0,0,0,0
1454717560316636,1790362384.134986,4134,idle,411.9,,,0,0,0,0
1454717715124479,1790362384.289794,4289,idle,250.5,,,0,0,0,0
1454717866035532,1790362384.440703,4440,idle,787.0,,,0,0,0,0
1454718025697517,1790362384.600367,4600,idle,460.6,,,0,0,0,0
1454718185809466,1790362384.760478,4760,idle,449.4,,,0,0,0,0
1454718344394007,1790362384.919064,4919,idle,281.2,,,0,0,0,0
1454718496228154,1790362385.070897,5070,idle,892.0,,,0,0,0,0
1454718649146527,1790362385.223815,5223,idle,727.7,,,0,0,0,0
1454718805317847,1790362385.379987,5379,idle,3135.7,,,0,0,0,0
1454718964942431,1790362385.539612,5539,idle,317.4,,,0,0,0,0
1454719115097278,1790362385.689766,5689,idle,672.7,,,0,0,0,0
1454719275272731,1790362385.849941,5849,idle,854.4,,,0,0,0,0
1454719425466764,1790362386.000136,6000,idle,748.8,,,0,0,0,0
1454719584571181,1790362386.159241,6159,idle,294.9,,,0,0,0,0
1454719735974511,1790362386.310643,6310,idle,845.0,,,0,0,0,0
1454719886169307,1790362386.460838,6460,idle,807.2,,,0,0,0,0
1454720045738651,1790362386.620407,6620,idle,842.4,,,0,0,0,0
1454720205078041,1790362386.779748,6779,idle,271.4,,,0,0,0,0
1454720365237048,1790362386.939906,6939,idle,722.8,,,0,0,0,0
1454720525118843,1790362387.099787,7099,idle,6053.7,,,0,0,0,0
1454720675687229,1790362387.250356,7250,idle,608.2,,,0,0,0,0
1454720828073419,1790362387.402743,7402,idle,393.7,,,0,0,0,0
1454720984955457,1790362387.559625,7559,idle,481.1,,,0,0,0,0
1454721138727802,1790362387.713397,7713,idle,799.6,,,0,0,0,0
1454721296264573,1790362387.870933,7870,idle,885.8,,,0,0,0,0
1454721449501379,1790362388.024169,8024,idle,796.9,,,0,0,0,0
1454721604593275,1790362388.179263,8179,idle,252.3,,,0,0,0,0
1454721755099274,1790362388.329768,8329,idle,703.1,,,0,0,0,0
1454721905254327,1790362388.479923,8479,idle,2372.9,,,0,0,0,0
1454722062065269,1790362388.636734,8636,idle,845.3,,,0,0,0,0
1454722215187526,1790362388.789857,8789,idle,308.1,,,0,0,0,0
1454722365725309,1790362388.940394,8940,idle,973.0,,,0,0,0,0
1454722525437755,1790362389.100106,9100,idle,4056.1,,,0,0,0,0
1454722685516268,1790362389.260184,9260,idle,747.0,,,0,0,0,0
1454722844960536,1790362389.419630,9419,idle,325.3,,,0,0,0,0
1454722994984258,1790362389.569653,9569,idle,775.4,,,0,0,0,0
1454723148713170,1790362389.723381,9723,idle,792.5,,,0,0,0,0
1454723305602026,1790362389.880271,9880,idle,2129.7,,,0,0,0,0
1454723465079891,1790362390.039749,10039,idle,393.8,,,0,0,0,0
1454723624871822,1790362390.199542,10199,idle,467.6,,,0,0,0,0
1454723775362216,1790362390.350031,10350,idle,778.9,,,0,0,0,0
1454723935378319,1790362390.510047,10510,idle,825.9,,,0,0,0,0
1454724085856856,1790362390.660525,10660,idle,777.2,,,0,0,0,0
1454724236824708,1790362390.811495,10811,idle,264.8,,,0,0,0,0
1454724395462046,1790362390.970131,10970,idle,815.4,,,0,0,0,0
1454724547172278,1790362391.121841,11121,idle,778.1,,,0,0,0,0
1454724705490942,1790362391.280160,11280,idle,2757.5,,,0,0,0,0
1454724864352320,1790362391.439022,11439,idle,297.9,,,0,0,0,0
1454725015641527,1790362391.590311,11590,idle,7238.9,,,0,0,0,0
1454725165846207,1790362391.740515,11740,idle,846.9,,,0,0,0,0
1454725317822442,1790362391.892492,11892,decode,5022.3,,,0,0,1,0
1454725475032858,1790362392.049703,12049,decode,305.6,,,0,0,1,0
1454725627151352,1790362392.201821,12201,idle,355.0,,,0,0,0,0
1454725785245792,1790362392.359915,12359,idle,748.4,,,0,0,0,0
1454725939262436,1790362392.513932,12513,idle,778.2,,,0,0,0,0
1454726095083035,1790362392.669753,12669,idle,301.7,,,0,0,0,0
1454726255134925,1790362392.829804,12829,idle,717.1,,,0,0,0,0
1454726415225897,1790362392.989895,12989,idle,737.9,,,0,0,0,0
1454726569858101,1790362393.144527,13144,idle,840.3,,,0,0,0,0
1454726724564742,1790362393.299235,13299,idle,303.0,,,0,0,0,0
1454726875521162,1790362393.450190,13450,idle,655.7,,,0,0,0,0
1454727026566809,1790362393.601237,13601,idle,312.3,,,0,0,0,0
1454727185370353,1790362393.760039,13760,idle,867.0,,,0,0,0,0
1454727340886101,1790362393.915556,13915,idle,354.6,,,0,0,0,0
1454727494471083,1790362394.069140,14069,idle,487.3,,,0,0,0,0
1454727649251597,1790362394.223920,14223,idle,825.0,,,0,0,0,0
1454727806317057,1790362394.380987,14380,decode,388.8,,,0,0,1,0
1454727964717153,1790362394.539387,14539,decode,268.7,,,0,0,1,0
1454728124412296,1790362394.699082,14699,decode,260.1,,,0,0,1,0
1454728275091517,1790362394.849760,14849,idle,864.4,,,0,0,0,0
1454728435063869,1790362395.009733,9,idle,901.4,,,0,0,0,0
1454728628050222,1790362395.202720,202,tx,51560.4,,,1,0,0,1
1454728781412539,1790362395.356081,356,tx,51095.1,,,1,0,0,1
1454728934420645,1790362395.509089,509,tx,50875.2,,,1,0,0,1
1454729087708160,1790362395.662377,662,tx,52221.8,,,1,0,0,1
1454729241773779,1790362395.816443,816,tx,58438.7,,,1,0,0,1
1454729394512443,1790362395.969182,969,tx,50886.0,,,1,0,0,1
1454729552543258,1790362396.127212,1127,tx,52241.2,,,1,0,0,1
1454729706873385,1790362396.281542,1281,tx,51052.2,,,1,0,0,1
1454729859827641,1790362396.434496,1434,tx,51972.7,,,1,0,0,1
1454730013189934,1790362396.587859,1587,tx,51008.6,,,1,0,0,1
1454730166260436,1790362396.740929,1740,tx,52167.0,,,1,0,0,1
1454730320504367,1790362396.895173,1895,tx,51325.0,,,1,0,0,1
1454730474192195,1790362397.048861,2048,tx,50994.3,,,1,0,0,1
1454730626386444,1790362397.201056,2201,tx,50688.6,,,1,0,0,1
1454730779121993,1790362397.353791,2353,tx,51095.6,,,1,0,0,1
1454730931973435,1790362397.506642,2506,tx,51138.2,,,1,0,0,1
1454731084993909,1790362397.659662,2659,tx,52059.9,,,1,0,0,1
1454731237987842,1790362397.812658,2812,tx,50816.3,,,1,0,0,1
1454731390732170,1790362397.965401,2965,tx,51149.9,,,1,0,0,1
1454731547851240,1790362398.122520,3122,tx,51264.2,,,1,0,0,1
1454731701181944,1790362398.275851,3275,tx,51070.7,,,1,0,0,1
1454731853087500,1790362398.427757,3427,tx,51546.0,,,1,0,0,1
1454732006743472,1790362398.581412,3581,tx,54081.3,,,1,0,0,1
1454732163123650,1790362398.737792,3737,tx,51044.9,,,1,0,0,1
1454732316368839,1790362398.891038,3891,tx,51079.6,,,1,0,0,1
1454732468238681,1790362399.042908,4042,tx,51650.5,,,1,0,0,1
1454732622064694,1790362399.196733,4196,tx,51230.5,,,1,0,0,1
1454732775194245,1790362399.349863,4349,tx,51052.4,,,1,0,0,1
1454732927636422,1790362399.502306,4502,tx,51587.6,,,1,0,0,1
1454733080306404,1790362399.654976,4654,tx,64491.3,,,1,0,0,1
1454733233503146,1790362399.808172,4808,tx,51337.7,,,1,0,0,1
1454733386612737,1790362399.961282,4961,tx,52321.6,,,1,0,0,1
1454733540919033,1790362400.115587,5115,tx,51136.4,,,1,0,0,1
1454733693673967,1790362400.268344,5268,tx,51637.9,,,1,0,0,1
1454733846787954,1790362400.421458,5421,tx,52023.6,,,1,0,0,1
1454734000939254,1790362400.575608,5575,tx,62639.7,,,1,0,0,1
1454734155445298,1790362400.730114,5730,tx,51966.1,,,1,0,0,1
1454734310180508,1790362400.884850,5884,tx,51687.9,,,1,0,0,1
1454734463036303,1790362401.037706,6037,tx,50721.1,,,1,0,0,1
1454734616125825,1790362401.190794,6190,tx,51075.8,,,1,0,0,1
1454734769468425,1790362401.344137,6344,tx,51333.5,,,1,0,0,1
1454734923107870,1790362401.497777,6497,tx,51980.6,,,1,0,0,1
1454735076147146,1790362401.650817,6650,tx,50790.2,,,1,0,0,1
1454735229113908,1790362401.803783,6803,tx,51246.5,,,1,0,0,1
1454735383146188,1790362401.957815,6957,tx,51076.5,,,1,0,0,1
1454735536171777,1790362402.110841,7110,tx,52034.7,,,1,0,0,1
1454735689050237,1790362402.263720,7263,tx,50762.7,,,1,0,0,1
1454735848119078,1790362402.422788,7422,tx,51117.4,,,1,0,0,1
1454736001147447,1790362402.575816,7575,tx,60398.9,,,1,0,0,1
1454736153960597,1790362402.728629,7728,tx,52107.2,,,1,0,0,1
1454736306985414,1790362402.881655,7881,tx,50789.7,,,1,0,0,1
1454736460178075,1790362403.034847,8034,tx,55326.7,,,1,0,0,1
1454736614212299,1790362403.188881,8188,tx,51174.9,,,1,0,0,1
1454736767499363,1790362403.342167,8342,tx,51311.3,,,1,0,0,1
1454736919779933,1790362403.494450,8494,tx,58598.1,,,1,0,0,1
1454737073606296,1790362403.648275,8648,tx,51333.7,,,1,0,0,1
1454737227191014,1790362403.801860,8801,tx,51231.6,,,1,0,0,1
1454737380253617,1790362403.954922,8954,tx,51117.6,,,1,0,0,1
1454737532421610,1790362404.107091,9107,tx,51610.9,,,1,0,0,1
1454737685625252,1790362404.260294,9260,tx,51331.8,,,1,0,0,1
1454737839345311,1790362404.414014,9414,tx,51269.4,,,1,0,0,1
1454737992311793,1790362404.566981,9566,tx,51039.2,,,1,0,0,1
1454738146312189,1790362404.720981,9720,tx,54006.9,,,1,0,0,1
1454738301481998,1790362404.876152,9876,tx,50857.6,,,1,0,0,1
1454738454621691,1790362405.029290,10029,tx,56704.3,,,1,0,0,1
1454738609287823,1790362405.183957,10183,tx,51037.7,,,1,0,0,1
1454738762240007,1790362405.336909,10336,tx,52077.9,,,1,0,0,1
1454738915126036,1790362405.489796,10489,tx,50713.8,,,1,0,0,1
1454739067804485,1790362405.642473,10642,tx,51238.7,,,1,0,0,1
1454739221338799,1790362405.796008,10796,tx,51060.3,,,1,0,0,1
1454739374762094,1790362405.949431,10949,tx,52149.9,,,1,0,0,1
1454739527749421,1790362406.102419,11102,tx,54516.3,,,1,0,0,1
1454739684340901,1790362406.259010,11259,tx,52193.8,,,1,0,0,1
1454739838735497,1790362406.413404,11413,tx,51280.8,,,1,0,0,1
1454739991718583,1790362406.566387,11566,tx,52143.4,,,1,0,0,1
1454740145151460,1790362406.719821,11719,tx,50638.4,,,1,0,0,1
1454740298135982,1790362406.872805,11872,tx,51287.5,,,1,0,0,1
1454740451812136,1790362407.026481,12026,tx,53345.4,,,1,0,0,1
1454740605934806,1790362407.180604,12180,tx,51033.8,,,1,0,0,1
1454740757986134,1790362407.332656,12332,tx,59009.2,,,1,0,0,1
1454740911905515,1790362407.486575,12486,tx,51163.6,,,1,0,0,1
1454741063712245,1790362407.638381,12638,tx,51162.3,,,1,0,0,1
1454741217209476,1790362407.791878,12791,tx,52000.2,,,1,0,0,1
1454741370044053,1790362407.944714,12944,tx,50760.1,,,1,0,0,1
1454741522602630,1790362408.097271,13097,tx,51360.2,,,1,0,0,1
1454741676267658,1790362408.250936,13250,tx,51021.6,,,1,0,0,1
1454741830355169,1790362408.405024,13405,tx,51212.9,,,1,0,0,1
1454741982561723,1790362408.557231,13557,tx,51679.0,,123235.7,1,0,0,1
1454742136190861,1790362408.710860,13710,idle,50756.1,,,0,0,0,0
1454742288975697,1790362408.863644,13863,idle,51082.3,,,0,0,0,0
1454742460475421,1790362409.035144,14035,idle,7777.0,,,0,0,0,0
1454742614285472,1790362409.188955,14188,idle,291.7,,,0,0,0,0
1454742774362317,1790362409.349031,14349,idle,771.9,,,0,0,0,0
1454742934243053,1790362409.508912,14508,idle,751.8,,,0,0,0,0
1454743094348755,1790362409.669018,14669,idle,826.2,,,0,0,0,0
1454743248982109,1790362409.823652,14823,idle,589.7,,,0,0,0,0
1454743403786944,1790362409.978456,14978,idle,1741.4,,,0,0,0,0
1454743555476586,1790362410.130145,130,idle,898.4,,,0,0,0,0
1454743706406686,1790362410.281075,281,idle,9392.9,,,0,0,0,0
1454743866240213,1790362410.440909,440,idle,877.9,,,0,0,0,0
1454744026162487,1790362410.600832,600,idle,301.5,,,0,0,0,0
1454744176934373,1790362410.751603,751,idle,856.8,,,0,0,0,0
1454744337064761,1790362410.911733,911,idle,854.5,,,0,0,0,0
1454744497345731,1790362411.072014,1072,idle,896.9,,,0,0,0,0
1454744656019769,1790362411.230690,1230,idle,270.4,,,0,0,0,0
1454744806072704,1790362411.380741,1380,idle,1829.8,,,0,0,0,0
1454744956573746,1790362411.531243,1531,idle,800.9,,,0,0,0,0
1454745116253940,1790362411.690923,1690,idle,846.3,,,0,0,0,0
1454745266305787,1790362411.840975,1840,idle,280.2,,,0,0,0,0
1454745426436834,1790362412.001106,2001,idle,760.9,,,0,0,0,0
1454745586728822,1790362412.161398,2161,idle,892.8,,,0,0,0,0
1454745746837214,1790362412.321506,2321,idle,903.6,,,0,0,0,0
1454745906454483,1790362412.481124,2481,idle,1514.8,,,0,0,0,0
1454746065911772,1790362412.640581,2640,idle,441.9,,,0,0,0,0
1454746216774047,1790362412.791443,2791,idle,727.8,,,0,0,0,0
1454746377059199,1790362412.951728,2951,idle,800.8,,,0,0,0,0
1454746536998124,1790362413.111667,3111,idle,608.4,,,0,0,0,0
1454746696926118,1790362413.271596,3271,idle,278.4,,,0,0,0,0
1454746847673196,1790362413.422342,3422,idle,761.4,,,0,0,0,0
1454747007622628,1790362413.582291,3582,idle,5929.7,,,0,0,0,0
1454747167066227,1790362413.741736,3741,idle,399.5,,,0,0,0,0
1454747326793793,1790362413.901464,3901,idle,316.0,,,0,0,0,0
1454747477501780,1790362414.052171,4052,idle,740.4,,,0,0,0,0
1454747636987168,1790362414.211655,4211,idle,748.3,,,0,0,0,0
1454747797270795,1790362414.371940,4371,idle,835.5,,,0,0,0,0
1454747957078636,1790362414.531748,4531,idle,309.5,,,0,0,0,0
1454748107801045,1790362414.682470,4682,idle,1932.8,,,0,0,0,0
1454748267853535,1790362414.842522,4842,idle,869.3,,,0,0,0,0
1454748418086183,1790362414.992755,4992,idle,737.1,,,0,0,0,0
1454748576321260,1790362415.150991,5150,idle,341.8,,,0,0,0,0
1454748727933872,1790362415.302602,5302,idle,816.3,,,0,0,0,0
1454748887615717,1790362415.462285,5462,idle,853.2,,,0,0,0,0
1454749047678917,1790362415.622348,5622,idle,840.8,,,0,0,0,0
1454749207986668,1790362415.782656,5782,idle,2080.3,,,0,0,0,0
1454749367169483,1790362415.941838,5941,idle,864.9,,,0,0,0,0
1454749527133178,1790362416.101801,6101,idle,7719.8,,,0,0,0,0
1454749678056281,1790362416.252725,6252,idle,841.5,,,0,0,0,0
1454749836855910,1790362416.411526,6411,idle,381.5,,,0,0,0,0
1454749996821892,1790362416.571491,6571,idle,441.8,,,0,0,0,0
1454750156862094,1790362416.731531,6731,idle,872.6,,,0,0,0,0
1454750307788020,1790362416.882456,6882,idle,9580.5,,,0,0,0,0
1454750467744686,1790362417.042415,7042,idle,396.5,,,0,0,0,0
1454750627442647,1790362417.202112,7202,idle,463.7,,,0,0,0,0
1454750777524016,1790362417.352193,7352,idle,895.4,,,0,0,0,0
1454750937358867,1790362417.512028,7512,idle,802.6,,,0,0,0,0
